timestamp,arbitration_id,message_name,PackVoltage,PackCurrent,SOC,Cell1,Cell2,Cell3,Cell4,Cell5,Cell6,Cell7,Cell8,Temp1,Temp2,Temp3,Temp4,Fault_OverVoltage,Fault_UnderVoltage,Fault_OverTemp,Fault_UnderTemp,Fault_OverCurrent,Contactor_Closed,Balancing_Active
0.0,0x100,BMS_PackState,31.970000000000002,4.5,80.02,,,,,,,,,,,,,,,,,,,
0.0,0x101,BMS_CellVolt1,,,,3.999,3.994,3.999,3.997,,,,,,,,,,,,,,,
0.0,0x102,BMS_CellVolt2,,,,,,,,3.997,3.993,3.997,3.998,,,,,,,,,,,
0.0,0x103,BMS_Temps,,,,,,,,,,,,24.900000000000002,25.1,25.0,25.0,,,,,,,
0.0,0x104,BMS_Status,,,,,,,,,,,,,,,,0.0,0.0,0.0,0.0,0.0,0.0,0.0
0.1,0x100,BMS_PackState,32.0,2.4000000000000004,79.98,,,,,,,,,,,,,,,,,,,
0.2,0x100,BMS_PackState,31.970000000000002,5.1000000000000005,80.09,,,,,,,,,,,,,,,,,,,
0.3,0x100,BMS_PackState,31.970000000000002,5.4,79.84,,,,,,,,,,,,,,,,,,,
0.4,0x100,BMS_PackState,32.02,1.1,80.11,,,,,,,,,,,,,,,,,,,
0.5,0x100,BMS_PackState,32.0,2.0,80.03,,,,,,,,,,,,,,,,,,,
0.5,0x101,BMS_CellVolt1,,,,4.0,3.999,4.0,4.003,,,,,,,,,,,,,,,
0.5,0x102,BMS_CellVolt2,,,,,,,,3.999,4.001,4.001,4.001,,,,,,,,,,,
0.6,0x100,BMS_PackState,31.98,4.2,80.12,,,,,,,,,,,,,,,,,,,
0.7,0x100,BMS_PackState,31.990000000000002,3.5,80.0,,,,,,,,,,,,,,,,,,,
0.8,0x100,BMS_PackState,31.970000000000002,4.0,79.98,,,,,,,,,,,,,,,,,,,
0.9,0x100,BMS_PackState,32.0,2.7,79.93,,,,,,,,,,,,,,,,,,,
1.0,0x100,BMS_PackState,31.970000000000002,5.300000000000001,79.96000000000001,,,,,,,,,,,,,,,,,,,
1.0,0x101,BMS_CellVolt1,,,,3.998,3.994,3.998,3.996,,,,,,,,,,,,,,,
1.0,0x102,BMS_CellVolt2,,,,,,,,3.995,3.993,3.995,3.999,,,,,,,,,,,
1.0,0x103,BMS_Temps,,,,,,,,,,,,25.0,24.900000000000002,25.0,25.0,,,,,,,
1.0,0x104,BMS_Status,,,,,,,,,,,,,,,,0.0,0.0,0.0,0.0,0.0,0.0,0.0
1.1,0x100,BMS_PackState,31.970000000000002,5.2,79.8,,,,,,,,,,,,,,,,,,,
1.2,0x100,BMS_PackState,31.98,4.1000000000000005,79.98,,,,,,,,,,,,,,,,,,,
1.3,0x100,BMS_PackState,31.970000000000002,5.7,79.95,,,,,,,,,,,,,,,,,,,
1.4,0x100,BMS_PackState,31.98,4.7,80.01,,,,,,,,,,,,,,,,,,,
1.5,0x100,BMS_PackState,32.0,2.7,79.93,,,,,,,,,,,,,,,,,,,
1.5,0x101,BMS_CellVolt1,,,,3.998,3.996,4.0,4.003,,,,,,,,,,,,,,,
1.5,0x102,BMS_CellVolt2,,,,,,,,4.003,4.002,4.0040000000000004,3.999,,,,,,,,,,,
1.6,0x100,BMS_PackState,31.970000000000002,4.6000000000000005,80.03,,,,,,,,,,,,,,,,,,,
1.7,0x100,BMS_PackState,32.0,2.6,79.99,,,,,,,,,,,,,,,,,,,
1.8,0x100,BMS_PackState,31.96,5.300000000000001,79.82000000000001,,,,,,,,,,,,,,,,,,,
1.9,0x100,BMS_PackState,31.990000000000002,3.9000000000000004,80.0,,,,,,,,,,,,,,,,,,,
2.0,0x100,BMS_PackState,31.970000000000002,3.7,80.08,,,,,,,,,,,,,,,,,,,
2.0,0x101,BMS_CellVolt1,,,,3.997,3.998,3.993,3.996,,,,,,,,,,,,,,,
2.0,0x102,BMS_CellVolt2,,,,,,,,3.998,4.0,3.994,3.997,,,,,,,,,,,
2.0,0x103,BMS_Temps,,,,,,,,,,,,25.0,25.1,24.900000000000002,25.0,,,,,,,
2.0,0x104,BMS_Status,,,,,,,,,,,,,,,,0.0,0.0,0.0,0.0,0.0,0.0,0.0
2.1,0x100,BMS_PackState,32.0,3.0,80.09,,,,,,,,,,,,,,,,,,,
2.2,0x100,BMS_PackState,31.96,5.800000000000001,79.91,,,,,,,,,,,,,,,,,,,
2.3,0x100,BMS_PackState,31.98,3.8000000000000003,79.85000000000001,,,,,,,,,,,,,,,,,,,
2.4,0x100,BMS_PackState,32.0,3.4000000000000004,80.11,,,,,,,,,,,,,,,,,,,
2.5,0x100,BMS_PackState,31.990000000000002,3.5,80.04,,,,,,,,,,,,,,,,,,,
2.5,0x101,BMS_CellVolt1,,,,3.999,3.997,4.0,3.997,,,,,,,,,,,,,,,
2.5,0x102,BMS_CellVolt2,,,,,,,,4.001,3.998,3.999,4.0,,,,,,,,,,,
2.6,0x100,BMS_PackState,31.970000000000002,4.800000000000001,79.9,,,,,,,,,,,,,,,,,,,
2.7,0x100,BMS_PackState,31.970000000000002,4.5,79.92,,,,,,,,,,,,,,,,,,,
2.8,0x100,BMS_PackState,31.98,4.6000000000000005,80.0,,,,,,,,,,,,,,,,,,,
2.9,0x100,BMS_PackState,31.98,4.6000000000000005,80.09,,,,,,,,,,,,,,,,,,,
3.0,0x100,BMS_PackState,31.93,7.2,79.97,,,,,,,,,,,,,,,,,,,
3.0,0x101,BMS_CellVolt1,,,,3.991,3.993,3.991,3.991,,,,,,,,,,,,,,,
3.0,0x102,BMS_CellVolt2,,,,,,,,3.993,3.991,3.993,3.992,,,,,,,,,,,
3.0,0x103,BMS_Temps,,,,,,,,,,,,25.0,25.0,24.900000000000002,25.0,,,,,,,
3.0,0x104,BMS_Status,,,,,,,,,,,,,,,,0.0,0.0,0.0,0.0,0.0,0.0,0.0
3.1,0x100,BMS_PackState,31.990000000000002,3.4000000000000004,79.85000000000001,,,,,,,,,,,,,,,,,,,
3.2,0x100,BMS_PackState,32.0,3.2,79.81,,,,,,,,,,,,,,,,,,,
3.3,0x100,BMS_PackState,32.0,2.8000000000000003,79.92,,,,,,,,,,,,,,,,,,,
3.4,0x100,BMS_PackState,31.96,4.9,79.92,,,,,,,,,,,,,,,,,,,
3.5,0x100,BMS_PackState,31.96,5.7,79.89,,,,,,,,,,,,,,,,,,,
3.5,0x101,BMS_CellVolt1,,,,3.993,3.995,3.997,3.994,,,,,,,,,,,,,,,
3.5,0x102,BMS_CellVolt2,,,,,,,,3.999,3.992,3.995,3.993,,,,,,,,,,,
3.6,0x100,BMS_PackState,31.990000000000002,3.8000000000000003,80.14,,,,,,,,,,,,,,,,,,,
3.7,0x100,BMS_PackState,32.01,2.7,79.84,,,,,,,,,,,,,,,,,,,
3.8,0x100,BMS_PackState,32.0,2.8000000000000003,79.93,,,,,,,,,,,,,,,,,,,
3.9,0x100,BMS_PackState,31.96,5.0,80.21000000000001,,,,,,,,,,,,,,,,,,,
4.0,0x100,BMS_PackState,31.970000000000002,5.1000000000000005,79.92,,,,,,,,,,,,,,,,,,,
4.0,0x101,BMS_CellVolt1,,,,3.997,3.993,3.999,3.996,,,,,,,,,,,,,,,
4.0,0x102,BMS_CellVolt2,,,,,,,,3.996,3.993,3.997,3.995,,,,,,,,,,,
4.0,0x103,BMS_Temps,,,,,,,,,,,,25.0,25.0,25.0,25.1,,,,,,,
4.0,0x104,BMS_Status,,,,,,,,,,,,,,,,0.0,0.0,0.0,0.0,0.0,0.0,0.0
4.1,0x100,BMS_PackState,31.970000000000002,4.800000000000001,80.0,,,,,,,,,,,,,,,,,,,
4.2,0x100,BMS_PackState,32.0,3.0,80.14,,,,,,,,,,,,,,,,,,,
4.3,0x100,BMS_PackState,31.98,4.3,79.99,,,,,,,,,,,,,,,,,,,
4.4,0x100,BMS_PackState,31.990000000000002,4.2,80.04,,,,,,,,,,,,,,,,,,,
4.5,0x100,BMS_PackState,31.970000000000002,4.3,79.93,,,,,,,,,,,,,,,,,,,
4.5,0x101,BMS_CellVolt1,,,,3.994,3.999,3.998,3.997,,,,,,,,,,,,,,,
4.5,0x102,BMS_CellVolt2,,,,,,,,3.997,3.995,3.999,3.995,,,,,,,,,,,
4.6,0x100,BMS_PackState,31.970000000000002,5.300000000000001,79.91,,,,,,,,,,,,,,,,,,,
4.7,0x100,BMS_PackState,31.98,4.3,79.84,,,,,,,,,,,,,,,,,,,
4.8,0x100,BMS_PackState,31.970000000000002,5.0,79.98,,,,,,,,,,,,,,,,,,,
4.9,0x100,BMS_PackState,31.970000000000002,4.1000000000000005,80.04,,,,,,,,,,,,,,,,,,,
5.0,0x100,BMS_PackState,31.98,4.4,80.19,,,,,,,,,,,,,,,,,,,
5.0,0x101,BMS_CellVolt1,,,,4.0,3.997,4.001,3.997,,,,,,,,,,,,,,,
5.0,0x102,BMS_CellVolt2,,,,,,,,3.997,3.998,3.992,3.998,,,,,,,,,,,
5.0,0x103,BMS_Temps,,,,,,,,,,,,25.0,25.1,25.0,25.0,,,,,,,
5.0,0x104,BMS_Status,,,,,,,,,,,,,,,,0.0,0.0,0.0,0.0,0.0,0.0,0.0
5.1,0x100,BMS_PackState,31.970000000000002,4.9,79.95,,,,,,,,,,,,,,,,,,,
5.2,0x100,BMS_PackState,32.02,1.8,80.12,,,,,,,,,,,,,,,,,,,
5.3,0x100,BMS_PackState,32.0,3.5,80.09,,,,,,,,,,,,,,,,,,,
5.4,0x100,BMS_PackState,31.990000000000002,3.3000000000000003,79.93,,,,,,,,,,,,,,,,,,,
5.5,0x100,BMS_PackState,32.0,3.0,80.0,,,,,,,,,,,,,,,,,,,
5.5,0x101,BMS_CellVolt1,,,,3.999,4.0,3.999,4.001,,,,,,,,,,,,,,,
5.5,0x102,BMS_CellVolt2,,,,,,,,4.002,4.002,3.999,4.001,,,,,,,,,,,
5.6,0x100,BMS_PackState,32.0,3.6,80.0,,,,,,,,,,,,,,,,,,,
5.7,0x100,BMS_PackState,31.94,6.2,79.86,,,,,,,,,,,,,,,,,,,
5.8,0x100,BMS_PackState,32.0,2.7,79.97,,,,,,,,,,,,,,,,,,,
5.9,0x100,BMS_PackState,31.96,5.5,79.92,,,,,,,,,,,,,,,,,,,
6.0,0x100,BMS_PackState,32.03,1.5,79.98,,,,,,,,,,,,,,,,,,,
6.0,0x101,BMS_CellVolt1,,,,4.002,4.003,4.003,4.006,,,,,,,,,,,,,,,
6.0,0x102,BMS_CellVolt2,,,,,,,,4.003,4.007,4.007,4.003,,,,,,,,,,,
6.0,0x103,BMS_Temps,,,,,,,,,,,,25.0,25.0,24.900000000000002,25.0,,,,,,,
6.0,0x104,BMS_Status,,,,,,,,,,,,,,,,0.0,0.0,0.0,0.0,0.0,0.0,0.0
6.1,0x100,BMS_PackState,31.990000000000002,3.5,79.98,,,,,,,,,,,,,,,,,,,
6.2,0x100,BMS_PackState,31.970000000000002,4.2,79.99,,,,,,,,,,,,,,,,,,,
6.3,0x100,BMS_PackState,31.98,4.9,79.94,,,,,,,,,,,,,,,,,,,
6.4,0x100,BMS_PackState,31.970000000000002,5.1000000000000005,79.89,,,,,,,,,,,,,,,,,,,
6.5,0x100,BMS_PackState,31.96,5.2,79.82000000000001,,,,,,,,,,,,,,,,,,,
6.5,0x101,BMS_CellVolt1,,,,3.994,3.994,3.995,3.995,,,,,,,,,,,,,,,
6.5,0x102,BMS_CellVolt2,,,,,,,,3.993,3.996,3.997,3.998,,,,,,,,,,,
6.6,0x100,BMS_PackState,31.98,3.5,80.09,,,,,,,,,,,,,,,,,,,
6.7,0x100,BMS_PackState,31.990000000000002,3.3000000000000003,80.0,,,,,,,,,,,,,,,,,,,
6.8,0x100,BMS_PackState,31.970000000000002,5.300000000000001,80.10000000000001,,,,,,,,,,,,,,,,,,,
6.9,0x100,BMS_PackState,31.98,3.7,79.98,,,,,,,,,,,,,,,,,,,
7.0,0x100,BMS_PackState,32.0,2.1,80.0,,,,,,,,,,,,,,,,,,,
7.0,0x101,BMS_CellVolt1,,,,4.002,3.997,3.998,4.002,,,,,,,,,,,,,,,
7.0,0x102,BMS_CellVolt2,,,,,,,,3.996,4.002,4.001,4.001,,,,,,,,,,,
7.0,0x103,BMS_Temps,,,,,,,,,,,,25.0,25.0,24.900000000000002,25.0,,,,,,,
7.0,0x104,BMS_Status,,,,,,,,,,,,,,,,0.0,0.0,0.0,0.0,0.0,0.0,0.0
7.1,0x100,BMS_PackState,32.01,2.3000000000000003,79.97,,,,,,,,,,,,,,,,,,,
7.2,0x100,BMS_PackState,32.0,2.6,79.96000000000001,,,,,,,,,,,,,,,,,,,
7.3,0x100,BMS_PackState,31.970000000000002,4.7,80.02,,,,,,,,,,,,,,,,,,,
7.4,0x100,BMS_PackState,31.98,4.2,79.97,,,,,,,,,,,,,,,,,,,
7.5,0x100,BMS_PackState,31.970000000000002,5.0,80.10000000000001,,,,,,,,,,,,,,,,,,,
7.5,0x101,BMS_CellVolt1,,,,3.996,3.996,3.998,3.995,,,,,,,,,,,,,,,
7.5,0x102,BMS_CellVolt2,,,,,,,,3.996,3.993,3.999,3.997,,,,,,,,,,,
7.6,0x100,BMS_PackState,31.990000000000002,3.4000000000000004,80.14,,,,,,,,,,,,,,,,,,,
7.7,0x100,BMS_PackState,31.98,4.2,80.13,,,,,,,,,,,,,,,,,,,
7.8,0x100,BMS_PackState,31.970000000000002,4.9,80.15,,,,,,,,,,,,,,,,,,,
7.9,0x100,BMS_PackState,31.98,3.5,79.88,,,,,,,,,,,,,,,,,,,
8.0,0x100,BMS_PackState,31.970000000000002,4.7,80.12,,,,,,,,,,,,,,,,,,,
8.0,0x101,BMS_CellVolt1,,,,3.996,3.996,3.999,3.993,,,,,,,,,,,,,,,
8.0,0x102,BMS_CellVolt2,,,,,,,,4.001,4.001,3.991,3.997,,,,,,,,,,,
8.0,0x103,BMS_Temps,,,,,,,,,,,,25.0,25.1,25.1,25.0,,,,,,,
8.0,0x104,BMS_Status,,,,,,,,,,,,,,,,0.0,0.0,0.0,0.0,0.0,0.0,0.0
8.1,0x100,BMS_PackState,31.990000000000002,3.0,80.01,,,,,,,,,,,,,,,,,,,
8.2,0x100,BMS_PackState,31.990000000000002,3.5,80.01,,,,,,,,,,,,,,,,,,,
8.3,0x100,BMS_PackState,31.98,3.4000000000000004,79.93,,,,,,,,,,,,,,,,,,,
8.4,0x100,BMS_PackState,32.01,2.2,79.96000000000001,,,,,,,,,,,,,,,,,,,
8.5,0x100,BMS_PackState,31.98,4.7,79.78,,,,,,,,,,,,,,,,,,,
8.5,0x101,BMS_CellVolt1,,,,3.996,3.996,3.996,3.999,,,,,,,,,,,,,,,
8.5,0x102,BMS_CellVolt2,,,,,,,,3.995,3.999,3.994,4.0,,,,,,,,,,,
8.6,0x100,BMS_PackState,31.990000000000002,3.3000000000000003,80.06,,,,,,,,,,,,,,,,,,,
8.7,0x100,BMS_PackState,31.970000000000002,4.0,79.98,,,,,,,,,,,,,,,,,,,
8.8,0x100,BMS_PackState,31.970000000000002,4.7,79.95,,,,,,,,,,,,,,,,,,,
8.9,0x100,BMS_PackState,31.970000000000002,4.7,80.13,,,,,,,,,,,,,,,,,,,
9.0,0x100,BMS_PackState,31.970000000000002,5.0,80.0,,,,,,,,,,,,,,,,,,,
9.0,0x101,BMS_CellVolt1,,,,4.0,3.998,3.995,3.994,,,,,,,,,,,,,,,
9.0,0x102,BMS_CellVolt2,,,,,,,,3.994,3.998,3.995,3.999,,,,,,,,,,,
9.0,0x103,BMS_Temps,,,,,,,,,,,,24.8,25.0,25.0,25.0,,,,,,,
9.0,0x104,BMS_Status,,,,,,,,,,,,,,,,0.0,0.0,0.0,0.0,0.0,0.0,0.0
9.1,0x100,BMS_PackState,31.990000000000002,3.9000000000000004,79.91,,,,,,,,,,,,,,,,,,,
9.2,0x100,BMS_PackState,31.990000000000002,3.4000000000000004,80.0,,,,,,,,,,,,,,,,,,,
9.3,0x100,BMS_PackState,31.990000000000002,3.9000000000000004,80.17,,,,,,,,,,,,,,,,,,,
9.4,0x100,BMS_PackState,32.02,1.5,79.99,,,,,,,,,,,,,,,,,,,
9.5,0x100,BMS_PackState,32.01,1.8,80.08,,,,,,,,,,,,,,,,,,,
9.5,0x101,BMS_CellVolt1,,,,4.0,4.001,3.999,4.0040000000000004,,,,,,,,,,,,,,,
9.5,0x102,BMS_CellVolt2,,,,,,,,4.003,4.003,3.999,4.0040000000000004,,,,,,,,,,,
9.6,0x100,BMS_PackState,32.0,2.0,79.93,,,,,,,,,,,,,,,,,,,
9.7,0x100,BMS_PackState,32.0,2.5,80.05,,,,,,,,,,,,,,,,,,,
9.8,0x100,BMS_PackState,31.98,4.6000000000000005,80.02,,,,,,,,,,,,,,,,,,,
9.9,0x100,BMS_PackState,32.0,2.6,80.0,,,,,,,,,,,,,,,,,,,
10.0,0x100,BMS_PackState,31.990000000000002,3.4000000000000004,79.95,,,,,,,,,,,,,,,,,,,
10.0,0x101,BMS_CellVolt1,,,,3.998,3.999,3.999,3.997,,,,,,,,,,,,,,,
10.0,0x102,BMS_CellVolt2,,,,,,,,3.998,3.997,4.003,4.001,,,,,,,,,,,
10.0,0x103,BMS_Temps,,,,,,,,,,,,25.0,24.900000000000002,25.0,24.900000000000002,,,,,,,
10.0,0x104,BMS_Status,,,,,,,,,,,,,,,,0.0,0.0,0.0,0.0,0.0,0.0,0.0
10.1,0x100,BMS_PackState,31.95,5.9,79.97,,,,,,,,,,,,,,,,,,,
10.2,0x100,BMS_PackState,31.990000000000002,3.5,79.81,,,,,,,,,,,,,,,,,,,
10.3,0x100,BMS_PackState,31.970000000000002,5.1000000000000005,79.84,,,,,,,,,,,,,,,,,,,
10.4,0x100,BMS_PackState,32.0,2.6,79.84,,,,,,,,,,,,,,,,,,,
10.5,0x100,BMS_PackState,31.990000000000002,3.7,79.85000000000001,,,,,,,,,,,,,,,,,,,
10.5,0x101,BMS_CellVolt1,,,,3.996,4.002,4.003,3.999,,,,,,,,,,,,,,,
10.5,0x102,BMS_CellVolt2,,,,,,,,3.998,3.996,4.001,3.998,,,,,,,,,,,
10.6,0x100,BMS_PackState,32.0,2.6,79.97,,,,,,,,,,,,,,,,,,,
10.7,0x100,BMS_PackState,31.98,3.5,79.95,,,,,,,,,,,,,,,,,,,
10.8,0x100,BMS_PackState,31.96,5.300000000000001,79.89,,,,,,,,,,,,,,,,,,,
10.9,0x100,BMS_PackState,32.01,1.4000000000000001,80.12,,,,,,,,,,,,,,,,,,,
11.0,0x100,BMS_PackState,31.970000000000002,4.7,79.97,,,,,,,,,,,,,,,,,,,
11.0,0x101,BMS_CellVolt1,,,,3.997,3.994,3.995,3.994,,,,,,,,,,,,,,,
11.0,0x102,BMS_CellVolt2,,,,,,,,3.995,3.999,3.995,3.998,,,,,,,,,,,
11.0,0x103,BMS_Temps,,,,,,,,,,,,24.900000000000002,25.0,25.0,25.0,,,,,,,
11.0,0x104,BMS_Status,,,,,,,,,,,,,,,,0.0,0.0,0.0,0.0,0.0,0.0,0.0
11.1,0x100,BMS_PackState,31.98,4.4,80.09,,,,,,,,,,,,,,,,,,,
11.2,0x100,BMS_PackState,31.990000000000002,3.1,79.85000000000001,,,,,,,,,,,,,,,,,,,
11.3,0x100,BMS_PackState,32.01,1.8,80.04,,,,,,,,,,,,,,,,,,,
11.4,0x100,BMS_PackState,31.98,4.1000000000000005,80.10000000000001,,,,,,,,,,,,,,,,,,,
11.5,0x100,BMS_PackState,31.98,3.2,80.04,,,,,,,,,,,,,,,,,,,
11.5,0x101,BMS_CellVolt1,,,,3.998,3.998,3.999,3.999,,,,,,,,,,,,,,,
11.5,0x102,BMS_CellVolt2,,,,,,,,3.997,3.996,3.998,4.0,,,,,,,,,,,
11.6,0x100,BMS_PackState,32.0,4.3,79.96000000000001,,,,,,,,,,,,,,,,,,,
11.7,0x100,BMS_PackState,31.98,4.0,79.97,,,,,,,,,,,,,,,,,,,
11.8,0x100,BMS_PackState,31.95,6.4,80.03,,,,,,,,,,,,,,,,,,,
11.9,0x100,BMS_PackState,31.990000000000002,3.6,80.01,,,,,,,,,,,,,,,,,,,
12.0,0x100,BMS_PackState,32.0,2.5,80.11,,,,,,,,,,,,,,,,,,,
12.0,0x101,BMS_CellVolt1,,,,4.001,4.001,4.0040000000000004,3.997,,,,,,,,,,,,,,,
12.0,0x102,BMS_CellVolt2,,,,,,,,4.003,4.0,3.999,3.997,,,,,,,,,,,
12.0,0x103,BMS_Temps,,,,,,,,,,,,25.0,25.0,25.0,25.0,,,,,,,
12.0,0x104,BMS_Status,,,,,,,,,,,,,,,,0.0,0.0,0.0,0.0,0.0,0.0,0.0
12.1,0x100,BMS_PackState,31.970000000000002,4.3,79.91,,,,,,,,,,,,,,,,,,,
12.2,0x100,BMS_PackState,31.98,4.3,80.10000000000001,,,,,,,,,,,,,,,,,,,
12.3,0x100,BMS_PackState,31.94,6.0,80.03,,,,,,,,,,,,,,,,,,,
12.4,0x100,BMS_PackState,31.96,5.300000000000001,80.02,,,,,,,,,,,,,,,,,,,
12.5,0x100,BMS_PackState,31.98,4.5,79.98,,,,,,,,,,,,,,,,,,,
12.5,0x101,BMS_CellVolt1,,,,4.0,3.998,3.995,3.997,,,,,,,,,,,,,,,
12.5,0x102,BMS_CellVolt2,,,,,,,,3.997,3.999,3.996,3.999,,,,,,,,,,,
12.6,0x100,BMS_PackState,31.96,6.2,80.11,,,,,,,,,,,,,,,,,,,
12.7,0x100,BMS_PackState,32.0,2.2,79.91,,,,,,,,,,,,,,,,,,,
12.8,0x100,BMS_PackState,32.0,3.0,79.88,,,,,,,,,,,,,,,,,,,
12.9,0x100,BMS_PackState,32.01,2.6,80.0,,,,,,,,,,,,,,,,,,,
13.0,0x100,BMS_PackState,32.0,3.4000000000000004,79.93,,,,,,,,,,,,,,,,,,,
13.0,0x101,BMS_CellVolt1,,,,4.0040000000000004,3.997,4.002,3.999,,,,,,,,,,,,,,,
13.0,0x102,BMS_CellVolt2,,,,,,,,4.001,3.998,4.0,3.998,,,,,,,,,,,
13.0,0x103,BMS_Temps,,,,,,,,,,,,25.0,25.0,25.0,25.1,,,,,,,
13.0,0x104,BMS_Status,,,,,,,,,,,,,,,,0.0,0.0,0.0,0.0,0.0,0.0,0.0
13.1,0x100,BMS_PackState,32.01,1.9000000000000001,80.03,,,,,,,,,,,,,,,,,,,
13.2,0x100,BMS_PackState,31.970000000000002,5.0,80.19,,,,,,,,,,,,,,,,,,,
13.3,0x100,BMS_PackState,31.990000000000002,3.7,80.01,,,,,,,,,,,,,,,,,,,
13.4,0x100,BMS_PackState,32.01,1.8,80.02,,,,,,,,,,,,,,,,,,,
13.5,0x100,BMS_PackState,32.0,2.5,80.16,,,,,,,,,,,,,,,,,,,
13.5,0x101,BMS_CellVolt1,,,,3.997,4.0,4.0,4.001,,,,,,,,,,,,,,,
13.5,0x102,BMS_CellVolt2,,,,,,,,4.002,3.999,4.001,4.002,,,,,,,,,,,
13.6,0x100,BMS_PackState,31.98,4.5,80.04,,,,,,,,,,,,,,,,,,,
13.7,0x100,BMS_PackState,31.96,5.300000000000001,80.11,,,,,,,,,,,,,,,,,,,
13.8,0x100,BMS_PackState,31.94,7.0,79.97,,,,,,,,,,,,,,,,,,,
13.9,0x100,BMS_PackState,31.93,8.4,79.99,,,,,,,,,,,,,,,,,,,
14.0,0x100,BMS_PackState,31.98,4.6000000000000005,79.93,,,,,,,,,,,,,,,,,,,
14.0,0x101,BMS_CellVolt1,,,,3.995,3.996,4.003,3.998,,,,,,,,,,,,,,,
14.0,0x102,BMS_CellVolt2,,,,,,,,3.994,3.998,3.995,3.999,,,,,,,,,,,
14.0,0x103,BMS_Temps,,,,,,,,,,,,25.0,25.0,25.1,25.0,,,,,,,
14.0,0x104,BMS_Status,,,,,,,,,,,,,,,,0.0,0.0,0.0,0.0,0.0,0.0,0.0
14.1,0x100,BMS_PackState,32.01,2.5,80.05,,,,,,,,,,,,,,,,,,,
14.2,0x100,BMS_PackState,32.03,0.8,80.05,,,,,,,,,,,,,,,,,,,
14.3,0x100,BMS_PackState,31.98,4.4,80.07000000000001,,,,,,,,,,,,,,,,,,,
14.4,0x100,BMS_PackState,32.0,2.8000000000000003,80.04,,,,,,,,,,,,,,,,,,,
14.5,0x100,BMS_PackState,31.990000000000002,3.4000000000000004,79.99,,,,,,,,,,,,,,,,,,,
14.5,0x101,BMS_CellVolt1,,,,4.0,3.998,4.0,3.999,,,,,,,,,,,,,,,
14.5,0x102,BMS_CellVolt2,,,,,,,,3.998,4.0,3.998,3.999,,,,,,,,,,,
14.6,0x100,BMS_PackState,31.990000000000002,3.1,80.06,,,,,,,,,,,,,,,,,,,
14.7,0x100,BMS_PackState,31.98,3.8000000000000003,80.15,,,,,,,,,,,,,,,,,,,
14.8,0x100,BMS_PackState,31.970000000000002,5.6000000000000005,80.01,,,,,,,,,,,,,,,,,,,
14.9,0x100,BMS_PackState,31.970000000000002,4.2,79.87,,,,,,,,,,,,,,,,,,,
15.0,0x100,BMS_PackState,31.98,3.8000000000000003,79.9,,,,,,,,,,,,,,,,,,,
15.0,0x101,BMS_CellVolt1,,,,3.995,3.997,3.998,3.996,,,,,,,,,,,,,,,
15.0,0x102,BMS_CellVolt2,,,,,,,,3.999,3.998,3.999,3.998,,,,,,,,,,,
15.0,0x103,BMS_Temps,,,,,,,,,,,,24.900000000000002,25.0,25.0,25.0,,,,,,,
15.0,0x104,BMS_Status,,,,,,,,,,,,,,,,0.0,0.0,0.0,0.0,0.0,1.0,0.0
15.1,0x100,BMS_PackState,32.0,2.4000000000000004,80.02,,,,,,,,,,,,,,,,,,,
15.2,0x100,BMS_PackState,32.02,1.5,79.91,,,,,,,,,,,,,,,,,,,
15.3,0x100,BMS_PackState,31.98,3.3000000000000003,79.95,,,,,,,,,,,,,,,,,,,
15.4,0x100,BMS_PackState,31.98,3.9000000000000004,79.95,,,,,,,,,,,,,,,,,,,
15.5,0x100,BMS_PackState,31.96,6.7,80.04,,,,,,,,,,,,,,,,,,,
15.5,0x101,BMS_CellVolt1,,,,3.997,3.992,3.996,3.992,,,,,,,,,,,,,,,
15.5,0x102,BMS_CellVolt2,,,,,,,,3.995,3.994,3.996,3.993,,,,,,,,,,,
15.6,0x100,BMS_PackState,31.990000000000002,4.2,80.16,,,,,,,,,,,,,,,,,,,
15.7,0x100,BMS_PackState,31.96,5.5,79.85000000000001,,,,,,,,,,,,,,,,,,,
15.8,0x100,BMS_PackState,31.990000000000002,3.3000000000000003,80.10000000000001,,,,,,,,,,,,,,,,,,,
15.9,0x100,BMS_PackState,32.01,2.2,80.10000000000001,,,,,,,,,,,,,,,,,,,
16.0,0x100,BMS_PackState,32.0,2.6,80.03,,,,,,,,,,,,,,,,,,,
16.0,0x101,BMS_CellVolt1,,,,4.0,3.999,4.0,4.0,,,,,,,,,,,,,,,
16.0,0x102,BMS_CellVolt2,,,,,,,,4.0,4.0,3.999,4.0,,,,,,,,,,,
16.0,0x103,BMS_Temps,,,,,,,,,,,,24.900000000000002,25.0,25.0,25.0,,,,,,,
16.0,0x104,BMS_Status,,,,,,,,,,,,,,,,0.0,0.0,0.0,0.0,0.0,1.0,0.0
16.1,0x100,BMS_PackState,31.990000000000002,2.9000000000000004,79.98,,,,,,,,,,,,,,,,,,,
16.2,0x100,BMS_PackState,31.94,7.2,80.08,,,,,,,,,,,,,,,,,,,
16.3,0x100,BMS_PackState,32.0,2.8000000000000003,80.01,,,,,,,,,,,,,,,,,,,
16.4,0x100,BMS_PackState,31.98,5.300000000000001,79.98,,,,,,,,,,,,,,,,,,,
16.5,0x100,BMS_PackState,32.0,2.6,79.82000000000001,,,,,,,,,,,,,,,,,,,
16.5,0x101,BMS_CellVolt1,,,,4.003,3.998,3.999,3.998,,,,,,,,,,,,,,,
16.5,0x102,BMS_CellVolt2,,,,,,,,3.997,4.002,3.999,4.0,,,,,,,,,,,
16.6,0x100,BMS_PackState,31.970000000000002,5.4,80.05,,,,,,,,,,,,,,,,,,,
16.7,0x100,BMS_PackState,31.970000000000002,4.6000000000000005,80.14,,,,,,,,,,,,,,,,,,,
16.8,0x100,BMS_PackState,31.98,3.8000000000000003,79.86,,,,,,,,,,,,,,,,,,,
16.9,0x100,BMS_PackState,31.98,3.9000000000000004,79.91,,,,,,,,,,,,,,,,,,,
17.0,0x100,BMS_PackState,31.98,3.0,79.95,,,,,,,,,,,,,,,,,,,
17.0,0x101,BMS_CellVolt1,,,,3.997,3.995,3.997,3.999,,,,,,,,,,,,,,,
17.0,0x102,BMS_CellVolt2,,,,,,,,3.999,3.999,3.999,3.998,,,,,,,,,,,
17.0,0x103,BMS_Temps,,,,,,,,,,,,25.0,25.0,25.0,24.900000000000002,,,,,,,
17.0,0x104,BMS_Status,,,,,,,,,,,,,,,,0.0,0.0,0.0,0.0,0.0,1.0,0.0
17.1,0x100,BMS_PackState,31.970000000000002,4.7,79.97,,,,,,,,,,,,,,,,,,,
17.2,0x100,BMS_PackState,31.990000000000002,3.3000000000000003,79.93,,,,,,,,,,,,,,,,,,,
17.3,0x100,BMS_PackState,32.0,2.2,80.13,,,,,,,,,,,,,,,,,,,
17.4,0x100,BMS_PackState,32.0,2.1,80.2,,,,,,,,,,,,,,,,,,,
17.5,0x100,BMS_PackState,31.98,4.3,80.02,,,,,,,,,,,,,,,,,,,
17.5,0x101,BMS_CellVolt1,,,,3.997,3.996,3.997,3.995,,,,,,,,,,,,,,,
17.5,0x102,BMS_CellVolt2,,,,,,,,3.998,3.997,3.999,3.998,,,,,,,,,,,
17.6,0x100,BMS_PackState,31.95,6.4,79.93,,,,,,,,,,,,,,,,,,,
17.7,0x100,BMS_PackState,31.98,4.2,80.02,,,,,,,,,,,,,,,,,,,
17.8,0x100,BMS_PackState,31.990000000000002,3.8000000000000003,79.89,,,,,,,,,,,,,,,,,,,
17.9,0x100,BMS_PackState,31.970000000000002,4.4,79.98,,,,,,,,,,,,,,,,,,,
18.0,0x100,BMS_PackState,31.96,6.0,80.06,,,,,,,,,,,,,,,,,,,
18.0,0x101,BMS_CellVolt1,,,,3.998,3.994,3.993,3.995,,,,,,,,,,,,,,,
18.0,0x102,BMS_CellVolt2,,,,,,,,3.996,3.993,3.997,3.993,,,,,,,,,,,
18.0,0x103,BMS_Temps,,,,,,,,,,,,25.0,25.0,24.900000000000002,24.900000000000002,,,,,,,
18.0,0x104,BMS_Status,,,,,,,,,,,,,,,,0.0,0.0,0.0,0.0,0.0,1.0,0.0
18.1,0x100,BMS_PackState,31.98,4.3,80.07000000000001,,,,,,,,,,,,,,,,,,,
18.2,0x100,BMS_PackState,31.98,3.4000000000000004,80.06,,,,,,,,,,,,,,,,,,,
18.3,0x100,BMS_PackState,31.96,5.7,79.95,,,,,,,,,,,,,,,,,,,
18.4,0x100,BMS_PackState,31.96,4.6000000000000005,80.01,,,,,,,,,,,,,,,,,,,
18.5,0x100,BMS_PackState,31.94,6.300000000000001,79.96000000000001,,,,,,,,,,,,,,,,,,,
18.5,0x101,BMS_CellVolt1,,,,3.994,3.995,3.993,3.991,,,,,,,,,,,,,,,
18.5,0x102,BMS_CellVolt2,,,,,,,,3.997,3.988,3.993,3.994,,,,,,,,,,,
18.6,0x100,BMS_PackState,31.970000000000002,4.3,80.09,,,,,,,,,,,,,,,,,,,
18.7,0x100,BMS_PackState,32.01,2.2,80.04,,,,,,,,,,,,,,,,,,,
18.8,0x100,BMS_PackState,32.01,1.9000000000000001,80.17,,,,,,,,,,,,,,,,,,,
18.9,0x100,BMS_PackState,31.96,6.5,80.03,,,,,,,,,,,,,,,,,,,
19.0,0x100,BMS_PackState,31.95,6.6000000000000005,79.91,,,,,,,,,,,,,,,,,,,
19.0,0x101,BMS_CellVolt1,,,,4.0,3.995,3.991,3.993,,,,,,,,,,,,,,,
19.0,0x102,BMS_CellVolt2,,,,,,,,3.993,3.991,3.993,3.993,,,,,,,,,,,
19.0,0x103,BMS_Temps,,,,,,,,,,,,25.0,25.0,24.900000000000002,25.0,,,,,,,
19.0,0x104,BMS_Status,,,,,,,,,,,,,,,,0.0,0.0,0.0,0.0,0.0,1.0,0.0
19.1,0x100,BMS_PackState,31.990000000000002,3.7,79.88,,,,,,,,,,,,,,,,,,,
19.2,0x100,BMS_PackState,32.0,3.4000000000000004,80.02,,,,,,,,,,,,,,,,,,,
19.3,0x100,BMS_PackState,31.95,6.2,79.77,,,,,,,,,,,,,,,,,,,
19.4,0x100,BMS_PackState,32.0,2.3000000000000003,79.96000000000001,,,,,,,,,,,,,,,,,,,
19.5,0x100,BMS_PackState,32.0,2.7,79.94,,,,,,,,,,,,,,,,,,,
19.5,0x101,BMS_CellVolt1,,,,4.0,4.0,4.003,4.0,,,,,,,,,,,,,,,
19.5,0x102,BMS_CellVolt2,,,,,,,,4.002,4.003,4.001,3.996,,,,,,,,,,,
19.6,0x100,BMS_PackState,31.970000000000002,5.0,79.92,,,,,,,,,,,,,,,,,,,
19.7,0x100,BMS_PackState,31.990000000000002,3.4000000000000004,80.01,,,,,,,,,,,,,,,,,,,
19.8,0x100,BMS_PackState,31.98,4.0,79.9,,,,,,,,,,,,,,,,,,,
19.9,0x100,BMS_PackState,31.98,3.8000000000000003,79.84,,,,,,,,,,,,,,,,,,,
20.0,0x100,BMS_PackState,32.49,-35.5,80.05,,,,,,,,,,,,,,,,,,,
20.0,0x101,BMS_CellVolt1,,,,4.0600000000000005,4.059,4.059,4.062,,,,,,,,,,,,,,,
20.0,0x102,BMS_CellVolt2,,,,,,,,4.05,4.095,4.054,4.053,,,,,,,,,,,
20.0,0x103,BMS_Temps,,,,,,,,,,,,25.1,25.0,25.0,25.0,,,,,,,
20.0,0x104,BMS_Status,,,,,,,,,,,,,,,,0.0,0.0,0.0,0.0,0.0,1.0,0.0
20.1,0x100,BMS_PackState,32.46,-33.9,79.97,,,,,,,,,,,,,,,,,,,
20.2,0x100,BMS_PackState,32.49,-35.9,80.04,,,,,,,,,,,,,,,,,,,
20.3,0x100,BMS_PackState,32.480000000000004,-35.0,80.03,,,,,,,,,,,,,,,,,,,
20.4,0x100,BMS_PackState,32.52,-39.1,80.06,,,,,,,,,,,,,,,,,,,
20.5,0x100,BMS_PackState,32.49,-36.1,80.03,,,,,,,,,,,,,,,,,,,
20.5,0x101,BMS_CellVolt1,,,,4.056,4.057,4.061,4.0600000000000005,,,,,,,,,,,,,,,
20.5,0x102,BMS_CellVolt2,,,,,,,,4.047,4.098,4.054,4.0520000000000005,,,,,,,,,,,
20.6,0x100,BMS_PackState,32.52,-37.300000000000004,80.07000000000001,,,,,,,,,,,,,,,,,,,
20.7,0x100,BMS_PackState,32.51,-37.800000000000004,80.19,,,,,,,,,,,,,,,,,,,
20.8,0x100,BMS_PackState,32.5,-37.300000000000004,80.05,,,,,,,,,,,,,,,,,,,
20.9,0x100,BMS_PackState,32.5,-36.5,80.08,,,,,,,,,,,,,,,,,,,
21.0,0x100,BMS_PackState,32.47,-34.6,80.04,,,,,,,,,,,,,,,,,,,
21.0,0x101,BMS_CellVolt1,,,,4.055,4.058,4.057,4.059,,,,,,,,,,,,,,,
21.0,0x102,BMS_CellVolt2,,,,,,,,4.046,4.093,4.048,4.051,,,,,,,,,,,
21.0,0x103,BMS_Temps,,,,,,,,,,,,25.1,25.3,25.400000000000002,25.1,,,,,,,
21.0,0x104,BMS_Status,,,,,,,,,,,,,,,,0.0,0.0,0.0,0.0,0.0,1.0,0.0
21.1,0x100,BMS_PackState,32.52,-38.0,79.84,,,,,,,,,,,,,,,,,,,
21.2,0x100,BMS_PackState,32.49,-36.0,80.02,,,,,,,,,,,,,,,,,,,
21.3,0x100,BMS_PackState,32.5,-36.7,80.17,,,,,,,,,,,,,,,,,,,
21.4,0x100,BMS_PackState,32.49,-36.5,80.08,,,,,,,,,,,,,,,,,,,
21.5,0x100,BMS_PackState,31.2,65.9,79.98,,,,,,,,,,,,,,,,,,,
21.5,0x101,BMS_CellVolt1,,,,3.906,3.9050000000000002,3.9010000000000002,3.903,,,,,,,,,,,,,,,
21.5,0x102,BMS_CellVolt2,,,,,,,,3.918,3.847,3.906,3.9130000000000003,,,,,,,,,,,
21.6,0x100,BMS_PackState,31.2,65.3,80.06,,,,,,,,,,,,,,,,,,,
21.7,0x100,BMS_PackState,31.18,66.5,79.91,,,,,,,,,,,,,,,,,,,
21.8,0x100,BMS_PackState,31.220000000000002,64.3,80.09,,,,,,,,,,,,,,,,,,,
21.9,0x100,BMS_PackState,31.23,63.5,79.97,,,,,,,,,,,,,,,,,,,
22.0,0x100,BMS_PackState,31.220000000000002,64.2,80.03,,,,,,,,,,,,,,,,,,,
22.0,0x101,BMS_CellVolt1,,,,3.912,3.906,3.904,3.906,,,,,,,,,,,,,,,
22.0,0x102,BMS_CellVolt2,,,,,,,,3.922,3.849,3.912,3.914,,,,,,,,,,,
22.0,0x103,BMS_Temps,,,,,,,,,,,,25.700000000000003,25.700000000000003,26.0,25.700000000000003,,,,,,,
22.0,0x104,BMS_Status,,,,,,,,,,,,,,,,0.0,0.0,0.0,0.0,0.0,1.0,1.0
22.1,0x100,BMS_PackState,31.21,64.9,79.91,,,,,,,,,,,,,,,,,,,
22.2,0x100,BMS_PackState,31.21,64.9,80.03,,,,,,,,,,,,,,,,,,,
22.3,0x100,BMS_PackState,31.23,63.0,79.76,,,,,,,,,,,,,,,,,,,
22.4,0x100,BMS_PackState,31.2,64.8,79.96000000000001,,,,,,,,,,,,,,,,,,,
22.5,0x100,BMS_PackState,31.220000000000002,65.0,79.92,,,,,,,,,,,,,,,,,,,
22.5,0x101,BMS_CellVolt1,,,,3.906,3.904,3.903,3.906,,,,,,,,,,,,,,,
22.5,0x102,BMS_CellVolt2,,,,,,,,3.92,3.849,3.911,3.916,,,,,,,,,,,
22.6,0x100,BMS_PackState,31.17,68.5,79.92,,,,,,,,,,,,,,,,,,,
22.7,0x100,BMS_PackState,31.18,67.60000000000001,79.65,,,,,,,,,,,,,,,,,,,
22.8,0x100,BMS_PackState,31.23,63.5,79.92,,,,,,,,,,,,,,,,,,,
22.9,0x100,BMS_PackState,31.220000000000002,64.4,80.01,,,,,,,,,,,,,,,,,,,
23.0,0x100,BMS_PackState,31.23,62.7,79.89,,,,,,,,,,,,,,,,,,,
23.0,0x101,BMS_CellVolt1,,,,3.9090000000000003,3.91,3.9050000000000002,3.9090000000000003,,,,,,,,,,,,,,,
23.0,0x102,BMS_CellVolt2,,,,,,,,3.9210000000000003,3.851,3.912,3.915,,,,,,,,,,,
23.0,0x103,BMS_Temps,,,,,,,,,,,,26.200000000000003,26.1,26.6,26.200000000000003,,,,,,,
23.0,0x104,BMS_Status,,,,,,,,,,,,,,,,0.0,0.0,0.0,0.0,0.0,1.0,1.0
23.1,0x100,BMS_PackState,31.220000000000002,64.0,80.02,,,,,,,,,,,,,,,,,,,
23.2,0x100,BMS_PackState,31.2,65.4,80.06,,,,,,,,,,,,,,,,,,,
23.3,0x100,BMS_PackState,31.18,66.8,80.0,,,,,,,,,,,,,,,,,,,
23.4,0x100,BMS_PackState,31.220000000000002,63.900000000000006,80.0,,,,,,,,,,,,,,,,,,,
23.5,0x100,BMS_PackState,31.220000000000002,64.10000000000001,79.99,,,,,,,,,,,,,,,,,,,
23.5,0x101,BMS_CellVolt1,,,,3.904,3.9090000000000003,3.903,3.9090000000000003,,,,,,,,,,,,,,,
23.5,0x102,BMS_CellVolt2,,,,,,,,3.92,3.851,3.914,3.9130000000000003,,,,,,,,,,,
23.6,0x100,BMS_PackState,31.240000000000002,61.900000000000006,80.01,,,,,,,,,,,,,,,,,,,
23.7,0x100,BMS_PackState,31.2,64.9,79.89,,,,,,,,,,,,,,,,,,,
23.8,0x100,BMS_PackState,31.21,63.6,79.87,,,,,,,,,,,,,,,,,,,
23.9,0x100,BMS_PackState,31.21,64.5,79.87,,,,,,,,,,,,,,,,,,,
24.0,0x100,BMS_PackState,31.220000000000002,64.0,80.01,,,,,,,,,,,,,,,,,,,
24.0,0x101,BMS_CellVolt1,,,,3.9050000000000002,3.908,3.9050000000000002,3.906,,,,,,,,,,,,,,,
24.0,0x102,BMS_CellVolt2,,,,,,,,3.9210000000000003,3.85,3.9130000000000003,3.914,,,,,,,,,,,
24.0,0x103,BMS_Temps,,,,,,,,,,,,26.6,26.700000000000003,27.200000000000003,26.5,,,,,,,
24.0,0x104,BMS_Status,,,,,,,,,,,,,,,,0.0,0.0,0.0,0.0,0.0,1.0,1.0
24.1,0x100,BMS_PackState,31.2,65.3,79.86,,,,,,,,,,,,,,,,,,,
24.2,0x100,BMS_PackState,31.23,62.900000000000006,79.91,,,,,,,,,,,,,,,,,,,
24.3,0x100,BMS_PackState,31.220000000000002,63.400000000000006,79.89,,,,,,,,,,,,,,,,,,,
24.4,0x100,BMS_PackState,31.16,68.9,79.95,,,,,,,,,,,,,,,,,,,
24.5,0x100,BMS_PackState,31.220000000000002,63.800000000000004,79.99,,,,,,,,,,,,,,,,,,,
24.5,0x101,BMS_CellVolt1,,,,3.91,3.906,3.9050000000000002,3.906,,,,,,,,,,,,,,,
24.5,0x102,BMS_CellVolt2,,,,,,,,3.919,3.85,3.912,3.912,,,,,,,,,,,
24.6,0x100,BMS_PackState,31.21,64.2,79.99,,,,,,,,,,,,,,,,,,,
24.7,0x100,BMS_PackState,31.16,68.8,79.74,,,,,,,,,,,,,,,,,,,
24.8,0x100,BMS_PackState,31.13,70.5,79.95,,,,,,,,,,,,,,,,,,,
24.9,0x100,BMS_PackState,31.2,64.5,79.91,,,,,,,,,,,,,,,,,,,
25.0,0x100,BMS_PackState,31.2,65.9,79.93,,,,,,,,,,,,,,,,,,,
25.0,0x101,BMS_CellVolt1,,,,3.904,3.907,3.903,3.9,,,,,,,,,,,,,,,
25.0,0x102,BMS_CellVolt2,,,,,,,,3.9210000000000003,3.841,3.91,3.91,,,,,,,,,,,
25.0,0x103,BMS_Temps,,,,,,,,,,,,27.1,27.1,27.900000000000002,27.1,,,,,,,
25.0,0x104,BMS_Status,,,,,,,,,,,,,,,,0.0,0.0,0.0,0.0,0.0,1.0,1.0
25.1,0x100,BMS_PackState,31.18,67.10000000000001,79.87,,,,,,,,,,,,,,,,,,,
25.2,0x100,BMS_PackState,31.150000000000002,69.4,79.82000000000001,,,,,,,,,,,,,,,,,,,
25.3,0x100,BMS_PackState,31.18,65.5,80.0,,,,,,,,,,,,,,,,,,,
25.4,0x100,BMS_PackState,31.19,66.8,79.88,,,,,,,,,,,,,,,,,,,
25.5,0x100,BMS_PackState,31.16,68.60000000000001,80.02,,,,,,,,,,,,,,,,,,,
25.5,0x101,BMS_CellVolt1,,,,3.898,3.903,3.899,3.9,,,,,,,,,,,,,,,
25.5,0x102,BMS_CellVolt2,,,,,,,,3.914,3.8360000000000003,3.907,3.908,,,,,,,,,,,
25.6,0x100,BMS_PackState,31.17,68.3,79.89,,,,,,,,,,,,,,,,,,,
25.7,0x100,BMS_PackState,31.18,67.3,79.89,,,,,,,,,,,,,,,,,,,
25.8,0x100,BMS_PackState,31.16,67.9,79.81,,,,,,,,,,,,,,,,,,,
25.9,0x100,BMS_PackState,31.19,66.3,79.88,,,,,,,,,,,,,,,,,,,
26.0,0x100,BMS_PackState,31.16,68.3,79.97,,,,,,,,,,,,,,,,,,,
26.0,0x101,BMS_CellVolt1,,,,3.899,3.899,3.896,3.9010000000000002,,,,,,,,,,,,,,,
26.0,0x102,BMS_CellVolt2,,,,,,,,3.9170000000000003,3.838,3.903,3.91,,,,,,,,,,,
26.0,0x103,BMS_Temps,,,,,,,,,,,,27.5,27.700000000000003,28.5,27.400000000000002,,,,,,,
26.0,0x104,BMS_Status,,,,,,,,,,,,,,,,0.0,0.0,0.0,0.0,0.0,1.0,1.0
26.1,0x100,BMS_PackState,31.150000000000002,68.60000000000001,79.86,,,,,,,,,,,,,,,,,,,
26.2,0x100,BMS_PackState,31.14,69.60000000000001,79.89,,,,,,,,,,,,,,,,,,,
26.3,0x100,BMS_PackState,31.16,68.8,80.03,,,,,,,,,,,,,,,,,,,
26.4,0x100,BMS_PackState,31.12,70.7,79.74,,,,,,,,,,,,,,,,,,,
26.5,0x100,BMS_PackState,31.12,71.9,79.76,,,,,,,,,,,,,,,,,,,
26.5,0x101,BMS_CellVolt1,,,,3.892,3.896,3.891,3.895,,,,,,,,,,,,,,,
26.5,0x102,BMS_CellVolt2,,,,,,,,3.911,3.831,3.9010000000000002,3.904,,,,,,,,,,,
26.6,0x100,BMS_PackState,31.12,71.0,79.88,,,,,,,,,,,,,,,,,,,
26.7,0x100,BMS_PackState,31.11,71.7,79.68,,,,,,,,,,,,,,,,,,,
26.8,0x100,BMS_PackState,31.12,71.60000000000001,79.9,,,,,,,,,,,,,,,,,,,
26.9,0x100,BMS_PackState,31.1,72.0,79.76,,,,,,,,,,,,,,,,,,,
27.0,0x100,BMS_PackState,31.12,71.3,79.79,,,,,,,,,,,,,,,,,,,
27.0,0x101,BMS_CellVolt1,,,,3.8930000000000002,3.895,3.891,3.896,,,,,,,,,,,,,,,
27.0,0x102,BMS_CellVolt2,,,,,,,,3.911,3.827,3.9010000000000002,3.904,,,,,,,,,,,
27.0,0x103,BMS_Temps,,,,,,,,,,,,28.0,28.0,29.1,27.900000000000002,,,,,,,
27.0,0x104,BMS_Status,,,,,,,,,,,,,,,,0.0,0.0,0.0,0.0,0.0,1.0,1.0
27.1,0x100,BMS_PackState,31.1,73.4,79.92,,,,,,,,,,,,,,,,,,,
27.2,0x100,BMS_PackState,31.09,73.2,79.71000000000001,,,,,,,,,,,,,,,,,,,
27.3,0x100,BMS_PackState,31.04,77.0,79.63,,,,,,,,,,,,,,,,,,,
27.4,0x100,BMS_PackState,31.05,76.7,79.61,,,,,,,,,,,,,,,,,,,
27.5,0x100,BMS_PackState,31.060000000000002,75.5,79.85000000000001,,,,,,,,,,,,,,,,,,,
27.5,0x101,BMS_CellVolt1,,,,3.886,3.887,3.886,3.887,,,,,,,,,,,,,,,
27.5,0x102,BMS_CellVolt2,,,,,,,,3.903,3.819,3.8930000000000002,3.9,,,,,,,,,,,
27.6,0x100,BMS_PackState,31.080000000000002,74.3,79.9,,,,,,,,,,,,,,,,,,,
27.7,0x100,BMS_PackState,31.080000000000002,74.3,79.7,,,,,,,,,,,,,,,,,,,
27.8,0x100,BMS_PackState,31.02,78.30000000000001,79.91,,,,,,,,,,,,,,,,,,,
27.9,0x100,BMS_PackState,31.04,77.5,79.8,,,,,,,,,,,,,,,,,,,
28.0,0x100,BMS_PackState,31.02,78.4,79.8,,,,,,,,,,,,,,,,,,,
28.0,0x101,BMS_CellVolt1,,,,3.884,3.883,3.88,3.882,,,,,,,,,,,,,,,
28.0,0x102,BMS_CellVolt2,,,,,,,,3.898,3.813,3.89,3.8930000000000002,,,,,,,,,,,
28.0,0x103,BMS_Temps,,,,,,,,,,,,28.5,28.6,30.0,28.400000000000002,,,,,,,
28.0,0x104,BMS_Status,,,,,,,,,,,,,,,,0.0,0.0,0.0,0.0,0.0,1.0,1.0
28.1,0x100,BMS_PackState,31.060000000000002,75.7,79.89,,,,,,,,,,,,,,,,,,,
28.2,0x100,BMS_PackState,31.01,80.30000000000001,79.61,,,,,,,,,,,,,,,,,,,
28.3,0x100,BMS_PackState,31.0,80.2,79.85000000000001,,,,,,,,,,,,,,,,,,,
28.4,0x100,BMS_PackState,31.02,78.5,79.60000000000001,,,,,,,,,,,,,,,,,,,
28.5,0x100,BMS_PackState,31.0,80.10000000000001,79.61,,,,,,,,,,,,,,,,,,,
28.5,0x101,BMS_CellVolt1,,,,3.88,3.882,3.876,3.8770000000000002,,,,,,,,,,,,,,,
28.5,0x102,BMS_CellVolt2,,,,,,,,3.9010000000000002,3.807,3.8890000000000002,3.891,,,,,,,,,,,
28.6,0x100,BMS_PackState,30.970000000000002,81.80000000000001,79.63,,,,,,,,,,,,,,,,,,,
28.7,0x100,BMS_PackState,30.98,82.2,79.83,,,,,,,,,,,,,,,,,,,
28.8,0x100,BMS_PackState,30.970000000000002,82.30000000000001,79.83,,,,,,,,,,,,,,,,,,,
28.9,0x100,BMS_PackState,30.970000000000002,83.30000000000001,79.84,,,,,,,,,,,,,,,,,,,
29.0,0x100,BMS_PackState,30.96,83.7,79.75,,,,,,,,,,,,,,,,,,,
29.0,0x101,BMS_CellVolt1,,,,3.8770000000000002,3.876,3.868,3.876,,,,,,,,,,,,,,,
29.0,0x102,BMS_CellVolt2,,,,,,,,3.896,3.799,3.88,3.883,,,,,,,,,,,
29.0,0x103,BMS_Temps,,,,,,,,,,,,29.0,29.3,30.8,29.1,,,,,,,
29.0,0x104,BMS_Status,,,,,,,,,,,,,,,,0.0,0.0,0.0,0.0,0.0,1.0,1.0
29.1,0x100,BMS_PackState,30.93,85.0,79.71000000000001,,,,,,,,,,,,,,,,,,,
29.2,0x100,BMS_PackState,30.900000000000002,87.7,79.79,,,,,,,,,,,,,,,,,,,
29.3,0x100,BMS_PackState,30.970000000000002,82.30000000000001,79.72,,,,,,,,,,,,,,,,,,,
29.4,0x100,BMS_PackState,30.92,86.4,79.75,,,,,,,,,,,,,,,,,,,
29.5,0x100,BMS_PackState,30.900000000000002,87.7,79.72,,,,,,,,,,,,,,,,,,,
29.5,0x101,BMS_CellVolt1,,,,3.865,3.869,3.865,3.87,,,,,,,,,,,,,,,
29.5,0x102,BMS_CellVolt2,,,,,,,,3.8850000000000002,3.789,3.879,3.8770000000000002,,,,,,,,,,,
29.6,0x100,BMS_PackState,30.900000000000002,88.60000000000001,79.72,,,,,,,,,,,,,,,,,,,
29.7,0x100,BMS_PackState,30.89,88.30000000000001,79.92,,,,,,,,,,,,,,,,,,,
29.8,0x100,BMS_PackState,30.91,86.9,79.8,,,,,,,,,,,,,,,,,,,
29.9,0x100,BMS_PackState,30.87,90.60000000000001,79.76,,,,,,,,,,,,,,,,,,,
30.0,0x100,BMS_PackState,30.84,93.4,79.67,,,,,,,,,,,,,,,,,,,
30.0,0x101,BMS_CellVolt1,,,,3.862,3.861,3.857,3.858,,,,,,,,,,,,,,,
30.0,0x102,BMS_CellVolt2,,,,,,,,3.882,3.774,3.868,3.873,,,,,,,,,,,
30.0,0x103,BMS_Temps,,,,,,,,,,,,29.8,30.1,31.700000000000003,29.700000000000003,,,,,,,
30.0,0x104,BMS_Status,,,,,,,,,,,,,,,,0.0,0.0,0.0,0.0,0.0,1.0,1.0
30.1,0x100,BMS_PackState,30.89,89.2,79.71000000000001,,,,,,,,,,,,,,,,,,,
30.2,0x100,BMS_PackState,30.830000000000002,93.4,79.79,,,,,,,,,,,,,,,,,,,
30.3,0x100,BMS_PackState,30.85,92.2,79.71000000000001,,,,,,,,,,,,,,,,,,,
30.4,0x100,BMS_PackState,30.830000000000002,93.30000000000001,79.64,,,,,,,,,,,,,,,,,,,
30.5,0x100,BMS_PackState,30.84,92.4,79.51,,,,,,,,,,,,,,,,,,,
30.5,0x101,BMS_CellVolt1,,,,3.863,3.862,3.855,3.859,,,,,,,,,,,,,,,
30.5,0x102,BMS_CellVolt2,,,,,,,,3.8810000000000002,3.777,3.867,3.871,,,,,,,,,,,
30.6,0x100,BMS_PackState,30.82,94.0,79.64,,,,,,,,,,,,,,,,,,,
30.7,0x100,BMS_PackState,30.78,97.10000000000001,79.74,,,,,,,,,,,,,,,,,,,
30.8,0x100,BMS_PackState,30.79,96.60000000000001,79.54,,,,,,,,,,,,,,,,,,,
30.9,0x100,BMS_PackState,30.76,98.80000000000001,79.81,,,,,,,,,,,,,,,,,,,
31.0,0x100,BMS_PackState,30.77,98.5,79.68,,,,,,,,,,,,,,,,,,,
31.0,0x101,BMS_CellVolt1,,,,3.853,3.858,3.85,3.85,,,,,,,,,,,,,,,
31.0,0x102,BMS_CellVolt2,,,,,,,,3.874,3.762,3.859,3.86,,,,,,,,,,,
31.0,0x103,BMS_Temps,,,,,,,,,,,,30.6,30.900000000000002,32.9,30.6,,,,,,,
31.0,0x104,BMS_Status,,,,,,,,,,,,,,,,0.0,0.0,0.0,0.0,0.0,1.0,1.0
31.1,0x100,BMS_PackState,30.76,97.9,79.79,,,,,,,,,,,,,,,,,,,
31.2,0x100,BMS_PackState,30.73,100.4,79.64,,,,,,,,,,,,,,,,,,,
31.3,0x100,BMS_PackState,30.76,98.9,79.42,,,,,,,,,,,,,,,,,,,
31.4,0x100,BMS_PackState,30.740000000000002,99.9,79.59,,,,,,,,,,,,,,,,,,,
31.5,0x100,BMS_PackState,30.77,98.7,79.56,,,,,,,,,,,,,,,,,,,
31.5,0x101,BMS_CellVolt1,,,,3.852,3.857,3.849,3.849,,,,,,,,,,,,,,,
31.5,0x102,BMS_CellVolt2,,,,,,,,3.876,3.759,3.859,3.865,,,,,,,,,,,
31.6,0x100,BMS_PackState,30.75,99.7,79.54,,,,,,,,,,,,,,,,,,,
31.7,0x100,BMS_PackState,30.75,98.9,79.66,,,,,,,,,,,,,,,,,,,
31.8,0x100,BMS_PackState,30.72,101.80000000000001,79.52,,,,,,,,,,,,,,,,,,,
31.9,0x100,BMS_PackState,30.740000000000002,98.9,79.46000000000001,,,,,,,,,,,,,,,,,,,
32.0,0x100,BMS_PackState,30.71,102.10000000000001,79.54,,,,,,,,,,,,,,,,,,,
32.0,0x101,BMS_CellVolt1,,,,3.842,3.848,3.844,3.846,,,,,,,,,,,,,,,
32.0,0x102,BMS_CellVolt2,,,,,,,,3.866,3.753,3.853,3.855,,,,,,,,,,,
32.0,0x103,BMS_Temps,,,,,,,,,,,,31.700000000000003,31.900000000000002,34.2,31.400000000000002,,,,,,,
32.0,0x104,BMS_Status,,,,,,,,,,,,,,,,0.0,0.0,0.0,0.0,0.0,1.0,1.0
32.1,0x100,BMS_PackState,30.72,101.0,79.68,,,,,,,,,,,,,,,,,,,
32.2,0x100,BMS_PackState,30.7,103.30000000000001,79.56,,,,,,,,,,,,,,,,,,,
32.3,0x100,BMS_PackState,30.7,102.9,79.49,,,,,,,,,,,,,,,,,,,
32.4,0x100,BMS_PackState,30.68,104.7,79.54,,,,,,,,,,,,,,,,,,,
32.5,0x100,BMS_PackState,30.69,103.2,79.68,,,,,,,,,,,,,,,,,,,
32.5,0x101,BMS_CellVolt1,,,,3.843,3.839,3.839,3.841,,,,,,,,,,,,,,,
32.5,0x102,BMS_CellVolt2,,,,,,,,3.87,3.7520000000000002,3.852,3.858,,,,,,,,,,,
32.6,0x100,BMS_PackState,30.740000000000002,99.9,79.61,,,,,,,,,,,,,,,,,,,
32.7,0x100,BMS_PackState,30.71,102.30000000000001,79.61,,,,,,,,,,,,,,,,,,,
32.8,0x100,BMS_PackState,30.73,100.7,79.60000000000001,,,,,,,,,,,,,,,,,,,
32.9,0x100,BMS_PackState,30.71,101.80000000000001,79.38,,,,,,,,,,,,,,,,,,,
33.0,0x100,BMS_PackState,30.67,104.9,79.53,,,,,,,,,,,,,,,,,,,
33.0,0x101,BMS_CellVolt1,,,,3.839,3.84,3.837,3.84,,,,,,,,,,,,,,,
33.0,0x102,BMS_CellVolt2,,,,,,,,3.865,3.746,3.851,3.855,,,,,,,,,,,
33.0,0x103,BMS_Temps,,,,,,,,,,,,32.5,32.9,35.6,32.300000000000004,,,,,,,
33.0,0x104,BMS_Status,,,,,,,,,,,,,,,,0.0,0.0,0.0,0.0,0.0,1.0,1.0
33.1,0x100,BMS_PackState,30.69,103.60000000000001,79.64,,,,,,,,,,,,,,,,,,,
33.2,0x100,BMS_PackState,30.71,101.5,79.31,,,,,,,,,,,,,,,,,,,
33.3,0x100,BMS_PackState,30.73,101.0,79.33,,,,,,,,,,,,,,,,,,,
33.4,0x100,BMS_PackState,30.7,102.5,79.41,,,,,,,,,,,,,,,,,,,
33.5,0x100,BMS_PackState,30.72,100.5,79.44,,,,,,,,,,,,,,,,,,,
33.5,0x101,BMS_CellVolt1,,,,3.85,3.849,3.845,3.842,,,,,,,,,,,,,,,
33.5,0x102,BMS_CellVolt2,,,,,,,,3.868,3.753,3.856,3.862,,,,,,,,,,,
33.6,0x100,BMS_PackState,30.71,101.2,79.51,,,,,,,,,,,,,,,,,,,
33.7,0x100,BMS_PackState,30.71,102.5,79.37,,,,,,,,,,,,,,,,,,,
33.8,0x100,BMS_PackState,30.69,103.60000000000001,79.55,,,,,,,,,,,,,,,,,,,
33.9,0x100,BMS_PackState,30.7,102.60000000000001,79.72,,,,,,,,,,,,,,,,,,,
34.0,0x100,BMS_PackState,30.76,98.0,79.43,,,,,,,,,,,,,,,,,,,
34.0,0x101,BMS_CellVolt1,,,,3.853,3.856,3.845,3.849,,,,,,,,,,,,,,,
34.0,0x102,BMS_CellVolt2,,,,,,,,3.875,3.762,3.857,3.86,,,,,,,,,,,
34.0,0x103,BMS_Temps,,,,,,,,,,,,33.4,33.800000000000004,36.7,33.1,,,,,,,
34.0,0x104,BMS_Status,,,,,,,,,,,,,,,,0.0,0.0,0.0,0.0,0.0,1.0,1.0
34.1,0x100,BMS_PackState,30.7,101.60000000000001,79.34,,,,,,,,,,,,,,,,,,,
34.2,0x100,BMS_PackState,30.72,101.0,79.43,,,,,,,,,,,,,,,,,,,
34.3,0x100,BMS_PackState,30.72,101.2,79.53,,,,,,,,,,,,,,,,,,,
34.4,0x100,BMS_PackState,30.69,102.60000000000001,79.48,,,,,,,,,,,,,,,,,,,
34.5,0x100,BMS_PackState,30.77,96.80000000000001,79.53,,,,,,,,,,,,,,,,,,,
34.5,0x101,BMS_CellVolt1,,,,3.854,3.852,3.849,3.85,,,,,,,,,,,,,,,
34.5,0x102,BMS_CellVolt2,,,,,,,,3.875,3.765,3.861,3.859,,,,,,,,,,,
34.6,0x100,BMS_PackState,30.75,98.60000000000001,79.43,,,,,,,,,,,,,,,,,,,
34.7,0x100,BMS_PackState,30.740000000000002,100.0,79.48,,,,,,,,,,,,,,,,,,,
34.8,0x100,BMS_PackState,30.78,96.30000000000001,79.7,,,,,,,,,,,,,,,,,,,
34.9,0x100,BMS_PackState,30.73,100.4,79.4,,,,,,,,,,,,,,,,,,,
35.0,0x100,BMS_PackState,30.740000000000002,98.30000000000001,79.43,,,,,,,,,,,,,,,,,,,
35.0,0x101,BMS_CellVolt1,,,,3.85,3.85,3.845,3.844,,,,,,,,,,,,,,,
35.0,0x102,BMS_CellVolt2,,,,,,,,3.874,3.761,3.858,3.861,,,,,,,,,,,
35.0,0x103,BMS_Temps,,,,,,,,,,,,34.1,34.6,37.7,33.9,,,,,,,
35.0,0x104,BMS_Status,,,,,,,,,,,,,,,,0.0,0.0,0.0,0.0,0.0,1.0,1.0
35.1,0x100,BMS_PackState,30.740000000000002,98.5,79.47,,,,,,,,,,,,,,,,,,,
35.2,0x100,BMS_PackState,30.77,95.9,79.67,,,,,,,,,,,,,,,,,,,
35.3,0x100,BMS_PackState,30.75,97.5,79.5,,,,,,,,,,,,,,,,,,,
35.4,0x100,BMS_PackState,30.76,97.30000000000001,79.42,,,,,,,,,,,,,,,,,,,
35.5,0x100,BMS_PackState,30.78,95.5,79.36,,,,,,,,,,,,,,,,,,,
35.5,0x101,BMS_CellVolt1,,,,3.852,3.858,3.849,3.849,,,,,,,,,,,,,,,
35.5,0x102,BMS_CellVolt2,,,,,,,,3.879,3.7680000000000002,3.862,3.863,,,,,,,,,,,
35.6,0x100,BMS_PackState,30.8,95.0,79.54,,,,,,,,,,,,,,,,,,,
35.7,0x100,BMS_PackState,30.79,94.5,79.39,,,,,,,,,,,,,,,,,,,
35.8,0x100,BMS_PackState,30.830000000000002,92.2,79.55,,,,,,,,,,,,,,,,,,,
35.9,0x100,BMS_PackState,30.82,92.7,79.36,,,,,,,,,,,,,,,,,,,
36.0,0x100,BMS_PackState,30.830000000000002,92.10000000000001,79.32000000000001,,,,,,,,,,,,,,,,,,,
36.0,0x101,BMS_CellVolt1,,,,3.861,3.864,3.855,3.855,,,,,,,,,,,,,,,
36.0,0x102,BMS_CellVolt2,,,,,,,,3.8850000000000002,3.7720000000000002,3.864,3.871,,,,,,,,,,,
36.0,0x103,BMS_Temps,,,,,,,,,,,,34.6,35.1,38.400000000000006,34.4,,,,,,,
36.0,0x104,BMS_Status,,,,,,,,,,,,,,,,0.0,0.0,0.0,0.0,0.0,1.0,1.0
36.1,0x100,BMS_PackState,30.82,92.30000000000001,79.23,,,,,,,,,,,,,,,,,,,
36.2,0x100,BMS_PackState,30.82,92.60000000000001,79.43,,,,,,,,,,,,,,,,,,,
36.3,0x100,BMS_PackState,30.87,88.9,79.19,,,,,,,,,,,,,,,,,,,
36.4,0x100,BMS_PackState,30.85,89.7,79.49,,,,,,,,,,,,,,,,,,,
36.5,0x100,BMS_PackState,30.830000000000002,91.5,79.22,,,,,,,,,,,,,,,,,,,
36.5,0x101,BMS_CellVolt1,,,,3.857,3.864,3.858,3.855,,,,,,,,,,,,,,,
36.5,0x102,BMS_CellVolt2,,,,,,,,3.876,3.7760000000000002,3.87,3.874,,,,,,,,,,,
36.6,0x100,BMS_PackState,30.88,87.5,79.17,,,,,,,,,,,,,,,,,,,
36.7,0x100,BMS_PackState,30.88,86.80000000000001,79.35000000000001,,,,,,,,,,,,,,,,,,,
36.8,0x100,BMS_PackState,30.88,87.7,79.44,,,,,,,,,,,,,,,,,,,
36.9,0x100,BMS_PackState,30.87,88.0,79.33,,,,,,,,,,,,,,,,,,,
37.0,0x100,BMS_PackState,30.89,86.10000000000001,79.41,,,,,,,,,,,,,,,,,,,
37.0,0x101,BMS_CellVolt1,,,,3.868,3.87,3.86,3.864,,,,,,,,,,,,,,,
37.0,0x102,BMS_CellVolt2,,,,,,,,3.888,3.79,3.871,3.878,,,,,,,,,,,
37.0,0x103,BMS_Temps,,,,,,,,,,,,35.0,35.4,38.900000000000006,34.7,,,,,,,
37.0,0x104,BMS_Status,,,,,,,,,,,,,,,,0.0,0.0,0.0,0.0,0.0,1.0,1.0
37.1,0x100,BMS_PackState,30.87,87.5,79.36,,,,,,,,,,,,,,,,,,,
37.2,0x100,BMS_PackState,30.900000000000002,86.2,79.4,,,,,,,,,,,,,,,,,,,
37.3,0x100,BMS_PackState,30.91,85.60000000000001,79.48,,,,,,,,,,,,,,,,,,,
37.4,0x100,BMS_PackState,30.91,84.5,79.25,,,,,,,,,,,,,,,,,,,
37.5,0x100,BMS_PackState,30.89,86.60000000000001,79.33,,,,,,,,,,,,,,,,,,,
37.5,0x101,BMS_CellVolt1,,,,3.866,3.869,3.861,3.863,,,,,,,,,,,,,,,
37.5,0x102,BMS_CellVolt2,,,,,,,,3.888,3.789,3.879,3.878,,,,,,,,,,,
37.6,0x100,BMS_PackState,30.95,82.2,79.11,,,,,,,,,,,,,,,,,,,
37.7,0x100,BMS_PackState,30.990000000000002,79.0,79.44,,,,,,,,,,,,,,,,,,,
37.8,0x100,BMS_PackState,30.93,83.80000000000001,79.27,,,,,,,,,,,,,,,,,,,
37.9,0x100,BMS_PackState,30.96,80.2,79.3,,,,,,,,,,,,,,,,,,,
38.0,0x100,BMS_PackState,30.98,80.5,79.26,,,,,,,,,,,,,,,,,,,
38.0,0x101,BMS_CellVolt1,,,,3.88,3.876,3.872,3.875,,,,,,,,,,,,,,,
38.0,0x102,BMS_CellVolt2,,,,,,,,3.896,3.806,3.884,3.887,,,,,,,,,,,
38.0,0x103,BMS_Temps,,,,,,,,,,,,35.1,35.7,39.300000000000004,34.9,,,,,,,
38.0,0x104,BMS_Status,,,,,,,,,,,,,,,,0.0,0.0,0.0,0.0,0.0,1.0,1.0
38.1,0x100,BMS_PackState,30.95,81.7,79.22,,,,,,,,,,,,,,,,,,,
38.2,0x100,BMS_PackState,31.01,76.80000000000001,79.36,,,,,,,,,,,,,,,,,,,
38.3,0x100,BMS_PackState,31.01,76.9,79.34,,,,,,,,,,,,,,,,,,,
38.4,0x100,BMS_PackState,31.01,75.9,79.22,,,,,,,,,,,,,,,,,,,
38.5,0x100,BMS_PackState,31.02,76.60000000000001,79.45,,,,,,,,,,,,,,,,,,,
38.5,0x101,BMS_CellVolt1,,,,3.8810000000000002,3.8850000000000002,3.8770000000000002,3.88,,,,,,,,,,,,,,,
38.5,0x102,BMS_CellVolt2,,,,,,,,3.902,3.813,3.887,3.891,,,,,,,,,,,
38.6,0x100,BMS_PackState,31.0,78.0,79.35000000000001,,,,,,,,,,,,,,,,,,,
38.7,0x100,BMS_PackState,30.990000000000002,77.7,79.42,,,,,,,,,,,,,,,,,,,
38.8,0x100,BMS_PackState,31.0,76.80000000000001,79.07000000000001,,,,,,,,,,,,,,,,,,,
38.9,0x100,BMS_PackState,31.05,73.9,79.19,,,,,,,,,,,,,,,,,,,
39.0,0x100,BMS_PackState,31.060000000000002,72.10000000000001,79.35000000000001,,,,,,,,,,,,,,,,,,,
39.0,0x101,BMS_CellVolt1,,,,3.887,3.8890000000000002,3.883,3.883,,,,,,,,,,,,,,,
39.0,0x102,BMS_CellVolt2,,,,,,,,3.906,3.825,3.891,3.8970000000000002,,,,,,,,,,,
39.0,0x103,BMS_Temps,,,,,,,,,,,,35.2,35.6,39.300000000000004,35.1,,,,,,,
39.0,0x104,BMS_Status,,,,,,,,,,,,,,,,0.0,0.0,0.0,0.0,0.0,1.0,1.0
39.1,0x100,BMS_PackState,31.03,75.3,79.13,,,,,,,,,,,,,,,,,,,
39.2,0x100,BMS_PackState,31.05,74.10000000000001,79.2,,,,,,,,,,,,,,,,,,,
39.3,0x100,BMS_PackState,31.03,75.2,79.14,,,,,,,,,,,,,,,,,,,
39.4,0x100,BMS_PackState,31.03,75.2,79.28,,,,,,,,,,,,,,,,,,,
39.5,0x100,BMS_PackState,31.05,74.0,79.2,,,,,,,,,,,,,,,,,,,
39.5,0x101,BMS_CellVolt1,,,,3.8850000000000002,3.8890000000000002,3.8810000000000002,3.8850000000000002,,,,,,,,,,,,,,,
39.5,0x102,BMS_CellVolt2,,,,,,,,3.899,3.817,3.894,3.8970000000000002,,,,,,,,,,,
39.6,0x100,BMS_PackState,31.03,74.7,79.13,,,,,,,,,,,,,,,,,,,
39.7,0x100,BMS_PackState,31.04,73.60000000000001,79.4,,,,,,,,,,,,,,,,,,,
39.8,0x100,BMS_PackState,31.05,73.8,79.29,,,,,,,,,,,,,,,,,,,
39.9,0x100,BMS_PackState,31.07,71.60000000000001,79.28,,,,,,,,,,,,,,,,,,,
40.0,0x100,BMS_PackState,31.060000000000002,72.2,79.23,,,,,,,,,,,,,,,,,,,
40.0,0x101,BMS_CellVolt1,,,,3.8850000000000002,3.892,3.8850000000000002,3.8850000000000002,,,,,,,,,,,,,,,
40.0,0x102,BMS_CellVolt2,,,,,,,,3.903,3.823,3.894,3.894,,,,,,,,,,,
40.0,0x103,BMS_Temps,,,,,,,,,,,,35.2,35.6,39.300000000000004,34.9,,,,,,,
40.0,0x104,BMS_Status,,,,,,,,,,,,,,,,0.0,0.0,0.0,0.0,0.0,1.0,1.0
40.1,0x100,BMS_PackState,31.05,72.5,79.3,,,,,,,,,,,,,,,,,,,
40.2,0x100,BMS_PackState,31.05,73.2,79.26,,,,,,,,,,,,,,,,,,,
40.3,0x100,BMS_PackState,31.07,71.2,79.02,,,,,,,,,,,,,,,,,,,
40.4,0x100,BMS_PackState,31.07,72.4,79.4,,,,,,,,,,,,,,,,,,,
40.5,0x100,BMS_PackState,31.080000000000002,71.10000000000001,79.37,,,,,,,,,,,,,,,,,,,
40.5,0x101,BMS_CellVolt1,,,,3.8890000000000002,3.892,3.883,3.886,,,,,,,,,,,,,,,
40.5,0x102,BMS_CellVolt2,,,,,,,,3.907,3.825,3.898,3.895,,,,,,,,,,,
40.6,0x100,BMS_PackState,31.07,71.10000000000001,79.15,,,,,,,,,,,,,,,,,,,
40.7,0x100,BMS_PackState,31.05,72.4,79.03,,,,,,,,,,,,,,,,,,,
40.8,0x100,BMS_PackState,31.11,68.0,79.08,,,,,,,,,,,,,,,,,,,
40.9,0x100,BMS_PackState,31.1,69.0,79.08,,,,,,,,,,,,,,,,,,,
41.0,0x100,BMS_PackState,31.11,68.60000000000001,79.21000000000001,,,,,,,,,,,,,,,,,,,
41.0,0x101,BMS_CellVolt1,,,,3.8930000000000002,3.896,3.888,3.892,,,,,,,,,,,,,,,
41.0,0x102,BMS_CellVolt2,,,,,,,,3.908,3.829,3.9,3.9010000000000002,,,,,,,,,,,
41.0,0x103,BMS_Temps,,,,,,,,,,,,35.0,35.6,39.2,34.800000000000004,,,,,,,
41.0,0x104,BMS_Status,,,,,,,,,,,,,,,,0.0,0.0,0.0,0.0,0.0,1.0,1.0
41.1,0x100,BMS_PackState,31.12,67.2,79.14,,,,,,,,,,,,,,,,,,,
41.2,0x100,BMS_PackState,31.09,69.60000000000001,79.11,,,,,,,,,,,,,,,,,,,
41.3,0x100,BMS_PackState,31.07,71.7,79.23,,,,,,,,,,,,,,,,,,,
41.4,0x100,BMS_PackState,31.080000000000002,70.10000000000001,79.16,,,,,,,,,,,,,,,,,,,
41.5,0x100,BMS_PackState,31.07,70.7,79.26,,,,,,,,,,,,,,,,,,,
41.5,0x101,BMS_CellVolt1,,,,3.89,3.8890000000000002,3.8850000000000002,3.888,,,,,,,,,,,,,,,
41.5,0x102,BMS_CellVolt2,,,,,,,,3.903,3.826,3.895,3.896,,,,,,,,,,,
41.6,0x100,BMS_PackState,31.060000000000002,72.0,79.16,,,,,,,,,,,,,,,,,,,
41.7,0x100,BMS_PackState,31.05,72.3,79.33,,,,,,,,,,,,,,,,,,,
41.8,0x100,BMS_PackState,31.080000000000002,70.2,79.38,,,,,,,,,,,,,,,,,,,
41.9,0x100,BMS_PackState,31.060000000000002,72.3,79.17,,,,,,,,,,,,,,,,,,,
42.0,0x100,BMS_PackState,31.09,70.4,79.12,,,,,,,,,,,,,,,,,,,
42.0,0x101,BMS_CellVolt1,,,,3.8890000000000002,3.891,3.891,3.8890000000000002,,,,,,,,,,,,,,,
42.0,0x102,BMS_CellVolt2,,,,,,,,3.908,3.8280000000000003,3.896,3.898,,,,,,,,,,,
42.0,0x103,BMS_Temps,,,,,,,,,,,,35.0,35.5,39.0,34.800000000000004,,,,,,,
42.0,0x104,BMS_Status,,,,,,,,,,,,,,,,0.0,0.0,0.0,0.0,0.0,1.0,1.0
42.1,0x100,BMS_PackState,31.11,69.0,79.14,,,,,,,,,,,,,,,,,,,
42.2,0x100,BMS_PackState,31.09,69.4,79.25,,,,,,,,,,,,,,,,,,,
42.3,0x100,BMS_PackState,31.1,68.0,79.22,,,,,,,,,,,,,,,,,,,
42.4,0x100,BMS_PackState,31.1,68.9,78.94,,,,,,,,,,,,,,,,,,,
42.5,0x100,BMS_PackState,31.09,69.7,79.18,,,,,,,,,,,,,,,,,,,
42.5,0x101,BMS_CellVolt1,,,,3.89,3.892,3.8890000000000002,3.89,,,,,,,,,,,,,,,
42.5,0x102,BMS_CellVolt2,,,,,,,,3.9050000000000002,3.827,3.896,3.9,,,,,,,,,,,
42.6,0x100,BMS_PackState,31.060000000000002,71.5,79.09,,,,,,,,,,,,,,,,,,,
42.7,0x100,BMS_PackState,31.05,72.9,79.15,,,,,,,,,,,,,,,,,,,
42.8,0x100,BMS_PackState,31.1,68.2,79.12,,,,,,,,,,,,,,,,,,,
42.9,0x100,BMS_PackState,31.080000000000002,70.9,79.07000000000001,,,,,,,,,,,,,,,,,,,
43.0,0x100,BMS_PackState,31.11,68.8,78.94,,,,,,,,,,,,,,,,,,,
43.0,0x101,BMS_CellVolt1,,,,3.891,3.895,3.888,3.894,,,,,,,,,,,,,,,
43.0,0x102,BMS_CellVolt2,,,,,,,,3.9090000000000003,3.831,3.898,3.903,,,,,,,,,,,
43.0,0x103,BMS_Temps,,,,,,,,,,,,34.9,35.5,38.900000000000006,34.7,,,,,,,
43.0,0x104,BMS_Status,,,,,,,,,,,,,,,,0.0,0.0,0.0,0.0,0.0,1.0,1.0
43.1,0x100,BMS_PackState,31.060000000000002,71.10000000000001,78.95,,,,,,,,,,,,,,,,,,,
43.2,0x100,BMS_PackState,31.09,70.2,79.08,,,,,,,,,,,,,,,,,,,
43.3,0x100,BMS_PackState,31.11,67.7,79.09,,,,,,,,,,,,,,,,,,,
43.4,0x100,BMS_PackState,31.060000000000002,71.8,79.09,,,,,,,,,,,,,,,,,,,
43.5,0x100,BMS_PackState,31.09,69.60000000000001,79.12,,,,,,,,,,,,,,,,,,,
43.5,0x101,BMS_CellVolt1,,,,3.89,3.896,3.89,3.887,,,,,,,,,,,,,,,
43.5,0x102,BMS_CellVolt2,,,,,,,,3.903,3.827,3.894,3.902,,,,,,,,,,,
43.6,0x100,BMS_PackState,31.09,69.7,79.01,,,,,,,,,,,,,,,,,,,
43.7,0x100,BMS_PackState,31.09,68.9,78.95,,,,,,,,,,,,,,,,,,,
43.8,0x100,BMS_PackState,31.09,69.60000000000001,79.18,,,,,,,,,,,,,,,,,,,
43.9,0x100,BMS_PackState,31.060000000000002,71.2,79.13,,,,,,,,,,,,,,,,,,,
44.0,0x100,BMS_PackState,31.080000000000002,70.3,79.0,,,,,,,,,,,,,,,,,,,
44.0,0x101,BMS_CellVolt1,,,,3.8890000000000002,3.892,3.891,3.888,,,,,,,,,,,,,,,
44.0,0x102,BMS_CellVolt2,,,,,,,,3.904,3.825,3.895,3.896,,,,,,,,,,,
44.0,0x103,BMS_Temps,,,,,,,,,,,,34.800000000000004,35.300000000000004,38.7,34.6,,,,,,,
44.0,0x104,BMS_Status,,,,,,,,,,,,,,,,0.0,0.0,0.0,0.0,0.0,1.0,1.0
44.1,0x100,BMS_PackState,31.07,71.10000000000001,79.16,,,,,,,,,,,,,,,,,,,
44.2,0x100,BMS_PackState,31.060000000000002,71.2,78.97,,,,,,,,,,,,,,,,,,,
44.3,0x100,BMS_PackState,31.04,72.7,79.09,,,,,,,,,,,,,,,,,,,
44.4,0x100,BMS_PackState,31.080000000000002,70.2,79.08,,,,,,,,,,,,,,,,,,,
44.5,0x100,BMS_PackState,31.1,68.5,78.99,,,,,,,,,,,,,,,,,,,
44.5,0x101,BMS_CellVolt1,,,,3.8930000000000002,3.896,3.888,3.8930000000000002,,,,,,,,,,,,,,,
44.5,0x102,BMS_CellVolt2,,,,,,,,3.9050000000000002,3.8280000000000003,3.899,3.8970000000000002,,,,,,,,,,,
44.6,0x100,BMS_PackState,31.05,72.4,79.10000000000001,,,,,,,,,,,,,,,,,,,
44.7,0x100,BMS_PackState,31.07,70.3,78.92,,,,,,,,,,,,,,,,,,,
44.8,0x100,BMS_PackState,31.060000000000002,72.5,79.04,,,,,,,,,,,,,,,,,,,
44.9,0x100,BMS_PackState,31.07,71.4,79.04,,,,,,,,,,,,,,,,,,,
45.0,0x100,BMS_PackState,31.07,70.7,78.93,,,,,,,,,,,,,,,,,,,
45.0,0x101,BMS_CellVolt1,,,,3.89,3.89,3.882,3.887,,,,,,,,,,,,,,,
45.0,0x102,BMS_CellVolt2,,,,,,,,3.904,3.825,3.895,3.898,,,,,,,,,,,
45.0,0x103,BMS_Temps,,,,,,,,,,,,34.800000000000004,35.2,38.6,34.5,,,,,,,
45.0,0x104,BMS_Status,,,,,,,,,,,,,,,,0.0,0.0,0.0,0.0,0.0,1.0,1.0
45.1,0x100,BMS_PackState,31.07,71.4,79.10000000000001,,,,,,,,,,,,,,,,,,,
45.2,0x100,BMS_PackState,31.03,73.9,79.14,,,,,,,,,,,,,,,,,,,
45.3,0x100,BMS_PackState,31.02,74.10000000000001,79.02,,,,,,,,,,,,,,,,,,,
45.4,0x100,BMS_PackState,31.07,71.10000000000001,79.03,,,,,,,,,,,,,,,,,,,
45.5,0x100,BMS_PackState,31.060000000000002,71.3,78.99,,,,,,,,,,,,,,,,,,,
45.5,0x101,BMS_CellVolt1,,,,3.886,3.891,3.883,3.888,,,,,,,,,,,,,,,
45.5,0x102,BMS_CellVolt2,,,,,,,,3.904,3.823,3.8930000000000002,3.895,,,,,,,,,,,
45.6,0x100,BMS_PackState,31.04,72.7,79.01,,,,,,,,,,,,,,,,,,,
45.7,0x100,BMS_PackState,31.09,69.9,78.96000000000001,,,,,,,,,,,,,,,,,,,
45.8,0x100,BMS_PackState,31.05,71.7,79.01,,,,,,,,,,,,,,,,,,,
45.9,0x100,BMS_PackState,31.07,71.3,78.98,,,,,,,,,,,,,,,,,,,
46.0,0x100,BMS_PackState,31.060000000000002,71.8,79.16,,,,,,,,,,,,,,,,,,,
46.0,0x101,BMS_CellVolt1,,,,3.886,3.89,3.883,3.888,,,,,,,,,,,,,,,
46.0,0x102,BMS_CellVolt2,,,,,,,,3.902,3.825,3.894,3.895,,,,,,,,,,,
46.0,0x103,BMS_Temps,,,,,,,,,,,,34.6,35.2,38.5,34.5,,,,,,,
46.0,0x104,BMS_Status,,,,,,,,,,,,,,,,0.0,0.0,0.0,0.0,0.0,1.0,1.0
46.1,0x100,BMS_PackState,31.07,70.2,78.97,,,,,,,,,,,,,,,,,,,
46.2,0x100,BMS_PackState,31.09,69.10000000000001,78.9,,,,,,,,,,,,,,,,,,,
46.3,0x100,BMS_PackState,31.09,68.5,78.81,,,,,,,,,,,,,,,,,,,
46.4,0x100,BMS_PackState,31.07,70.0,79.08,,,,,,,,,,,,,,,,,,,
46.5,0x100,BMS_PackState,31.07,71.10000000000001,79.12,,,,,,,,,,,,,,,,,,,
46.5,0x101,BMS_CellVolt1,,,,3.8930000000000002,3.888,3.883,3.887,,,,,,,,,,,,,,,
46.5,0x102,BMS_CellVolt2,,,,,,,,3.907,3.826,3.891,3.896,,,,,,,,,,,
46.6,0x100,BMS_PackState,31.05,71.5,78.86,,,,,,,,,,,,,,,,,,,
46.7,0x100,BMS_PackState,31.02,75.0,79.03,,,,,,,,,,,,,,,,,,,
46.8,0x100,BMS_PackState,31.02,73.8,79.02,,,,,,,,,,,,,,,,,,,
46.9,0x100,BMS_PackState,31.07,70.9,78.97,,,,,,,,,,,,,,,,,,,
47.0,0x100,BMS_PackState,31.03,73.0,78.85000000000001,,,,,,,,,,,,,,,,,,,
47.0,0x101,BMS_CellVolt1,,,,3.882,3.887,3.878,3.879,,,,,,,,,,,,,,,
47.0,0x102,BMS_CellVolt2,,,,,,,,3.9010000000000002,3.818,3.891,3.892,,,,,,,,,,,
47.0,0x103,BMS_Temps,,,,,,,,,,,,34.7,35.1,38.6,34.4,,,,,,,
47.0,0x104,BMS_Status,,,,,,,,,,,,,,,,0.0,0.0,0.0,0.0,0.0,1.0,1.0
47.1,0x100,BMS_PackState,31.060000000000002,72.0,79.01,,,,,,,,,,,,,,,,,,,
47.2,0x100,BMS_PackState,31.04,72.4,79.08,,,,,,,,,,,,,,,,,,,
47.3,0x100,BMS_PackState,31.03,73.3,79.09,,,,,,,,,,,,,,,,,,,
47.4,0x100,BMS_PackState,31.01,74.10000000000001,79.0,,,,,,,,,,,,,,,,,,,
47.5,0x100,BMS_PackState,31.03,72.9,79.03,,,,,,,,,,,,,,,,,,,
47.5,0x101,BMS_CellVolt1,,,,3.886,3.886,3.88,3.88,,,,,,,,,,,,,,,
47.5,0x102,BMS_CellVolt2,,,,,,,,3.9,3.8160000000000003,3.8890000000000002,3.8930000000000002,,,,,,,,,,,
47.6,0x100,BMS_PackState,31.01,75.3,78.76,,,,,,,,,,,,,,,,,,,
47.7,0x100,BMS_PackState,31.04,72.2,78.99,,,,,,,,,,,,,,,,,,,
47.8,0x100,BMS_PackState,31.02,74.2,78.99,,,,,,,,,,,,,,,,,,,
47.9,0x100,BMS_PackState,30.970000000000002,78.30000000000001,78.89,,,,,,,,,,,,,,,,,,,
48.0,0x100,BMS_PackState,31.0,75.10000000000001,78.93,,,,,,,,,,,,,,,,,,,
48.0,0x101,BMS_CellVolt1,,,,3.878,3.883,3.876,3.879,,,,,,,,,,,,,,,
48.0,0x102,BMS_CellVolt2,,,,,,,,3.898,3.809,3.888,3.891,,,,,,,,,,,
48.0,0x103,BMS_Temps,,,,,,,,,,,,34.7,35.1,38.5,34.6,,,,,,,
48.0,0x104,BMS_Status,,,,,,,,,,,,,,,,0.0,0.0,0.0,0.0,0.0,1.0,1.0
48.1,0x100,BMS_PackState,30.98,77.2,78.87,,,,,,,,,,,,,,,,,,,
48.2,0x100,BMS_PackState,31.0,75.5,78.76,,,,,,,,,,,,,,,,,,,
48.3,0x100,BMS_PackState,30.990000000000002,76.5,78.97,,,,,,,,,,,,,,,,,,,
48.4,0x100,BMS_PackState,31.0,75.9,79.10000000000001,,,,,,,,,,,,,,,,,,,
48.5,0x100,BMS_PackState,31.0,76.10000000000001,78.82000000000001,,,,,,,,,,,,,,,,,,,
48.5,0x101,BMS_CellVolt1,,,,3.879,3.8810000000000002,3.879,3.876,,,,,,,,,,,,,,,
48.5,0x102,BMS_CellVolt2,,,,,,,,3.894,3.811,3.888,3.8890000000000002,,,,,,,,,,,
48.6,0x100,BMS_PackState,30.990000000000002,75.60000000000001,78.91,,,,,,,,,,,,,,,,,,,
48.7,0x100,BMS_PackState,30.970000000000002,77.80000000000001,78.76,,,,,,,,,,,,,,,,,,,
48.8,0x100,BMS_PackState,31.0,76.3,78.91,,,,,,,,,,,,,,,,,,,
48.9,0x100,BMS_PackState,30.96,79.0,78.82000000000001,,,,,,,,,,,,,,,,,,,
49.0,0x100,BMS_PackState,30.93,80.10000000000001,78.87,,,,,,,,,,,,,,,,,,,
49.0,0x101,BMS_CellVolt1,,,,3.873,3.876,3.869,3.868,,,,,,,,,,,,,,,
49.0,0x102,BMS_CellVolt2,,,,,,,,3.8930000000000002,3.799,3.8770000000000002,3.88,,,,,,,,,,,
49.0,0x103,BMS_Temps,,,,,,,,,,,,34.800000000000004,35.2,38.6,34.6,,,,,,,
49.0,0x104,BMS_Status,,,,,,,,,,,,,,,,0.0,0.0,0.0,0.0,0.0,1.0,1.0
49.1,0x100,BMS_PackState,30.95,79.5,78.98,,,,,,,,,,,,,,,,,,,
49.2,0x100,BMS_PackState,30.96,79.0,78.9,,,,,,,,,,,,,,,,,,,
49.3,0x100,BMS_PackState,30.94,80.60000000000001,78.86,,,,,,,,,,,,,,,,,,,
49.4,0x100,BMS_PackState,30.94,79.9,78.77,,,,,,,,,,,,,,,,,,,
49.5,0x100,BMS_PackState,30.91,82.30000000000001,78.93,,,,,,,,,,,,,,,,,,,
49.5,0x101,BMS_CellVolt1,,,,3.869,3.87,3.865,3.865,,,,,,,,,,,,,,,
49.5,0x102,BMS_CellVolt2,,,,,,,,3.886,3.797,3.875,3.879,,,,,,,,,,,
49.6,0x100,BMS_PackState,30.96,78.7,78.75,,,,,,,,,,,,,,,,,,,
49.7,0x100,BMS_PackState,30.93,81.5,78.99,,,,,,,,,,,,,,,,,,,
49.8,0x100,BMS_PackState,30.95,79.60000000000001,78.86,,,,,,,,,,,,,,,,,,,
49.9,0x100,BMS_PackState,30.93,80.9,78.74,,,,,,,,,,,,,,,,,,,
50.0,0x100,BMS_PackState,30.86,85.80000000000001,78.69,,,,,,,,,,,,,,,,,,,
50.0,0x101,BMS_CellVolt1,,,,3.864,3.868,3.858,3.861,,,,,,,,,,,,,,,
50.0,0x102,BMS_CellVolt2,,,,,,,,3.883,3.787,3.871,3.873,,,,,,,,,,,
50.0,0x103,BMS_Temps,,,,,,,,,,,,34.9,35.4,38.800000000000004,34.6,,,,,,,
50.0,0x104,BMS_Status,,,,,,,,,,,,,,,,0.0,0.0,0.0,0.0,0.0,1.0,1.0
50.1,0x100,BMS_PackState,30.87,85.7,78.8,,,,,,,,,,,,,,,,,,,
50.2,0x100,BMS_PackState,30.89,83.9,78.8,,,,,,,,,,,,,,,,,,,
50.3,0x100,BMS_PackState,30.900000000000002,83.30000000000001,78.87,,,,,,,,,,,,,,,,,,,
50.4,0x100,BMS_PackState,30.91,81.80000000000001,78.72,,,,,,,,,,,,,,,,,,,
50.5,0x100,BMS_PackState,30.85,86.0,78.9,,,,,,,,,,,,,,,,,,,
50.5,0x101,BMS_CellVolt1,,,,3.862,3.863,3.858,3.862,,,,,,,,,,,,,,,
50.5,0x102,BMS_CellVolt2,,,,,,,,3.884,3.783,3.866,3.874,,,,,,,,,,,
50.6,0x100,BMS_PackState,30.8,91.10000000000001,78.56,,,,,,,,,,,,,,,,,,,
50.7,0x100,BMS_PackState,30.82,88.80000000000001,78.82000000000001,,,,,,,,,,,,,,,,,,,
50.8,0x100,BMS_PackState,30.830000000000002,88.0,78.73,,,,,,,,,,,,,,,,,,,
50.9,0x100,BMS_PackState,30.8,90.2,78.81,,,,,,,,,,,,,,,,,,,
51.0,0x100,BMS_PackState,30.84,87.80000000000001,78.92,,,,,,,,,,,,,,,,,,,
51.0,0x101,BMS_CellVolt1,,,,3.863,3.862,3.862,3.857,,,,,,,,,,,,,,,
51.0,0x102,BMS_CellVolt2,,,,,,,,3.879,3.778,3.868,3.867,,,,,,,,,,,
51.0,0x103,BMS_Temps,,,,,,,,,,,,35.2,35.7,39.300000000000004,34.9,,,,,,,
51.0,0x104,BMS_Status,,,,,,,,,,,,,,,,0.0,0.0,0.0,0.0,0.0,1.0,1.0
51.1,0x100,BMS_PackState,30.8,90.4,78.88,,,,,,,,,,,,,,,,,,,
51.2,0x100,BMS_PackState,30.79,91.60000000000001,78.82000000000001,,,,,,,,,,,,,,,,,,,
51.3,0x100,BMS_PackState,30.77,92.0,78.91,,,,,,,,,,,,,,,,,,,
51.4,0x100,BMS_PackState,30.76,94.0,78.91,,,,,,,,,,,,,,,,,,,
51.5,0x100,BMS_PackState,30.76,94.0,78.92,,,,,,,,,,,,,,,,,,,
51.5,0x101,BMS_CellVolt1,,,,3.849,3.853,3.847,3.849,,,,,,,,,,,,,,,
51.5,0x102,BMS_CellVolt2,,,,,,,,3.875,3.767,3.859,3.861,,,,,,,,,,,
51.6,0x100,BMS_PackState,30.75,95.2,78.71000000000001,,,,,,,,,,,,,,,,,,,
51.7,0x100,BMS_PackState,30.77,93.80000000000001,78.84,,,,,,,,,,,,,,,,,,,
51.8,0x100,BMS_PackState,30.71,96.9,78.83,,,,,,,,,,,,,,,,,,,
51.9,0x100,BMS_PackState,30.69,98.60000000000001,78.75,,,,,,,,,,,,,,,,,,,
52.0,0x100,BMS_PackState,30.740000000000002,95.4,78.85000000000001,,,,,,,,,,,,,,,,,,,
52.0,0x101,BMS_CellVolt1,,,,3.848,3.85,3.845,3.843,,,,,,,,,,,,,,,
52.0,0x102,BMS_CellVolt2,,,,,,,,3.87,3.761,3.859,3.86,,,,,,,,,,,
52.0,0x103,BMS_Temps,,,,,,,,,,,,35.7,36.1,39.900000000000006,35.4,,,,,,,
52.0,0x104,BMS_Status,,,,,,,,,,,,,,,,0.0,0.0,0.0,0.0,0.0,1.0,1.0
52.1,0x100,BMS_PackState,30.73,96.10000000000001,78.74,,,,,,,,,,,,,,,,,,,
52.2,0x100,BMS_PackState,30.68,100.10000000000001,78.59,,,,,,,,,,,,,,,,,,,
52.3,0x100,BMS_PackState,30.7,98.5,78.86,,,,,,,,,,,,,,,,,,,
52.4,0x100,BMS_PackState,30.650000000000002,101.5,78.66,,,,,,,,,,,,,,,,,,,
52.5,0x100,BMS_PackState,30.69,99.30000000000001,78.54,,,,,,,,,,,,,,,,,,,
52.5,0x101,BMS_CellVolt1,,,,3.842,3.841,3.839,3.84,,,,,,,,,,,,,,,
52.5,0x102,BMS_CellVolt2,,,,,,,,3.869,3.751,3.849,3.854,,,,,,,,,,,
52.6,0x100,BMS_PackState,30.64,102.7,79.03,,,,,,,,,,,,,,,,,,,
52.7,0x100,BMS_PackState,30.67,101.30000000000001,78.60000000000001,,,,,,,,,,,,,,,,,,,
52.8,0x100,BMS_PackState,30.650000000000002,102.10000000000001,78.77,,,,,,,,,,,,,,,,,,,
52.9,0x100,BMS_PackState,30.62,104.60000000000001,78.59,,,,,,,,,,,,,,,,,,,
53.0,0x100,BMS_PackState,30.650000000000002,102.2,78.65,,,,,,,,,,,,,,,,,,,
53.0,0x101,BMS_CellVolt1,,,,3.837,3.844,3.834,3.834,,,,,,,,,,,,,,,
53.0,0x102,BMS_CellVolt2,,,,,,,,3.859,3.745,3.847,3.847,,,,,,,,,,,
53.0,0x103,BMS_Temps,,,,,,,,,,,,36.2,36.800000000000004,40.7,36.0,,,,,,,
53.0,0x104,BMS_Status,,,,,,,,,,,,,,,,0.0,0.0,0.0,0.0,0.0,1.0,1.0
53.1,0x100,BMS_PackState,30.650000000000002,101.9,78.62,,,,,,,,,,,,,,,,,,,
53.2,0x100,BMS_PackState,30.64,103.10000000000001,78.58,,,,,,,,,,,,,,,,,,,
53.3,0x100,BMS_PackState,30.61,104.9,78.76,,,,,,,,,,,,,,,,,,,
53.4,0x100,BMS_PackState,30.650000000000002,102.4,78.9,,,,,,,,,,,,,,,,,,,
53.5,0x100,BMS_PackState,30.59,106.10000000000001,78.66,,,,,,,,,,,,,,,,,,,
53.5,0x101,BMS_CellVolt1,,,,3.831,3.8320000000000003,3.825,3.8280000000000003,,,,,,,,,,,,,,,
53.5,0x102,BMS_CellVolt2,,,,,,,,3.858,3.737,3.838,3.843,,,,,,,,,,,
53.6,0x100,BMS_PackState,30.61,104.7,78.48,,,,,,,,,,,,,,,,,,,
53.7,0x100,BMS_PackState,30.580000000000002,107.60000000000001,78.55,,,,,,,,,,,,,,,,,,,
53.8,0x100,BMS_PackState,30.64,102.7,78.56,,,,,,,,,,,,,,,,,,,
53.9,0x100,BMS_PackState,30.6,105.4,78.65,,,,,,,,,,,,,,,,,,,
54.0,0x100,BMS_PackState,30.61,104.4,78.59,,,,,,,,,,,,,,,,,,,
54.0,0x101,BMS_CellVolt1,,,,3.833,3.837,3.829,3.8280000000000003,,,,,,,,,,,,,,,
54.0,0x102,BMS_CellVolt2,,,,,,,,3.86,3.737,3.846,3.843,,,,,,,,,,,
54.0,0x103,BMS_Temps,,,,,,,,,,,,36.9,37.5,41.6,36.6,,,,,,,
54.0,0x104,BMS_Status,,,,,,,,,,,,,,,,0.0,0.0,0.0,0.0,0.0,1.0,1.0
54.1,0x100,BMS_PackState,30.59,106.0,78.84,,,,,,,,,,,,,,,,,,,
54.2,0x100,BMS_PackState,30.57,107.80000000000001,78.62,,,,,,,,,,,,,,,,,,,
54.3,0x100,BMS_PackState,30.57,107.4,78.7,,,,,,,,,,,,,,,,,,,
54.4,0x100,BMS_PackState,30.580000000000002,107.5,78.60000000000001,,,,,,,,,,,,,,,,,,,
54.5,0x100,BMS_PackState,30.57,107.80000000000001,78.60000000000001,,,,,,,,,,,,,,,,,,,
54.5,0x101,BMS_CellVolt1,,,,3.829,3.829,3.825,3.823,,,,,,,,,,,,,,,
54.5,0x102,BMS_CellVolt2,,,,,,,,3.85,3.728,3.842,3.845,,,,,,,,,,,
54.6,0x100,BMS_PackState,30.560000000000002,108.5,78.57000000000001,,,,,,,,,,,,,,,,,,,
54.7,0x100,BMS_PackState,30.59,106.80000000000001,78.60000000000001,,,,,,,,,,,,,,,,,,,
54.8,0x100,BMS_PackState,30.54,109.5,78.54,,,,,,,,,,,,,,,,,,,
54.9,0x100,BMS_PackState,30.55,109.5,78.59,,,,,,,,,,,,,,,,,,,
55.0,0x100,BMS_PackState,30.55,109.10000000000001,78.52,,,,,,,,,,,,,,,,,,,
55.0,0x101,BMS_CellVolt1,,,,3.823,3.8280000000000003,3.8160000000000003,3.827,,,,,,,,,,,,,,,
55.0,0x102,BMS_CellVolt2,,,,,,,,3.853,3.725,3.834,3.841,,,,,,,,,,,
55.0,0x103,BMS_Temps,,,,,,,,,,,,37.6,38.2,42.6,37.4,,,,,,,
55.0,0x104,BMS_Status,,,,,,,,,,,,,,,,0.0,0.0,0.0,0.0,0.0,1.0,1.0
55.1,0x100,BMS_PackState,30.55,109.4,78.8,,,,,,,,,,,,,,,,,,,
55.2,0x100,BMS_PackState,30.54,109.0,78.61,,,,,,,,,,,,,,,,,,,
55.3,0x100,BMS_PackState,30.52,111.5,78.62,,,,,,,,,,,,,,,,,,,
55.4,0x100,BMS_PackState,30.560000000000002,108.30000000000001,78.54,,,,,,,,,,,,,,,,,,,
55.5,0x100,BMS_PackState,30.580000000000002,107.80000000000001,78.4,,,,,,,,,,,,,,,,,,,
55.5,0x101,BMS_CellVolt1,,,,3.83,3.831,3.825,3.8280000000000003,,,,,,,,,,,,,,,
55.5,0x102,BMS_CellVolt2,,,,,,,,3.854,3.728,3.84,3.842,,,,,,,,,,,
55.6,0x100,BMS_PackState,30.59,107.0,78.41,,,,,,,,,,,,,,,,,,,
55.7,0x100,BMS_PackState,30.59,106.4,78.52,,,,,,,,,,,,,,,,,,,
55.8,0x100,BMS_PackState,30.59,105.9,78.51,,,,,,,,,,,,,,,,,,,
55.9,0x100,BMS_PackState,30.59,106.2,78.57000000000001,,,,,,,,,,,,,,,,,,,
56.0,0x100,BMS_PackState,30.57,107.2,78.54,,,,,,,,,,,,,,,,,,,
56.0,0x101,BMS_CellVolt1,,,,3.8280000000000003,3.831,3.8280000000000003,3.822,,,,,,,,,,,,,,,
56.0,0x102,BMS_CellVolt2,,,,,,,,3.855,3.73,3.837,3.841,,,,,,,,,,,
56.0,0x103,BMS_Temps,,,,,,,,,,,,38.2,38.900000000000006,43.5,38.0,,,,,,,
56.0,0x104,BMS_Status,,,,,,,,,,,,,,,,0.0,0.0,0.0,0.0,0.0,1.0,1.0
56.1,0x100,BMS_PackState,30.580000000000002,107.60000000000001,78.47,,,,,,,,,,,,,,,,,,,
56.2,0x100,BMS_PackState,30.57,106.80000000000001,78.77,,,,,,,,,,,,,,,,,,,
56.3,0x100,BMS_PackState,30.6,105.30000000000001,78.54,,,,,,,,,,,,,,,,,,,
56.4,0x100,BMS_PackState,30.57,107.5,78.45,,,,,,,,,,,,,,,,,,,
56.5,0x100,BMS_PackState,30.57,106.9,78.45,,,,,,,,,,,,,,,,,,,
56.5,0x101,BMS_CellVolt1,,,,3.827,3.831,3.823,3.825,,,,,,,,,,,,,,,
56.5,0x102,BMS_CellVolt2,,,,,,,,3.854,3.728,3.838,3.843,,,,,,,,,,,
56.6,0x100,BMS_PackState,30.59,105.10000000000001,78.56,,,,,,,,,,,,,,,,,,,
56.7,0x100,BMS_PackState,30.61,104.0,78.46000000000001,,,,,,,,,,,,,,,,,,,
56.8,0x100,BMS_PackState,30.59,105.30000000000001,78.57000000000001,,,,,,,,,,,,,,,,,,,
56.9,0x100,BMS_PackState,30.6,104.4,78.46000000000001,,,,,,,,,,,,,,,,,,,
57.0,0x100,BMS_PackState,30.650000000000002,101.4,78.43,,,,,,,,,,,,,,,,,,,
57.0,0x101,BMS_CellVolt1,,,,3.84,3.84,3.8320000000000003,3.835,,,,,,,,,,,,,,,
57.0,0x102,BMS_CellVolt2,,,,,,,,3.862,3.745,3.845,3.852,,,,,,,,,,,
57.0,0x103,BMS_Temps,,,,,,,,,,,,38.800000000000004,39.400000000000006,44.2,38.400000000000006,,,,,,,
57.0,0x104,BMS_Status,,,,,,,,,,,,,,,,0.0,0.0,0.0,0.0,0.0,1.0,1.0
57.1,0x100,BMS_PackState,30.62,103.0,78.32000000000001,,,,,,,,,,,,,,,,,,,
57.2,0x100,BMS_PackState,30.62,103.0,78.56,,,,,,,,,,,,,,,,,,,
57.3,0x100,BMS_PackState,30.66,100.80000000000001,78.34,,,,,,,,,,,,,,,,,,,
57.4,0x100,BMS_PackState,30.64,101.9,78.52,,,,,,,,,,,,,,,,,,,
57.5,0x100,BMS_PackState,30.67,98.80000000000001,78.38,,,,,,,,,,,,,,,,,,,
57.5,0x101,BMS_CellVolt1,,,,3.838,3.841,3.839,3.839,,,,,,,,,,,,,,,
57.5,0x102,BMS_CellVolt2,,,,,,,,3.863,3.75,3.852,3.854,,,,,,,,,,,
57.6,0x100,BMS_PackState,30.63,102.5,78.52,,,,,,,,,,,,,,,,,,,
57.7,0x100,BMS_PackState,30.650000000000002,101.80000000000001,78.55,,,,,,,,,,,,,,,,,,,
57.8,0x100,BMS_PackState,30.68,98.9,78.35000000000001,,,,,,,,,,,,,,,,,,,
57.9,0x100,BMS_PackState,30.66,99.30000000000001,78.33,,,,,,,,,,,,,,,,,,,
58.0,0x100,BMS_PackState,30.73,94.5,78.63,,,,,,,,,,,,,,,,,,,
58.0,0x101,BMS_CellVolt1,,,,3.848,3.853,3.844,3.845,,,,,,,,,,,,,,,
58.0,0x102,BMS_CellVolt2,,,,,,,,3.869,3.758,3.857,3.853,,,,,,,,,,,
58.0,0x103,BMS_Temps,,,,,,,,,,,,39.0,39.800000000000004,44.800000000000004,38.800000000000004,,,,,,,
58.0,0x104,BMS_Status,,,,,,,,,,,,,,,,0.0,0.0,0.0,0.0,0.0,1.0,1.0
58.1,0x100,BMS_PackState,30.71,95.80000000000001,78.45,,,,,,,,,,,,,,,,,,,
58.2,0x100,BMS_PackState,30.7,96.5,78.47,,,,,,,,,,,,,,,,,,,
58.3,0x100,BMS_PackState,30.72,94.7,78.26,,,,,,,,,,,,,,,,,,,
58.4,0x100,BMS_PackState,30.7,96.80000000000001,78.29,,,,,,,,,,,,,,,,,,,
58.5,0x100,BMS_PackState,30.68,98.10000000000001,78.41,,,,,,,,,,,,,,,,,,,
58.5,0x101,BMS_CellVolt1,,,,3.843,3.844,3.838,3.843,,,,,,,,,,,,,,,
58.5,0x102,BMS_CellVolt2,,,,,,,,3.863,3.75,3.848,3.855,,,,,,,,,,,
58.6,0x100,BMS_PackState,30.740000000000002,92.7,78.34,,,,,,,,,,,,,,,,,,,
58.7,0x100,BMS_PackState,30.75,92.60000000000001,78.27,,,,,,,,,,,,,,,,,,,
58.8,0x100,BMS_PackState,30.740000000000002,93.5,78.4,,,,,,,,,,,,,,,,,,,
58.9,0x100,BMS_PackState,30.71,95.0,78.19,,,,,,,,,,,,,,,,,,,
59.0,0x100,BMS_PackState,30.77,90.10000000000001,78.39,,,,,,,,,,,,,,,,,,,
59.0,0x101,BMS_CellVolt1,,,,3.854,3.852,3.846,3.849,,,,,,,,,,,,,,,
59.0,0x102,BMS_CellVolt2,,,,,,,,3.874,3.771,3.862,3.865,,,,,,,,,,,
59.0,0x103,BMS_Temps,,,,,,,,,,,,39.300000000000004,40.0,45.0,39.0,,,,,,,
59.0,0x104,BMS_Status,,,,,,,,,,,,,,,,0.0,0.0,0.0,0.0,0.0,1.0,1.0
59.1,0x100,BMS_PackState,30.75,91.7,78.27,,,,,,,,,,,,,,,,,,,
59.2,0x100,BMS_PackState,30.740000000000002,93.5,78.42,,,,,,,,,,,,,,,,,,,
59.3,0x100,BMS_PackState,30.810000000000002,87.60000000000001,78.36,,,,,,,,,,,,,,,,,,,
59.4,0x100,BMS_PackState,30.82,87.60000000000001,78.39,,,,,,,,,,,,,,,,,,,
59.5,0x100,BMS_PackState,30.79,88.30000000000001,78.47,,,,,,,,,,,,,,,,,,,
59.5,0x101,BMS_CellVolt1,,,,3.855,3.855,3.853,3.853,,,,,,,,,,,,,,,
59.5,0x102,BMS_CellVolt2,,,,,,,,3.874,3.7760000000000002,3.866,3.863,,,,,,,,,,,
59.6,0x100,BMS_PackState,30.810000000000002,87.60000000000001,78.27,,,,,,,,,,,,,,,,,,,
59.7,0x100,BMS_PackState,30.79,89.0,78.23,,,,,,,,,,,,,,,,,,,
59.8,0x100,BMS_PackState,30.8,87.60000000000001,78.44,,,,,,,,,,,,,,,,,,,
59.9,0x100,BMS_PackState,30.86,84.0,78.49,,,,,,,,,,,,,,,,,,,
60.0,0x100,BMS_PackState,30.82,86.9,78.44,,,,,,,,,,,,,,,,,,,
60.0,0x101,BMS_CellVolt1,,,,3.856,3.857,3.856,3.855,,,,,,,,,,,,,,,
60.0,0x102,BMS_CellVolt2,,,,,,,,3.878,3.782,3.865,3.869,,,,,,,,,,,
60.0,0x103,BMS_Temps,,,,,,,,,,,,39.2,40.0,45.1,39.0,,,,,,,
60.0,0x104,BMS_Status,,,,,,,,,,,,,,,,0.0,0.0,0.0,0.0,0.0,1.0,1.0
60.1,0x100,BMS_PackState,30.84,84.7,78.08,,,,,,,,,,,,,,,,,,,
60.2,0x100,BMS_PackState,30.810000000000002,87.0,78.36,,,,,,,,,,,,,,,,,,,
60.3,0x100,BMS_PackState,30.85,83.60000000000001,78.21000000000001,,,,,,,,,,,,,,,,,,,
60.4,0x100,BMS_PackState,30.87,83.10000000000001,78.39,,,,,,,,,,,,,,,,,,,
60.5,0x100,BMS_PackState,30.85,84.4,78.27,,,,,,,,,,,,,,,,,,,
60.5,0x101,BMS_CellVolt1,,,,3.862,3.864,3.855,3.86,,,,,,,,,,,,,,,
60.5,0x102,BMS_CellVolt2,,,,,,,,3.8810000000000002,3.785,3.867,3.874,,,,,,,,,,,
60.6,0x100,BMS_PackState,30.84,84.30000000000001,78.25,,,,,,,,,,,,,,,,,,,
60.7,0x100,BMS_PackState,30.86,83.4,78.24,,,,,,,,,,,,,,,,,,,
60.8,0x100,BMS_PackState,30.900000000000002,79.7,78.22,,,,,,,,,,,,,,,,,,,
60.9,0x100,BMS_PackState,30.87,82.60000000000001,78.15,,,,,,,,,,,,,,,,,,,
61.0,0x100,BMS_PackState,30.900000000000002,79.9,78.23,,,,,,,,,,,,,,,,,,,
61.0,0x101,BMS_CellVolt1,,,,3.867,3.869,3.864,3.864,,,,,,,,,,,,,,,
61.0,0x102,BMS_CellVolt2,,,,,,,,3.886,3.797,3.873,3.8770000000000002,,,,,,,,,,,
61.0,0x103,BMS_Temps,,,,,,,,,,,,39.1,39.800000000000004,44.900000000000006,38.800000000000004,,,,,,,
61.0,0x104,BMS_Status,,,,,,,,,,,,,,,,0.0,0.0,0.0,0.0,0.0,1.0,1.0
61.1,0x100,BMS_PackState,30.88,81.4,78.28,,,,,,,,,,,,,,,,,,,
61.2,0x100,BMS_PackState,30.93,78.5,78.41,,,,,,,,,,,,,,,,,,,
61.3,0x100,BMS_PackState,30.89,81.0,78.31,,,,,,,,,,,,,,,,,,,
61.4,0x100,BMS_PackState,30.91,78.80000000000001,78.22,,,,,,,,,,,,,,,,,,,
61.5,0x100,BMS_PackState,30.93,77.7,78.21000000000001,,,,,,,,,,,,,,,,,,,
61.5,0x101,BMS_CellVolt1,,,,3.87,3.872,3.868,3.873,,,,,,,,,,,,,,,
61.5,0x102,BMS_CellVolt2,,,,,,,,3.8850000000000002,3.805,3.8770000000000002,3.8810000000000002,,,,,,,,,,,
61.6,0x100,BMS_PackState,30.89,80.4,77.95,,,,,,,,,,,,,,,,,,,
61.7,0x100,BMS_PackState,30.91,79.4,78.2,,,,,,,,,,,,,,,,,,,
61.8,0x100,BMS_PackState,30.92,77.9,78.25,,,,,,,,,,,,,,,,,,,
61.9,0x100,BMS_PackState,30.900000000000002,80.7,78.17,,,,,,,,,,,,,,,,,,,
62.0,0x100,BMS_PackState,30.93,77.60000000000001,78.18,,,,,,,,,,,,,,,,,,,
62.0,0x101,BMS_CellVolt1,,,,3.874,3.873,3.863,3.869,,,,,,,,,,,,,,,
62.0,0x102,BMS_CellVolt2,,,,,,,,3.89,3.8000000000000003,3.8770000000000002,3.878,,,,,,,,,,,
62.0,0x103,BMS_Temps,,,,,,,,,,,,39.0,39.7,44.5,38.7,,,,,,,
62.0,0x104,BMS_Status,,,,,,,,,,,,,,,,0.0,0.0,0.0,0.0,0.0,1.0,1.0
62.1,0x100,BMS_PackState,30.93,78.10000000000001,77.98,,,,,,,,,,,,,,,,,,,
62.2,0x100,BMS_PackState,30.93,78.2,78.08,,,,,,,,,,,,,,,,,,,
62.3,0x100,BMS_PackState,30.94,76.7,78.11,,,,,,,,,,,,,,,,,,,
62.4,0x100,BMS_PackState,30.92,78.2,78.14,,,,,,,,,,,,,,,,,,,
62.5,0x100,BMS_PackState,30.95,76.5,77.9,,,,,,,,,,,,,,,,,,,
62.5,0x101,BMS_CellVolt1,,,,3.873,3.874,3.871,3.873,,,,,,,,,,,,,,,
62.5,0x102,BMS_CellVolt2,,,,,,,,3.8930000000000002,3.803,3.878,3.8850000000000002,,,,,,,,,,,
62.6,0x100,BMS_PackState,30.95,76.5,78.18,,,,,,,,,,,,,,,,,,,
62.7,0x100,BMS_PackState,30.91,79.0,78.19,,,,,,,,,,,,,,,,,,,
62.8,0x100,BMS_PackState,30.96,75.3,78.24,,,,,,,,,,,,,,,,,,,
62.9,0x100,BMS_PackState,30.990000000000002,73.10000000000001,78.15,,,,,,,,,,,,,,,,,,,
63.0,0x100,BMS_PackState,30.91,79.0,78.27,,,,,,,,,,,,,,,,,,,
63.0,0x101,BMS_CellVolt1,,,,3.869,3.872,3.862,3.867,,,,,,,,,,,,,,,
63.0,0x102,BMS_CellVolt2,,,,,,,,3.8850000000000002,3.797,3.882,3.878,,,,,,,,,,,
63.0,0x103,BMS_Temps,,,,,,,,,,,,38.7,39.400000000000006,44.2,38.400000000000006,,,,,,,
63.0,0x104,BMS_Status,,,,,,,,,,,,,,,,0.0,0.0,0.0,0.0,0.0,1.0,1.0
63.1,0x100,BMS_PackState,30.89,80.30000000000001,78.36,,,,,,,,,,,,,,,,,,,
63.2,0x100,BMS_PackState,30.95,75.8,78.04,,,,,,,,,,,,,,,,,,,
63.3,0x100,BMS_PackState,30.98,73.5,78.05,,,,,,,,,,,,,,,,,,,
63.4,0x100,BMS_PackState,30.94,75.8,78.2,,,,,,,,,,,,,,,,,,,
63.5,0x100,BMS_PackState,30.96,75.8,78.23,,,,,,,,,,,,,,,,,,,
63.5,0x101,BMS_CellVolt1,,,,3.874,3.8770000000000002,3.873,3.874,,,,,,,,,,,,,,,
63.5,0x102,BMS_CellVolt2,,,,,,,,3.8930000000000002,3.8040000000000003,3.879,3.882,,,,,,,,,,,
63.6,0x100,BMS_PackState,30.95,75.9,78.04,,,,,,,,,,,,,,,,,,,
63.7,0x100,BMS_PackState,30.96,74.5,78.33,,,,,,,,,,,,,,,,,,,
63.8,0x100,BMS_PackState,30.93,77.0,78.06,,,,,,,,,,,,,,,,,,,
63.9,0x100,BMS_PackState,30.92,76.9,78.13,,,,,,,,,,,,,,,,,,,
64.0,0x100,BMS_PackState,30.98,73.8,78.21000000000001,,,,,,,,,,,,,,,,,,,
64.0,0x101,BMS_CellVolt1,,,,3.873,3.8770000000000002,3.8770000000000002,3.875,,,,,,,,,,,,,,,
64.0,0x102,BMS_CellVolt2,,,,,,,,3.892,3.809,3.883,3.888,,,,,,,,,,,
64.0,0x103,BMS_Temps,,,,,,,,,,,,38.5,39.1,43.800000000000004,38.2,,,,,,,
64.0,0x104,BMS_Status,,,,,,,,,,,,,,,,0.0,0.0,0.0,0.0,0.0,1.0,1.0
64.1,0x100,BMS_PackState,30.92,77.10000000000001,78.29,,,,,,,,,,,,,,,,,,,
64.2,0x100,BMS_PackState,30.900000000000002,79.10000000000001,78.04,,,,,,,,,,,,,,,,,,,
64.3,0x100,BMS_PackState,30.94,76.3,78.21000000000001,,,,,,,,,,,,,,,,,,,
64.4,0x100,BMS_PackState,30.95,75.5,78.12,,,,,,,,,,,,,,,,,,,
64.5,0x100,BMS_PackState,30.94,75.8,77.98,,,,,,,,,,,,,,,,,,,
64.5,0x101,BMS_CellVolt1,,,,3.873,3.876,3.872,3.871,,,,,,,,,,,,,,,
64.5,0x102,BMS_CellVolt2,,,,,,,,3.89,3.802,3.88,3.8810000000000002,,,,,,,,,,,
64.6,0x100,BMS_PackState,30.92,77.0,78.06,,,,,,,,,,,,,,,,,,,
64.7,0x100,BMS_PackState,30.970000000000002,73.5,78.0,,,,,,,,,,,,,,,,,,,
64.8,0x100,BMS_PackState,30.93,76.3,78.18,,,,,,,,,,,,,,,,,,,
64.9,0x100,BMS_PackState,30.95,75.5,77.97,,,,,,,,,,,,,,,,,,,
65.0,0x100,BMS_PackState,30.900000000000002,78.9,78.15,,,,,,,,,,,,,,,,,,,
65.0,0x101,BMS_CellVolt1,,,,3.872,3.873,3.862,3.865,,,,,,,,,,,,,,,
65.0,0x102,BMS_CellVolt2,,,,,,,,3.886,3.799,3.872,3.873,,,,,,,,,,,
65.0,0x103,BMS_Temps,,,,,,,,,,,,38.300000000000004,38.900000000000006,43.6,37.9,,,,,,,
65.0,0x104,BMS_Status,,,,,,,,,,,,,,,,0.0,0.0,0.0,0.0,0.0,1.0,1.0
65.1,0x100,BMS_PackState,30.94,75.9,78.10000000000001,,,,,,,,,,,,,,,,,,,
65.2,0x100,BMS_PackState,30.89,78.7,78.13,,,,,,,,,,,,,,,,,,,
65.3,0x100,BMS_PackState,30.95,74.5,78.09,,,,,,,,,,,,,,,,,,,
65.4,0x100,BMS_PackState,30.93,77.10000000000001,78.0,,,,,,,,,,,,,,,,,,,
65.5,0x100,BMS_PackState,30.93,76.7,78.12,,,,,,,,,,,,,,,,,,,
65.5,0x101,BMS_CellVolt1,,,,3.868,3.872,3.867,3.872,,,,,,,,,,,,,,,
65.5,0x102,BMS_CellVolt2,,,,,,,,3.888,3.802,3.878,3.882,,,,,,,,,,,
65.6,0x100,BMS_PackState,30.95,75.0,78.10000000000001,,,,,,,,,,,,,,,,,,,
65.7,0x100,BMS_PackState,30.94,76.60000000000001,78.03,,,,,,,,,,,,,,,,,,,
65.8,0x100,BMS_PackState,30.91,78.10000000000001,78.33,,,,,,,,,,,,,,,,,,,
65.9,0x100,BMS_PackState,30.94,75.9,77.95,,,,,,,,,,,,,,,,,,,
66.0,0x100,BMS_PackState,30.96,73.8,78.12,,,,,,,,,,,,,,,,,,,
66.0,0x101,BMS_CellVolt1,,,,3.875,3.875,3.869,3.876,,,,,,,,,,,,,,,
66.0,0x102,BMS_CellVolt2,,,,,,,,3.894,3.811,3.883,3.879,,,,,,,,,,,
66.0,0x103,BMS_Temps,,,,,,,,,,,,38.0,38.800000000000004,43.400000000000006,37.9,,,,,,,
66.0,0x104,BMS_Status,,,,,,,,,,,,,,,,0.0,0.0,0.0,0.0,0.0,1.0,1.0
66.1,0x100,BMS_PackState,30.93,76.4,78.12,,,,,,,,,,,,,,,,,,,
66.2,0x100,BMS_PackState,30.94,75.10000000000001,78.03,,,,,,,,,,,,,,,,,,,
66.3,0x100,BMS_PackState,30.94,75.9,78.08,,,,,,,,,,,,,,,,,,,
66.4,0x100,BMS_PackState,30.93,76.3,78.09,,,,,,,,,,,,,,,,,,,
66.5,0x100,BMS_PackState,30.96,73.9,78.04,,,,,,,,,,,,,,,,,,,
66.5,0x101,BMS_CellVolt1,,,,3.873,3.879,3.871,3.874,,,,,,,,,,,,,,,
66.5,0x102,BMS_CellVolt2,,,,,,,,3.89,3.8080000000000003,3.879,3.884,,,,,,,,,,,
66.6,0x100,BMS_PackState,30.96,74.10000000000001,77.99,,,,,,,,,,,,,,,,,,,
66.7,0x100,BMS_PackState,30.91,77.30000000000001,78.03,,,,,,,,,,,,,,,,,,,
66.8,0x100,BMS_PackState,30.93,75.8,77.97,,,,,,,,,,,,,,,,,,,
66.9,0x100,BMS_PackState,30.96,72.8,78.17,,,,,,,,,,,,,,,,,,,
67.0,0x100,BMS_PackState,30.92,77.80000000000001,78.11,,,,,,,,,,,,,,,,,,,
67.0,0x101,BMS_CellVolt1,,,,3.868,3.873,3.864,3.87,,,,,,,,,,,,,,,
67.0,0x102,BMS_CellVolt2,,,,,,,,3.8850000000000002,3.799,3.878,3.879,,,,,,,,,,,
67.0,0x103,BMS_Temps,,,,,,,,,,,,37.9,38.5,43.0,37.5,,,,,,,
67.0,0x104,BMS_Status,,,,,,,,,,,,,,,,0.0,0.0,0.0,0.0,0.0,1.0,1.0
67.1,0x100,BMS_PackState,30.92,77.10000000000001,78.03,,,,,,,,,,,,,,,,,,,
67.2,0x100,BMS_PackState,30.93,75.60000000000001,77.94,,,,,,,,,,,,,,,,,,,
67.3,0x100,BMS_PackState,30.94,74.8,77.98,,,,,,,,,,,,,,,,,,,
67.4,0x100,BMS_PackState,30.900000000000002,78.0,77.95,,,,,,,,,,,,,,,,,,,
67.5,0x100,BMS_PackState,30.91,77.30000000000001,78.0,,,,,,,,,,,,,,,,,,,
67.5,0x101,BMS_CellVolt1,,,,3.866,3.87,3.866,3.871,,,,,,,,,,,,,,,
67.5,0x102,BMS_CellVolt2,,,,,,,,3.8890000000000002,3.798,3.879,3.876,,,,,,,,,,,
67.6,0x100,BMS_PackState,30.88,80.4,77.84,,,,,,,,,,,,,,,,,,,
67.7,0x100,BMS_PackState,30.92,77.60000000000001,77.94,,,,,,,,,,,,,,,,,,,
67.8,0x100,BMS_PackState,30.91,77.60000000000001,77.88,,,,,,,,,,,,,,,,,,,
67.9,0x100,BMS_PackState,30.92,76.80000000000001,77.92,,,,,,,,,,,,,,,,,,,
68.0,0x100,BMS_PackState,30.900000000000002,78.30000000000001,78.17,,,,,,,,,,,,,,,,,,,
68.0,0x101,BMS_CellVolt1,,,,3.867,3.872,3.865,3.864,,,,,,,,,,,,,,,
68.0,0x102,BMS_CellVolt2,,,,,,,,3.884,3.799,3.875,3.874,,,,,,,,,,,
68.0,0x103,BMS_Temps,,,,,,,,,,,,37.7,38.400000000000006,42.7,37.300000000000004,,,,,,,
68.0,0x104,BMS_Status,,,,,,,,,,,,,,,,0.0,0.0,0.0,0.0,0.0,1.0,1.0
68.1,0x100,BMS_PackState,30.89,78.10000000000001,77.95,,,,,,,,,,,,,,,,,,,
68.2,0x100,BMS_PackState,30.900000000000002,79.10000000000001,78.0,,,,,,,,,,,,,,,,,,,
68.3,0x100,BMS_PackState,30.92,76.60000000000001,77.95,,,,,,,,,,,,,,,,,,,
68.4,0x100,BMS_PackState,30.93,76.80000000000001,78.03,,,,,,,,,,,,,,,,,,,
68.5,0x100,BMS_PackState,30.92,76.80000000000001,77.93,,,,,,,,,,,,,,,,,,,
68.5,0x101,BMS_CellVolt1,,,,3.87,3.871,3.87,3.868,,,,,,,,,,,,,,,
68.5,0x102,BMS_CellVolt2,,,,,,,,3.888,3.801,3.8770000000000002,3.8770000000000002,,,,,,,,,,,
68.6,0x100,BMS_PackState,30.900000000000002,78.80000000000001,77.91,,,,,,,,,,,,,,,,,,,
68.7,0x100,BMS_PackState,30.88,80.0,77.89,,,,,,,,,,,,,,,,,,,
68.8,0x100,BMS_PackState,30.92,77.2,77.88,,,,,,,,,,,,,,,,,,,
68.9,0x100,BMS_PackState,30.92,77.4,78.10000000000001,,,,,,,,,,,,,,,,,,,
69.0,0x100,BMS_PackState,30.91,78.7,77.98,,,,,,,,,,,,,,,,,,,
69.0,0x101,BMS_CellVolt1,,,,3.867,3.867,3.862,3.868,,,,,,,,,,,,,,,
69.0,0x102,BMS_CellVolt2,,,,,,,,3.8890000000000002,3.797,3.8770000000000002,3.879,,,,,,,,,,,
69.0,0x103,BMS_Temps,,,,,,,,,,,,37.6,38.2,42.6,37.300000000000004,,,,,,,
69.0,0x104,BMS_Status,,,,,,,,,,,,,,,,0.0,0.0,0.0,0.0,0.0,1.0,1.0
69.1,0x100,BMS_PackState,30.91,78.0,77.88,,,,,,,,,,,,,,,,,,,
69.2,0x100,BMS_PackState,30.87,80.0,78.02,,,,,,,,,,,,,,,,,,,
69.3,0x100,BMS_PackState,30.94,75.4,78.05,,,,,,,,,,,,,,,,,,,
69.4,0x100,BMS_PackState,30.91,77.7,77.86,,,,,,,,,,,,,,,,,,,
69.5,0x100,BMS_PackState,30.900000000000002,78.0,77.9,,,,,,,,,,,,,,,,,,,
69.5,0x101,BMS_CellVolt1,,,,3.869,3.869,3.864,3.866,,,,,,,,,,,,,,,
69.5,0x102,BMS_CellVolt2,,,,,,,,3.884,3.798,3.871,3.8810000000000002,,,,,,,,,,,
69.6,0x100,BMS_PackState,30.94,75.9,77.92,,,,,,,,,,,,,,,,,,,
69.7,0x100,BMS_PackState,30.900000000000002,78.2,77.84,,,,,,,,,,,,,,,,,,,
69.8,0x100,BMS_PackState,30.88,78.5,77.86,,,,,,,,,,,,,,,,,,,
69.9,0x100,BMS_PackState,30.88,79.80000000000001,77.86,,,,,,,,,,,,,,,,,,,
70.0,0x100,BMS_PackState,30.85,82.10000000000001,77.89,,,,,,,,,,,,,,,,,,,
70.0,0x101,BMS_CellVolt1,,,,3.864,3.864,3.857,3.86,,,,,,,,,,,,,,,
70.0,0x102,BMS_CellVolt2,,,,,,,,3.8810000000000002,3.786,3.866,3.874,,,,,,,,,,,
70.0,0x103,BMS_Temps,,,,,,,,,,,,37.4,38.2,42.5,37.300000000000004,,,,,,,
70.0,0x104,BMS_Status,,,,,,,,,,,,,,,,0.0,0.0,0.0,0.0,0.0,1.0,1.0
70.1,0x100,BMS_PackState,30.86,80.4,78.21000000000001,,,,,,,,,,,,,,,,,,,
70.2,0x100,BMS_PackState,30.88,79.5,77.81,,,,,,,,,,,,,,,,,,,
70.3,0x100,BMS_PackState,30.85,81.30000000000001,77.74,,,,,,,,,,,,,,,,,,,
70.4,0x100,BMS_PackState,30.82,83.30000000000001,77.98,,,,,,,,,,,,,,,,,,,
70.5,0x100,BMS_PackState,30.87,80.60000000000001,77.9,,,,,,,,,,,,,,,,,,,
70.5,0x101,BMS_CellVolt1,,,,3.864,3.866,3.86,3.861,,,,,,,,,,,,,,,
70.5,0x102,BMS_CellVolt2,,,,,,,,3.88,3.789,3.87,3.8770000000000002,,,,,,,,,,,
70.6,0x100,BMS_PackState,30.86,81.10000000000001,77.85000000000001,,,,,,,,,,,,,,,,,,,
70.7,0x100,BMS_PackState,30.830000000000002,83.7,77.96000000000001,,,,,,,,,,,,,,,,,,,
70.8,0x100,BMS_PackState,30.830000000000002,83.0,77.75,,,,,,,,,,,,,,,,,,,
70.9,0x100,BMS_PackState,30.830000000000002,84.7,77.9,,,,,,,,,,,,,,,,,,,
71.0,0x100,BMS_PackState,30.82,84.2,77.84,,,,,,,,,,,,,,,,,,,
71.0,0x101,BMS_CellVolt1,,,,3.859,3.86,3.854,3.855,,,,,,,,,,,,,,,
71.0,0x102,BMS_CellVolt2,,,,,,,,3.876,3.7840000000000003,3.863,3.869,,,,,,,,,,,
71.0,0x103,BMS_Temps,,,,,,,,,,,,37.4,38.1,42.400000000000006,37.2,,,,,,,
71.0,0x104,BMS_Status,,,,,,,,,,,,,,,,0.0,0.0,0.0,0.0,0.0,1.0,1.0
71.1,0x100,BMS_PackState,30.79,85.7,77.86,,,,,,,,,,,,,,,,,,,
71.2,0x100,BMS_PackState,30.830000000000002,83.60000000000001,77.86,,,,,,,,,,,,,,,,,,,
71.3,0x100,BMS_PackState,30.79,85.60000000000001,78.09,,,,,,,,,,,,,,,,,,,
71.4,0x100,BMS_PackState,30.8,85.80000000000001,77.79,,,,,,,,,,,,,,,,,,,
71.5,0x100,BMS_PackState,30.82,84.80000000000001,77.75,,,,,,,,,,,,,,,,,,,
71.5,0x101,BMS_CellVolt1,,,,3.858,3.861,3.856,3.855,,,,,,,,,,,,,,,
71.5,0x102,BMS_CellVolt2,,,,,,,,3.88,3.781,3.865,3.867,,,,,,,,,,,
71.6,0x100,BMS_PackState,30.8,84.80000000000001,77.89,,,,,,,,,,,,,,,,,,,
71.7,0x100,BMS_PackState,30.76,88.80000000000001,77.93,,,,,,,,,,,,,,,,,,,
71.8,0x100,BMS_PackState,30.77,87.80000000000001,77.69,,,,,,,,,,,,,,,,,,,
71.9,0x100,BMS_PackState,30.77,87.30000000000001,77.86,,,,,,,,,,,,,,,,,,,
72.0,0x100,BMS_PackState,30.76,89.30000000000001,77.7,,,,,,,,,,,,,,,,,,,
72.0,0x101,BMS_CellVolt1,,,,3.851,3.852,3.846,3.85,,,,,,,,,,,,,,,
72.0,0x102,BMS_CellVolt2,,,,,,,,3.873,3.765,3.859,3.861,,,,,,,,,,,
72.0,0x103,BMS_Temps,,,,,,,,,,,,37.5,38.1,42.5,37.2,,,,,,,
72.0,0x104,BMS_Status,,,,,,,,,,,,,,,,0.0,0.0,0.0,0.0,0.0,1.0,1.0
72.1,0x100,BMS_PackState,30.71,91.7,77.67,,,,,,,,,,,,,,,,,,,
72.2,0x100,BMS_PackState,30.78,87.2,77.78,,,,,,,,,,,,,,,,,,,
72.3,0x100,BMS_PackState,30.75,89.0,77.73,,,,,,,,,,,,,,,,,,,
72.4,0x100,BMS_PackState,30.75,90.5,77.67,,,,,,,,,,,,,,,,,,,
72.5,0x100,BMS_PackState,30.68,94.7,77.71000000000001,,,,,,,,,,,,,,,,,,,
72.5,0x101,BMS_CellVolt1,,,,3.839,3.847,3.834,3.84,,,,,,,,,,,,,,,
72.5,0x102,BMS_CellVolt2,,,,,,,,3.863,3.754,3.847,3.855,,,,,,,,,,,
72.6,0x100,BMS_PackState,30.69,93.60000000000001,77.73,,,,,,,,,,,,,,,,,,,
72.7,0x100,BMS_PackState,30.67,95.0,77.84,,,,,,,,,,,,,,,,,,,
72.8,0x100,BMS_PackState,30.7,92.80000000000001,77.68,,,,,,,,,,,,,,,,,,,
72.9,0x100,BMS_PackState,30.69,93.5,77.78,,,,,,,,,,,,,,,,,,,
73.0,0x100,BMS_PackState,30.66,96.5,77.58,,,,,,,,,,,,,,,,,,,
73.0,0x101,BMS_CellVolt1,,,,3.841,3.841,3.834,3.8360000000000003,,,,,,,,,,,,,,,
73.0,0x102,BMS_CellVolt2,,,,,,,,3.858,3.751,3.847,3.852,,,,,,,,,,,
73.0,0x103,BMS_Temps,,,,,,,,,,,,37.800000000000004,38.400000000000006,43.0,37.5,,,,,,,
73.0,0x104,BMS_Status,,,,,,,,,,,,,,,,0.0,0.0,0.0,0.0,0.0,1.0,1.0
73.1,0x100,BMS_PackState,30.66,96.60000000000001,77.74,,,,,,,,,,,,,,,,,,,
73.2,0x100,BMS_PackState,30.64,98.0,77.83,,,,,,,,,,,,,,,,,,,
73.3,0x100,BMS_PackState,30.650000000000002,97.60000000000001,77.7,,,,,,,,,,,,,,,,,,,
73.4,0x100,BMS_PackState,30.63,98.9,77.8,,,,,,,,,,,,,,,,,,,
73.5,0x100,BMS_PackState,30.63,99.4,77.55,,,,,,,,,,,,,,,,,,,
73.5,0x101,BMS_CellVolt1,,,,3.833,3.8360000000000003,3.831,3.83,,,,,,,,,,,,,,,
73.5,0x102,BMS_CellVolt2,,,,,,,,3.859,3.743,3.847,3.846,,,,,,,,,,,
73.6,0x100,BMS_PackState,30.59,101.0,77.62,,,,,,,,,,,,,,,,,,,
73.7,0x100,BMS_PackState,30.580000000000002,101.7,77.78,,,,,,,,,,,,,,,,,,,
73.8,0x100,BMS_PackState,30.63,98.80000000000001,77.79,,,,,,,,,,,,,,,,,,,
73.9,0x100,BMS_PackState,30.62,98.5,77.9,,,,,,,,,,,,,,,,,,,
74.0,0x100,BMS_PackState,30.57,104.0,77.78,,,,,,,,,,,,,,,,,,,
74.0,0x101,BMS_CellVolt1,,,,3.826,3.831,3.822,3.827,,,,,,,,,,,,,,,
74.0,0x102,BMS_CellVolt2,,,,,,,,3.852,3.732,3.84,3.839,,,,,,,,,,,
74.0,0x103,BMS_Temps,,,,,,,,,,,,38.2,38.800000000000004,43.400000000000006,37.800000000000004,,,,,,,
74.0,0x104,BMS_Status,,,,,,,,,,,,,,,,0.0,0.0,0.0,0.0,0.0,1.0,1.0
74.1,0x100,BMS_PackState,30.55,104.9,77.82000000000001,,,,,,,,,,,,,,,,,,,
74.2,0x100,BMS_PackState,30.580000000000002,102.30000000000001,77.61,,,,,,,,,,,,,,,,,,,
74.3,0x100,BMS_PackState,30.59,101.60000000000001,77.7,,,,,,,,,,,,,,,,,,,
74.4,0x100,BMS_PackState,30.54,105.2,77.55,,,,,,,,,,,,,,,,,,,
74.5,0x100,BMS_PackState,30.51,107.0,77.79,,,,,,,,,,,,,,,,,,,
74.5,0x101,BMS_CellVolt1,,,,3.822,3.826,3.813,3.8160000000000003,,,,,,,,,,,,,,,
74.5,0x102,BMS_CellVolt2,,,,,,,,3.849,3.726,3.829,3.835,,,,,,,,,,,
74.6,0x100,BMS_PackState,30.48,108.9,77.65,,,,,,,,,,,,,,,,,,,
74.7,0x100,BMS_PackState,30.51,107.60000000000001,77.72,,,,,,,,,,,,,,,,,,,
74.8,0x100,BMS_PackState,30.51,106.80000000000001,77.44,,,,,,,,,,,,,,,,,,,
74.9,0x100,BMS_PackState,30.52,106.5,77.41,,,,,,,,,,,,,,,,,,,
75.0,0x100,BMS_PackState,30.5,108.4,77.83,,,,,,,,,,,,,,,,,,,
75.0,0x101,BMS_CellVolt1,,,,3.8200000000000003,3.818,3.814,3.814,,,,,,,,,,,,,,,
75.0,0x102,BMS_CellVolt2,,,,,,,,3.845,3.719,3.83,3.834,,,,,,,,,,,
75.0,0x103,BMS_Temps,,,,,,,,,,,,38.6,39.400000000000006,44.2,38.5,,,,,,,
75.0,0x104,BMS_Status,,,,,,,,,,,,,,,,0.0,0.0,0.0,0.0,0.0,1.0,1.0
75.1,0x100,BMS_PackState,30.5,108.5,78.0,,,,,,,,,,,,,,,,,,,
75.2,0x100,BMS_PackState,30.5,107.9,77.68,,,,,,,,,,,,,,,,,,,
75.3,0x100,BMS_PackState,30.44,112.9,77.79,,,,,,,,,,,,,,,,,,,
75.4,0x100,BMS_PackState,30.44,113.0,77.56,,,,,,,,,,,,,,,,,,,
75.5,0x100,BMS_PackState,30.45,112.5,77.47,,,,,,,,,,,,,,,,,,,
75.5,0x101,BMS_CellVolt1,,,,3.815,3.815,3.807,3.81,,,,,,,,,,,,,,,
75.5,0x102,BMS_CellVolt2,,,,,,,,3.841,3.7070000000000003,3.825,3.826,,,,,,,,,,,
75.6,0x100,BMS_PackState,30.47,109.80000000000001,77.79,,,,,,,,,,,,,,,,,,,
75.7,0x100,BMS_PackState,30.45,112.80000000000001,77.60000000000001,,,,,,,,,,,,,,,,,,,
75.8,0x100,BMS_PackState,30.43,112.80000000000001,77.59,,,,,,,,,,,,,,,,,,,
75.9,0x100,BMS_PackState,30.43,112.9,77.77,,,,,,,,,,,,,,,,,,,
76.0,0x100,BMS_PackState,30.41,114.4,77.56,,,,,,,,,,,,,,,,,,,
76.0,0x101,BMS_CellVolt1,,,,3.8080000000000003,3.813,3.806,3.805,,,,,,,,,,,,,,,
76.0,0x102,BMS_CellVolt2,,,,,,,,3.837,3.704,3.817,3.8240000000000003,,,,,,,,,,,
76.0,0x103,BMS_Temps,,,,,,,,,,,,39.400000000000006,40.0,45.2,39.1,,,,,,,
76.0,0x104,BMS_Status,,,,,,,,,,,,,,,,0.0,0.0,0.0,0.0,0.0,1.0,1.0
76.1,0x100,BMS_PackState,30.43,113.80000000000001,77.47,,,,,,,,,,,,,,,,,,,
76.2,0x100,BMS_PackState,30.42,114.2,77.45,,,,,,,,,,,,,,,,,,,
76.3,0x100,BMS_PackState,30.43,114.2,77.58,,,,,,,,,,,,,,,,,,,
76.4,0x100,BMS_PackState,30.42,114.0,77.66,,,,,,,,,,,,,,,,,,,
76.5,0x100,BMS_PackState,30.46,111.0,77.54,,,,,,,,,,,,,,,,,,,
76.5,0x101,BMS_CellVolt1,,,,3.815,3.818,3.809,3.8080000000000003,,,,,,,,,,,,,,,
76.5,0x102,BMS_CellVolt2,,,,,,,,3.842,3.713,3.823,3.829,,,,,,,,,,,
76.6,0x100,BMS_PackState,30.41,113.9,77.55,,,,,,,,,,,,,,,,,,,
76.7,0x100,BMS_PackState,30.43,113.10000000000001,77.48,,,,,,,,,,,,,,,,,,,
76.8,0x100,BMS_PackState,30.44,112.10000000000001,77.5,,,,,,,,,,,,,,,,,,,
76.9,0x100,BMS_PackState,30.38,116.60000000000001,77.7,,,,,,,,,,,,,,,,,,,
77.0,0x100,BMS_PackState,30.38,116.7,77.52,,,,,,,,,,,,,,,,,,,
77.0,0x101,BMS_CellVolt1,,,,3.805,3.806,3.803,3.805,,,,,,,,,,,,,,,
77.0,0x102,BMS_CellVolt2,,,,,,,,3.829,3.6950000000000003,3.817,3.819,,,,,,,,,,,
77.0,0x103,BMS_Temps,,,,,,,,,,,,40.2,40.800000000000004,46.1,39.800000000000004,,,,,,,
77.0,0x104,BMS_Status,,,,,,,,,,,,,,,,0.0,0.0,0.0,0.0,0.0,1.0,1.0
77.1,0x100,BMS_PackState,30.400000000000002,116.10000000000001,77.45,,,,,,,,,,,,,,,,,,,
77.2,0x100,BMS_PackState,30.41,114.4,77.69,,,,,,,,,,,,,,,,,,,
77.3,0x100,BMS_PackState,30.39,116.0,77.49,,,,,,,,,,,,,,,,,,,
77.4,0x100,BMS_PackState,30.41,113.9,77.49,,,,,,,,,,,,,,,,,,,
77.5,0x100,BMS_PackState,30.41,114.10000000000001,77.48,,,,,,,,,,,,,,,,,,,
77.5,0x101,BMS_CellVolt1,,,,3.809,3.8120000000000003,3.803,3.805,,,,,,,,,,,,,,,
77.5,0x102,BMS_CellVolt2,,,,,,,,3.837,3.706,3.8200000000000003,3.822,,,,,,,,,,,
77.6,0x100,BMS_PackState,30.43,112.0,77.34,,,,,,,,,,,,,,,,,,,
77.7,0x100,BMS_PackState,30.42,114.10000000000001,77.45,,,,,,,,,,,,,,,,,,,
77.8,0x100,BMS_PackState,30.43,113.4,77.51,,,,,,,,,,,,,,,,,,,
77.9,0x100,BMS_PackState,30.45,111.10000000000001,77.44,,,,,,,,,,,,,,,,,,,
78.0,0x100,BMS_PackState,30.43,112.80000000000001,77.57000000000001,,,,,,,,,,,,,,,,,,,
78.0,0x101,BMS_CellVolt1,,,,3.81,3.815,3.81,3.8080000000000003,,,,,,,,,,,,,,,
78.0,0x102,BMS_CellVolt2,,,,,,,,3.839,3.7070000000000003,3.821,3.8240000000000003,,,,,,,,,,,
78.0,0x103,BMS_Temps,,,,,,,,,,,,40.800000000000004,41.5,47.0,40.400000000000006,,,,,,,
78.0,0x104,BMS_Status,,,,,,,,,,,,,,,,0.0,0.0,0.0,0.0,0.0,1.0,1.0
78.1,0x100,BMS_PackState,30.44,112.4,77.37,,,,,,,,,,,,,,,,,,,
78.2,0x100,BMS_PackState,30.400000000000002,115.0,77.49,,,,,,,,,,,,,,,,,,,
78.3,0x100,BMS_PackState,30.42,113.30000000000001,77.4,,,,,,,,,,,,,,,,,,,
78.4,0x100,BMS_PackState,30.45,111.60000000000001,77.54,,,,,,,,,,,,,,,,,,,
78.5,0x100,BMS_PackState,30.45,111.60000000000001,77.60000000000001,,,,,,,,,,,,,,,,,,,
78.5,0x101,BMS_CellVolt1,,,,3.811,3.817,3.8080000000000003,3.811,,,,,,,,,,,,,,,
78.5,0x102,BMS_CellVolt2,,,,,,,,3.839,3.714,3.822,3.829,,,,,,,,,,,
78.6,0x100,BMS_PackState,30.46,110.9,77.56,,,,,,,,,,,,,,,,,,,
78.7,0x100,BMS_PackState,30.46,110.10000000000001,77.44,,,,,,,,,,,,,,,,,,,
78.8,0x100,BMS_PackState,30.490000000000002,108.4,77.42,,,,,,,,,,,,,,,,,,,
78.9,0x100,BMS_PackState,30.48,109.30000000000001,77.41,,,,,,,,,,,,,,,,,,,
79.0,0x100,BMS_PackState,30.48,107.9,77.31,,,,,,,,,,,,,,,,,,,
79.0,0x101,BMS_CellVolt1,,,,3.819,3.8200000000000003,3.8120000000000003,3.818,,,,,,,,,,,,,,,
79.0,0x102,BMS_CellVolt2,,,,,,,,3.842,3.716,3.829,3.8280000000000003,,,,,,,,,,,
79.0,0x103,BMS_Temps,,,,,,,,,,,,41.300000000000004,42.2,47.800000000000004,41.0,,,,,,,
79.0,0x104,BMS_Status,,,,,,,,,,,,,,,,0.0,0.0,0.0,0.0,0.0,1.0,1.0
79.1,0x100,BMS_PackState,30.5,106.7,77.5,,,,,,,,,,,,,,,,,,,
79.2,0x100,BMS_PackState,30.47,108.80000000000001,77.19,,,,,,,,,,,,,,,,,,,
79.3,0x100,BMS_PackState,30.48,108.10000000000001,77.36,,,,,,,,,,,,,,,,,,,
79.4,0x100,BMS_PackState,30.53,104.30000000000001,77.55,,,,,,,,,,,,,,,,,,,
79.5,0x100,BMS_PackState,30.51,106.30000000000001,77.22,,,,,,,,,,,,,,,,,,,
79.5,0x101,BMS_CellVolt1,,,,3.822,3.8240000000000003,3.817,3.817,,,,,,,,,,,,,,,
79.5,0x102,BMS_CellVolt2,,,,,,,,3.845,3.721,3.83,3.8320000000000003,,,,,,,,,,,
79.6,0x100,BMS_PackState,30.5,107.4,77.43,,,,,,,,,,,,,,,,,,,
79.7,0x100,BMS_PackState,30.490000000000002,106.9,77.45,,,,,,,,,,,,,,,,,,,
79.8,0x100,BMS_PackState,30.51,106.30000000000001,77.31,,,,,,,,,,,,,,,,,,,
79.9,0x100,BMS_PackState,30.52,104.2,77.26,,,,,,,,,,,,,,,,,,,
80.0,0x100,BMS_PackState,30.55,102.30000000000001,77.19,,,,,,,,,,,,,,,,,,,
80.0,0x101,BMS_CellVolt1,,,,3.826,3.831,3.821,3.8240000000000003,,,,,,,,,,,,,,,
80.0,0x102,BMS_CellVolt2,,,,,,,,3.846,3.733,3.835,3.837,,,,,,,,,,,
80.0,0x103,BMS_Temps,,,,,,,,,,,,41.7,42.5,48.2,41.400000000000006,,,,,,,
80.0,0x104,BMS_Status,,,,,,,,,,,,,,,,0.0,0.0,0.0,0.0,0.0,1.0,1.0
80.1,0x100,BMS_PackState,30.57,101.30000000000001,77.3,,,,,,,,,,,,,,,,,,,
80.2,0x100,BMS_PackState,30.55,102.9,77.27,,,,,,,,,,,,,,,,,,,
80.3,0x100,BMS_PackState,30.55,102.30000000000001,77.19,,,,,,,,,,,,,,,,,,,
80.4,0x100,BMS_PackState,30.54,103.0,77.43,,,,,,,,,,,,,,,,,,,
80.5,0x100,BMS_PackState,30.560000000000002,102.10000000000001,77.24,,,,,,,,,,,,,,,,,,,
80.5,0x101,BMS_CellVolt1,,,,3.8240000000000003,3.83,3.821,3.822,,,,,,,,,,,,,,,
80.5,0x102,BMS_CellVolt2,,,,,,,,3.849,3.731,3.8360000000000003,3.844,,,,,,,,,,,
80.6,0x100,BMS_PackState,30.59,99.60000000000001,77.37,,,,,,,,,,,,,,,,,,,
80.7,0x100,BMS_PackState,30.62,97.4,77.23,,,,,,,,,,,,,,,,,,,
80.8,0x100,BMS_PackState,30.6,98.10000000000001,77.37,,,,,,,,,,,,,,,,,,,
80.9,0x100,BMS_PackState,30.6,98.30000000000001,77.33,,,,,,,,,,,,,,,,,,,
81.0,0x100,BMS_PackState,30.62,97.0,77.41,,,,,,,,,,,,,,,,,,,
81.0,0x101,BMS_CellVolt1,,,,3.833,3.835,3.826,3.831,,,,,,,,,,,,,,,
81.0,0x102,BMS_CellVolt2,,,,,,,,3.858,3.744,3.844,3.846,,,,,,,,,,,
81.0,0x103,BMS_Temps,,,,,,,,,,,,41.800000000000004,42.5,48.400000000000006,41.5,,,,,,,
81.0,0x104,BMS_Status,,,,,,,,,,,,,,,,0.0,0.0,0.0,0.0,0.0,1.0,1.0
81.1,0x100,BMS_PackState,30.63,95.9,77.14,,,,,,,,,,,,,,,,,,,
81.2,0x100,BMS_PackState,30.62,96.5,77.22,,,,,,,,,,,,,,,,,,,
81.3,0x100,BMS_PackState,30.64,94.80000000000001,77.38,,,,,,,,,,,,,,,,,,,
81.4,0x100,BMS_PackState,30.67,94.0,77.22,,,,,,,,,,,,,,,,,,,
81.5,0x100,BMS_PackState,30.64,94.80000000000001,77.24,,,,,,,,,,,,,,,,,,,
81.5,0x101,BMS_CellVolt1,,,,3.8360000000000003,3.839,3.833,3.835,,,,,,,,,,,,,,,
81.5,0x102,BMS_CellVolt2,,,,,,,,3.86,3.751,3.845,3.842,,,,,,,,,,,
81.6,0x100,BMS_PackState,30.66,93.10000000000001,77.33,,,,,,,,,,,,,,,,,,,
81.7,0x100,BMS_PackState,30.67,93.5,77.24,,,,,,,,,,,,,,,,,,,
81.8,0x100,BMS_PackState,30.66,93.0,77.27,,,,,,,,,,,,,,,,,,,
81.9,0x100,BMS_PackState,30.7,90.30000000000001,77.25,,,,,,,,,,,,,,,,,,,
82.0,0x100,BMS_PackState,30.71,90.80000000000001,77.22,,,,,,,,,,,,,,,,,,,
82.0,0x101,BMS_CellVolt1,,,,3.846,3.844,3.839,3.842,,,,,,,,,,,,,,,
82.0,0x102,BMS_CellVolt2,,,,,,,,3.864,3.762,3.853,3.856,,,,,,,,,,,
82.0,0x103,BMS_Temps,,,,,,,,,,,,41.7,42.6,48.300000000000004,41.300000000000004,,,,,,,
82.0,0x104,BMS_Status,,,,,,,,,,,,,,,,0.0,0.0,0.0,0.0,0.0,1.0,1.0
82.1,0x100,BMS_PackState,30.68,93.10000000000001,77.11,,,,,,,,,,,,,,,,,,,
82.2,0x100,BMS_PackState,30.72,88.7,77.2,,,,,,,,,,,,,,,,,,,
82.3,0x100,BMS_PackState,32.34,-39.2,77.3,,,,,,,,,,,,,,,,,,,
82.4,0x100,BMS_PackState,32.33,-38.800000000000004,77.22,,,,,,,,,,,,,,,,,,,
82.5,0x100,BMS_PackState,32.3,-36.0,77.3,,,,,,,,,,,,,,,,,,,
82.5,0x101,BMS_CellVolt1,,,,4.038,4.033,4.037,4.0360000000000005,,,,,,,,,,,,,,,
82.5,0x102,BMS_CellVolt2,,,,,,,,4.027,4.07,4.035,4.027,,,,,,,,,,,
82.6,0x100,BMS_PackState,32.31,-36.0,77.22,,,,,,,,,,,,,,,,,,,
82.7,0x100,BMS_PackState,32.3,-36.2,77.3,,,,,,,,,,,,,,,,,,,
82.8,0x100,BMS_PackState,32.28,-34.2,77.19,,,,,,,,,,,,,,,,,,,
82.9,0x100,BMS_PackState,32.35,-40.0,77.14,,,,,,,,,,,,,,,,,,,
83.0,0x100,BMS_PackState,32.3,-35.4,77.35000000000001,,,,,,,,,,,,,,,,,,,
83.0,0x101,BMS_CellVolt1,,,,4.0360000000000005,4.032,4.034,4.035,,,,,,,,,,,,,,,
83.0,0x102,BMS_CellVolt2,,,,,,,,4.0280000000000005,4.071,4.03,4.032,,,,,,,,,,,
83.0,0x103,BMS_Temps,,,,,,,,,,,,40.900000000000006,41.7,47.2,40.6,,,,,,,
83.0,0x104,BMS_Status,,,,,,,,,,,,,,,,0.0,0.0,0.0,0.0,0.0,1.0,0.0
83.1,0x100,BMS_PackState,32.28,-33.7,77.15,,,,,,,,,,,,,,,,,,,
83.2,0x100,BMS_PackState,32.32,-37.7,77.2,,,,,,,,,,,,,,,,,,,
83.3,0x100,BMS_PackState,32.31,-36.6,77.27,,,,,,,,,,,,,,,,,,,
83.4,0x100,BMS_PackState,32.31,-37.1,77.09,,,,,,,,,,,,,,,,,,,
83.5,0x100,BMS_PackState,32.32,-37.300000000000004,77.21000000000001,,,,,,,,,,,,,,,,,,,
83.5,0x101,BMS_CellVolt1,,,,4.0360000000000005,4.0360000000000005,4.035,4.038,,,,,,,,,,,,,,,
83.5,0x102,BMS_CellVolt2,,,,,,,,4.03,4.077,4.033,4.033,,,,,,,,,,,
83.6,0x100,BMS_PackState,32.32,-36.5,77.21000000000001,,,,,,,,,,,,,,,,,,,
83.7,0x100,BMS_PackState,32.28,-33.9,77.25,,,,,,,,,,,,,,,,,,,
83.8,0x100,BMS_PackState,32.28,-33.2,77.25,,,,,,,,,,,,,,,,,,,
83.9,0x100,BMS_PackState,32.3,-36.5,77.23,,,,,,,,,,,,,,,,,,,
84.0,0x100,BMS_PackState,32.27,-33.1,77.27,,,,,,,,,,,,,,,,,,,
84.0,0x101,BMS_CellVolt1,,,,4.035,4.029,4.0360000000000005,4.032,,,,,,,,,,,,,,,
84.0,0x102,BMS_CellVolt2,,,,,,,,4.019,4.0680000000000005,4.03,4.025,,,,,,,,,,,
84.0,0x103,BMS_Temps,,,,,,,,,,,,40.0,40.7,45.900000000000006,39.6,,,,,,,
84.0,0x104,BMS_Status,,,,,,,,,,,,,,,,0.0,0.0,0.0,0.0,0.0,1.0,0.0
84.1,0x100,BMS_PackState,32.3,-35.9,77.43,,,,,,,,,,,,,,,,,,,
84.2,0x100,BMS_PackState,32.27,-33.4,77.52,,,,,,,,,,,,,,,,,,,
84.3,0x100,BMS_PackState,32.31,-36.1,77.34,,,,,,,,,,,,,,,,,,,
84.4,0x100,BMS_PackState,32.31,-35.800000000000004,77.26,,,,,,,,,,,,,,,,,,,
84.5,0x100,BMS_PackState,32.31,-35.5,77.2,,,,,,,,,,,,,,,,,,,
84.5,0x101,BMS_CellVolt1,,,,4.034,4.034,4.038,4.038,,,,,,,,,,,,,,,
84.5,0x102,BMS_CellVolt2,,,,,,,,4.027,4.071,4.0360000000000005,4.029,,,,,,,,,,,
84.6,0x100,BMS_PackState,32.24,-31.200000000000003,77.22,,,,,,,,,,,,,,,,,,,
84.7,0x100,BMS_PackState,32.29,-34.7,77.27,,,,,,,,,,,,,,,,,,,
84.8,0x100,BMS_PackState,32.32,-37.1,77.41,,,,,,,,,,,,,,,,,,,
84.9,0x100,BMS_PackState,32.29,-34.5,77.2,,,,,,,,,,,,,,,,,,,
85.0,0x100,BMS_PackState,32.3,-36.5,77.34,,,,,,,,,,,,,,,,,,,
85.0,0x101,BMS_CellVolt1,,,,4.037,4.034,4.037,4.0360000000000005,,,,,,,,,,,,,,,
85.0,0x102,BMS_CellVolt2,,,,,,,,4.024,4.074,4.034,4.0280000000000005,,,,,,,,,,,
85.0,0x103,BMS_Temps,,,,,,,,,,,,39.2,39.800000000000004,44.7,38.900000000000006,,,,,,,
85.0,0x104,BMS_Status,,,,,,,,,,,,,,,,0.0,0.0,0.0,0.0,0.0,1.0,0.0
85.1,0x100,BMS_PackState,32.31,-36.7,77.25,,,,,,,,,,,,,,,,,,,
85.2,0x100,BMS_PackState,32.28,-34.6,77.4,,,,,,,,,,,,,,,,,,,
85.3,0x100,BMS_PackState,32.3,-36.0,77.27,,,,,,,,,,,,,,,,,,,
85.4,0x100,BMS_PackState,32.31,-35.6,77.24,,,,,,,,,,,,,,,,,,,
85.5,0x100,BMS_PackState,32.29,-36.0,77.25,,,,,,,,,,,,,,,,,,,
85.5,0x101,BMS_CellVolt1,,,,4.037,4.034,4.0360000000000005,4.037,,,,,,,,,,,,,,,
85.5,0x102,BMS_CellVolt2,,,,,,,,4.025,4.07,4.0280000000000005,4.027,,,,,,,,,,,
85.6,0x100,BMS_PackState,32.31,-35.5,77.49,,,,,,,,,,,,,,,,,,,
85.7,0x100,BMS_PackState,32.3,-35.4,77.31,,,,,,,,,,,,,,,,,,,
85.8,0x100,BMS_PackState,32.34,-38.900000000000006,77.43,,,,,,,,,,,,,,,,,,,
85.9,0x100,BMS_PackState,32.3,-35.0,77.36,,,,,,,,,,,,,,,,,,,
86.0,0x100,BMS_PackState,32.32,-37.5,77.39,,,,,,,,,,,,,,,,,,,
86.0,0x101,BMS_CellVolt1,,,,4.039,4.037,4.039,4.039,,,,,,,,,,,,,,,
86.0,0x102,BMS_CellVolt2,,,,,,,,4.0280000000000005,4.075,4.0360000000000005,4.029,,,,,,,,,,,
86.0,0x103,BMS_Temps,,,,,,,,,,,,38.300000000000004,39.0,43.6,38.0,,,,,,,
86.0,0x104,BMS_Status,,,,,,,,,,,,,,,,0.0,0.0,0.0,0.0,0.0,1.0,0.0
86.1,0x100,BMS_PackState,32.33,-38.2,77.29,,,,,,,,,,,,,,,,,,,
86.2,0x100,BMS_PackState,32.3,-36.1,77.32000000000001,,,,,,,,,,,,,,,,,,,
86.3,0x100,BMS_PackState,32.29,-35.9,77.23,,,,,,,,,,,,,,,,,,,
86.4,0x100,BMS_PackState,32.31,-37.0,77.23,,,,,,,,,,,,,,,,,,,
86.5,0x100,BMS_PackState,32.29,-34.800000000000004,77.31,,,,,,,,,,,,,,,,,,,
86.5,0x101,BMS_CellVolt1,,,,4.035,4.035,4.037,4.032,,,,,,,,,,,,,,,
86.5,0x102,BMS_CellVolt2,,,,,,,,4.025,4.069,4.03,4.029,,,,,,,,,,,
86.6,0x100,BMS_PackState,32.33,-38.0,77.31,,,,,,,,,,,,,,,,,,,
86.7,0x100,BMS_PackState,32.31,-36.6,77.33,,,,,,,,,,,,,,,,,,,
86.8,0x100,BMS_PackState,32.32,-36.9,77.42,,,,,,,,,,,,,,,,,,,
86.9,0x100,BMS_PackState,32.3,-36.1,77.53,,,,,,,,,,,,,,,,,,,
87.0,0x100,BMS_PackState,32.3,-35.6,77.25,,,,,,,,,,,,,,,,,,,
87.0,0x101,BMS_CellVolt1,,,,4.0360000000000005,4.034,4.035,4.035,,,,,,,,,,,,,,,
87.0,0x102,BMS_CellVolt2,,,,,,,,4.026,4.071,4.035,4.03,,,,,,,,,,,
87.0,0x103,BMS_Temps,,,,,,,,,,,,37.7,38.2,42.6,37.300000000000004,,,,,,,
87.0,0x104,BMS_Status,,,,,,,,,,,,,,,,0.0,0.0,0.0,0.0,0.0,1.0,0.0
87.1,0x100,BMS_PackState,32.33,-37.5,77.39,,,,,,,,,,,,,,,,,,,
87.2,0x100,BMS_PackState,32.3,-34.9,77.29,,,,,,,,,,,,,,,,,,,
87.3,0x100,BMS_PackState,32.32,-35.9,77.19,,,,,,,,,,,,,,,,,,,
87.4,0x100,BMS_PackState,32.34,-38.800000000000004,77.59,,,,,,,,,,,,,,,,,,,
87.5,0x100,BMS_PackState,32.35,-38.900000000000006,77.35000000000001,,,,,,,,,,,,,,,,,,,
87.5,0x101,BMS_CellVolt1,,,,4.041,4.038,4.042,4.042,,,,,,,,,,,,,,,
87.5,0x102,BMS_CellVolt2,,,,,,,,4.029,4.081,4.035,4.04,,,,,,,,,,,
87.6,0x100,BMS_PackState,32.3,-36.0,77.32000000000001,,,,,,,,,,,,,,,,,,,
87.7,0x100,BMS_PackState,32.32,-36.300000000000004,77.45,,,,,,,,,,,,,,,,,,,
87.8,0x100,BMS_PackState,32.31,-36.2,77.61,,,,,,,,,,,,,,,,,,,
87.9,0x100,BMS_PackState,32.3,-36.0,77.4,,,,,,,,,,,,,,,,,,,
88.0,0x100,BMS_PackState,32.31,-35.7,77.62,,,,,,,,,,,,,,,,,,,
88.0,0x101,BMS_CellVolt1,,,,4.0360000000000005,4.035,4.037,4.038,,,,,,,,,,,,,,,
88.0,0x102,BMS_CellVolt2,,,,,,,,4.025,4.074,4.031,4.03,,,,,,,,,,,
88.0,0x103,BMS_Temps,,,,,,,,,,,,36.9,37.6,41.7,36.7,,,,,,,
88.0,0x104,BMS_Status,,,,,,,,,,,,,,,,0.0,0.0,0.0,0.0,0.0,1.0,0.0
88.1,0x100,BMS_PackState,32.29,-34.6,77.37,,,,,,,,,,,,,,,,,,,
88.2,0x100,BMS_PackState,32.34,-37.7,77.48,,,,,,,,,,,,,,,,,,,
88.3,0x100,BMS_PackState,32.34,-37.800000000000004,77.3,,,,,,,,,,,,,,,,,,,
88.4,0x100,BMS_PackState,32.34,-37.6,77.3,,,,,,,,,,,,,,,,,,,
88.5,0x100,BMS_PackState,32.3,-35.6,77.41,,,,,,,,,,,,,,,,,,,
88.5,0x101,BMS_CellVolt1,,,,4.035,4.033,4.0360000000000005,4.037,,,,,,,,,,,,,,,
88.5,0x102,BMS_CellVolt2,,,,,,,,4.027,4.0680000000000005,4.031,4.031,,,,,,,,,,,
88.6,0x100,BMS_PackState,32.29,-34.1,77.52,,,,,,,,,,,,,,,,,,,
88.7,0x100,BMS_PackState,32.32,-36.6,77.34,,,,,,,,,,,,,,,,,,,
88.8,0x100,BMS_PackState,32.36,-39.800000000000004,77.48,,,,,,,,,,,,,,,,,,,
88.9,0x100,BMS_PackState,32.35,-38.6,77.43,,,,,,,,,,,,,,,,,,,
89.0,0x100,BMS_PackState,32.33,-37.2,77.37,,,,,,,,,,,,,,,,,,,
89.0,0x101,BMS_CellVolt1,,,,4.035,4.039,4.04,4.041,,,,,,,,,,,,,,,
89.0,0x102,BMS_CellVolt2,,,,,,,,4.026,4.08,4.0360000000000005,4.032,,,,,,,,,,,
89.0,0x103,BMS_Temps,,,,,,,,,,,,36.300000000000004,36.800000000000004,40.800000000000004,36.0,,,,,,,
89.0,0x104,BMS_Status,,,,,,,,,,,,,,,,0.0,0.0,0.0,0.0,0.0,1.0,1.0
89.1,0x100,BMS_PackState,32.33,-36.800000000000004,77.47,,,,,,,,,,,,,,,,,,,
89.2,0x100,BMS_PackState,32.33,-36.6,77.32000000000001,,,,,,,,,,,,,,,,,,,
89.3,0x100,BMS_PackState,32.31,-35.9,77.51,,,,,,,,,,,,,,,,,,,
89.4,0x100,BMS_PackState,32.32,-36.5,77.38,,,,,,,,,,,,,,,,,,,
89.5,0x100,BMS_PackState,32.29,-34.4,77.48,,,,,,,,,,,,,,,,,,,
89.5,0x101,BMS_CellVolt1,,,,4.034,4.034,4.035,4.033,,,,,,,,,,,,,,,
89.5,0x102,BMS_CellVolt2,,,,,,,,4.023,4.0680000000000005,4.029,4.032,,,,,,,,,,,
89.6,0x100,BMS_PackState,32.33,-37.0,77.43,,,,,,,,,,,,,,,,,,,
89.7,0x100,BMS_PackState,32.32,-37.300000000000004,77.42,,,,,,,,,,,,,,,,,,,
89.8,0x100,BMS_PackState,32.31,-35.300000000000004,77.08,,,,,,,,,,,,,,,,,,,
89.9,0x100,BMS_PackState,32.35,-38.300000000000004,77.36,,,,,,,,,,,,,,,,,,,
90.0,0x100,BMS_PackState,32.31,-35.4,77.32000000000001,,,,,,,,,,,,,,,,,,,
90.0,0x101,BMS_CellVolt1,,,,4.038,4.034,4.037,4.0360000000000005,,,,,,,,,,,,,,,
90.0,0x102,BMS_CellVolt2,,,,,,,,4.023,4.075,4.033,4.03,,,,,,,,,,,
90.0,0x103,BMS_Temps,,,,,,,,,,,,35.6,36.300000000000004,40.0,35.5,,,,,,,
90.0,0x104,BMS_Status,,,,,,,,,,,,,,,,0.0,0.0,0.0,0.0,0.0,1.0,1.0
90.1,0x100,BMS_PackState,32.31,-35.800000000000004,77.48,,,,,,,,,,,,,,,,,,,
90.2,0x100,BMS_PackState,32.32,-36.2,77.4,,,,,,,,,,,,,,,,,,,
90.3,0x100,BMS_PackState,32.28,-33.6,77.26,,,,,,,,,,,,,,,,,,,
90.4,0x100,BMS_PackState,32.33,-36.9,77.48,,,,,,,,,,,,,,,,,,,
90.5,0x100,BMS_PackState,32.27,-32.9,77.41,,,,,,,,,,,,,,,,,,,
90.5,0x101,BMS_CellVolt1,,,,4.033,4.03,4.0360000000000005,4.034,,,,,,,,,,,,,,,
90.5,0x102,BMS_CellVolt2,,,,,,,,4.021,4.065,4.027,4.0280000000000005,,,,,,,,,,,
90.6,0x100,BMS_PackState,30.810000000000002,82.5,77.42,,,,,,,,,,,,,,,,,,,
90.7,0x100,BMS_PackState,30.830000000000002,81.10000000000001,77.47,,,,,,,,,,,,,,,,,,,
90.8,0x100,BMS_PackState,30.8,83.2,77.44,,,,,,,,,,,,,,,,,,,
90.9,0x100,BMS_PackState,30.82,81.60000000000001,77.61,,,,,,,,,,,,,,,,,,,
91.0,0x100,BMS_PackState,30.82,82.30000000000001,77.5,,,,,,,,,,,,,,,,,,,
91.0,0x101,BMS_CellVolt1,,,,3.856,3.855,3.855,3.854,,,,,,,,,,,,,,,
91.0,0x102,BMS_CellVolt2,,,,,,,,3.882,3.7800000000000002,3.868,3.868,,,,,,,,,,,
91.0,0x103,BMS_Temps,,,,,,,,,,,,35.5,35.9,39.7,35.300000000000004,,,,,,,
91.0,0x104,BMS_Status,,,,,,,,,,,,,,,,0.0,0.0,0.0,0.0,0.0,1.0,1.0
91.1,0x100,BMS_PackState,30.79,84.10000000000001,77.41,,,,,,,,,,,,,,,,,,,
91.2,0x100,BMS_PackState,30.77,84.60000000000001,77.43,,,,,,,,,,,,,,,,,,,
91.3,0x100,BMS_PackState,30.8,83.0,77.37,,,,,,,,,,,,,,,,,,,
91.4,0x100,BMS_PackState,30.77,85.60000000000001,77.34,,,,,,,,,,,,,,,,,,,
91.5,0x100,BMS_PackState,30.75,86.10000000000001,77.47,,,,,,,,,,,,,,,,,,,
91.5,0x101,BMS_CellVolt1,,,,3.849,3.849,3.848,3.848,,,,,,,,,,,,,,,
91.5,0x102,BMS_CellVolt2,,,,,,,,3.87,3.7720000000000002,3.859,3.858,,,,,,,,,,,
91.6,0x100,BMS_PackState,30.75,86.7,77.54,,,,,,,,,,,,,,,,,,,
91.7,0x100,BMS_PackState,30.75,85.60000000000001,77.36,,,,,,,,,,,,,,,,,,,
91.8,0x100,BMS_PackState,30.75,87.10000000000001,77.43,,,,,,,,,,,,,,,,,,,
91.9,0x100,BMS_PackState,30.810000000000002,82.5,77.28,,,,,,,,,,,,,,,,,,,
92.0,0x100,BMS_PackState,30.78,85.10000000000001,77.43,,,,,,,,,,,,,,,,,,,
92.0,0x101,BMS_CellVolt1,,,,3.854,3.856,3.847,3.855,,,,,,,,,,,,,,,
92.0,0x102,BMS_CellVolt2,,,,,,,,3.873,3.77,3.86,3.861,,,,,,,,,,,
92.0,0x103,BMS_Temps,,,,,,,,,,,,35.7,36.300000000000004,39.800000000000004,35.5,,,,,,,
92.0,0x104,BMS_Status,,,,,,,,,,,,,,,,0.0,0.0,0.0,0.0,0.0,1.0,1.0
92.1,0x100,BMS_PackState,30.79,84.60000000000001,77.27,,,,,,,,,,,,,,,,,,,
92.2,0x100,BMS_PackState,30.740000000000002,86.4,77.37,,,,,,,,,,,,,,,,,,,
92.3,0x100,BMS_PackState,30.75,85.7,77.39,,,,,,,,,,,,,,,,,,,
92.4,0x100,BMS_PackState,30.75,86.7,77.48,,,,,,,,,,,,,,,,,,,
92.5,0x100,BMS_PackState,30.71,90.10000000000001,77.13,,,,,,,,,,,,,,,,,,,
92.5,0x101,BMS_CellVolt1,,,,3.843,3.847,3.845,3.841,,,,,,,,,,,,,,,
92.5,0x102,BMS_CellVolt2,,,,,,,,3.866,3.759,3.855,3.857,,,,,,,,,,,
92.6,0x100,BMS_PackState,30.75,87.4,77.5,,,,,,,,,,,,,,,,,,,
92.7,0x100,BMS_PackState,30.73,88.7,77.45,,,,,,,,,,,,,,,,,,,
92.8,0x100,BMS_PackState,30.75,88.10000000000001,77.38,,,,,,,,,,,,,,,,,,,
92.9,0x100,BMS_PackState,30.72,89.0,77.29,,,,,,,,,,,,,,,,,,,
93.0,0x100,BMS_PackState,30.72,89.30000000000001,77.42,,,,,,,,,,,,,,,,,,,
93.0,0x101,BMS_CellVolt1,,,,3.844,3.849,3.841,3.841,,,,,,,,,,,,,,,
93.0,0x102,BMS_CellVolt2,,,,,,,,3.869,3.766,3.856,3.856,,,,,,,,,,,
93.0,0x103,BMS_Temps,,,,,,,,,,,,36.0,36.4,40.400000000000006,35.800000000000004,,,,,,,
93.0,0x104,BMS_Status,,,,,,,,,,,,,,,,0.0,0.0,0.0,0.0,0.0,1.0,1.0
93.1,0x100,BMS_PackState,30.7,90.5,77.5,,,,,,,,,,,,,,,,,,,
93.2,0x100,BMS_PackState,30.68,92.0,77.28,,,,,,,,,,,,,,,,,,,
93.3,0x100,BMS_PackState,30.67,93.2,77.45,,,,,,,,,,,,,,,,,,,
93.4,0x100,BMS_PackState,30.68,91.7,77.4,,,,,,,,,,,,,,,,,,,
93.5,0x100,BMS_PackState,30.68,92.7,77.42,,,,,,,,,,,,,,,,,,,
93.5,0x101,BMS_CellVolt1,,,,3.841,3.842,3.837,3.839,,,,,,,,,,,,,,,
93.5,0x102,BMS_CellVolt2,,,,,,,,3.861,3.757,3.849,3.851,,,,,,,,,,,
93.6,0x100,BMS_PackState,30.7,90.60000000000001,77.37,,,,,,,,,,,,,,,,,,,
93.7,0x100,BMS_PackState,30.66,92.7,77.29,,,,,,,,,,,,,,,,,,,
93.8,0x100,BMS_PackState,30.650000000000002,94.80000000000001,77.16,,,,,,,,,,,,,,,,,,,
93.9,0x100,BMS_PackState,30.650000000000002,95.30000000000001,77.23,,,,,,,,,,,,,,,,,,,
94.0,0x100,BMS_PackState,30.64,94.9,77.34,,,,,,,,,,,,,,,,,,,
94.0,0x101,BMS_CellVolt1,,,,3.838,3.837,3.831,3.8360000000000003,,,,,,,,,,,,,,,
94.0,0x102,BMS_CellVolt2,,,,,,,,3.859,3.75,3.842,3.849,,,,,,,,,,,
94.0,0x103,BMS_Temps,,,,,,,,,,,,36.300000000000004,36.800000000000004,40.800000000000004,36.1,,,,,,,
94.0,0x104,BMS_Status,,,,,,,,,,,,,,,,0.0,0.0,0.0,0.0,0.0,1.0,1.0
94.1,0x100,BMS_PackState,30.62,96.5,77.24,,,,,,,,,,,,,,,,,,,
94.2,0x100,BMS_PackState,30.62,96.5,77.07000000000001,,,,,,,,,,,,,,,,,,,
94.3,0x100,BMS_PackState,30.6,98.2,77.19,,,,,,,,,,,,,,,,,,,
94.4,0x100,BMS_PackState,30.6,97.5,77.14,,,,,,,,,,,,,,,,,,,
94.5,0x100,BMS_PackState,30.61,97.10000000000001,77.27,,,,,,,,,,,,,,,,,,,
94.5,0x101,BMS_CellVolt1,,,,3.8320000000000003,3.8360000000000003,3.827,3.829,,,,,,,,,,,,,,,
94.5,0x102,BMS_CellVolt2,,,,,,,,3.857,3.746,3.839,3.845,,,,,,,,,,,
94.6,0x100,BMS_PackState,30.580000000000002,98.80000000000001,77.32000000000001,,,,,,,,,,,,,,,,,,,
94.7,0x100,BMS_PackState,30.650000000000002,94.60000000000001,77.25,,,,,,,,,,,,,,,,,,,
94.8,0x100,BMS_PackState,30.580000000000002,100.2,77.08,,,,,,,,,,,,,,,,,,,
94.9,0x100,BMS_PackState,30.63,94.80000000000001,77.18,,,,,,,,,,,,,,,,,,,
95.0,0x100,BMS_PackState,30.6,98.4,77.11,,,,,,,,,,,,,,,,,,,
95.0,0x101,BMS_CellVolt1,,,,3.8280000000000003,3.8320000000000003,3.825,3.831,,,,,,,,,,,,,,,
95.0,0x102,BMS_CellVolt2,,,,,,,,3.853,3.741,3.84,3.844,,,,,,,,,,,
95.0,0x103,BMS_Temps,,,,,,,,,,,,36.7,37.300000000000004,41.400000000000006,36.5,,,,,,,
95.0,0x104,BMS_Status,,,,,,,,,,,,,,,,0.0,0.0,0.0,0.0,0.0,1.0,1.0
95.1,0x100,BMS_PackState,30.54,102.30000000000001,77.2,,,,,,,,,,,,,,,,,,,
95.2,0x100,BMS_PackState,30.54,103.0,77.28,,,,,,,,,,,,,,,,,,,
95.3,0x100,BMS_PackState,30.560000000000002,101.2,77.21000000000001,,,,,,,,,,,,,,,,,,,
95.4,0x100,BMS_PackState,30.54,102.60000000000001,77.2,,,,,,,,,,,,,,,,,,,
95.5,0x100,BMS_PackState,30.490000000000002,106.30000000000001,77.35000000000001,,,,,,,,,,,,,,,,,,,
95.5,0x101,BMS_CellVolt1,,,,3.817,3.817,3.813,3.813,,,,,,,,,,,,,,,
95.5,0x102,BMS_CellVolt2,,,,,,,,3.844,3.723,3.8320000000000003,3.831,,,,,,,,,,,
95.6,0x100,BMS_PackState,30.52,104.2,77.09,,,,,,,,,,,,,,,,,,,
95.7,0x100,BMS_PackState,30.46,109.0,77.29,,,,,,,,,,,,,,,,,,,
95.8,0x100,BMS_PackState,30.5,106.30000000000001,77.14,,,,,,,,,,,,,,,,,,,
95.9,0x100,BMS_PackState,30.47,107.5,77.42,,,,,,,,,,,,,,,,,,,
96.0,0x100,BMS_PackState,30.44,110.0,77.19,,,,,,,,,,,,,,,,,,,
96.0,0x101,BMS_CellVolt1,,,,3.813,3.815,3.8080000000000003,3.8080000000000003,,,,,,,,,,,,,,,
96.0,0x102,BMS_CellVolt2,,,,,,,,3.8360000000000003,3.708,3.825,3.8240000000000003,,,,,,,,,,,
96.0,0x103,BMS_Temps,,,,,,,,,,,,37.4,38.0,42.300000000000004,37.2,,,,,,,
96.0,0x104,BMS_Status,,,,,,,,,,,,,,,,0.0,0.0,0.0,0.0,0.0,1.0,1.0
96.1,0x100,BMS_PackState,30.47,108.4,76.98,,,,,,,,,,,,,,,,,,,
96.2,0x100,BMS_PackState,30.48,107.30000000000001,77.11,,,,,,,,,,,,,,,,,,,
96.3,0x100,BMS_PackState,30.45,109.30000000000001,77.02,,,,,,,,,,,,,,,,,,,
96.4,0x100,BMS_PackState,30.44,110.0,77.35000000000001,,,,,,,,,,,,,,,,,,,
96.5,0x100,BMS_PackState,30.46,108.60000000000001,77.06,,,,,,,,,,,,,,,,,,,
96.5,0x101,BMS_CellVolt1,,,,3.8120000000000003,3.815,3.811,3.815,,,,,,,,,,,,,,,
96.5,0x102,BMS_CellVolt2,,,,,,,,3.839,3.716,3.825,3.827,,,,,,,,,,,
96.6,0x100,BMS_PackState,30.44,110.9,77.25,,,,,,,,,,,,,,,,,,,
96.7,0x100,BMS_PackState,30.43,110.7,77.22,,,,,,,,,,,,,,,,,,,
96.8,0x100,BMS_PackState,30.400000000000002,113.80000000000001,77.0,,,,,,,,,,,,,,,,,,,
96.9,0x100,BMS_PackState,30.42,113.0,76.96000000000001,,,,,,,,,,,,,,,,,,,
97.0,0x100,BMS_PackState,30.400000000000002,113.0,77.2,,,,,,,,,,,,,,,,,,,
97.0,0x101,BMS_CellVolt1,,,,3.8040000000000003,3.811,3.801,3.809,,,,,,,,,,,,,,,
97.0,0x102,BMS_CellVolt2,,,,,,,,3.835,3.702,3.817,3.8200000000000003,,,,,,,,,,,
97.0,0x103,BMS_Temps,,,,,,,,,,,,38.1,38.7,43.300000000000004,37.9,,,,,,,
97.0,0x104,BMS_Status,,,,,,,,,,,,,,,,0.0,0.0,0.0,0.0,0.0,1.0,1.0
97.1,0x100,BMS_PackState,30.39,113.80000000000001,77.06,,,,,,,,,,,,,,,,,,,
97.2,0x100,BMS_PackState,30.400000000000002,114.80000000000001,77.09,,,,,,,,,,,,,,,,,,,
97.3,0x100,BMS_PackState,30.36,115.80000000000001,77.10000000000001,,,,,,,,,,,,,,,,,,,
97.4,0x100,BMS_PackState,30.39,113.80000000000001,76.78,,,,,,,,,,,,,,,,,,,
97.5,0x100,BMS_PackState,30.39,114.2,77.06,,,,,,,,,,,,,,,,,,,
97.5,0x101,BMS_CellVolt1,,,,3.803,3.809,3.801,3.801,,,,,,,,,,,,,,,
97.5,0x102,BMS_CellVolt2,,,,,,,,3.835,3.704,3.814,3.822,,,,,,,,,,,
97.6,0x100,BMS_PackState,30.330000000000002,117.80000000000001,77.18,,,,,,,,,,,,,,,,,,,
97.7,0x100,BMS_PackState,30.37,115.9,76.88,,,,,,,,,,,,,,,,,,,
97.8,0x100,BMS_PackState,30.37,114.80000000000001,77.13,,,,,,,,,,,,,,,,,,,
97.9,0x100,BMS_PackState,30.34,117.9,77.02,,,,,,,,,,,,,,,,,,,
98.0,0x100,BMS_PackState,30.34,118.2,76.92,,,,,,,,,,,,,,,,,,,
98.0,0x101,BMS_CellVolt1,,,,3.8000000000000003,3.799,3.795,3.798,,,,,,,,,,,,,,,
98.0,0x102,BMS_CellVolt2,,,,,,,,3.8280000000000003,3.6910000000000003,3.81,3.815,,,,,,,,,,,
98.0,0x103,BMS_Temps,,,,,,,,,,,,38.900000000000006,39.7,44.6,38.800000000000004,,,,,,,
98.0,0x104,BMS_Status,,,,,,,,,,,,,,,,0.0,0.0,0.0,0.0,0.0,1.0,1.0
98.1,0x100,BMS_PackState,30.36,115.5,77.07000000000001,,,,,,,,,,,,,,,,,,,
98.2,0x100,BMS_PackState,30.330000000000002,118.4,77.02,,,,,,,,,,,,,,,,,,,
98.3,0x100,BMS_PackState,30.310000000000002,119.30000000000001,77.16,,,,,,,,,,,,,,,,,,,
98.4,0x100,BMS_PackState,30.32,119.0,76.96000000000001,,,,,,,,,,,,,,,,,,,
98.5,0x100,BMS_PackState,30.310000000000002,119.5,77.14,,,,,,,,,,,,,,,,,,,
98.5,0x101,BMS_CellVolt1,,,,3.797,3.799,3.79,3.795,,,,,,,,,,,,,,,
98.5,0x102,BMS_CellVolt2,,,,,,,,3.8280000000000003,3.689,3.809,3.8080000000000003,,,,,,,,,,,
98.6,0x100,BMS_PackState,30.35,116.60000000000001,77.0,,,,,,,,,,,,,,,,,,,
98.7,0x100,BMS_PackState,30.32,119.30000000000001,77.04,,,,,,,,,,,,,,,,,,,
98.8,0x100,BMS_PackState,30.330000000000002,118.5,76.95,,,,,,,,,,,,,,,,,,,
98.9,0x100,BMS_PackState,30.330000000000002,118.30000000000001,76.89,,,,,,,,,,,,,,,,,,,
99.0,0x100,BMS_PackState,30.310000000000002,120.30000000000001,77.07000000000001,,,,,,,,,,,,,,,,,,,
99.0,0x101,BMS_CellVolt1,,,,3.797,3.801,3.793,3.7920000000000003,,,,,,,,,,,,,,,
99.0,0x102,BMS_CellVolt2,,,,,,,,3.825,3.686,3.8040000000000003,3.8080000000000003,,,,,,,,,,,
99.0,0x103,BMS_Temps,,,,,,,,,,,,39.800000000000004,40.7,45.7,39.7,,,,,,,
99.0,0x104,BMS_Status,,,,,,,,,,,,,,,,0.0,0.0,0.0,0.0,0.0,1.0,1.0
99.1,0x100,BMS_PackState,30.29,121.2,76.96000000000001,,,,,,,,,,,,,,,,,,,
99.2,0x100,BMS_PackState,30.28,121.7,76.93,,,,,,,,,,,,,,,,,,,
99.3,0x100,BMS_PackState,30.3,120.9,77.05,,,,,,,,,,,,,,,,,,,
99.4,0x100,BMS_PackState,30.310000000000002,118.60000000000001,77.10000000000001,,,,,,,,,,,,,,,,,,,
99.5,0x100,BMS_PackState,30.310000000000002,119.2,76.89,,,,,,,,,,,,,,,,,,,
99.5,0x101,BMS_CellVolt1,,,,3.798,3.802,3.791,3.79,,,,,,,,,,,,,,,
99.5,0x102,BMS_CellVolt2,,,,,,,,3.8240000000000003,3.689,3.8080000000000003,3.8080000000000003,,,,,,,,,,,
99.6,0x100,BMS_PackState,30.310000000000002,119.7,77.10000000000001,,,,,,,,,,,,,,,,,,,
99.7,0x100,BMS_PackState,30.32,118.60000000000001,76.85000000000001,,,,,,,,,,,,,,,,,,,
99.8,0x100,BMS_PackState,30.330000000000002,118.4,76.94,,,,,,,,,,,,,,,,,,,
99.9,0x100,BMS_PackState,30.310000000000002,119.2,77.0,,,,,,,,,,,,,,,,,,,
100.0,0x100,BMS_PackState,30.330000000000002,117.60000000000001,76.57000000000001,,,,,,,,,,,,,,,,,,,
100.0,0x101,BMS_CellVolt1,,,,3.801,3.802,3.7920000000000003,3.7960000000000003,,,,,,,,,,,,,,,
100.0,0x102,BMS_CellVolt2,,,,,,,,3.8280000000000003,3.6910000000000003,3.81,3.813,,,,,,,,,,,
100.0,0x103,BMS_Temps,,,,,,,,,,,,40.7,41.5,47.0,40.400000000000006,,,,,,,
100.0,0x104,BMS_Status,,,,,,,,,,,,,,,,0.0,0.0,0.0,0.0,0.0,1.0,1.0
100.1,0x100,BMS_PackState,30.35,116.30000000000001,76.81,,,,,,,,,,,,,,,,,,,
100.2,0x100,BMS_PackState,30.330000000000002,116.5,76.86,,,,,,,,,,,,,,,,,,,
100.3,0x100,BMS_PackState,30.32,117.7,76.92,,,,,,,,,,,,,,,,,,,
100.4,0x100,BMS_PackState,30.34,116.4,76.89,,,,,,,,,,,,,,,,,,,
100.5,0x100,BMS_PackState,30.35,116.60000000000001,76.63,,,,,,,,,,,,,,,,,,,
100.5,0x101,BMS_CellVolt1,,,,3.8040000000000003,3.8040000000000003,3.795,3.799,,,,,,,,,,,,,,,
100.5,0x102,BMS_CellVolt2,,,,,,,,3.8280000000000003,3.692,3.813,3.8120000000000003,,,,,,,,,,,
100.6,0x100,BMS_PackState,30.34,116.7,76.83,,,,,,,,,,,,,,,,,,,
100.7,0x100,BMS_PackState,30.35,114.7,76.71000000000001,,,,,,,,,,,,,,,,,,,
100.8,0x100,BMS_PackState,30.35,115.9,76.8,,,,,,,,,,,,,,,,,,,
100.9,0x100,BMS_PackState,30.36,114.9,76.82000000000001,,,,,,,,,,,,,,,,,,,
101.0,0x100,BMS_PackState,30.39,112.0,76.87,,,,,,,,,,,,,,,,,,,
101.0,0x101,BMS_CellVolt1,,,,3.8040000000000003,3.8120000000000003,3.8000000000000003,3.801,,,,,,,,,,,,,,,
101.0,0x102,BMS_CellVolt2,,,,,,,,3.831,3.704,3.815,3.821,,,,,,,,,,,
101.0,0x103,BMS_Temps,,,,,,,,,,,,41.400000000000006,42.2,48.0,41.1,,,,,,,
101.0,0x104,BMS_Status,,,,,,,,,,,,,,,,0.0,0.0,0.0,0.0,0.0,1.0,1.0
101.1,0x100,BMS_PackState,30.35,115.5,76.8,,,,,,,,,,,,,,,,,,,
101.2,0x100,BMS_PackState,30.39,112.10000000000001,76.84,,,,,,,,,,,,,,,,,,,
101.3,0x100,BMS_PackState,30.42,109.9,76.78,,,,,,,,,,,,,,,,,,,
101.4,0x100,BMS_PackState,30.42,110.2,76.86,,,,,,,,,,,,,,,,,,,
101.5,0x100,BMS_PackState,30.42,109.7,76.69,,,,,,,,,,,,,,,,,,,
101.5,0x101,BMS_CellVolt1,,,,3.809,3.814,3.8040000000000003,3.806,,,,,,,,,,,,,,,
101.5,0x102,BMS_CellVolt2,,,,,,,,3.838,3.71,3.815,3.823,,,,,,,,,,,
101.6,0x100,BMS_PackState,30.39,110.80000000000001,76.8,,,,,,,,,,,,,,,,,,,
101.7,0x100,BMS_PackState,30.42,109.7,76.69,,,,,,,,,,,,,,,,,,,
101.8,0x100,BMS_PackState,30.43,109.0,76.76,,,,,,,,,,,,,,,,,,,
101.9,0x100,BMS_PackState,30.42,109.9,76.81,,,,,,,,,,,,,,,,,,,
102.0,0x100,BMS_PackState,30.43,108.80000000000001,76.7,,,,,,,,,,,,,,,,,,,
102.0,0x101,BMS_CellVolt1,,,,3.811,3.814,3.8080000000000003,3.81,,,,,,,,,,,,,,,
102.0,0x102,BMS_CellVolt2,,,,,,,,3.835,3.709,3.821,3.825,,,,,,,,,,,
102.0,0x103,BMS_Temps,,,,,,,,,,,,41.800000000000004,42.7,48.6,41.400000000000006,,,,,,,
102.0,0x104,BMS_Status,,,,,,,,,,,,,,,,0.0,0.0,0.0,0.0,0.0,1.0,1.0
102.1,0x100,BMS_PackState,30.44,108.2,76.77,,,,,,,,,,,,,,,,,,,
102.2,0x100,BMS_PackState,30.45,107.7,76.74,,,,,,,,,,,,,,,,,,,
102.3,0x100,BMS_PackState,30.44,107.4,76.98,,,,,,,,,,,,,,,,,,,
102.4,0x100,BMS_PackState,30.5,102.7,76.8,,,,,,,,,,,,,,,,,,,
102.5,0x100,BMS_PackState,30.48,104.7,76.81,,,,,,,,,,,,,,,,,,,
102.5,0x101,BMS_CellVolt1,,,,3.817,3.8200000000000003,3.813,3.818,,,,,,,,,,,,,,,
102.5,0x102,BMS_CellVolt2,,,,,,,,3.839,3.722,3.822,3.833,,,,,,,,,,,
102.6,0x100,BMS_PackState,30.53,101.30000000000001,76.67,,,,,,,,,,,,,,,,,,,
102.7,0x100,BMS_PackState,30.490000000000002,104.0,76.5,,,,,,,,,,,,,,,,,,,
102.8,0x100,BMS_PackState,30.5,103.30000000000001,76.68,,,,,,,,,,,,,,,,,,,
102.9,0x100,BMS_PackState,30.48,104.30000000000001,76.57000000000001,,,,,,,,,,,,,,,,,,,
103.0,0x100,BMS_PackState,30.5,103.9,76.75,,,,,,,,,,,,,,,,,,,
103.0,0x101,BMS_CellVolt1,,,,3.821,3.8200000000000003,3.817,3.814,,,,,,,,,,,,,,,
103.0,0x102,BMS_CellVolt2,,,,,,,,3.843,3.725,3.827,3.831,,,,,,,,,,,
103.0,0x103,BMS_Temps,,,,,,,,,,,,41.900000000000006,42.900000000000006,49.0,41.800000000000004,,,,,,,
103.0,0x104,BMS_Status,,,,,,,,,,,,,,,,0.0,0.0,0.0,0.0,0.0,1.0,1.0
103.1,0x100,BMS_PackState,30.52,101.80000000000001,76.75,,,,,,,,,,,,,,,,,,,
103.2,0x100,BMS_PackState,30.53,100.10000000000001,76.74,,,,,,,,,,,,,,,,,,,
103.3,0x100,BMS_PackState,30.53,101.0,76.71000000000001,,,,,,,,,,,,,,,,,,,
103.4,0x100,BMS_PackState,30.55,98.80000000000001,76.62,,,,,,,,,,,,,,,,,,,
103.5,0x100,BMS_PackState,30.55,99.0,76.63,,,,,,,,,,,,,,,,,,,
103.5,0x101,BMS_CellVolt1,,,,3.825,3.8240000000000003,3.8200000000000003,3.8240000000000003,,,,,,,,,,,,,,,
103.5,0x102,BMS_CellVolt2,,,,,,,,3.847,3.738,3.8360000000000003,3.834,,,,,,,,,,,
103.6,0x100,BMS_PackState,30.54,99.9,76.74,,,,,,,,,,,,,,,,,,,
103.7,0x100,BMS_PackState,30.580000000000002,97.0,76.89,,,,,,,,,,,,,,,,,,,
103.8,0x100,BMS_PackState,30.560000000000002,98.5,76.71000000000001,,,,,,,,,,,,,,,,,,,
103.9,0x100,BMS_PackState,30.57,97.80000000000001,76.72,,,,,,,,,,,,,,,,,,,
104.0,0x100,BMS_PackState,30.61,94.80000000000001,76.87,,,,,,,,,,,,,,,,,,,
104.0,0x101,BMS_CellVolt1,,,,3.8320000000000003,3.8360000000000003,3.8280000000000003,3.8320000000000003,,,,,,,,,,,,,,,
104.0,0x102,BMS_CellVolt2,,,,,,,,3.856,3.743,3.84,3.844,,,,,,,,,,,
104.0,0x103,BMS_Temps,,,,,,,,,,,,42.1,43.0,49.0,41.800000000000004,,,,,,,
104.0,0x104,BMS_Status,,,,,,,,,,,,,,,,0.0,0.0,0.0,0.0,0.0,1.0,1.0
104.1,0x100,BMS_PackState,30.57,97.10000000000001,76.67,,,,,,,,,,,,,,,,,,,
104.2,0x100,BMS_PackState,30.59,96.2,76.57000000000001,,,,,,,,,,,,,,,,,,,
104.3,0x100,BMS_PackState,30.6,94.80000000000001,76.7,,,,,,,,,,,,,,,,,,,
104.4,0x100,BMS_PackState,30.63,93.0,76.82000000000001,,,,,,,,,,,,,,,,,,,
104.5,0x100,BMS_PackState,30.63,92.4,76.74,,,,,,,,,,,,,,,,,,,
104.5,0x101,BMS_CellVolt1,,,,3.837,3.8320000000000003,3.8360000000000003,3.829,,,,,,,,,,,,,,,
104.5,0x102,BMS_CellVolt2,,,,,,,,3.856,3.748,3.842,3.847,,,,,,,,,,,
104.6,0x100,BMS_PackState,30.62,92.4,76.67,,,,,,,,,,,,,,,,,,,
104.7,0x100,BMS_PackState,30.61,93.60000000000001,76.45,,,,,,,,,,,,,,,,,,,
104.8,0x100,BMS_PackState,30.650000000000002,90.9,76.49,,,,,,,,,,,,,,,,,,,
104.9,0x100,BMS_PackState,30.64,92.5,76.67,,,,,,,,,,,,,,,,,,,
105.0,0x100,BMS_PackState,30.67,89.60000000000001,76.60000000000001,,,,,,,,,,,,,,,,,,,
105.0,0x101,BMS_CellVolt1,,,,3.84,3.84,3.834,3.835,,,,,,,,,,,,,,,
105.0,0x102,BMS_CellVolt2,,,,,,,,3.862,3.758,3.847,3.85,,,,,,,,,,,
105.0,0x103,BMS_Temps,,,,,,,,,,,,42.1,43.0,48.800000000000004,41.7,,,,,,,
105.0,0x104,BMS_Status,,,,,,,,,,,,,,,,0.0,0.0,0.0,0.0,0.0,1.0,1.0
105.1,0x100,BMS_PackState,30.64,90.80000000000001,76.62,,,,,,,,,,,,,,,,,,,
105.2,0x100,BMS_PackState,30.650000000000002,90.9,76.72,,,,,,,,,,,,,,,,,,,
105.3,0x100,BMS_PackState,30.61,94.0,76.49,,,,,,,,,,,,,,,,,,,
105.4,0x100,BMS_PackState,30.69,87.9,76.55,,,,,,,,,,,,,,,,,,,
105.5,0x100,BMS_PackState,30.63,91.9,76.73,,,,,,,,,,,,,,,,,,,
105.5,0x101,BMS_CellVolt1,,,,3.835,3.8360000000000003,3.8280000000000003,3.834,,,,,,,,,,,,,,,
105.5,0x102,BMS_CellVolt2,,,,,,,,3.856,3.751,3.84,3.848,,,,,,,,,,,
105.6,0x100,BMS_PackState,30.67,89.60000000000001,76.48,,,,,,,,,,,,,,,,,,,
105.7,0x100,BMS_PackState,30.67,89.7,76.71000000000001,,,,,,,,,,,,,,,,,,,
105.8,0x100,BMS_PackState,30.67,89.0,76.63,,,,,,,,,,,,,,,,,,,
105.9,0x100,BMS_PackState,30.67,89.2,76.58,,,,,,,,,,,,,,,,,,,
106.0,0x100,BMS_PackState,30.67,88.10000000000001,76.60000000000001,,,,,,,,,,,,,,,,,,,
106.0,0x101,BMS_CellVolt1,,,,3.84,3.841,3.834,3.844,,,,,,,,,,,,,,,
106.0,0x102,BMS_CellVolt2,,,,,,,,3.86,3.757,3.849,3.848,,,,,,,,,,,
106.0,0x103,BMS_Temps,,,,,,,,,,,,41.900000000000006,42.7,48.7,41.5,,,,,,,
106.0,0x104,BMS_Status,,,,,,,,,,,,,,,,0.0,0.0,0.0,0.0,0.0,1.0,1.0
106.1,0x100,BMS_PackState,30.650000000000002,90.2,76.62,,,,,,,,,,,,,,,,,,,
106.2,0x100,BMS_PackState,30.69,87.2,76.64,,,,,,,,,,,,,,,,,,,
106.3,0x100,BMS_PackState,30.67,89.30000000000001,76.37,,,,,,,,,,,,,,,,,,,
106.4,0x100,BMS_PackState,30.72,86.5,76.69,,,,,,,,,,,,,,,,,,,
106.5,0x100,BMS_PackState,30.7,87.2,76.58,,,,,,,,,,,,,,,,,,,
106.5,0x101,BMS_CellVolt1,,,,3.844,3.846,3.842,3.838,,,,,,,,,,,,,,,
106.5,0x102,BMS_CellVolt2,,,,,,,,3.864,3.761,3.851,3.852,,,,,,,,,,,
106.6,0x100,BMS_PackState,30.72,85.5,76.67,,,,,,,,,,,,,,,,,,,
106.7,0x100,BMS_PackState,30.69,87.60000000000001,76.60000000000001,,,,,,,,,,,,,,,,,,,
106.8,0x100,BMS_PackState,30.66,89.0,76.76,,,,,,,,,,,,,,,,,,,
106.9,0x100,BMS_PackState,30.71,86.60000000000001,76.47,,,,,,,,,,,,,,,,,,,
107.0,0x100,BMS_PackState,30.7,86.30000000000001,76.7,,,,,,,,,,,,,,,,,,,
107.0,0x101,BMS_CellVolt1,,,,3.844,3.844,3.839,3.841,,,,,,,,,,,,,,,
107.0,0x102,BMS_CellVolt2,,,,,,,,3.863,3.765,3.851,3.855,,,,,,,,,,,
107.0,0x103,BMS_Temps,,,,,,,,,,,,41.7,42.6,48.400000000000006,41.400000000000006,,,,,,,
107.0,0x104,BMS_Status,,,,,,,,,,,,,,,,0.0,0.0,0.0,0.0,0.0,1.0,1.0
107.1,0x100,BMS_PackState,30.73,84.80000000000001,76.45,,,,,,,,,,,,,,,,,,,
107.2,0x100,BMS_PackState,30.7,86.10000000000001,76.58,,,,,,,,,,,,,,,,,,,
107.3,0x100,BMS_PackState,30.740000000000002,83.9,76.63,,,,,,,,,,,,,,,,,,,
107.4,0x100,BMS_PackState,30.72,84.9,76.52,,,,,,,,,,,,,,,,,,,
107.5,0x100,BMS_PackState,30.69,86.5,76.32000000000001,,,,,,,,,,,,,,,,,,,
107.5,0x101,BMS_CellVolt1,,,,3.84,3.848,3.8360000000000003,3.84,,,,,,,,,,,,,,,
107.5,0x102,BMS_CellVolt2,,,,,,,,3.862,3.763,3.849,3.854,,,,,,,,,,,
107.6,0x100,BMS_PackState,30.68,88.10000000000001,76.52,,,,,,,,,,,,,,,,,,,
107.7,0x100,BMS_PackState,30.66,90.30000000000001,76.46000000000001,,,,,,,,,,,,,,,,,,,
107.8,0x100,BMS_PackState,30.72,85.2,76.59,,,,,,,,,,,,,,,,,,,
107.9,0x100,BMS_PackState,30.67,88.2,76.41,,,,,,,,,,,,,,,,,,,
108.0,0x100,BMS_PackState,30.7,86.4,76.44,,,,,,,,,,,,,,,,,,,
108.0,0x101,BMS_CellVolt1,,,,3.847,3.844,3.834,3.844,,,,,,,,,,,,,,,
108.0,0x102,BMS_CellVolt2,,,,,,,,3.864,3.763,3.85,3.851,,,,,,,,,,,
108.0,0x103,BMS_Temps,,,,,,,,,,,,41.5,42.300000000000004,48.1,41.1,,,,,,,
108.0,0x104,BMS_Status,,,,,,,,,,,,,,,,0.0,0.0,0.0,0.0,0.0,1.0,1.0
108.1,0x100,BMS_PackState,30.7,85.80000000000001,76.42,,,,,,,,,,,,,,,,,,,
108.2,0x100,BMS_PackState,30.69,86.60000000000001,76.45,,,,,,,,,,,,,,,,,,,
108.3,0x100,BMS_PackState,30.7,86.0,76.49,,,,,,,,,,,,,,,,,,,
108.4,0x100,BMS_PackState,30.71,86.10000000000001,76.53,,,,,,,,,,,,,,,,,,,
108.5,0x100,BMS_PackState,30.72,85.30000000000001,76.52,,,,,,,,,,,,,,,,,,,
108.5,0x101,BMS_CellVolt1,,,,3.847,3.846,3.842,3.844,,,,,,,,,,,,,,,
108.5,0x102,BMS_CellVolt2,,,,,,,,3.862,3.767,3.854,3.854,,,,,,,,,,,
108.6,0x100,BMS_PackState,30.72,83.9,76.34,,,,,,,,,,,,,,,,,,,
108.7,0x100,BMS_PackState,30.72,83.60000000000001,76.37,,,,,,,,,,,,,,,,,,,
108.8,0x100,BMS_PackState,30.69,87.0,76.4,,,,,,,,,,,,,,,,,,,
108.9,0x100,BMS_PackState,30.72,85.60000000000001,76.42,,,,,,,,,,,,,,,,,,,
109.0,0x100,BMS_PackState,30.71,85.10000000000001,76.36,,,,,,,,,,,,,,,,,,,
109.0,0x101,BMS_CellVolt1,,,,3.849,3.846,3.84,3.838,,,,,,,,,,,,,,,
109.0,0x102,BMS_CellVolt2,,,,,,,,3.865,3.7640000000000002,3.853,3.852,,,,,,,,,,,
109.0,0x103,BMS_Temps,,,,,,,,,,,,41.300000000000004,42.1,47.7,41.0,,,,,,,
109.0,0x104,BMS_Status,,,,,,,,,,,,,,,,0.0,0.0,0.0,0.0,0.0,1.0,1.0
109.1,0x100,BMS_PackState,30.7,86.0,76.37,,,,,,,,,,,,,,,,,,,
109.2,0x100,BMS_PackState,30.68,87.2,76.57000000000001,,,,,,,,,,,,,,,,,,,
109.3,0x100,BMS_PackState,30.69,86.30000000000001,76.46000000000001,,,,,,,,,,,,,,,,,,,
109.4,0x100,BMS_PackState,30.71,85.10000000000001,76.32000000000001,,,,,,,,,,,,,,,,,,,
109.5,0x100,BMS_PackState,30.67,87.9,76.46000000000001,,,,,,,,,,,,,,,,,,,
109.5,0x101,BMS_CellVolt1,,,,3.841,3.844,3.837,3.837,,,,,,,,,,,,,,,
109.5,0x102,BMS_CellVolt2,,,,,,,,3.857,3.757,3.846,3.849,,,,,,,,,,,
109.6,0x100,BMS_PackState,30.68,88.5,76.38,,,,,,,,,,,,,,,,,,,
109.7,0x100,BMS_PackState,30.68,86.9,76.60000000000001,,,,,,,,,,,,,,,,,,,
109.8,0x100,BMS_PackState,30.67,87.60000000000001,76.35000000000001,,,,,,,,,,,,,,,,,,,
109.9,0x100,BMS_PackState,30.67,88.0,76.35000000000001,,,,,,,,,,,,,,,,,,,
110.0,0x100,BMS_PackState,30.67,87.9,76.37,,,,,,,,,,,,,,,,,,,
110.0,0x101,BMS_CellVolt1,,,,3.841,3.844,3.838,3.837,,,,,,,,,,,,,,,
110.0,0x102,BMS_CellVolt2,,,,,,,,3.857,3.7560000000000002,3.847,3.853,,,,,,,,,,,
110.0,0x103,BMS_Temps,,,,,,,,,,,,41.0,41.800000000000004,47.5,40.7,,,,,,,
110.0,0x104,BMS_Status,,,,,,,,,,,,,,,,0.0,0.0,0.0,0.0,0.0,1.0,1.0
110.1,0x100,BMS_PackState,30.68,87.10000000000001,76.28,,,,,,,,,,,,,,,,,,,
110.2,0x100,BMS_PackState,30.68,87.10000000000001,76.44,,,,,,,,,,,,,,,,,,,
110.3,0x100,BMS_PackState,30.68,87.0,76.39,,,,,,,,,,,,,,,,,,,
110.4,0x100,BMS_PackState,30.72,84.60000000000001,76.42,,,,,,,,,,,,,,,,,,,
110.5,0x100,BMS_PackState,30.68,87.30000000000001,76.38,,,,,,,,,,,,,,,,,,,
110.5,0x101,BMS_CellVolt1,,,,3.84,3.845,3.837,3.838,,,,,,,,,,,,,,,
110.5,0x102,BMS_CellVolt2,,,,,,,,3.861,3.7600000000000002,3.848,3.85,,,,,,,,,,,
110.6,0x100,BMS_PackState,30.72,84.30000000000001,76.39,,,,,,,,,,,,,,,,,,,
110.7,0x100,BMS_PackState,30.7,85.10000000000001,76.53,,,,,,,,,,,,,,,,,,,
110.8,0x100,BMS_PackState,30.66,88.30000000000001,76.42,,,,,,,,,,,,,,,,,,,
110.9,0x100,BMS_PackState,30.67,87.60000000000001,76.18,,,,,,,,,,,,,,,,,,,
111.0,0x100,BMS_PackState,30.66,88.60000000000001,76.38,,,,,,,,,,,,,,,,,,,
111.0,0x101,BMS_CellVolt1,,,,3.839,3.838,3.8320000000000003,3.8360000000000003,,,,,,,,,,,,,,,
111.0,0x102,BMS_CellVolt2,,,,,,,,3.861,3.754,3.848,3.848,,,,,,,,,,,
111.0,0x103,BMS_Temps,,,,,,,,,,,,40.800000000000004,41.800000000000004,47.300000000000004,40.6,,,,,,,
111.0,0x104,BMS_Status,,,,,,,,,,,,,,,,0.0,0.0,0.0,0.0,0.0,1.0,1.0
111.1,0x100,BMS_PackState,30.69,86.0,76.47,,,,,,,,,,,,,,,,,,,
111.2,0x100,BMS_PackState,30.71,84.7,76.11,,,,,,,,,,,,,,,,,,,
111.3,0x100,BMS_PackState,30.7,86.10000000000001,76.22,,,,,,,,,,,,,,,,,,,
111.4,0x100,BMS_PackState,30.69,86.60000000000001,76.4,,,,,,,,,,,,,,,,,,,
111.5,0x100,BMS_PackState,30.67,86.60000000000001,76.43,,,,,,,,,,,,,,,,,,,
111.5,0x101,BMS_CellVolt1,,,,3.841,3.845,3.835,3.834,,,,,,,,,,,,,,,
111.5,0x102,BMS_CellVolt2,,,,,,,,3.858,3.759,3.847,3.852,,,,,,,,,,,
111.6,0x100,BMS_PackState,30.650000000000002,88.30000000000001,76.34,,,,,,,,,,,,,,,,,,,
111.7,0x100,BMS_PackState,30.69,86.10000000000001,76.37,,,,,,,,,,,,,,,,,,,
111.8,0x100,BMS_PackState,30.67,87.2,76.45,,,,,,,,,,,,,,,,,,,
111.9,0x100,BMS_PackState,30.69,85.2,76.26,,,,,,,,,,,,,,,,,,,
112.0,0x100,BMS_PackState,30.67,87.5,76.21000000000001,,,,,,,,,,,,,,,,,,,
112.0,0x101,BMS_CellVolt1,,,,3.84,3.84,3.8360000000000003,3.835,,,,,,,,,,,,,,,
112.0,0x102,BMS_CellVolt2,,,,,,,,3.862,3.7600000000000002,3.847,3.852,,,,,,,,,,,
112.0,0x103,BMS_Temps,,,,,,,,,,,,40.800000000000004,41.400000000000006,47.0,40.400000000000006,,,,,,,
112.0,0x104,BMS_Status,,,,,,,,,,,,,,,,0.0,0.0,0.0,0.0,0.0,1.0,1.0
112.1,0x100,BMS_PackState,30.68,86.9,76.28,,,,,,,,,,,,,,,,,,,
112.2,0x100,BMS_PackState,30.69,85.80000000000001,76.32000000000001,,,,,,,,,,,,,,,,,,,
112.3,0x100,BMS_PackState,30.69,86.60000000000001,76.33,,,,,,,,,,,,,,,,,,,
112.4,0x100,BMS_PackState,30.68,86.80000000000001,76.37,,,,,,,,,,,,,,,,,,,
112.5,0x100,BMS_PackState,30.68,86.80000000000001,76.45,,,,,,,,,,,,,,,,,,,
112.5,0x101,BMS_CellVolt1,,,,3.843,3.844,3.839,3.839,,,,,,,,,,,,,,,
112.5,0x102,BMS_CellVolt2,,,,,,,,3.858,3.7600000000000002,3.849,3.85,,,,,,,,,,,
112.6,0x100,BMS_PackState,30.63,90.0,76.3,,,,,,,,,,,,,,,,,,,
112.7,0x100,BMS_PackState,30.68,87.30000000000001,76.15,,,,,,,,,,,,,,,,,,,
112.8,0x100,BMS_PackState,30.67,87.2,76.19,,,,,,,,,,,,,,,,,,,
112.9,0x100,BMS_PackState,30.7,84.5,76.28,,,,,,,,,,,,,,,,,,,
113.0,0x100,BMS_PackState,30.68,86.5,76.41,,,,,,,,,,,,,,,,,,,
113.0,0x101,BMS_CellVolt1,,,,3.843,3.844,3.834,3.839,,,,,,,,,,,,,,,
113.0,0x102,BMS_CellVolt2,,,,,,,,3.859,3.761,3.846,3.853,,,,,,,,,,,
113.0,0x103,BMS_Temps,,,,,,,,,,,,40.5,41.300000000000004,46.900000000000006,40.2,,,,,,,
113.0,0x104,BMS_Status,,,,,,,,,,,,,,,,0.0,0.0,0.0,0.0,0.0,1.0,1.0
113.1,0x100,BMS_PackState,30.67,87.60000000000001,76.32000000000001,,,,,,,,,,,,,,,,,,,
113.2,0x100,BMS_PackState,30.68,87.10000000000001,76.16,,,,,,,,,,,,,,,,,,,
113.3,0x100,BMS_PackState,30.63,90.4,76.18,,,,,,,,,,,,,,,,,,,
113.4,0x100,BMS_PackState,30.650000000000002,88.30000000000001,76.21000000000001,,,,,,,,,,,,,,,,,,,
113.5,0x100,BMS_PackState,30.63,90.7,76.25,,,,,,,,,,,,,,,,,,,
113.5,0x101,BMS_CellVolt1,,,,3.834,3.8360000000000003,3.829,3.833,,,,,,,,,,,,,,,
113.5,0x102,BMS_CellVolt2,,,,,,,,3.857,3.754,3.844,3.848,,,,,,,,,,,
113.6,0x100,BMS_PackState,30.64,89.10000000000001,76.21000000000001,,,,,,,,,,,,,,,,,,,
113.7,0x100,BMS_PackState,30.64,89.30000000000001,76.14,,,,,,,,,,,,,,,,,,,
113.8,0x100,BMS_PackState,30.64,89.30000000000001,76.15,,,,,,,,,,,,,,,,,,,
113.9,0x100,BMS_PackState,30.64,89.7,76.21000000000001,,,,,,,,,,,,,,,,,,,
114.0,0x100,BMS_PackState,30.6,92.60000000000001,76.24,,,,,,,,,,,,,,,,,,,
114.0,0x101,BMS_CellVolt1,,,,3.834,3.833,3.825,3.827,,,,,,,,,,,,,,,
114.0,0x102,BMS_CellVolt2,,,,,,,,3.851,3.746,3.841,3.844,,,,,,,,,,,
114.0,0x103,BMS_Temps,,,,,,,,,,,,40.6,41.300000000000004,46.7,40.1,,,,,,,
114.0,0x104,BMS_Status,,,,,,,,,,,,,,,,0.0,0.0,0.0,0.0,0.0,1.0,1.0
114.1,0x100,BMS_PackState,30.67,86.80000000000001,76.11,,,,,,,,,,,,,,,,,,,
114.2,0x100,BMS_PackState,30.66,87.60000000000001,76.24,,,,,,,,,,,,,,,,,,,
114.3,0x100,BMS_PackState,30.62,90.10000000000001,76.38,,,,,,,,,,,,,,,,,,,
114.4,0x100,BMS_PackState,30.62,91.30000000000001,76.22,,,,,,,,,,,,,,,,,,,
114.5,0x100,BMS_PackState,30.6,92.7,76.22,,,,,,,,,,,,,,,,,,,
114.5,0x101,BMS_CellVolt1,,,,3.83,3.8320000000000003,3.821,3.826,,,,,,,,,,,,,,,
114.5,0x102,BMS_CellVolt2,,,,,,,,3.854,3.747,3.842,3.842,,,,,,,,,,,
114.6,0x100,BMS_PackState,30.59,92.80000000000001,76.05,,,,,,,,,,,,,,,,,,,
114.7,0x100,BMS_PackState,30.61,91.9,76.25,,,,,,,,,,,,,,,,,,,
114.8,0x100,BMS_PackState,30.57,94.4,76.12,,,,,,,,,,,,,,,,,,,
114.9,0x100,BMS_PackState,30.57,94.80000000000001,76.28,,,,,,,,,,,,,,,,,,,
115.0,0x100,BMS_PackState,30.57,94.0,76.35000000000001,,,,,,,,,,,,,,,,,,,
115.0,0x101,BMS_CellVolt1,,,,3.8280000000000003,3.83,3.823,3.83,,,,,,,,,,,,,,,
115.0,0x102,BMS_CellVolt2,,,,,,,,3.847,3.742,3.8360000000000003,3.837,,,,,,,,,,,
115.0,0x103,BMS_Temps,,,,,,,,,,,,40.6,41.300000000000004,46.7,40.300000000000004,,,,,,,
115.0,0x104,BMS_Status,,,,,,,,,,,,,,,,0.0,0.0,0.0,0.0,0.0,1.0,1.0
115.1,0x100,BMS_PackState,30.55,95.60000000000001,76.09,,,,,,,,,,,,,,,,,,,
115.2,0x100,BMS_PackState,30.57,95.10000000000001,76.09,,,,,,,,,,,,,,,,,,,
115.3,0x100,BMS_PackState,30.580000000000002,94.30000000000001,76.2,,,,,,,,,,,,,,,,,,,
115.4,0x100,BMS_PackState,30.55,96.7,76.02,,,,,,,,,,,,,,,,,,,
115.5,0x100,BMS_PackState,30.54,96.30000000000001,76.15,,,,,,,,,,,,,,,,,,,
115.5,0x101,BMS_CellVolt1,,,,3.826,3.829,3.818,3.822,,,,,,,,,,,,,,,
115.5,0x102,BMS_CellVolt2,,,,,,,,3.847,3.735,3.83,3.8360000000000003,,,,,,,,,,,
115.6,0x100,BMS_PackState,30.54,96.7,76.11,,,,,,,,,,,,,,,,,,,
115.7,0x100,BMS_PackState,30.51,99.4,76.12,,,,,,,,,,,,,,,,,,,
115.8,0x100,BMS_PackState,30.57,94.10000000000001,75.92,,,,,,,,,,,,,,,,,,,
115.9,0x100,BMS_PackState,30.54,96.2,76.17,,,,,,,,,,,,,,,,,,,
116.0,0x100,BMS_PackState,30.53,97.2,76.36,,,,,,,,,,,,,,,,,,,
116.0,0x101,BMS_CellVolt1,,,,3.821,3.825,3.814,3.823,,,,,,,,,,,,,,,
116.0,0x102,BMS_CellVolt2,,,,,,,,3.846,3.735,3.833,3.8360000000000003,,,,,,,,,,,
116.0,0x103,BMS_Temps,,,,,,,,,,,,40.6,41.5,46.900000000000006,40.400000000000006,,,,,,,
116.0,0x104,BMS_Status,,,,,,,,,,,,,,,,0.0,0.0,0.0,0.0,0.0,1.0,1.0
116.1,0x100,BMS_PackState,30.51,99.0,76.07000000000001,,,,,,,,,,,,,,,,,,,
116.2,0x100,BMS_PackState,30.490000000000002,99.80000000000001,75.96000000000001,,,,,,,,,,,,,,,,,,,
116.3,0x100,BMS_PackState,30.53,98.5,76.18,,,,,,,,,,,,,,,,,,,
116.4,0x100,BMS_PackState,30.5,99.9,76.01,,,,,,,,,,,,,,,,,,,
116.5,0x100,BMS_PackState,30.48,100.7,76.09,,,,,,,,,,,,,,,,,,,
116.5,0x101,BMS_CellVolt1,,,,3.814,3.819,3.8080000000000003,3.813,,,,,,,,,,,,,,,
116.5,0x102,BMS_CellVolt2,,,,,,,,3.846,3.724,3.8240000000000003,3.829,,,,,,,,,,,
116.6,0x100,BMS_PackState,30.42,106.30000000000001,76.01,,,,,,,,,,,,,,,,,,,
116.7,0x100,BMS_PackState,30.41,106.0,75.93,,,,,,,,,,,,,,,,,,,
116.8,0x100,BMS_PackState,30.46,103.30000000000001,76.10000000000001,,,,,,,,,,,,,,,,,,,
116.9,0x100,BMS_PackState,30.45,104.10000000000001,76.0,,,,,,,,,,,,,,,,,,,
117.0,0x100,BMS_PackState,30.45,103.5,75.9,,,,,,,,,,,,,,,,,,,
117.0,0x101,BMS_CellVolt1,,,,3.8120000000000003,3.814,3.81,3.811,,,,,,,,,,,,,,,
117.0,0x102,BMS_CellVolt2,,,,,,,,3.837,3.717,3.823,3.825,,,,,,,,,,,
117.0,0x103,BMS_Temps,,,,,,,,,,,,40.900000000000006,41.6,47.1,40.6,,,,,,,
117.0,0x104,BMS_Status,,,,,,,,,,,,,,,,0.0,0.0,0.0,0.0,0.0,1.0,1.0
117.1,0x100,BMS_PackState,30.47,103.10000000000001,76.08,,,,,,,,,,,,,,,,,,,
117.2,0x100,BMS_PackState,30.41,106.4,76.34,,,,,,,,,,,,,,,,,,,
117.3,0x100,BMS_PackState,30.42,105.80000000000001,76.14,,,,,,,,,,,,,,,,,,,
117.4,0x100,BMS_PackState,30.39,107.80000000000001,76.03,,,,,,,,,,,,,,,,,,,
117.5,0x100,BMS_PackState,30.42,106.2,76.33,,,,,,,,,,,,,,,,,,,
117.5,0x101,BMS_CellVolt1,,,,3.8120000000000003,3.809,3.803,3.809,,,,,,,,,,,,,,,
117.5,0x102,BMS_CellVolt2,,,,,,,,3.838,3.708,3.817,3.822,,,,,,,,,,,
117.6,0x100,BMS_PackState,30.39,108.10000000000001,75.85000000000001,,,,,,,,,,,,,,,,,,,
117.7,0x100,BMS_PackState,30.37,110.10000000000001,76.08,,,,,,,,,,,,,,,,,,,
117.8,0x100,BMS_PackState,30.34,111.10000000000001,76.2,,,,,,,,,,,,,,,,,,,
117.9,0x100,BMS_PackState,30.34,111.80000000000001,75.91,,,,,,,,,,,,,,,,,,,
118.0,0x100,BMS_PackState,30.37,109.9,76.03,,,,,,,,,,,,,,,,,,,
118.0,0x101,BMS_CellVolt1,,,,3.8040000000000003,3.8040000000000003,3.798,3.798,,,,,,,,,,,,,,,
118.0,0x102,BMS_CellVolt2,,,,,,,,3.8280000000000003,3.704,3.815,3.817,,,,,,,,,,,
118.0,0x103,BMS_Temps,,,,,,,,,,,,41.300000000000004,42.1,47.800000000000004,41.0,,,,,,,
118.0,0x104,BMS_Status,,,,,,,,,,,,,,,,0.0,0.0,0.0,0.0,0.0,1.0,1.0
118.1,0x100,BMS_PackState,30.310000000000002,113.80000000000001,75.93,,,,,,,,,,,,,,,,,,,
118.2,0x100,BMS_PackState,30.330000000000002,111.9,75.96000000000001,,,,,,,,,,,,,,,,,,,
118.3,0x100,BMS_PackState,30.310000000000002,114.7,76.02,,,,,,,,,,,,,,,,,,,
118.4,0x100,BMS_PackState,30.310000000000002,114.30000000000001,75.8,,,,,,,,,,,,,,,,,,,
118.5,0x100,BMS_PackState,30.330000000000002,112.9,75.87,,,,,,,,,,,,,,,,,,,
118.5,0x101,BMS_CellVolt1,,,,3.799,3.802,3.7920000000000003,3.797,,,,,,,,,,,,,,,
118.5,0x102,BMS_CellVolt2,,,,,,,,3.827,3.6950000000000003,3.809,3.813,,,,,,,,,,,
118.6,0x100,BMS_PackState,30.3,115.0,75.97,,,,,,,,,,,,,,,,,,,
118.7,0x100,BMS_PackState,30.27,116.60000000000001,75.78,,,,,,,,,,,,,,,,,,,
118.8,0x100,BMS_PackState,30.27,117.5,75.92,,,,,,,,,,,,,,,,,,,
118.9,0x100,BMS_PackState,30.27,116.9,75.79,,,,,,,,,,,,,,,,,,,
119.0,0x100,BMS_PackState,30.23,120.0,75.79,,,,,,,,,,,,,,,,,,,
119.0,0x101,BMS_CellVolt1,,,,3.787,3.7880000000000003,3.779,3.786,,,,,,,,,,,,,,,
119.0,0x102,BMS_CellVolt2,,,,,,,,3.814,3.672,3.799,3.802,,,,,,,,,,,
119.0,0x103,BMS_Temps,,,,,,,,,,,,41.900000000000006,42.800000000000004,48.7,41.6,,,,,,,
119.0,0x104,BMS_Status,,,,,,,,,,,,,,,,0.0,0.0,0.0,0.0,0.0,1.0,1.0
119.1,0x100,BMS_PackState,30.23,119.7,76.03,,,,,,,,,,,,,,,,,,,
119.2,0x100,BMS_PackState,30.26,118.30000000000001,75.94,,,,,,,,,,,,,,,,,,,
119.3,0x100,BMS_PackState,30.22,120.2,75.9,,,,,,,,,,,,,,,,,,,
119.4,0x100,BMS_PackState,30.2,122.4,75.87,,,,,,,,,,,,,,,,,,,
119.5,0x100,BMS_PackState,30.2,122.9,75.94,,,,,,,,,,,,,,,,,,,
119.5,0x101,BMS_CellVolt1,,,,3.779,3.7880000000000003,3.7800000000000002,3.781,,,,,,,,,,,,,,,
119.5,0x102,BMS_CellVolt2,,,,,,,,3.811,3.6710000000000003,3.793,3.7960000000000003,,,,,,,,,,,
119.6,0x100,BMS_PackState,30.240000000000002,118.5,75.85000000000001,,,,,,,,,,,,,,,,,,,
119.7,0x100,BMS_PackState,30.240000000000002,119.30000000000001,75.82000000000001,,,,,,,,,,,,,,,,,,,
119.8,0x100,BMS_PackState,30.18,123.30000000000001,75.99,,,,,,,,,,,,,,,,,,,
119.9,0x100,BMS_PackState,30.23,119.80000000000001,75.82000000000001,,,,,,,,,,,,,,,,,,,
120.0,0x100,BMS_PackState,30.23,119.7,76.01,,,,,,,,,,,,,,,,,,,
120.0,0x101,BMS_CellVolt1,,,,3.785,3.7880000000000003,3.7840000000000003,3.785,,,,,,,,,,,,,,,
120.0,0x102,BMS_CellVolt2,,,,,,,,3.817,3.673,3.799,3.799,,,,,,,,,,,
120.0,0x103,BMS_Temps,,,,,,,,,,,,42.7,43.6,49.7,42.300000000000004,,,,,,,
120.0,0x104,BMS_Status,,,,,,,,,,,,,,,,0.0,0.0,0.0,0.0,0.0,1.0,1.0
120.1,0x100,BMS_PackState,30.21,121.2,75.81,,,,,,,,,,,,,,,,,,,
120.2,0x100,BMS_PackState,30.19,122.80000000000001,75.94,,,,,,,,,,,,,,,,,,,
120.3,0x100,BMS_PackState,30.2,122.2,75.88,,,,,,,,,,,,,,,,,,,
120.4,0x100,BMS_PackState,30.2,121.60000000000001,75.91,,,,,,,,,,,,,,,,,,,
120.5,0x100,BMS_PackState,30.21,121.7,75.87,,,,,,,,,,,,,,,,,,,
120.5,0x101,BMS_CellVolt1,,,,3.783,3.7840000000000003,3.778,3.7800000000000002,,,,,,,,,,,,,,,
120.5,0x102,BMS_CellVolt2,,,,,,,,3.814,3.669,3.7960000000000003,3.801,,,,,,,,,,,
120.6,0x100,BMS_PackState,30.21,121.80000000000001,75.91,,,,,,,,,,,,,,,,,,,
120.7,0x100,BMS_PackState,30.2,121.60000000000001,75.98,,,,,,,,,,,,,,,,,,,
120.8,0x100,BMS_PackState,30.14,126.5,75.73,,,,,,,,,,,,,,,,,,,
120.9,0x100,BMS_PackState,30.18,123.5,75.97,,,,,,,,,,,,,,,,,,,
121.0,0x100,BMS_PackState,30.17,124.4,75.78,,,,,,,,,,,,,,,,,,,
121.0,0x101,BMS_CellVolt1,,,,3.779,3.782,3.773,3.777,,,,,,,,,,,,,,,
121.0,0x102,BMS_CellVolt2,,,,,,,,3.809,3.661,3.79,3.795,,,,,,,,,,,
121.0,0x103,BMS_Temps,,,,,,,,,,,,43.5,44.300000000000004,50.7,43.2,,,,,,,
121.0,0x104,BMS_Status,,,,,,,,,,,,,,,,0.0,0.0,0.0,0.0,0.0,1.0,1.0
121.1,0x100,BMS_PackState,30.19,122.4,75.62,,,,,,,,,,,,,,,,,,,
121.2,0x100,BMS_PackState,30.2,122.80000000000001,75.86,,,,,,,,,,,,,,,,,,,
121.3,0x100,BMS_PackState,30.19,121.9,75.87,,,,,,,,,,,,,,,,,,,
121.4,0x100,BMS_PackState,30.240000000000002,118.9,75.83,,,,,,,,,,,,,,,,,,,
121.5,0x100,BMS_PackState,30.21,120.7,75.74,,,,,,,,,,,,,,,,,,,
121.5,0x101,BMS_CellVolt1,,,,3.7840000000000003,3.787,3.777,3.781,,,,,,,,,,,,,,,
121.5,0x102,BMS_CellVolt2,,,,,,,,3.8120000000000003,3.672,3.797,3.8000000000000003,,,,,,,,,,,
121.6,0x100,BMS_PackState,30.23,119.9,75.68,,,,,,,,,,,,,,,,,,,
121.7,0x100,BMS_PackState,30.23,119.10000000000001,75.71000000000001,,,,,,,,,,,,,,,,,,,
121.8,0x100,BMS_PackState,30.22,120.4,75.77,,,,,,,,,,,,,,,,,,,
121.9,0x100,BMS_PackState,30.150000000000002,124.0,75.72,,,,,,,,,,,,,,,,,,,
122.0,0x100,BMS_PackState,30.2,121.7,75.64,,,,,,,,,,,,,,,,,,,
122.0,0x101,BMS_CellVolt1,,,,3.781,3.785,3.7760000000000002,3.781,,,,,,,,,,,,,,,
122.0,0x102,BMS_CellVolt2,,,,,,,,3.814,3.6710000000000003,3.7960000000000003,3.799,,,,,,,,,,,
122.0,0x103,BMS_Temps,,,,,,,,,,,,44.1,45.0,51.800000000000004,43.7,,,,,,,
122.0,0x104,BMS_Status,,,,,,,,,,,,,,,,0.0,0.0,0.0,0.0,0.0,1.0,1.0
122.1,0x100,BMS_PackState,30.17,123.4,75.71000000000001,,,,,,,,,,,,,,,,,,,
122.2,0x100,BMS_PackState,30.19,121.80000000000001,75.65,,,,,,,,,,,,,,,,,,,
122.3,0x100,BMS_PackState,30.19,122.0,75.66,,,,,,,,,,,,,,,,,,,
122.4,0x100,BMS_PackState,30.22,119.10000000000001,75.79,,,,,,,,,,,,,,,,,,,
122.5,0x100,BMS_PackState,30.2,120.80000000000001,75.59,,,,,,,,,,,,,,,,,,,
122.5,0x101,BMS_CellVolt1,,,,3.781,3.787,3.778,3.777,,,,,,,,,,,,,,,
122.5,0x102,BMS_CellVolt2,,,,,,,,3.8120000000000003,3.669,3.794,3.801,,,,,,,,,,,
122.6,0x100,BMS_PackState,30.21,120.80000000000001,75.74,,,,,,,,,,,,,,,,,,,
122.7,0x100,BMS_PackState,30.240000000000002,118.4,75.64,,,,,,,,,,,,,,,,,,,
122.8,0x100,BMS_PackState,30.22,119.60000000000001,75.72,,,,,,,,,,,,,,,,,,,
122.9,0x100,BMS_PackState,30.23,119.2,75.59,,,,,,,,,,,,,,,,,,,
123.0,0x100,BMS_PackState,30.26,117.0,75.66,,,,,,,,,,,,,,,,,,,
123.0,0x101,BMS_CellVolt1,,,,3.791,3.7920000000000003,3.786,3.7880000000000003,,,,,,,,,,,,,,,
123.0,0x102,BMS_CellVolt2,,,,,,,,3.815,3.6830000000000003,3.802,3.8040000000000003,,,,,,,,,,,
123.0,0x103,BMS_Temps,,,,,,,,,,,,44.7,45.7,52.5,44.300000000000004,,,,,,,
123.0,0x104,BMS_Status,,,,,,,,,,,,,,,,0.0,0.0,0.0,0.0,0.0,1.0,1.0
123.1,0x100,BMS_PackState,30.27,115.7,75.59,,,,,,,,,,,,,,,,,,,
123.2,0x100,BMS_PackState,30.27,115.10000000000001,75.7,,,,,,,,,,,,,,,,,,,
123.3,0x100,BMS_PackState,30.26,116.4,75.48,,,,,,,,,,,,,,,,,,,
123.4,0x100,BMS_PackState,30.26,116.2,75.65,,,,,,,,,,,,,,,,,,,
123.5,0x100,BMS_PackState,30.29,114.0,75.52,,,,,,,,,,,,,,,,,,,
123.5,0x101,BMS_CellVolt1,,,,3.793,3.795,3.7880000000000003,3.791,,,,,,,,,,,,,,,
123.5,0x102,BMS_CellVolt2,,,,,,,,3.821,3.6870000000000003,3.802,3.8080000000000003,,,,,,,,,,,
123.6,0x100,BMS_PackState,30.29,114.7,75.58,,,,,,,,,,,,,,,,,,,
123.7,0x100,BMS_PackState,30.27,114.9,75.60000000000001,,,,,,,,,,,,,,,,,,,
123.8,0x100,BMS_PackState,30.27,114.4,75.7,,,,,,,,,,,,,,,,,,,
123.9,0x100,BMS_PackState,30.27,115.2,75.45,,,,,,,,,,,,,,,,,,,
124.0,0x100,BMS_PackState,30.3,114.2,75.43,,,,,,,,,,,,,,,,,,,
124.0,0x101,BMS_CellVolt1,,,,3.7960000000000003,3.7960000000000003,3.791,3.79,,,,,,,,,,,,,,,
124.0,0x102,BMS_CellVolt2,,,,,,,,3.821,3.689,3.806,3.809,,,,,,,,,,,
124.0,0x103,BMS_Temps,,,,,,,,,,,,45.0,46.1,53.0,44.6,,,,,,,
124.0,0x104,BMS_Status,,,,,,,,,,,,,,,,0.0,0.0,0.0,0.0,0.0,1.0,1.0
124.1,0x100,BMS_PackState,30.34,110.10000000000001,75.72,,,,,,,,,,,,,,,,,,,
124.2,0x100,BMS_PackState,30.29,113.5,75.57000000000001,,,,,,,,,,,,,,,,,,,
124.3,0x100,BMS_PackState,30.34,109.60000000000001,75.42,,,,,,,,,,,,,,,,,,,
124.4,0x100,BMS_PackState,30.310000000000002,111.30000000000001,75.55,,,,,,,,,,,,,,,,,,,
124.5,0x100,BMS_PackState,30.35,109.2,75.54,,,,,,,,,,,,,,,,,,,
124.5,0x101,BMS_CellVolt1,,,,3.8000000000000003,3.805,3.794,3.798,,,,,,,,,,,,,,,
124.5,0x102,BMS_CellVolt2,,,,,,,,3.827,3.6990000000000003,3.811,3.814,,,,,,,,,,,
124.6,0x100,BMS_PackState,30.35,107.9,75.52,,,,,,,,,,,,,,,,,,,
124.7,0x100,BMS_PackState,30.39,105.10000000000001,75.60000000000001,,,,,,,,,,,,,,,,,,,
124.8,0x100,BMS_PackState,30.37,107.0,75.4,,,,,,,,,,,,,,,,,,,
124.9,0x100,BMS_PackState,30.41,104.2,75.57000000000001,,,,,,,,,,,,,,,,,,,
125.0,0x100,BMS_PackState,30.36,107.4,75.51,,,,,,,,,,,,,,,,,,,
125.0,0x101,BMS_CellVolt1,,,,3.803,3.806,3.797,3.802,,,,,,,,,,,,,,,
125.0,0x102,BMS_CellVolt2,,,,,,,,3.829,3.702,3.809,3.818,,,,,,,,,,,
125.0,0x103,BMS_Temps,,,,,,,,,,,,45.1,46.1,53.2,44.7,,,,,,,
125.0,0x104,BMS_Status,,,,,,,,,,,,,,,,0.0,0.0,0.0,0.0,0.0,1.0,1.0
125.1,0x100,BMS_PackState,30.37,107.60000000000001,75.55,,,,,,,,,,,,,,,,,,,
125.2,0x100,BMS_PackState,30.42,103.5,75.64,,,,,,,,,,,,,,,,,,,
125.3,0x100,BMS_PackState,30.39,104.60000000000001,75.64,,,,,,,,,,,,,,,,,,,
125.4,0x100,BMS_PackState,30.43,102.4,75.69,,,,,,,,,,,,,,,,,,,
125.5,0x100,BMS_PackState,30.42,102.0,75.34,,,,,,,,,,,,,,,,,,,
125.5,0x101,BMS_CellVolt1,,,,3.807,3.811,3.805,3.807,,,,,,,,,,,,,,,
125.5,0x102,BMS_CellVolt2,,,,,,,,3.8320000000000003,3.718,3.8200000000000003,3.823,,,,,,,,,,,
125.6,0x100,BMS_PackState,30.41,103.5,75.56,,,,,,,,,,,,,,,,,,,
125.7,0x100,BMS_PackState,30.43,101.7,75.60000000000001,,,,,,,,,,,,,,,,,,,
125.8,0x100,BMS_PackState,30.42,103.80000000000001,75.45,,,,,,,,,,,,,,,,,,,
125.9,0x100,BMS_PackState,30.46,99.9,75.5,,,,,,,,,,,,,,,,,,,
126.0,0x100,BMS_PackState,30.44,101.5,75.63,,,,,,,,,,,,,,,,,,,
126.0,0x101,BMS_CellVolt1,,,,3.811,3.8160000000000003,3.805,3.81,,,,,,,,,,,,,,,
126.0,0x102,BMS_CellVolt2,,,,,,,,3.835,3.719,3.821,3.821,,,,,,,,,,,
126.0,0x103,BMS_Temps,,,,,,,,,,,,45.2,46.1,53.2,44.7,,,,,,,
126.0,0x104,BMS_Status,,,,,,,,,,,,,,,,0.0,0.0,0.0,0.0,0.0,1.0,1.0
126.1,0x100,BMS_PackState,30.47,99.60000000000001,75.48,,,,,,,,,,,,,,,,,,,
126.2,0x100,BMS_PackState,30.45,100.2,75.62,,,,,,,,,,,,,,,,,,,
126.3,0x100,BMS_PackState,30.48,97.80000000000001,75.48,,,,,,,,,,,,,,,,,,,
126.4,0x100,BMS_PackState,30.47,97.9,75.53,,,,,,,,,,,,,,,,,,,
126.5,0x100,BMS_PackState,30.490000000000002,97.30000000000001,75.57000000000001,,,,,,,,,,,,,,,,,,,
126.5,0x101,BMS_CellVolt1,,,,3.818,3.822,3.814,3.817,,,,,,,,,,,,,,,
126.5,0x102,BMS_CellVolt2,,,,,,,,3.84,3.728,3.826,3.8280000000000003,,,,,,,,,,,
126.6,0x100,BMS_PackState,30.5,95.80000000000001,75.36,,,,,,,,,,,,,,,,,,,
126.7,0x100,BMS_PackState,30.490000000000002,97.5,75.51,,,,,,,,,,,,,,,,,,,
126.8,0x100,BMS_PackState,30.490000000000002,97.10000000000001,75.41,,,,,,,,,,,,,,,,,,,
126.9,0x100,BMS_PackState,30.5,96.60000000000001,75.58,,,,,,,,,,,,,,,,,,,
127.0,0x100,BMS_PackState,30.48,97.60000000000001,75.42,,,,,,,,,,,,,,,,,,,
127.0,0x101,BMS_CellVolt1,,,,3.818,3.821,3.811,3.8160000000000003,,,,,,,,,,,,,,,
127.0,0x102,BMS_CellVolt2,,,,,,,,3.8360000000000003,3.726,3.825,3.831,,,,,,,,,,,
127.0,0x103,BMS_Temps,,,,,,,,,,,,44.900000000000006,46.0,52.900000000000006,44.400000000000006,,,,,,,
127.0,0x104,BMS_Status,,,,,,,,,,,,,,,,0.0,0.0,0.0,0.0,0.0,1.0,1.0
127.1,0x100,BMS_PackState,30.490000000000002,97.10000000000001,75.41,,,,,,,,,,,,,,,,,,,
127.2,0x100,BMS_PackState,30.52,93.9,75.36,,,,,,,,,,,,,,,,,,,
127.3,0x100,BMS_PackState,30.52,94.7,75.43,,,,,,,,,,,,,,,,,,,
127.4,0x100,BMS_PackState,30.54,92.9,75.49,,,,,,,,,,,,,,,,,,,
127.5,0x100,BMS_PackState,30.53,93.5,75.43,,,,,,,,,,,,,,,,,,,
127.5,0x101,BMS_CellVolt1,,,,3.821,3.8280000000000003,3.818,3.821,,,,,,,,,,,,,,,
127.5,0x102,BMS_CellVolt2,,,,,,,,3.842,3.735,3.8320000000000003,3.831,,,,,,,,,,,
127.6,0x100,BMS_PackState,30.55,92.30000000000001,75.64,,,,,,,,,,,,,,,,,,,
127.7,0x100,BMS_PackState,30.51,95.30000000000001,75.37,,,,,,,,,,,,,,,,,,,
127.8,0x100,BMS_PackState,30.54,93.10000000000001,75.33,,,,,,,,,,,,,,,,,,,
127.9,0x100,BMS_PackState,30.560000000000002,92.0,75.39,,,,,,,,,,,,,,,,,,,
128.0,0x100,BMS_PackState,30.53,93.9,75.44,,,,,,,,,,,,,,,,,,,
128.0,0x101,BMS_CellVolt1,,,,3.825,3.8240000000000003,3.818,3.821,,,,,,,,,,,,,,,
128.0,0x102,BMS_CellVolt2,,,,,,,,3.844,3.733,3.829,3.835,,,,,,,,,,,
128.0,0x103,BMS_Temps,,,,,,,,,,,,44.6,45.6,52.400000000000006,44.2,,,,,,,
128.0,0x104,BMS_Status,,,,,,,,,,,,,,,,0.0,0.0,0.0,0.0,0.0,1.0,1.0
128.1,0x100,BMS_PackState,30.6,88.60000000000001,75.27,,,,,,,,,,,,,,,,,,,
128.2,0x100,BMS_PackState,30.580000000000002,88.60000000000001,75.52,,,,,,,,,,,,,,,,,,,
128.3,0x100,BMS_PackState,30.54,92.60000000000001,75.36,,,,,,,,,,,,,,,,,,,
128.4,0x100,BMS_PackState,30.55,91.30000000000001,75.55,,,,,,,,,,,,,,,,,,,
128.5,0x100,BMS_PackState,30.55,91.4,75.51,,,,,,,,,,,,,,,,,,,
128.5,0x101,BMS_CellVolt1,,,,3.825,3.826,3.8200000000000003,3.825,,,,,,,,,,,,,,,
128.5,0x102,BMS_CellVolt2,,,,,,,,3.847,3.743,3.83,3.8360000000000003,,,,,,,,,,,
128.6,0x100,BMS_PackState,30.580000000000002,88.9,75.44,,,,,,,,,,,,,,,,,,,
128.7,0x100,BMS_PackState,30.57,90.7,75.37,,,,,,,,,,,,,,,,,,,
128.8,0x100,BMS_PackState,30.53,93.60000000000001,75.26,,,,,,,,,,,,,,,,,,,
128.9,0x100,BMS_PackState,30.560000000000002,91.7,75.3,,,,,,,,,,,,,,,,,,,
129.0,0x100,BMS_PackState,30.57,90.60000000000001,75.25,,,,,,,,,,,,,,,,,,,
129.0,0x101,BMS_CellVolt1,,,,3.826,3.8320000000000003,3.819,3.823,,,,,,,,,,,,,,,
129.0,0x102,BMS_CellVolt2,,,,,,,,3.85,3.742,3.834,3.839,,,,,,,,,,,
129.0,0x103,BMS_Temps,,,,,,,,,,,,44.300000000000004,45.300000000000004,52.1,43.900000000000006,,,,,,,
129.0,0x104,BMS_Status,,,,,,,,,,,,,,,,0.0,0.0,0.0,0.0,0.0,1.0,1.0
129.1,0x100,BMS_PackState,30.57,89.60000000000001,75.24,,,,,,,,,,,,,,,,,,,
129.2,0x100,BMS_PackState,30.580000000000002,89.5,75.37,,,,,,,,,,,,,,,,,,,
129.3,0x100,BMS_PackState,30.62,86.9,75.37,,,,,,,,,,,,,,,,,,,
129.4,0x100,BMS_PackState,30.57,90.4,75.18,,,,,,,,,,,,,,,,,,,
129.5,0x100,BMS_PackState,30.560000000000002,91.2,75.28,,,,,,,,,,,,,,,,,,,
129.5,0x101,BMS_CellVolt1,,,,3.827,3.8280000000000003,3.819,3.826,,,,,,,,,,,,,,,
129.5,0x102,BMS_CellVolt2,,,,,,,,3.848,3.741,3.8320000000000003,3.837,,,,,,,,,,,
129.6,0x100,BMS_PackState,30.6,87.5,75.25,,,,,,,,,,,,,,,,,,,
129.7,0x100,BMS_PackState,30.580000000000002,88.80000000000001,75.47,,,,,,,,,,,,,,,,,,,
129.8,0x100,BMS_PackState,30.59,88.0,75.11,,,,,,,,,,,,,,,,,,,
129.9,0x100,BMS_PackState,30.6,88.30000000000001,75.5,,,,,,,,,,,,,,,,,,,
130.0,0x100,BMS_PackState,30.57,89.80000000000001,75.37,,,,,,,,,,,,,,,,,,,
130.0,0x101,BMS_CellVolt1,,,,3.827,3.829,3.822,3.825,,,,,,,,,,,,,,,
130.0,0x102,BMS_CellVolt2,,,,,,,,3.849,3.743,3.8360000000000003,3.838,,,,,,,,,,,
130.0,0x103,BMS_Temps,,,,,,,,,,,,44.0,45.0,51.6,43.6,,,,,,,
130.0,0x104,BMS_Status,,,,,,,,,,,,,,,,0.0,0.0,0.0,0.0,0.0,1.0,1.0
130.1,0x100,BMS_PackState,30.61,86.60000000000001,75.05,,,,,,,,,,,,,,,,,,,
130.2,0x100,BMS_PackState,30.560000000000002,90.60000000000001,75.23,,,,,,,,,,,,,,,,,,,
130.3,0x100,BMS_PackState,30.560000000000002,90.80000000000001,75.34,,,,,,,,,,,,,,,,,,,
130.4,0x100,BMS_PackState,30.57,89.30000000000001,75.22,,,,,,,,,,,,,,,,,,,
130.5,0x100,BMS_PackState,30.61,85.9,75.26,,,,,,,,,,,,,,,,,,,
130.5,0x101,BMS_CellVolt1,,,,3.8320000000000003,3.835,3.826,3.83,,,,,,,,,,,,,,,
130.5,0x102,BMS_CellVolt2,,,,,,,,3.856,3.75,3.84,3.841,,,,,,,,,,,
130.6,0x100,BMS_PackState,30.59,88.10000000000001,75.51,,,,,,,,,,,,,,,,,,,
130.7,0x100,BMS_PackState,30.560000000000002,91.5,75.23,,,,,,,,,,,,,,,,,,,
130.8,0x100,BMS_PackState,30.62,85.5,75.16,,,,,,,,,,,,,,,,,,,
130.9,0x100,BMS_PackState,30.580000000000002,89.10000000000001,75.36,,,,,,,,,,,,,,,,,,,
131.0,0x100,BMS_PackState,30.59,87.9,75.12,,,,,,,,,,,,,,,,,,,
131.0,0x101,BMS_CellVolt1,,,,3.83,3.8320000000000003,3.826,3.825,,,,,,,,,,,,,,,
131.0,0x102,BMS_CellVolt2,,,,,,,,3.85,3.751,3.84,3.84,,,,,,,,,,,
131.0,0x103,BMS_Temps,,,,,,,,,,,,43.7,44.6,51.2,43.2,,,,,,,
131.0,0x104,BMS_Status,,,,,,,,,,,,,,,,0.0,0.0,0.0,0.0,0.0,1.0,1.0
131.1,0x100,BMS_PackState,30.560000000000002,90.9,75.33,,,,,,,,,,,,,,,,,,,
131.2,0x100,BMS_PackState,30.580000000000002,88.7,75.31,,,,,,,,,,,,,,,,,,,
131.3,0x100,BMS_PackState,30.57,90.30000000000001,75.43,,,,,,,,,,,,,,,,,,,
131.4,0x100,BMS_PackState,30.55,90.60000000000001,75.28,,,,,,,,,,,,,,,,,,,
131.5,0x100,BMS_PackState,30.52,92.5,75.21000000000001,,,,,,,,,,,,,,,,,,,
131.5,0x101,BMS_CellVolt1,,,,3.8200000000000003,3.823,3.815,3.818,,,,,,,,,,,,,,,
131.5,0x102,BMS_CellVolt2,,,,,,,,3.843,3.739,3.83,3.834,,,,,,,,,,,
131.6,0x100,BMS_PackState,30.580000000000002,89.4,75.23,,,,,,,,,,,,,,,,,,,
131.7,0x100,BMS_PackState,30.560000000000002,90.30000000000001,75.44,,,,,,,,,,,,,,,,,,,
131.8,0x100,BMS_PackState,30.59,87.5,75.23,,,,,,,,,,,,,,,,,,,
131.9,0x100,BMS_PackState,30.55,91.60000000000001,75.2,,,,,,,,,,,,,,,,,,,
132.0,0x100,BMS_PackState,30.580000000000002,88.7,75.21000000000001,,,,,,,,,,,,,,,,,,,
132.0,0x101,BMS_CellVolt1,,,,3.829,3.8280000000000003,3.822,3.83,,,,,,,,,,,,,,,
132.0,0x102,BMS_CellVolt2,,,,,,,,3.848,3.747,3.834,3.841,,,,,,,,,,,
132.0,0x103,BMS_Temps,,,,,,,,,,,,43.300000000000004,44.300000000000004,50.5,43.1,,,,,,,
132.0,0x104,BMS_Status,,,,,,,,,,,,,,,,0.0,0.0,0.0,0.0,0.0,1.0,1.0
132.1,0x100,BMS_PackState,30.57,89.0,75.26,,,,,,,,,,,,,,,,,,,
132.2,0x100,BMS_PackState,30.57,89.80000000000001,75.17,,,,,,,,,,,,,,,,,,,
132.3,0x100,BMS_PackState,30.59,87.5,75.10000000000001,,,,,,,,,,,,,,,,,,,
132.4,0x100,BMS_PackState,30.55,90.2,75.13,,,,,,,,,,,,,,,,,,,
132.5,0x100,BMS_PackState,30.55,91.30000000000001,75.10000000000001,,,,,,,,,,,,,,,,,,,
132.5,0x101,BMS_CellVolt1,,,,3.825,3.825,3.822,3.823,,,,,,,,,,,,,,,
132.5,0x102,BMS_CellVolt2,,,,,,,,3.845,3.742,3.835,3.8360000000000003,,,,,,,,,,,
132.6,0x100,BMS_PackState,30.54,90.30000000000001,75.17,,,,,,,,,,,,,,,,,,,
132.7,0x100,BMS_PackState,30.580000000000002,87.5,75.12,,,,,,,,,,,,,,,,,,,
132.8,0x100,BMS_PackState,30.560000000000002,89.7,75.16,,,,,,,,,,,,,,,,,,,
132.9,0x100,BMS_PackState,30.55,91.0,75.16,,,,,,,,,,,,,,,,,,,
133.0,0x100,BMS_PackState,30.6,87.10000000000001,75.19,,,,,,,,,,,,,,,,,,,
133.0,0x101,BMS_CellVolt1,,,,3.83,3.8320000000000003,3.826,3.8320000000000003,,,,,,,,,,,,,,,
133.0,0x102,BMS_CellVolt2,,,,,,,,3.851,3.748,3.835,3.844,,,,,,,,,,,
133.0,0x103,BMS_Temps,,,,,,,,,,,,43.1,43.900000000000006,50.300000000000004,42.7,,,,,,,
133.0,0x104,BMS_Status,,,,,,,,,,,,,,,,0.0,0.0,0.0,0.0,0.0,1.0,1.0
133.1,0x100,BMS_PackState,30.580000000000002,88.4,75.06,,,,,,,,,,,,,,,,,,,
133.2,0x100,BMS_PackState,30.53,91.30000000000001,75.33,,,,,,,,,,,,,,,,,,,
133.3,0x100,BMS_PackState,30.560000000000002,90.4,75.28,,,,,,,,,,,,,,,,,,,
133.4,0x100,BMS_PackState,30.55,90.7,75.2,,,,,,,,,,,,,,,,,,,
133.5,0x100,BMS_PackState,30.52,92.9,75.22,,,,,,,,,,,,,,,,,,,
133.5,0x101,BMS_CellVolt1,,,,3.819,3.8240000000000003,3.8120000000000003,3.819,,,,,,,,,,,,,,,
133.5,0x102,BMS_CellVolt2,,,,,,,,3.842,3.737,3.8280000000000003,3.834,,,,,,,,,,,
133.6,0x100,BMS_PackState,30.55,90.80000000000001,75.02,,,,,,,,,,,,,,,,,,,
133.7,0x100,BMS_PackState,30.55,91.2,75.07000000000001,,,,,,,,,,,,,,,,,,,
133.8,0x100,BMS_PackState,30.5,94.30000000000001,75.08,,,,,,,,,,,,,,,,,,,
133.9,0x100,BMS_PackState,30.55,89.9,74.98,,,,,,,,,,,,,,,,,,,
134.0,0x100,BMS_PackState,30.59,89.10000000000001,75.08,,,,,,,,,,,,,,,,,,,
134.0,0x101,BMS_CellVolt1,,,,3.829,3.831,3.826,3.827,,,,,,,,,,,,,,,
134.0,0x102,BMS_CellVolt2,,,,,,,,3.851,3.747,3.837,3.837,,,,,,,,,,,
134.0,0x103,BMS_Temps,,,,,,,,,,,,42.900000000000006,43.7,50.1,42.400000000000006,,,,,,,
134.0,0x104,BMS_Status,,,,,,,,,,,,,,,,0.0,0.0,0.0,0.0,0.0,1.0,1.0
134.1,0x100,BMS_PackState,30.54,91.0,75.34,,,,,,,,,,,,,,,,,,,
134.2,0x100,BMS_PackState,30.55,91.10000000000001,75.12,,,,,,,,,,,,,,,,,,,
134.3,0x100,BMS_PackState,30.560000000000002,89.7,75.26,,,,,,,,,,,,,,,,,,,
134.4,0x100,BMS_PackState,30.560000000000002,89.10000000000001,75.24,,,,,,,,,,,,,,,,,,,
134.5,0x100,BMS_PackState,30.51,94.2,75.0,,,,,,,,,,,,,,,,,,,
134.5,0x101,BMS_CellVolt1,,,,3.8200000000000003,3.8240000000000003,3.814,3.817,,,,,,,,,,,,,,,
134.5,0x102,BMS_CellVolt2,,,,,,,,3.841,3.732,3.83,3.829,,,,,,,,,,,
134.6,0x100,BMS_PackState,30.53,91.30000000000001,75.09,,,,,,,,,,,,,,,,,,,
134.7,0x100,BMS_PackState,30.55,89.80000000000001,75.04,,,,,,,,,,,,,,,,,,,
134.8,0x100,BMS_PackState,30.53,92.4,75.17,,,,,,,,,,,,,,,,,,,
134.9,0x100,BMS_PackState,30.54,91.0,75.12,,,,,,,,,,,,,,,,,,,
135.0,0x100,BMS_PackState,30.54,90.9,75.24,,,,,,,,,,,,,,,,,,,
135.0,0x101,BMS_CellVolt1,,,,3.823,3.8280000000000003,3.819,3.819,,,,,,,,,,,,,,,
135.0,0x102,BMS_CellVolt2,,,,,,,,3.848,3.739,3.834,3.831,,,,,,,,,,,
135.0,0x103,BMS_Temps,,,,,,,,,,,,42.800000000000004,43.6,49.7,42.400000000000006,,,,,,,
135.0,0x104,BMS_Status,,,,,,,,,,,,,,,,0.0,0.0,0.0,0.0,0.0,1.0,1.0
135.1,0x100,BMS_PackState,30.52,92.30000000000001,75.08,,,,,,,,,,,,,,,,,,,
135.2,0x100,BMS_PackState,30.560000000000002,89.7,75.14,,,,,,,,,,,,,,,,,,,
135.3,0x100,BMS_PackState,30.53,92.4,74.99,,,,,,,,,,,,,,,,,,,
135.4,0x100,BMS_PackState,30.490000000000002,94.9,74.9,,,,,,,,,,,,,,,,,,,
135.5,0x100,BMS_PackState,30.52,92.9,75.11,,,,,,,,,,,,,,,,,,,
135.5,0x101,BMS_CellVolt1,,,,3.8200000000000003,3.825,3.818,3.819,,,,,,,,,,,,,,,
135.5,0x102,BMS_CellVolt2,,,,,,,,3.841,3.737,3.8240000000000003,3.8320000000000003,,,,,,,,,,,
135.6,0x100,BMS_PackState,30.53,91.9,75.05,,,,,,,,,,,,,,,,,,,
135.7,0x100,BMS_PackState,30.52,91.9,75.09,,,,,,,,,,,,,,,,,,,
135.8,0x100,BMS_PackState,30.52,92.30000000000001,75.17,,,,,,,,,,,,,,,,,,,
135.9,0x100,BMS_PackState,30.52,92.80000000000001,75.06,,,,,,,,,,,,,,,,,,,
136.0,0x100,BMS_PackState,30.52,92.9,75.10000000000001,,,,,,,,,,,,,,,,,,,
136.0,0x101,BMS_CellVolt1,,,,3.821,3.822,3.815,3.8200000000000003,,,,,,,,,,,,,,,
136.0,0x102,BMS_CellVolt2,,,,,,,,3.844,3.734,3.8320000000000003,3.831,,,,,,,,,,,
136.0,0x103,BMS_Temps,,,,,,,,,,,,42.5,43.400000000000006,49.6,42.2,,,,,,,
136.0,0x104,BMS_Status,,,,,,,,,,,,,,,,0.0,0.0,0.0,0.0,0.0,1.0,1.0
136.1,0x100,BMS_PackState,30.47,95.2,75.12,,,,,,,,,,,,,,,,,,,
136.2,0x100,BMS_PackState,30.53,91.5,75.0,,,,,,,,,,,,,,,,,,,
136.3,0x100,BMS_PackState,30.48,95.7,74.94,,,,,,,,,,,,,,,,,,,
136.4,0x100,BMS_PackState,30.5,94.2,75.2,,,,,,,,,,,,,,,,,,,
136.5,0x100,BMS_PackState,30.490000000000002,95.7,75.03,,,,,,,,,,,,,,,,,,,
136.5,0x101,BMS_CellVolt1,,,,3.8160000000000003,3.821,3.8120000000000003,3.819,,,,,,,,,,,,,,,
136.5,0x102,BMS_CellVolt2,,,,,,,,3.838,3.729,3.823,3.83,,,,,,,,,,,
136.6,0x100,BMS_PackState,30.5,93.80000000000001,75.02,,,,,,,,,,,,,,,,,,,
136.7,0x100,BMS_PackState,30.45,97.9,74.89,,,,,,,,,,,,,,,,,,,
136.8,0x100,BMS_PackState,30.44,98.2,75.0,,,,,,,,,,,,,,,,,,,
136.9,0x100,BMS_PackState,30.45,98.10000000000001,75.01,,,,,,,,,,,,,,,,,,,
137.0,0x100,BMS_PackState,30.490000000000002,94.9,74.88,,,,,,,,,,,,,,,,,,,
137.0,0x101,BMS_CellVolt1,,,,3.817,3.819,3.814,3.813,,,,,,,,,,,,,,,
137.0,0x102,BMS_CellVolt2,,,,,,,,3.843,3.731,3.825,3.831,,,,,,,,,,,
137.0,0x103,BMS_Temps,,,,,,,,,,,,42.6,43.5,49.5,42.1,,,,,,,
137.0,0x104,BMS_Status,,,,,,,,,,,,,,,,0.0,0.0,0.0,0.0,0.0,1.0,1.0
137.1,0x100,BMS_PackState,30.43,98.80000000000001,75.04,,,,,,,,,,,,,,,,,,,
137.2,0x100,BMS_PackState,30.44,98.7,74.93,,,,,,,,,,,,,,,,,,,
137.3,0x100,BMS_PackState,30.47,96.10000000000001,74.73,,,,,,,,,,,,,,,,,,,
137.4,0x100,BMS_PackState,30.44,99.0,74.9,,,,,,,,,,,,,,,,,,,
137.5,0x100,BMS_PackState,30.42,100.10000000000001,75.04,,,,,,,,,,,,,,,,,,,
137.5,0x101,BMS_CellVolt1,,,,3.8040000000000003,3.814,3.8040000000000003,3.806,,,,,,,,,,,,,,,
137.5,0x102,BMS_CellVolt2,,,,,,,,3.834,3.719,3.8200000000000003,3.822,,,,,,,,,,,
137.6,0x100,BMS_PackState,30.400000000000002,100.9,74.85000000000001,,,,,,,,,,,,,,,,,,,
137.7,0x100,BMS_PackState,30.400000000000002,100.9,75.17,,,,,,,,,,,,,,,,,,,
137.8,0x100,BMS_PackState,30.39,101.60000000000001,74.97,,,,,,,,,,,,,,,,,,,
137.9,0x100,BMS_PackState,30.37,104.0,75.14,,,,,,,,,,,,,,,,,,,
138.0,0x100,BMS_PackState,30.36,104.2,74.81,,,,,,,,,,,,,,,,,,,
138.0,0x101,BMS_CellVolt1,,,,3.801,3.799,3.795,3.805,,,,,,,,,,,,,,,
138.0,0x102,BMS_CellVolt2,,,,,,,,3.8280000000000003,3.708,3.811,3.81,,,,,,,,,,,
138.0,0x103,BMS_Temps,,,,,,,,,,,,42.5,43.400000000000006,49.6,42.2,,,,,,,
138.0,0x104,BMS_Status,,,,,,,,,,,,,,,,0.0,0.0,0.0,0.0,0.0,1.0,1.0
138.1,0x100,BMS_PackState,30.43,98.60000000000001,74.79,,,,,,,,,,,,,,,,,,,
138.2,0x100,BMS_PackState,30.38,103.10000000000001,74.88,,,,,,,,,,,,,,,,,,,
138.3,0x100,BMS_PackState,30.37,103.9,74.77,,,,,,,,,,,,,,,,,,,
138.4,0x100,BMS_PackState,30.39,102.10000000000001,74.85000000000001,,,,,,,,,,,,,,,,,,,
138.5,0x100,BMS_PackState,30.35,105.5,75.05,,,,,,,,,,,,,,,,,,,
138.5,0x101,BMS_CellVolt1,,,,3.799,3.805,3.7960000000000003,3.8000000000000003,,,,,,,,,,,,,,,
138.5,0x102,BMS_CellVolt2,,,,,,,,3.825,3.701,3.809,3.811,,,,,,,,,,,
138.6,0x100,BMS_PackState,30.32,107.9,74.85000000000001,,,,,,,,,,,,,,,,,,,
138.7,0x100,BMS_PackState,30.34,105.0,74.72,,,,,,,,,,,,,,,,,,,
138.8,0x100,BMS_PackState,30.32,107.80000000000001,74.9,,,,,,,,,,,,,,,,,,,
138.9,0x100,BMS_PackState,30.330000000000002,106.60000000000001,75.0,,,,,,,,,,,,,,,,,,,
139.0,0x100,BMS_PackState,30.32,107.60000000000001,74.67,,,,,,,,,,,,,,,,,,,
139.0,0x101,BMS_CellVolt1,,,,3.793,3.802,3.795,3.794,,,,,,,,,,,,,,,
139.0,0x102,BMS_CellVolt2,,,,,,,,3.823,3.698,3.803,3.811,,,,,,,,,,,
139.0,0x103,BMS_Temps,,,,,,,,,,,,42.800000000000004,43.6,50.0,42.400000000000006,,,,,,,
139.0,0x104,BMS_Status,,,,,,,,,,,,,,,,0.0,0.0,0.0,0.0,0.0,1.0,1.0
139.1,0x100,BMS_PackState,30.27,111.5,74.72,,,,,,,,,,,,,,,,,,,
139.2,0x100,BMS_PackState,30.29,109.10000000000001,74.85000000000001,,,,,,,,,,,,,,,,,,,
139.3,0x100,BMS_PackState,30.27,111.30000000000001,74.72,,,,,,,,,,,,,,,,,,,
139.4,0x100,BMS_PackState,30.29,108.5,74.82000000000001,,,,,,,,,,,,,,,,,,,
139.5,0x100,BMS_PackState,30.22,114.7,74.97,,,,,,,,,,,,,,,,,,,
139.5,0x101,BMS_CellVolt1,,,,3.786,3.789,3.7800000000000002,3.782,,,,,,,,,,,,,,,
139.5,0x102,BMS_CellVolt2,,,,,,,,3.811,3.678,3.794,3.799,,,,,,,,,,,
139.6,0x100,BMS_PackState,30.23,113.5,74.79,,,,,,,,,,,,,,,,,,,
139.7,0x100,BMS_PackState,30.25,113.0,74.86,,,,,,,,,,,,,,,,,,,
139.8,0x100,BMS_PackState,30.22,114.80000000000001,74.86,,,,,,,,,,,,,,,,,,,
139.9,0x100,BMS_PackState,30.25,112.4,74.73,,,,,,,,,,,,,,,,,,,
140.0,0x100,BMS_PackState,30.19,116.9,74.69,,,,,,,,,,,,,,,,,,,
140.0,0x101,BMS_CellVolt1,,,,3.7800000000000002,3.785,3.777,3.778,,,,,,,,,,,,,,,
140.0,0x102,BMS_CellVolt2,,,,,,,,3.807,3.6750000000000003,3.794,3.7920000000000003,,,,,,,,,,,
140.0,0x103,BMS_Temps,,,,,,,,,,,,43.2,44.0,50.400000000000006,42.800000000000004,,,,,,,
140.0,0x104,BMS_Status,,,,,,,,,,,,,,,,0.0,0.0,0.0,0.0,0.0,1.0,1.0
140.1,0x100,BMS_PackState,30.22,115.30000000000001,74.89,,,,,,,,,,,,,,,,,,,
140.2,0x100,BMS_PackState,30.2,116.10000000000001,74.79,,,,,,,,,,,,,,,,,,,
140.3,0x100,BMS_PackState,30.2,116.30000000000001,74.8,,,,,,,,,,,,,,,,,,,
140.4,0x100,BMS_PackState,30.19,116.80000000000001,74.77,,,,,,,,,,,,,,,,,,,
140.5,0x100,BMS_PackState,30.17,119.30000000000001,74.75,,,,,,,,,,,,,,,,,,,
140.5,0x101,BMS_CellVolt1,,,,3.778,3.7800000000000002,3.774,3.777,,,,,,,,,,,,,,,
140.5,0x102,BMS_CellVolt2,,,,,,,,3.809,3.6670000000000003,3.791,3.791,,,,,,,,,,,
140.6,0x100,BMS_PackState,30.16,119.2,74.78,,,,,,,,,,,,,,,,,,,
140.7,0x100,BMS_PackState,30.14,120.30000000000001,74.64,,,,,,,,,,,,,,,,,,,
140.8,0x100,BMS_PackState,30.16,119.9,74.79,,,,,,,,,,,,,,,,,,,
140.9,0x100,BMS_PackState,30.13,121.2,74.64,,,,,,,,,,,,,,,,,,,
141.0,0x100,BMS_PackState,30.150000000000002,120.30000000000001,74.97,,,,,,,,,,,,,,,,,,,
141.0,0x101,BMS_CellVolt1,,,,3.777,3.7800000000000002,3.771,3.7680000000000002,,,,,,,,,,,,,,,
141.0,0x102,BMS_CellVolt2,,,,,,,,3.811,3.666,3.786,3.789,,,,,,,,,,,
141.0,0x103,BMS_Temps,,,,,,,,,,,,43.7,44.800000000000004,51.300000000000004,43.300000000000004,,,,,,,
141.0,0x104,BMS_Status,,,,,,,,,,,,,,,,0.0,0.0,0.0,0.0,0.0,1.0,1.0
141.1,0x100,BMS_PackState,30.09,124.80000000000001,74.79,,,,,,,,,,,,,,,,,,,
141.2,0x100,BMS_PackState,30.150000000000002,119.5,74.75,,,,,,,,,,,,,,,,,,,
141.3,0x100,BMS_PackState,30.09,124.2,74.61,,,,,,,,,,,,,,,,,,,
141.4,0x100,BMS_PackState,30.080000000000002,124.80000000000001,74.82000000000001,,,,,,,,,,,,,,,,,,,
141.5,0x100,BMS_PackState,30.12,121.9,74.66,,,,,,,,,,,,,,,,,,,
141.5,0x101,BMS_CellVolt1,,,,3.777,3.778,3.767,3.7720000000000002,,,,,,,,,,,,,,,
141.5,0x102,BMS_CellVolt2,,,,,,,,3.801,3.6550000000000002,3.783,3.789,,,,,,,,,,,
141.6,0x100,BMS_PackState,30.05,126.9,74.76,,,,,,,,,,,,,,,,,,,
141.7,0x100,BMS_PackState,30.080000000000002,125.4,74.62,,,,,,,,,,,,,,,,,,,
141.8,0x100,BMS_PackState,30.07,125.7,74.49,,,,,,,,,,,,,,,,,,,
141.9,0x100,BMS_PackState,30.080000000000002,124.60000000000001,74.83,,,,,,,,,,,,,,,,,,,
142.0,0x100,BMS_PackState,30.1,124.5,74.73,,,,,,,,,,,,,,,,,,,
142.0,0x101,BMS_CellVolt1,,,,3.771,3.7760000000000002,3.7680000000000002,3.767,,,,,,,,,,,,,,,
142.0,0x102,BMS_CellVolt2,,,,,,,,3.7960000000000003,3.654,3.783,3.783,,,,,,,,,,,
142.0,0x103,BMS_Temps,,,,,,,,,,,,44.400000000000006,45.400000000000006,52.300000000000004,44.1,,,,,,,
142.0,0x104,BMS_Status,,,,,,,,,,,,,,,,0.0,0.0,0.0,0.0,0.0,1.0,1.0
142.1,0x100,BMS_PackState,30.07,124.80000000000001,74.62,,,,,,,,,,,,,,,,,,,
142.2,0x100,BMS_PackState,30.07,125.9,74.85000000000001,,,,,,,,,,,,,,,,,,,
142.3,0x100,BMS_PackState,30.05,127.60000000000001,74.65,,,,,,,,,,,,,,,,,,,
142.4,0x100,BMS_PackState,30.060000000000002,126.0,74.76,,,,,,,,,,,,,,,,,,,
142.5,0x100,BMS_PackState,30.07,124.5,74.47,,,,,,,,,,,,,,,,,,,
142.5,0x101,BMS_CellVolt1,,,,3.77,3.7680000000000002,3.759,3.766,,,,,,,,,,,,,,,
142.5,0x102,BMS_CellVolt2,,,,,,,,3.7960000000000003,3.653,3.7800000000000002,3.783,,,,,,,,,,,
142.6,0x100,BMS_PackState,30.060000000000002,127.2,74.60000000000001,,,,,,,,,,,,,,,,,,,
142.7,0x100,BMS_PackState,30.05,127.5,74.59,,,,,,,,,,,,,,,,,,,
142.8,0x100,BMS_PackState,30.05,127.10000000000001,74.52,,,,,,,,,,,,,,,,,,,
142.9,0x100,BMS_PackState,30.04,127.30000000000001,74.52,,,,,,,,,,,,,,,,,,,
143.0,0x100,BMS_PackState,30.060000000000002,125.80000000000001,74.62,,,,,,,,,,,,,,,,,,,
143.0,0x101,BMS_CellVolt1,,,,3.766,3.769,3.7600000000000002,3.766,,,,,,,,,,,,,,,
143.0,0x102,BMS_CellVolt2,,,,,,,,3.795,3.649,3.778,3.782,,,,,,,,,,,
143.0,0x103,BMS_Temps,,,,,,,,,,,,45.300000000000004,46.400000000000006,53.300000000000004,44.900000000000006,,,,,,,
143.0,0x104,BMS_Status,,,,,,,,,,,,,,,,0.0,0.0,0.0,0.0,0.0,1.0,1.0
143.1,0x100,BMS_PackState,30.080000000000002,124.80000000000001,74.58,,,,,,,,,,,,,,,,,,,
143.2,0x100,BMS_PackState,30.07,124.80000000000001,74.57000000000001,,,,,,,,,,,,,,,,,,,
143.3,0x100,BMS_PackState,30.09,123.60000000000001,74.53,,,,,,,,,,,,,,,,,,,
143.4,0x100,BMS_PackState,30.060000000000002,126.30000000000001,74.68,,,,,,,,,,,,,,,,,,,
143.5,0x100,BMS_PackState,30.080000000000002,125.7,74.44,,,,,,,,,,,,,,,,,,,
143.5,0x101,BMS_CellVolt1,,,,3.7680000000000002,3.769,3.7600000000000002,3.7680000000000002,,,,,,,,,,,,,,,
143.5,0x102,BMS_CellVolt2,,,,,,,,3.795,3.652,3.7800000000000002,3.782,,,,,,,,,,,
143.6,0x100,BMS_PackState,30.07,125.0,74.57000000000001,,,,,,,,,,,,,,,,,,,
143.7,0x100,BMS_PackState,30.12,121.10000000000001,74.51,,,,,,,,,,,,,,,,,,,
143.8,0x100,BMS_PackState,30.09,123.4,74.49,,,,,,,,,,,,,,,,,,,
143.9,0x100,BMS_PackState,30.05,126.7,74.32000000000001,,,,,,,,,,,,,,,,,,,
144.0,0x100,BMS_PackState,30.080000000000002,123.80000000000001,74.53,,,,,,,,,,,,,,,,,,,
144.0,0x101,BMS_CellVolt1,,,,3.767,3.771,3.763,3.766,,,,,,,,,,,,,,,
144.0,0x102,BMS_CellVolt2,,,,,,,,3.797,3.653,3.781,3.781,,,,,,,,,,,
144.0,0x103,BMS_Temps,,,,,,,,,,,,45.900000000000006,46.900000000000006,54.2,45.5,,,,,,,
144.0,0x104,BMS_Status,,,,,,,,,,,,,,,,0.0,0.0,0.0,0.0,0.0,1.0,1.0
144.1,0x100,BMS_PackState,30.080000000000002,125.0,74.47,,,,,,,,,,,,,,,,,,,
144.2,0x100,BMS_PackState,30.11,122.10000000000001,74.55,,,,,,,,,,,,,,,,,,,
144.3,0x100,BMS_PackState,30.07,126.0,74.82000000000001,,,,,,,,,,,,,,,,,,,
144.4,0x100,BMS_PackState,30.09,123.2,74.52,,,,,,,,,,,,,,,,,,,
144.5,0x100,BMS_PackState,30.1,123.5,74.55,,,,,,,,,,,,,,,,,,,
144.5,0x101,BMS_CellVolt1,,,,3.767,3.775,3.762,3.77,,,,,,,,,,,,,,,
144.5,0x102,BMS_CellVolt2,,,,,,,,3.799,3.656,3.781,3.786,,,,,,,,,,,
144.6,0x100,BMS_PackState,30.060000000000002,126.10000000000001,74.42,,,,,,,,,,,,,,,,,,,
144.7,0x100,BMS_PackState,30.07,124.5,74.5,,,,,,,,,,,,,,,,,,,
144.8,0x100,BMS_PackState,30.11,121.30000000000001,74.47,,,,,,,,,,,,,,,,,,,
144.9,0x100,BMS_PackState,30.13,120.4,74.39,,,,,,,,,,,,,,,,,,,
145.0,0x100,BMS_PackState,30.13,120.30000000000001,74.38,,,,,,,,,,,,,,,,,,,
145.0,0x101,BMS_CellVolt1,,,,3.773,3.7800000000000002,3.77,3.7720000000000002,,,,,,,,,,,,,,,
145.0,0x102,BMS_CellVolt2,,,,,,,,3.802,3.6590000000000003,3.785,3.79,,,,,,,,,,,
145.0,0x103,BMS_Temps,,,,,,,,,,,,46.5,47.5,55.0,46.0,,,,,,,
145.0,0x104,BMS_Status,,,,,,,,,,,,,,,,0.0,0.0,1.0,0.0,0.0,1.0,1.0
145.1,0x100,BMS_PackState,30.11,121.10000000000001,74.51,,,,,,,,,,,,,,,,,,,
145.2,0x100,BMS_PackState,30.14,119.60000000000001,74.39,,,,,,,,,,,,,,,,,,,
145.3,0x100,BMS_PackState,30.14,118.7,74.35000000000001,,,,,,,,,,,,,,,,,,,
145.4,0x100,BMS_PackState,30.11,120.9,74.57000000000001,,,,,,,,,,,,,,,,,,,
145.5,0x100,BMS_PackState,30.17,118.0,74.59,,,,,,,,,,,,,,,,,,,
145.5,0x101,BMS_CellVolt1,,,,3.777,3.782,3.7720000000000002,3.777,,,,,,,,,,,,,,,
145.5,0x102,BMS_CellVolt2,,,,,,,,3.807,3.67,3.79,3.794,,,,,,,,,,,
145.6,0x100,BMS_PackState,30.12,121.0,74.34,,,,,,,,,,,,,,,,,,,
145.7,0x100,BMS_PackState,30.16,117.10000000000001,74.53,,,,,,,,,,,,,,,,,,,
145.8,0x100,BMS_PackState,30.14,119.0,74.25,,,,,,,,,,,,,,,,,,,
145.9,0x100,BMS_PackState,30.17,116.30000000000001,74.31,,,,,,,,,,,,,,,,,,,
146.0,0x100,BMS_PackState,30.17,116.60000000000001,74.28,,,,,,,,,,,,,,,,,,,
146.0,0x101,BMS_CellVolt1,,,,3.781,3.7800000000000002,3.774,3.775,,,,,,,,,,,,,,,
146.0,0x102,BMS_CellVolt2,,,,,,,,3.805,3.674,3.787,3.79,,,,,,,,,,,
146.0,0x103,BMS_Temps,,,,,,,,,,,,46.800000000000004,47.900000000000006,55.5,46.400000000000006,,,,,,,
146.0,0x104,BMS_Status,,,,,,,,,,,,,,,,0.0,0.0,1.0,0.0,0.0,1.0,1.0
146.1,0x100,BMS_PackState,30.22,113.4,74.35000000000001,,,,,,,,,,,,,,,,,,,
146.2,0x100,BMS_PackState,30.22,112.60000000000001,74.39,,,,,,,,,,,,,,,,,,,
146.3,0x100,BMS_PackState,30.2,114.0,74.26,,,,,,,,,,,,,,,,,,,
146.4,0x100,BMS_PackState,30.2,114.10000000000001,74.34,,,,,,,,,,,,,,,,,,,
146.5,0x100,BMS_PackState,30.23,112.10000000000001,74.28,,,,,,,,,,,,,,,,,,,
146.5,0x101,BMS_CellVolt1,,,,3.787,3.7880000000000003,3.779,3.786,,,,,,,,,,,,,,,
146.5,0x102,BMS_CellVolt2,,,,,,,,3.814,3.681,3.797,3.797,,,,,,,,,,,
146.6,0x100,BMS_PackState,30.26,109.4,74.39,,,,,,,,,,,,,,,,,,,
146.7,0x100,BMS_PackState,30.26,108.7,74.37,,,,,,,,,,,,,,,,,,,
146.8,0x100,BMS_PackState,30.27,107.9,74.49,,,,,,,,,,,,,,,,,,,
146.9,0x100,BMS_PackState,30.29,106.80000000000001,74.18,,,,,,,,,,,,,,,,,,,
147.0,0x100,BMS_PackState,30.25,109.0,74.46000000000001,,,,,,,,,,,,,,,,,,,
147.0,0x101,BMS_CellVolt1,,,,3.791,3.793,3.7800000000000002,3.787,,,,,,,,,,,,,,,
147.0,0x102,BMS_CellVolt2,,,,,,,,3.814,3.6870000000000003,3.797,3.803,,,,,,,,,,,
147.0,0x103,BMS_Temps,,,,,,,,,,,,46.800000000000004,47.900000000000006,55.6,46.400000000000006,,,,,,,
147.0,0x104,BMS_Status,,,,,,,,,,,,,,,,0.0,0.0,1.0,0.0,0.0,1.0,1.0
147.1,0x100,BMS_PackState,30.25,109.9,74.45,,,,,,,,,,,,,,,,,,,
147.2,0x100,BMS_PackState,30.27,107.5,74.28,,,,,,,,,,,,,,,,,,,
147.3,0x100,BMS_PackState,30.32,103.60000000000001,74.29,,,,,,,,,,,,,,,,,,,
147.4,0x100,BMS_PackState,30.3,106.0,74.35000000000001,,,,,,,,,,,,,,,,,,,
147.5,0x100,BMS_PackState,30.3,105.5,74.42,,,,,,,,,,,,,,,,,,,
147.5,0x101,BMS_CellVolt1,,,,3.797,3.798,3.7880000000000003,3.794,,,,,,,,,,,,,,,
147.5,0x102,BMS_CellVolt2,,,,,,,,3.819,3.6950000000000003,3.802,3.8080000000000003,,,,,,,,,,,
147.6,0x100,BMS_PackState,30.27,108.30000000000001,74.10000000000001,,,,,,,,,,,,,,,,,,,
147.7,0x100,BMS_PackState,30.330000000000002,102.4,74.26,,,,,,,,,,,,,,,,,,,
147.8,0x100,BMS_PackState,30.330000000000002,103.4,74.34,,,,,,,,,,,,,,,,,,,
147.9,0x100,BMS_PackState,30.3,106.0,74.3,,,,,,,,,,,,,,,,,,,
148.0,0x100,BMS_PackState,30.32,103.5,74.29,,,,,,,,,,,,,,,,,,,
148.0,0x101,BMS_CellVolt1,,,,3.797,3.797,3.7920000000000003,3.795,,,,,,,,,,,,,,,
148.0,0x102,BMS_CellVolt2,,,,,,,,3.819,3.701,3.8080000000000003,3.813,,,,,,,,,,,
148.0,0x103,BMS_Temps,,,,,,,,,,,,46.7,47.900000000000006,55.6,46.300000000000004,,,,,,,
148.0,0x104,BMS_Status,,,,,,,,,,,,,,,,0.0,0.0,1.0,0.0,0.0,1.0,1.0
148.1,0x100,BMS_PackState,30.330000000000002,103.2,74.12,,,,,,,,,,,,,,,,,,,
148.2,0x100,BMS_PackState,30.34,102.0,74.23,,,,,,,,,,,,,,,,,,,
148.3,0x100,BMS_PackState,30.35,101.80000000000001,74.23,,,,,,,,,,,,,,,,,,,
148.4,0x100,BMS_PackState,30.34,101.9,74.18,,,,,,,,,,,,,,,,,,,
148.5,0x100,BMS_PackState,30.39,99.10000000000001,74.37,,,,,,,,,,,,,,,,,,,
148.5,0x101,BMS_CellVolt1,,,,3.805,3.8080000000000003,3.803,3.803,,,,,,,,,,,,,,,
148.5,0x102,BMS_CellVolt2,,,,,,,,3.827,3.713,3.811,3.818,,,,,,,,,,,
148.6,0x100,BMS_PackState,30.35,101.10000000000001,74.22,,,,,,,,,,,,,,,,,,,
148.7,0x100,BMS_PackState,30.41,97.30000000000001,74.16,,,,,,,,,,,,,,,,,,,
148.8,0x100,BMS_PackState,30.37,99.4,74.44,,,,,,,,,,,,,,,,,,,
148.9,0x100,BMS_PackState,30.38,98.7,74.28,,,,,,,,,,,,,,,,,,,
149.0,0x100,BMS_PackState,30.41,97.10000000000001,74.25,,,,,,,,,,,,,,,,,,,
149.0,0x101,BMS_CellVolt1,,,,3.805,3.813,3.799,3.809,,,,,,,,,,,,,,,
149.0,0x102,BMS_CellVolt2,,,,,,,,3.831,3.718,3.817,3.819,,,,,,,,,,,
149.0,0x103,BMS_Temps,,,,,,,,,,,,46.5,47.6,55.1,46.1,,,,,,,
149.0,0x104,BMS_Status,,,,,,,,,,,,,,,,0.0,0.0,1.0,0.0,0.0,1.0,1.0
149.1,0x100,BMS_PackState,30.39,97.60000000000001,74.22,,,,,,,,,,,,,,,,,,,
149.2,0x100,BMS_PackState,30.44,96.30000000000001,74.16,,,,,,,,,,,,,,,,,,,
149.3,0x100,BMS_PackState,30.42,95.30000000000001,74.14,,,,,,,,,,,,,,,,,,,
149.4,0x100,BMS_PackState,30.42,96.0,74.10000000000001,,,,,,,,,,,,,,,,,,,
149.5,0x100,BMS_PackState,30.43,94.60000000000001,74.18,,,,,,,,,,,,,,,,,,,
149.5,0x101,BMS_CellVolt1,,,,3.8080000000000003,3.814,3.807,3.811,,,,,,,,,,,,,,,
149.5,0x102,BMS_CellVolt2,,,,,,,,3.83,3.719,3.818,3.8240000000000003,,,,,,,,,,,
149.6,0x100,BMS_PackState,30.400000000000002,96.4,74.05,,,,,,,,,,,,,,,,,,,
149.7,0x100,BMS_PackState,30.44,93.9,74.29,,,,,,,,,,,,,,,,,,,
149.8,0x100,BMS_PackState,30.41,96.4,74.13,,,,,,,,,,,,,,,,,,,
149.9,0x100,BMS_PackState,30.44,93.30000000000001,74.27,,,,,,,,,,,,,,,,,,,
150.0,0x100,BMS_PackState,30.45,94.0,74.10000000000001,,,,,,,,,,,,,,,,,,,
150.0,0x101,BMS_CellVolt1,,,,3.8120000000000003,3.8160000000000003,3.807,3.809,,,,,,,,,,,,,,,
150.0,0x102,BMS_CellVolt2,,,,,,,,3.8360000000000003,3.724,3.821,3.8240000000000003,,,,,,,,,,,
150.0,0x103,BMS_Temps,,,,,,,,,,,,46.1,47.300000000000004,54.6,45.800000000000004,,,,,,,
150.0,0x104,BMS_Status,,,,,,,,,,,,,,,,0.0,0.0,0.0,0.0,0.0,1.0,1.0
150.1,0x100,BMS_PackState,30.44,93.60000000000001,74.22,,,,,,,,,,,,,,,,,,,
150.2,0x100,BMS_PackState,30.41,96.30000000000001,74.03,,,,,,,,,,,,,,,,,,,
150.3,0x100,BMS_PackState,30.43,94.60000000000001,74.10000000000001,,,,,,,,,,,,,,,,,,,
150.4,0x100,BMS_PackState,30.44,93.60000000000001,74.11,,,,,,,,,,,,,,,,,,,
150.5,0x100,BMS_PackState,30.43,94.5,74.18,,,,,,,,,,,,,,,,,,,
150.5,0x101,BMS_CellVolt1,,,,3.811,3.815,3.802,3.8080000000000003,,,,,,,,,,,,,,,
150.5,0x102,BMS_CellVolt2,,,,,,,,3.833,3.723,3.815,3.821,,,,,,,,,,,
150.6,0x100,BMS_PackState,30.490000000000002,90.4,74.03,,,,,,,,,,,,,,,,,,,
150.7,0x100,BMS_PackState,30.46,93.4,74.29,,,,,,,,,,,,,,,,,,,
150.8,0x100,BMS_PackState,30.42,96.30000000000001,74.14,,,,,,,,,,,,,,,,,,,
150.9,0x100,BMS_PackState,30.45,93.4,74.13,,,,,,,,,,,,,,,,,,,
151.0,0x100,BMS_PackState,30.45,93.10000000000001,73.99,,,,,,,,,,,,,,,,,,,
151.0,0x101,BMS_CellVolt1,,,,3.814,3.8160000000000003,3.805,3.8120000000000003,,,,,,,,,,,,,,,
151.0,0x102,BMS_CellVolt2,,,,,,,,3.838,3.725,3.823,3.821,,,,,,,,,,,
151.0,0x103,BMS_Temps,,,,,,,,,,,,45.900000000000006,46.900000000000006,54.300000000000004,45.5,,,,,,,
151.0,0x104,BMS_Status,,,,,,,,,,,,,,,,0.0,0.0,0.0,0.0,0.0,1.0,1.0
151.1,0x100,BMS_PackState,30.45,93.80000000000001,74.16,,,,,,,,,,,,,,,,,,,
151.2,0x100,BMS_PackState,30.44,94.2,74.23,,,,,,,,,,,,,,,,,,,
151.3,0x100,BMS_PackState,30.490000000000002,89.7,74.03,,,,,,,,,,,,,,,,,,,
151.4,0x100,BMS_PackState,32.12,-38.5,74.06,,,,,,,,,,,,,,,,,,,
151.5,0x100,BMS_PackState,32.07,-35.7,74.10000000000001,,,,,,,,,,,,,,,,,,,
151.5,0x101,BMS_CellVolt1,,,,4.006,4.006,4.0040000000000004,4.007,,,,,,,,,,,,,,,
151.5,0x102,BMS_CellVolt2,,,,,,,,4.0,4.043,4.001,4.003,,,,,,,,,,,
151.6,0x100,BMS_PackState,32.1,-37.1,74.09,,,,,,,,,,,,,,,,,,,
151.7,0x100,BMS_PackState,32.06,-34.0,74.03,,,,,,,,,,,,,,,,,,,
151.8,0x100,BMS_PackState,32.09,-36.5,74.17,,,,,,,,,,,,,,,,,,,
151.9,0x100,BMS_PackState,32.11,-38.900000000000006,74.25,,,,,,,,,,,,,,,,,,,
152.0,0x100,BMS_PackState,32.11,-37.9,74.13,,,,,,,,,,,,,,,,,,,
152.0,0x101,BMS_CellVolt1,,,,4.0120000000000005,4.008,4.013,4.013,,,,,,,,,,,,,,,
152.0,0x102,BMS_CellVolt2,,,,,,,,4.0,4.049,4.005,4.007,,,,,,,,,,,
152.0,0x103,BMS_Temps,,,,,,,,,,,,44.900000000000006,45.7,52.7,44.5,,,,,,,
152.0,0x104,BMS_Status,,,,,,,,,,,,,,,,0.0,0.0,0.0,0.0,0.0,1.0,0.0
152.1,0x100,BMS_PackState,32.13,-40.1,74.05,,,,,,,,,,,,,,,,,,,
152.2,0x100,BMS_PackState,32.09,-36.4,74.03,,,,,,,,,,,,,,,,,,,
152.3,0x100,BMS_PackState,32.08,-36.300000000000004,74.38,,,,,,,,,,,,,,,,,,,
152.4,0x100,BMS_PackState,32.09,-36.6,74.10000000000001,,,,,,,,,,,,,,,,,,,
152.5,0x100,BMS_PackState,32.07,-34.4,74.2,,,,,,,,,,,,,,,,,,,
152.5,0x101,BMS_CellVolt1,,,,4.005,4.006,4.006,4.01,,,,,,,,,,,,,,,
152.5,0x102,BMS_CellVolt2,,,,,,,,3.997,4.04,4.001,4.0,,,,,,,,,,,
152.6,0x100,BMS_PackState,32.06,-34.2,73.98,,,,,,,,,,,,,,,,,,,
152.7,0x100,BMS_PackState,32.08,-36.300000000000004,74.07000000000001,,,,,,,,,,,,,,,,,,,
152.8,0x100,BMS_PackState,32.12,-39.2,74.26,,,,,,,,,,,,,,,,,,,
152.9,0x100,BMS_PackState,32.08,-35.1,74.07000000000001,,,,,,,,,,,,,,,,,,,
153.0,0x100,BMS_PackState,32.08,-35.2,74.07000000000001,,,,,,,,,,,,,,,,,,,
153.0,0x101,BMS_CellVolt1,,,,4.008,4.006,4.007,4.011,,,,,,,,,,,,,,,
153.0,0x102,BMS_CellVolt2,,,,,,,,3.999,4.042,4.0040000000000004,4.0040000000000004,,,,,,,,,,,
153.0,0x103,BMS_Temps,,,,,,,,,,,,43.7,44.6,51.1,43.300000000000004,,,,,,,
153.0,0x104,BMS_Status,,,,,,,,,,,,,,,,0.0,0.0,0.0,0.0,0.0,1.0,0.0
153.1,0x100,BMS_PackState,32.09,-35.5,74.2,,,,,,,,,,,,,,,,,,,
153.2,0x100,BMS_PackState,32.07,-34.5,74.10000000000001,,,,,,,,,,,,,,,,,,,
153.3,0x100,BMS_PackState,32.11,-37.7,74.22,,,,,,,,,,,,,,,,,,,
153.4,0x100,BMS_PackState,32.04,-33.0,74.10000000000001,,,,,,,,,,,,,,,,,,,
153.5,0x100,BMS_PackState,32.1,-37.4,74.16,,,,,,,,,,,,,,,,,,,
153.5,0x101,BMS_CellVolt1,,,,4.01,4.007,4.011,4.014,,,,,,,,,,,,,,,
153.5,0x102,BMS_CellVolt2,,,,,,,,4.002,4.047,4.003,4.0040000000000004,,,,,,,,,,,
153.6,0x100,BMS_PackState,32.08,-34.9,74.24,,,,,,,,,,,,,,,,,,,
153.7,0x100,BMS_PackState,32.12,-38.5,74.13,,,,,,,,,,,,,,,,,,,
153.8,0x100,BMS_PackState,32.1,-37.4,74.05,,,,,,,,,,,,,,,,,,,
153.9,0x100,BMS_PackState,32.06,-33.7,74.13,,,,,,,,,,,,,,,,,,,
154.0,0x100,BMS_PackState,32.09,-36.4,74.08,,,,,,,,,,,,,,,,,,,
154.0,0x101,BMS_CellVolt1,,,,4.011,4.009,4.007,4.0120000000000005,,,,,,,,,,,,,,,
154.0,0x102,BMS_CellVolt2,,,,,,,,3.998,4.042,4.002,4.006,,,,,,,,,,,
154.0,0x103,BMS_Temps,,,,,,,,,,,,42.6,43.400000000000006,49.5,42.1,,,,,,,
154.0,0x104,BMS_Status,,,,,,,,,,,,,,,,0.0,0.0,0.0,0.0,0.0,1.0,0.0
154.1,0x100,BMS_PackState,32.07,-34.7,74.13,,,,,,,,,,,,,,,,,,,
154.2,0x100,BMS_PackState,32.08,-35.6,74.18,,,,,,,,,,,,,,,,,,,
154.3,0x100,BMS_PackState,32.09,-36.2,74.19,,,,,,,,,,,,,,,,,,,
154.4,0x100,BMS_PackState,32.06,-34.0,74.28,,,,,,,,,,,,,,,,,,,
154.5,0x100,BMS_PackState,32.08,-36.4,74.11,,,,,,,,,,,,,,,,,,,
154.5,0x101,BMS_CellVolt1,,,,4.01,4.007,4.007,4.009,,,,,,,,,,,,,,,
154.5,0x102,BMS_CellVolt2,,,,,,,,3.999,4.043,4.005,4.005,,,,,,,,,,,
154.6,0x100,BMS_PackState,32.12,-38.7,74.19,,,,,,,,,,,,,,,,,,,
154.7,0x100,BMS_PackState,32.11,-37.2,74.33,,,,,,,,,,,,,,,,,,,
154.8,0x100,BMS_PackState,32.08,-35.2,74.23,,,,,,,,,,,,,,,,,,,
154.9,0x100,BMS_PackState,32.08,-35.4,74.29,,,,,,,,,,,,,,,,,,,
155.0,0x100,BMS_PackState,32.12,-38.400000000000006,74.2,,,,,,,,,,,,,,,,,,,
155.0,0x101,BMS_CellVolt1,,,,4.014,4.009,4.015,4.015,,,,,,,,,,,,,,,
155.0,0x102,BMS_CellVolt2,,,,,,,,4.0,4.049,4.0120000000000005,4.007,,,,,,,,,,,
155.0,0x103,BMS_Temps,,,,,,,,,,,,41.5,42.300000000000004,48.0,41.1,,,,,,,
155.0,0x104,BMS_Status,,,,,,,,,,,,,,,,0.0,0.0,0.0,0.0,0.0,1.0,0.0
155.1,0x100,BMS_PackState,32.09,-37.1,74.28,,,,,,,,,,,,,,,,,,,
155.2,0x100,BMS_PackState,32.1,-36.9,74.19,,,,,,,,,,,,,,,,,,,
155.3,0x100,BMS_PackState,32.09,-36.5,74.07000000000001,,,,,,,,,,,,,,,,,,,
155.4,0x100,BMS_PackState,32.11,-38.1,74.28,,,,,,,,,,,,,,,,,,,
155.5,0x100,BMS_PackState,32.1,-36.9,74.25,,,,,,,,,,,,,,,,,,,
155.5,0x101,BMS_CellVolt1,,,,4.01,4.007,4.014,4.0120000000000005,,,,,,,,,,,,,,,
155.5,0x102,BMS_CellVolt2,,,,,,,,4.002,4.047,4.0040000000000004,4.005,,,,,,,,,,,
155.6,0x100,BMS_PackState,32.11,-37.1,74.22,,,,,,,,,,,,,,,,,,,
155.7,0x100,BMS_PackState,32.07,-34.800000000000004,74.12,,,,,,,,,,,,,,,,,,,
155.8,0x100,BMS_PackState,32.07,-34.800000000000004,74.38,,,,,,,,,,,,,,,,,,,
155.9,0x100,BMS_PackState,32.1,-36.2,74.3,,,,,,,,,,,,,,,,,,,
156.0,0x100,BMS_PackState,32.1,-36.6,74.16,,,,,,,,,,,,,,,,,,,
156.0,0x101,BMS_CellVolt1,,,,4.009,4.007,4.011,4.01,,,,,,,,,,,,,,,
156.0,0x102,BMS_CellVolt2,,,,,,,,4.002,4.047,4.0040000000000004,4.005,,,,,,,,,,,
156.0,0x103,BMS_Temps,,,,,,,,,,,,40.5,41.300000000000004,46.7,40.2,,,,,,,
156.0,0x104,BMS_Status,,,,,,,,,,,,,,,,0.0,0.0,0.0,0.0,0.0,1.0,0.0
156.1,0x100,BMS_PackState,32.08,-35.800000000000004,74.37,,,,,,,,,,,,,,,,,,,
156.2,0x100,BMS_PackState,32.1,-37.2,74.37,,,,,,,,,,,,,,,,,,,
156.3,0x100,BMS_PackState,32.12,-37.7,74.21000000000001,,,,,,,,,,,,,,,,,,,
156.4,0x100,BMS_PackState,32.1,-37.4,74.15,,,,,,,,,,,,,,,,,,,
156.5,0x100,BMS_PackState,32.11,-37.0,74.28,,,,,,,,,,,,,,,,,,,
156.5,0x101,BMS_CellVolt1,,,,4.013,4.007,4.0120000000000005,4.014,,,,,,,,,,,,,,,
156.5,0x102,BMS_CellVolt2,,,,,,,,4.001,4.0440000000000005,4.009,4.005,,,,,,,,,,,
156.6,0x100,BMS_PackState,32.11,-37.7,74.22,,,,,,,,,,,,,,,,,,,
156.7,0x100,BMS_PackState,32.09,-35.800000000000004,74.51,,,,,,,,,,,,,,,,,,,
156.8,0x100,BMS_PackState,32.07,-34.9,74.14,,,,,,,,,,,,,,,,,,,
156.9,0x100,BMS_PackState,32.12,-38.400000000000006,74.4,,,,,,,,,,,,,,,,,,,
157.0,0x100,BMS_PackState,32.09,-36.0,74.21000000000001,,,,,,,,,,,,,,,,,,,
157.0,0x101,BMS_CellVolt1,,,,4.009,4.011,4.009,4.01,,,,,,,,,,,,,,,
157.0,0x102,BMS_CellVolt2,,,,,,,,3.997,4.045,4.0040000000000004,4.002,,,,,,,,,,,
157.0,0x103,BMS_Temps,,,,,,,,,,,,39.6,40.400000000000006,45.400000000000006,39.400000000000006,,,,,,,
157.0,0x104,BMS_Status,,,,,,,,,,,,,,,,0.0,0.0,0.0,0.0,0.0,1.0,0.0
157.1,0x100,BMS_PackState,32.09,-36.300000000000004,74.23,,,,,,,,,,,,,,,,,,,
157.2,0x100,BMS_PackState,32.09,-35.5,74.17,,,,,,,,,,,,,,,,,,,
157.3,0x100,BMS_PackState,32.1,-36.0,74.27,,,,,,,,,,,,,,,,,,,
157.4,0x100,BMS_PackState,32.12,-38.2,74.17,,,,,,,,,,,,,,,,,,,
157.5,0x100,BMS_PackState,32.13,-37.9,74.24,,,,,,,,,,,,,,,,,,,
157.5,0x101,BMS_CellVolt1,,,,4.015,4.014,4.0120000000000005,4.011,,,,,,,,,,,,,,,
157.5,0x102,BMS_CellVolt2,,,,,,,,4.0040000000000004,4.0520000000000005,4.011,4.007,,,,,,,,,,,
157.6,0x100,BMS_PackState,32.09,-36.0,74.13,,,,,,,,,,,,,,,,,,,
157.7,0x100,BMS_PackState,32.07,-34.5,74.06,,,,,,,,,,,,,,,,,,,
157.8,0x100,BMS_PackState,32.13,-39.300000000000004,74.24,,,,,,,,,,,,,,,,,,,
157.9,0x100,BMS_PackState,32.08,-35.5,74.4,,,,,,,,,,,,,,,,,,,
158.0,0x100,BMS_PackState,32.07,-34.2,74.29,,,,,,,,,,,,,,,,,,,
158.0,0x101,BMS_CellVolt1,,,,4.005,4.0040000000000004,4.005,4.01,,,,,,,,,,,,,,,
158.0,0x102,BMS_CellVolt2,,,,,,,,4.0,4.04,4.003,3.999,,,,,,,,,,,
158.0,0x103,BMS_Temps,,,,,,,,,,,,38.7,39.6,44.300000000000004,38.5,,,,,,,
158.0,0x104,BMS_Status,,,,,,,,,,,,,,,,0.0,0.0,0.0,0.0,0.0,1.0,0.0
158.1,0x100,BMS_PackState,32.1,-36.2,74.25,,,,,,,,,,,,,,,,,,,
158.2,0x100,BMS_PackState,32.09,-35.2,74.53,,,,,,,,,,,,,,,,,,,
158.3,0x100,BMS_PackState,32.11,-37.1,74.04,,,,,,,,,,,,,,,,,,,
158.4,0x100,BMS_PackState,32.1,-36.2,74.31,,,,,,,,,,,,,,,,,,,
158.5,0x100,BMS_PackState,32.12,-38.400000000000006,74.19,,,,,,,,,,,,,,,,,,,
158.5,0x101,BMS_CellVolt1,,,,4.009,4.01,4.015,4.016,,,,,,,,,,,,,,,
158.5,0x102,BMS_CellVolt2,,,,,,,,4.0040000000000004,4.053,4.01,4.006,,,,,,,,,,,
158.6,0x100,BMS_PackState,32.14,-39.5,74.29,,,,,,,,,,,,,,,,,,,
158.7,0x100,BMS_PackState,32.08,-34.6,74.21000000000001,,,,,,,,,,,,,,,,,,,
158.8,0x100,BMS_PackState,32.11,-37.5,74.22,,,,,,,,,,,,,,,,,,,
158.9,0x100,BMS_PackState,32.11,-36.7,74.32000000000001,,,,,,,,,,,,,,,,,,,
159.0,0x100,BMS_PackState,32.13,-38.1,74.27,,,,,,,,,,,,,,,,,,,
159.0,0x101,BMS_CellVolt1,,,,4.017,4.013,4.016,4.014,,,,,,,,,,,,,,,
159.0,0x102,BMS_CellVolt2,,,,,,,,4.003,4.049,4.008,4.008,,,,,,,,,,,
159.0,0x103,BMS_Temps,,,,,,,,,,,,38.0,38.6,43.2,37.800000000000004,,,,,,,
159.0,0x104,BMS_Status,,,,,,,,,,,,,,,,0.0,0.0,0.0,0.0,0.0,1.0,0.0
159.1,0x100,BMS_PackState,32.12,-38.1,74.22,,,,,,,,,,,,,,,,,,,
159.2,0x100,BMS_PackState,32.1,-36.300000000000004,74.16,,,,,,,,,,,,,,,,,,,
159.3,0x100,BMS_PackState,32.1,-37.1,74.37,,,,,,,,,,,,,,,,,,,
159.4,0x100,BMS_PackState,32.09,-35.4,74.28,,,,,,,,,,,,,,,,,,,
159.5,0x100,BMS_PackState,32.08,-35.300000000000004,74.18,,,,,,,,,,,,,,,,,,,
159.5,0x101,BMS_CellVolt1,,,,4.007,4.007,4.011,4.0120000000000005,,,,,,,,,,,,,,,
159.5,0x102,BMS_CellVolt2,,,,,,,,3.995,4.0440000000000005,4.0040000000000004,3.999,,,,,,,,,,,
159.6,0x100,BMS_PackState,32.09,-35.5,74.13,,,,,,,,,,,,,,,,,,,
159.7,0x100,BMS_PackState,30.330000000000002,103.30000000000001,74.33,,,,,,,,,,,,,,,,,,,
159.8,0x100,BMS_PackState,30.3,105.9,74.26,,,,,,,,,,,,,,,,,,,
159.9,0x100,BMS_PackState,30.34,102.5,74.3,,,,,,,,,,,,,,,,,,,
160.0,0x100,BMS_PackState,30.32,104.60000000000001,74.54,,,,,,,,,,,,,,,,,,,
160.0,0x101,BMS_CellVolt1,,,,3.8000000000000003,3.799,3.789,3.791,,,,,,,,,,,,,,,
160.0,0x102,BMS_CellVolt2,,,,,,,,3.825,3.697,3.809,3.809,,,,,,,,,,,
160.0,0x103,BMS_Temps,,,,,,,,,,,,37.9,38.5,42.900000000000006,37.7,,,,,,,
160.0,0x104,BMS_Status,,,,,,,,,,,,,,,,0.0,0.0,0.0,0.0,0.0,1.0,1.0
160.1,0x100,BMS_PackState,30.28,106.9,74.36,,,,,,,,,,,,,,,,,,,
160.2,0x100,BMS_PackState,30.27,107.7,74.27,,,,,,,,,,,,,,,,,,,
160.3,0x100,BMS_PackState,30.330000000000002,104.30000000000001,74.10000000000001,,,,,,,,,,,,,,,,,,,
160.4,0x100,BMS_PackState,30.29,106.60000000000001,74.42,,,,,,,,,,,,,,,,,,,
160.5,0x100,BMS_PackState,30.240000000000002,109.7,74.26,,,,,,,,,,,,,,,,,,,
160.5,0x101,BMS_CellVolt1,,,,3.786,3.789,3.785,3.7880000000000003,,,,,,,,,,,,,,,
160.5,0x102,BMS_CellVolt2,,,,,,,,3.814,3.686,3.798,3.798,,,,,,,,,,,
160.6,0x100,BMS_PackState,30.26,109.10000000000001,74.49,,,,,,,,,,,,,,,,,,,
160.7,0x100,BMS_PackState,30.25,109.2,74.16,,,,,,,,,,,,,,,,,,,
160.8,0x100,BMS_PackState,30.26,109.30000000000001,74.11,,,,,,,,,,,,,,,,,,,
160.9,0x100,BMS_PackState,30.240000000000002,109.60000000000001,74.37,,,,,,,,,,,,,,,,,,,
161.0,0x100,BMS_PackState,30.23,111.30000000000001,74.25,,,,,,,,,,,,,,,,,,,
161.0,0x101,BMS_CellVolt1,,,,3.7880000000000003,3.791,3.7760000000000002,3.7800000000000002,,,,,,,,,,,,,,,
161.0,0x102,BMS_CellVolt2,,,,,,,,3.818,3.6830000000000003,3.795,3.798,,,,,,,,,,,
161.0,0x103,BMS_Temps,,,,,,,,,,,,38.5,39.2,43.800000000000004,38.2,,,,,,,
161.0,0x104,BMS_Status,,,,,,,,,,,,,,,,0.0,0.0,0.0,0.0,0.0,1.0,1.0
161.1,0x100,BMS_PackState,30.22,111.2,74.34,,,,,,,,,,,,,,,,,,,
161.2,0x100,BMS_PackState,30.21,112.10000000000001,74.09,,,,,,,,,,,,,,,,,,,
161.3,0x100,BMS_PackState,30.2,113.0,74.08,,,,,,,,,,,,,,,,,,,
161.4,0x100,BMS_PackState,30.21,112.5,74.10000000000001,,,,,,,,,,,,,,,,,,,
161.5,0x100,BMS_PackState,30.18,115.0,73.92,,,,,,,,,,,,,,,,,,,
161.5,0x101,BMS_CellVolt1,,,,3.782,3.782,3.774,3.7760000000000002,,,,,,,,,,,,,,,
161.5,0x102,BMS_CellVolt2,,,,,,,,3.809,3.669,3.791,3.793,,,,,,,,,,,
161.6,0x100,BMS_PackState,30.12,119.2,74.14,,,,,,,,,,,,,,,,,,,
161.7,0x100,BMS_PackState,30.2,112.80000000000001,74.0,,,,,,,,,,,,,,,,,,,
161.8,0x100,BMS_PackState,30.16,116.60000000000001,74.18,,,,,,,,,,,,,,,,,,,
161.9,0x100,BMS_PackState,30.16,115.60000000000001,74.16,,,,,,,,,,,,,,,,,,,
162.0,0x100,BMS_PackState,30.13,118.2,74.07000000000001,,,,,,,,,,,,,,,,,,,
162.0,0x101,BMS_CellVolt1,,,,3.775,3.777,3.767,3.7720000000000002,,,,,,,,,,,,,,,
162.0,0x102,BMS_CellVolt2,,,,,,,,3.802,3.665,3.782,3.787,,,,,,,,,,,
162.0,0x103,BMS_Temps,,,,,,,,,,,,39.300000000000004,39.900000000000006,45.1,39.0,,,,,,,
162.0,0x104,BMS_Status,,,,,,,,,,,,,,,,0.0,0.0,0.0,0.0,0.0,1.0,1.0
162.1,0x100,BMS_PackState,30.13,118.10000000000001,74.21000000000001,,,,,,,,,,,,,,,,,,,
162.2,0x100,BMS_PackState,30.11,119.7,74.17,,,,,,,,,,,,,,,,,,,
162.3,0x100,BMS_PackState,30.1,121.0,74.28,,,,,,,,,,,,,,,,,,,
162.4,0x100,BMS_PackState,30.12,120.10000000000001,74.32000000000001,,,,,,,,,,,,,,,,,,,
162.5,0x100,BMS_PackState,30.080000000000002,122.10000000000001,74.14,,,,,,,,,,,,,,,,,,,
162.5,0x101,BMS_CellVolt1,,,,3.765,3.769,3.765,3.766,,,,,,,,,,,,,,,
162.5,0x102,BMS_CellVolt2,,,,,,,,3.7960000000000003,3.653,3.778,3.7840000000000003,,,,,,,,,,,
162.6,0x100,BMS_PackState,30.14,117.4,74.17,,,,,,,,,,,,,,,,,,,
162.7,0x100,BMS_PackState,30.060000000000002,123.9,74.18,,,,,,,,,,,,,,,,,,,
162.8,0x100,BMS_PackState,30.07,122.60000000000001,74.3,,,,,,,,,,,,,,,,,,,
162.9,0x100,BMS_PackState,30.05,124.2,73.96000000000001,,,,,,,,,,,,,,,,,,,
163.0,0x100,BMS_PackState,30.080000000000002,121.2,74.04,,,,,,,,,,,,,,,,,,,
163.0,0x101,BMS_CellVolt1,,,,3.771,3.774,3.762,3.765,,,,,,,,,,,,,,,
163.0,0x102,BMS_CellVolt2,,,,,,,,3.795,3.652,3.779,3.783,,,,,,,,,,,
163.0,0x103,BMS_Temps,,,,,,,,,,,,40.1,41.0,46.400000000000006,39.900000000000006,,,,,,,
163.0,0x104,BMS_Status,,,,,,,,,,,,,,,,0.0,0.0,0.0,0.0,0.0,1.0,1.0
163.1,0x100,BMS_PackState,30.07,122.30000000000001,73.95,,,,,,,,,,,,,,,,,,,
163.2,0x100,BMS_PackState,30.05,124.2,74.02,,,,,,,,,,,,,,,,,,,
163.3,0x100,BMS_PackState,30.05,124.4,74.04,,,,,,,,,,,,,,,,,,,
163.4,0x100,BMS_PackState,30.03,125.30000000000001,73.98,,,,,,,,,,,,,,,,,,,
163.5,0x100,BMS_PackState,30.02,126.9,74.11,,,,,,,,,,,,,,,,,,,
163.5,0x101,BMS_CellVolt1,,,,3.757,3.759,3.7560000000000002,3.7560000000000002,,,,,,,,,,,,,,,
163.5,0x102,BMS_CellVolt2,,,,,,,,3.795,3.645,3.77,3.7800000000000002,,,,,,,,,,,
163.6,0x100,BMS_PackState,30.060000000000002,123.0,74.11,,,,,,,,,,,,,,,,,,,
163.7,0x100,BMS_PackState,30.0,127.5,74.05,,,,,,,,,,,,,,,,,,,
163.8,0x100,BMS_PackState,30.02,126.30000000000001,74.08,,,,,,,,,,,,,,,,,,,
163.9,0x100,BMS_PackState,30.02,126.30000000000001,74.22,,,,,,,,,,,,,,,,,,,
164.0,0x100,BMS_PackState,30.05,124.7,74.07000000000001,,,,,,,,,,,,,,,,,,,
164.0,0x101,BMS_CellVolt1,,,,3.761,3.769,3.7560000000000002,3.7640000000000002,,,,,,,,,,,,,,,
164.0,0x102,BMS_CellVolt2,,,,,,,,3.794,3.6470000000000002,3.773,3.781,,,,,,,,,,,
164.0,0x103,BMS_Temps,,,,,,,,,,,,41.300000000000004,42.0,47.7,40.900000000000006,,,,,,,
164.0,0x104,BMS_Status,,,,,,,,,,,,,,,,0.0,0.0,0.0,0.0,0.0,1.0,1.0
164.1,0x100,BMS_PackState,30.01,127.9,73.89,,,,,,,,,,,,,,,,,,,
164.2,0x100,BMS_PackState,30.05,123.80000000000001,73.94,,,,,,,,,,,,,,,,,,,
164.3,0x100,BMS_PackState,30.0,128.6,73.92,,,,,,,,,,,,,,,,,,,
164.4,0x100,BMS_PackState,30.01,125.5,74.15,,,,,,,,,,,,,,,,,,,
164.5,0x100,BMS_PackState,29.990000000000002,128.0,73.95,,,,,,,,,,,,,,,,,,,
164.5,0x101,BMS_CellVolt1,,,,3.757,3.759,3.7520000000000002,3.7560000000000002,,,,,,,,,,,,,,,
164.5,0x102,BMS_CellVolt2,,,,,,,,3.7880000000000003,3.641,3.769,3.771,,,,,,,,,,,
164.6,0x100,BMS_PackState,30.0,127.80000000000001,73.89,,,,,,,,,,,,,,,,,,,
164.7,0x100,BMS_PackState,29.97,129.9,73.87,,,,,,,,,,,,,,,,,,,
164.8,0x100,BMS_PackState,30.0,127.9,73.92,,,,,,,,,,,,,,,,,,,
164.9,0x100,BMS_PackState,30.0,127.2,73.91,,,,,,,,,,,,,,,,,,,
165.0,0x100,BMS_PackState,30.0,127.4,73.89,,,,,,,,,,,,,,,,,,,
165.0,0x101,BMS_CellVolt1,,,,3.759,3.761,3.7520000000000002,3.755,,,,,,,,,,,,,,,
165.0,0x102,BMS_CellVolt2,,,,,,,,3.7920000000000003,3.6390000000000002,3.77,3.774,,,,,,,,,,,
165.0,0x103,BMS_Temps,,,,,,,,,,,,42.2,43.2,49.2,41.900000000000006,,,,,,,
165.0,0x104,BMS_Status,,,,,,,,,,,,,,,,0.0,0.0,0.0,0.0,0.0,1.0,1.0
165.1,0x100,BMS_PackState,29.97,130.1,74.04,,,,,,,,,,,,,,,,,,,
165.2,0x100,BMS_PackState,29.97,128.9,73.92,,,,,,,,,,,,,,,,,,,
165.3,0x100,BMS_PackState,30.0,127.5,73.93,,,,,,,,,,,,,,,,,,,
165.4,0x100,BMS_PackState,29.990000000000002,127.60000000000001,74.01,,,,,,,,,,,,,,,,,,,
165.5,0x100,BMS_PackState,30.02,125.4,74.01,,,,,,,,,,,,,,,,,,,
165.5,0x101,BMS_CellVolt1,,,,3.7640000000000002,3.762,3.7560000000000002,3.759,,,,,,,,,,,,,,,
165.5,0x102,BMS_CellVolt2,,,,,,,,3.791,3.642,3.7720000000000002,3.774,,,,,,,,,,,
165.6,0x100,BMS_PackState,29.990000000000002,128.20000000000002,73.86,,,,,,,,,,,,,,,,,,,
165.7,0x100,BMS_PackState,30.04,124.80000000000001,74.04,,,,,,,,,,,,,,,,,,,
165.8,0x100,BMS_PackState,29.98,128.3,73.91,,,,,,,,,,,,,,,,,,,
165.9,0x100,BMS_PackState,30.0,127.10000000000001,73.84,,,,,,,,,,,,,,,,,,,
166.0,0x100,BMS_PackState,29.96,130.3,73.99,,,,,,,,,,,,,,,,,,,
166.0,0x101,BMS_CellVolt1,,,,3.7520000000000002,3.759,3.746,3.751,,,,,,,,,,,,,,,
166.0,0x102,BMS_CellVolt2,,,,,,,,3.785,3.632,3.763,3.77,,,,,,,,,,,
166.0,0x103,BMS_Temps,,,,,,,,,,,,43.2,44.1,50.7,42.800000000000004,,,,,,,
166.0,0x104,BMS_Status,,,,,,,,,,,,,,,,0.0,0.0,0.0,0.0,0.0,1.0,1.0
166.1,0x100,BMS_PackState,30.03,124.7,73.93,,,,,,,,,,,,,,,,,,,
166.2,0x100,BMS_PackState,30.02,125.9,73.91,,,,,,,,,,,,,,,,,,,
166.3,0x100,BMS_PackState,29.98,128.4,73.84,,,,,,,,,,,,,,,,,,,
166.4,0x100,BMS_PackState,30.01,127.10000000000001,73.87,,,,,,,,,,,,,,,,,,,
166.5,0x100,BMS_PackState,30.04,123.9,73.79,,,,,,,,,,,,,,,,,,,
166.5,0x101,BMS_CellVolt1,,,,3.7640000000000002,3.7720000000000002,3.757,3.761,,,,,,,,,,,,,,,
166.5,0x102,BMS_CellVolt2,,,,,,,,3.791,3.6430000000000002,3.773,3.778,,,,,,,,,,,
166.6,0x100,BMS_PackState,30.02,124.9,73.83,,,,,,,,,,,,,,,,,,,
166.7,0x100,BMS_PackState,30.04,124.10000000000001,73.8,,,,,,,,,,,,,,,,,,,
166.8,0x100,BMS_PackState,30.03,124.0,73.86,,,,,,,,,,,,,,,,,,,
166.9,0x100,BMS_PackState,30.060000000000002,122.10000000000001,73.99,,,,,,,,,,,,,,,,,,,
167.0,0x100,BMS_PackState,30.060000000000002,122.5,73.81,,,,,,,,,,,,,,,,,,,
167.0,0x101,BMS_CellVolt1,,,,3.765,3.773,3.7600000000000002,3.765,,,,,,,,,,,,,,,
167.0,0x102,BMS_CellVolt2,,,,,,,,3.797,3.65,3.775,3.779,,,,,,,,,,,
167.0,0x103,BMS_Temps,,,,,,,,,,,,44.0,45.0,51.7,43.6,,,,,,,
167.0,0x104,BMS_Status,,,,,,,,,,,,,,,,0.0,0.0,0.0,0.0,0.0,1.0,1.0
167.1,0x100,BMS_PackState,30.09,119.7,73.9,,,,,,,,,,,,,,,,,,,
167.2,0x100,BMS_PackState,30.060000000000002,121.80000000000001,73.83,,,,,,,,,,,,,,,,,,,
167.3,0x100,BMS_PackState,30.060000000000002,121.7,73.92,,,,,,,,,,,,,,,,,,,
167.4,0x100,BMS_PackState,30.080000000000002,120.2,73.97,,,,,,,,,,,,,,,,,,,
167.5,0x100,BMS_PackState,30.11,117.5,73.74,,,,,,,,,,,,,,,,,,,
167.5,0x101,BMS_CellVolt1,,,,3.773,3.773,3.77,3.766,,,,,,,,,,,,,,,
167.5,0x102,BMS_CellVolt2,,,,,,,,3.801,3.6630000000000003,3.7840000000000003,3.7840000000000003,,,,,,,,,,,
167.6,0x100,BMS_PackState,30.07,120.80000000000001,73.62,,,,,,,,,,,,,,,,,,,
167.7,0x100,BMS_PackState,30.09,119.30000000000001,73.66,,,,,,,,,,,,,,,,,,,
167.8,0x100,BMS_PackState,30.12,117.10000000000001,73.87,,,,,,,,,,,,,,,,,,,
167.9,0x100,BMS_PackState,30.11,117.10000000000001,73.8,,,,,,,,,,,,,,,,,,,
168.0,0x100,BMS_PackState,30.150000000000002,114.7,73.67,,,,,,,,,,,,,,,,,,,
168.0,0x101,BMS_CellVolt1,,,,3.778,3.779,3.773,3.7760000000000002,,,,,,,,,,,,,,,
168.0,0x102,BMS_CellVolt2,,,,,,,,3.802,3.67,3.7840000000000003,3.79,,,,,,,,,,,
168.0,0x103,BMS_Temps,,,,,,,,,,,,44.6,45.6,52.5,44.2,,,,,,,
168.0,0x104,BMS_Status,,,,,,,,,,,,,,,,0.0,0.0,0.0,0.0,0.0,1.0,1.0
168.1,0x100,BMS_PackState,30.14,114.80000000000001,73.92,,,,,,,,,,,,,,,,,,,
168.2,0x100,BMS_PackState,30.14,114.9,73.72,,,,,,,,,,,,,,,,,,,
168.3,0x100,BMS_PackState,30.12,116.9,73.71000000000001,,,,,,,,,,,,,,,,,,,
168.4,0x100,BMS_PackState,30.16,113.4,73.71000000000001,,,,,,,,,,,,,,,,,,,
168.5,0x100,BMS_PackState,30.150000000000002,114.7,73.86,,,,,,,,,,,,,,,,,,,
168.5,0x101,BMS_CellVolt1,,,,3.7760000000000002,3.779,3.769,3.775,,,,,,,,,,,,,,,
168.5,0x102,BMS_CellVolt2,,,,,,,,3.801,3.6670000000000003,3.787,3.791,,,,,,,,,,,
168.6,0x100,BMS_PackState,30.17,112.30000000000001,73.65,,,,,,,,,,,,,,,,,,,
168.7,0x100,BMS_PackState,30.17,112.80000000000001,73.85000000000001,,,,,,,,,,,,,,,,,,,
168.8,0x100,BMS_PackState,30.18,111.60000000000001,73.77,,,,,,,,,,,,,,,,,,,
168.9,0x100,BMS_PackState,30.18,112.5,73.85000000000001,,,,,,,,,,,,,,,,,,,
169.0,0x100,BMS_PackState,30.2,109.7,73.78,,,,,,,,,,,,,,,,,,,
169.0,0x101,BMS_CellVolt1,,,,3.783,3.786,3.771,3.778,,,,,,,,,,,,,,,
169.0,0x102,BMS_CellVolt2,,,,,,,,3.81,3.6830000000000003,3.794,3.7960000000000003,,,,,,,,,,,
169.0,0x103,BMS_Temps,,,,,,,,,,,,44.800000000000004,45.900000000000006,52.900000000000006,44.5,,,,,,,
169.0,0x104,BMS_Status,,,,,,,,,,,,,,,,0.0,0.0,0.0,0.0,0.0,1.0,1.0
169.1,0x100,BMS_PackState,30.23,107.5,73.73,,,,,,,,,,,,,,,,,,,
169.2,0x100,BMS_PackState,30.23,107.2,73.76,,,,,,,,,,,,,,,,,,,
169.3,0x100,BMS_PackState,30.23,107.80000000000001,73.69,,,,,,,,,,,,,,,,,,,
169.4,0x100,BMS_PackState,30.25,106.2,73.61,,,,,,,,,,,,,,,,,,,
169.5,0x100,BMS_PackState,30.23,108.0,73.74,,,,,,,,,,,,,,,,,,,
169.5,0x101,BMS_CellVolt1,,,,3.783,3.791,3.782,3.783,,,,,,,,,,,,,,,
169.5,0x102,BMS_CellVolt2,,,,,,,,3.8120000000000003,3.685,3.8000000000000003,3.8000000000000003,,,,,,,,,,,
169.6,0x100,BMS_PackState,30.25,106.10000000000001,73.66,,,,,,,,,,,,,,,,,,,
169.7,0x100,BMS_PackState,30.19,109.80000000000001,73.79,,,,,,,,,,,,,,,,,,,
169.8,0x100,BMS_PackState,30.29,103.0,73.78,,,,,,,,,,,,,,,,,,,
169.9,0x100,BMS_PackState,30.26,105.4,73.71000000000001,,,,,,,,,,,,,,,,,,,
170.0,0x100,BMS_PackState,30.29,102.80000000000001,73.74,,,,,,,,,,,,,,,,,,,
170.0,0x101,BMS_CellVolt1,,,,3.791,3.795,3.7840000000000003,3.7920000000000003,,,,,,,,,,,,,,,
170.0,0x102,BMS_CellVolt2,,,,,,,,3.8200000000000003,3.6990000000000003,3.8040000000000003,3.807,,,,,,,,,,,
170.0,0x103,BMS_Temps,,,,,,,,,,,,45.0,46.0,52.900000000000006,44.6,,,,,,,
170.0,0x104,BMS_Status,,,,,,,,,,,,,,,,0.0,0.0,0.0,0.0,0.0,1.0,1.0
170.1,0x100,BMS_PackState,30.28,103.2,73.69,,,,,,,,,,,,,,,,,,,
170.2,0x100,BMS_PackState,30.28,103.7,73.68,,,,,,,,,,,,,,,,,,,
170.3,0x100,BMS_PackState,30.34,99.4,73.57000000000001,,,,,,,,,,,,,,,,,,,
170.4,0x100,BMS_PackState,30.29,102.80000000000001,73.65,,,,,,,,,,,,,,,,,,,
170.5,0x100,BMS_PackState,30.26,104.80000000000001,73.66,,,,,,,,,,,,,,,,,,,
170.5,0x101,BMS_CellVolt1,,,,3.7880000000000003,3.795,3.7880000000000003,3.787,,,,,,,,,,,,,,,
170.5,0x102,BMS_CellVolt2,,,,,,,,3.815,3.692,3.797,3.801,,,,,,,,,,,
170.6,0x100,BMS_PackState,30.32,100.80000000000001,73.65,,,,,,,,,,,,,,,,,,,
170.7,0x100,BMS_PackState,30.32,101.4,73.63,,,,,,,,,,,,,,,,,,,
170.8,0x100,BMS_PackState,30.3,102.10000000000001,73.62,,,,,,,,,,,,,,,,,,,
170.9,0x100,BMS_PackState,30.32,99.9,73.8,,,,,,,,,,,,,,,,,,,
171.0,0x100,BMS_PackState,30.34,98.80000000000001,73.60000000000001,,,,,,,,,,,,,,,,,,,
171.0,0x101,BMS_CellVolt1,,,,3.798,3.8000000000000003,3.7960000000000003,3.797,,,,,,,,,,,,,,,
171.0,0x102,BMS_CellVolt2,,,,,,,,3.822,3.708,3.809,3.8080000000000003,,,,,,,,,,,
171.0,0x103,BMS_Temps,,,,,,,,,,,,44.800000000000004,45.900000000000006,52.900000000000006,44.6,,,,,,,
171.0,0x104,BMS_Status,,,,,,,,,,,,,,,,0.0,0.0,0.0,0.0,0.0,1.0,1.0
171.1,0x100,BMS_PackState,30.37,95.9,73.66,,,,,,,,,,,,,,,,,,,
171.2,0x100,BMS_PackState,30.32,99.9,73.58,,,,,,,,,,,,,,,,,,,
171.3,0x100,BMS_PackState,30.34,98.4,73.61,,,,,,,,,,,,,,,,,,,
171.4,0x100,BMS_PackState,30.36,96.7,73.49,,,,,,,,,,,,,,,,,,,
171.5,0x100,BMS_PackState,30.34,98.0,73.51,,,,,,,,,,,,,,,,,,,
171.5,0x101,BMS_CellVolt1,,,,3.798,3.803,3.794,3.797,,,,,,,,,,,,,,,
171.5,0x102,BMS_CellVolt2,,,,,,,,3.826,3.708,3.807,3.81,,,,,,,,,,,
171.6,0x100,BMS_PackState,30.36,96.60000000000001,73.51,,,,,,,,,,,,,,,,,,,
171.7,0x100,BMS_PackState,30.38,96.4,73.42,,,,,,,,,,,,,,,,,,,
171.8,0x100,BMS_PackState,30.35,97.80000000000001,73.56,,,,,,,,,,,,,,,,,,,
171.9,0x100,BMS_PackState,30.400000000000002,94.60000000000001,73.46000000000001,,,,,,,,,,,,,,,,,,,
172.0,0x100,BMS_PackState,30.35,98.0,73.43,,,,,,,,,,,,,,,,,,,
172.0,0x101,BMS_CellVolt1,,,,3.801,3.8000000000000003,3.7920000000000003,3.797,,,,,,,,,,,,,,,
172.0,0x102,BMS_CellVolt2,,,,,,,,3.8240000000000003,3.709,3.8120000000000003,3.8120000000000003,,,,,,,,,,,
172.0,0x103,BMS_Temps,,,,,,,,,,,,44.7,45.7,52.7,44.300000000000004,,,,,,,
172.0,0x104,BMS_Status,,,,,,,,,,,,,,,,0.0,0.0,0.0,0.0,0.0,1.0,1.0
172.1,0x100,BMS_PackState,30.39,94.10000000000001,73.75,,,,,,,,,,,,,,,,,,,
172.2,0x100,BMS_PackState,30.37,94.9,73.65,,,,,,,,,,,,,,,,,,,
172.3,0x100,BMS_PackState,30.35,98.60000000000001,73.73,,,,,,,,,,,,,,,,,,,
172.4,0x100,BMS_PackState,30.35,97.2,73.52,,,,,,,,,,,,,,,,,,,
172.5,0x100,BMS_PackState,30.37,95.5,73.49,,,,,,,,,,,,,,,,,,,
172.5,0x101,BMS_CellVolt1,,,,3.806,3.8000000000000003,3.802,3.798,,,,,,,,,,,,,,,
172.5,0x102,BMS_CellVolt2,,,,,,,,3.827,3.714,3.814,3.813,,,,,,,,,,,
172.6,0x100,BMS_PackState,30.38,93.7,73.55,,,,,,,,,,,,,,,,,,,
172.7,0x100,BMS_PackState,30.39,94.2,73.55,,,,,,,,,,,,,,,,,,,
172.8,0x100,BMS_PackState,30.38,95.0,73.47,,,,,,,,,,,,,,,,,,,
172.9,0x100,BMS_PackState,30.38,94.80000000000001,73.42,,,,,,,,,,,,,,,,,,,
173.0,0x100,BMS_PackState,30.39,94.4,73.55,,,,,,,,,,,,,,,,,,,
173.0,0x101,BMS_CellVolt1,,,,3.803,3.806,3.803,3.805,,,,,,,,,,,,,,,
173.0,0x102,BMS_CellVolt2,,,,,,,,3.8280000000000003,3.719,3.811,3.8200000000000003,,,,,,,,,,,
173.0,0x103,BMS_Temps,,,,,,,,,,,,44.6,45.5,52.300000000000004,44.1,,,,,,,
173.0,0x104,BMS_Status,,,,,,,,,,,,,,,,0.0,0.0,0.0,0.0,0.0,1.0,1.0
173.1,0x100,BMS_PackState,30.39,94.4,73.33,,,,,,,,,,,,,,,,,,,
173.2,0x100,BMS_PackState,30.39,94.0,73.54,,,,,,,,,,,,,,,,,,,
173.3,0x100,BMS_PackState,30.41,92.10000000000001,73.45,,,,,,,,,,,,,,,,,,,
173.4,0x100,BMS_PackState,30.400000000000002,93.4,73.55,,,,,,,,,,,,,,,,,,,
173.5,0x100,BMS_PackState,30.38,95.5,73.58,,,,,,,,,,,,,,,,,,,
173.5,0x101,BMS_CellVolt1,,,,3.805,3.805,3.797,3.806,,,,,,,,,,,,,,,
173.5,0x102,BMS_CellVolt2,,,,,,,,3.823,3.715,3.8120000000000003,3.814,,,,,,,,,,,
173.6,0x100,BMS_PackState,30.42,92.0,73.52,,,,,,,,,,,,,,,,,,,
173.7,0x100,BMS_PackState,30.39,93.7,73.34,,,,,,,,,,,,,,,,,,,
173.8,0x100,BMS_PackState,30.41,92.7,73.3,,,,,,,,,,,,,,,,,,,
173.9,0x100,BMS_PackState,30.39,94.10000000000001,73.29,,,,,,,,,,,,,,,,,,,
174.0,0x100,BMS_PackState,30.400000000000002,93.30000000000001,73.39,,,,,,,,,,,,,,,,,,,
174.0,0x101,BMS_CellVolt1,,,,3.807,3.807,3.806,3.809,,,,,,,,,,,,,,,
174.0,0x102,BMS_CellVolt2,,,,,,,,3.8280000000000003,3.719,3.814,3.8160000000000003,,,,,,,,,,,
174.0,0x103,BMS_Temps,,,,,,,,,,,,44.300000000000004,45.300000000000004,52.0,43.900000000000006,,,,,,,
174.0,0x104,BMS_Status,,,,,,,,,,,,,,,,0.0,0.0,0.0,0.0,0.0,1.0,1.0
174.1,0x100,BMS_PackState,30.36,96.0,73.29,,,,,,,,,,,,,,,,,,,
174.2,0x100,BMS_PackState,30.39,94.60000000000001,73.43,,,,,,,,,,,,,,,,,,,
174.3,0x100,BMS_PackState,30.42,91.80000000000001,73.34,,,,,,,,,,,,,,,,,,,
174.4,0x100,BMS_PackState,30.37,94.80000000000001,73.36,,,,,,,,,,,,,,,,,,,
174.5,0x100,BMS_PackState,30.41,92.60000000000001,73.42,,,,,,,,,,,,,,,,,,,
174.5,0x101,BMS_CellVolt1,,,,3.809,3.8120000000000003,3.803,3.805,,,,,,,,,,,,,,,
174.5,0x102,BMS_CellVolt2,,,,,,,,3.834,3.717,3.814,3.817,,,,,,,,,,,
174.6,0x100,BMS_PackState,30.41,92.9,73.45,,,,,,,,,,,,,,,,,,,
174.7,0x100,BMS_PackState,30.39,94.2,73.33,,,,,,,,,,,,,,,,,,,
174.8,0x100,BMS_PackState,30.400000000000002,93.0,73.36,,,,,,,,,,,,,,,,,,,
174.9,0x100,BMS_PackState,30.37,95.10000000000001,73.43,,,,,,,,,,,,,,,,,,,
175.0,0x100,BMS_PackState,30.41,92.60000000000001,73.38,,,,,,,,,,,,,,,,,,,
175.0,0x101,BMS_CellVolt1,,,,3.8040000000000003,3.806,3.803,3.8040000000000003,,,,,,,,,,,,,,,
175.0,0x102,BMS_CellVolt2,,,,,,,,3.831,3.72,3.821,3.8160000000000003,,,,,,,,,,,
175.0,0x103,BMS_Temps,,,,,,,,,,,,44.0,45.0,51.6,43.6,,,,,,,
175.0,0x104,BMS_Status,,,,,,,,,,,,,,,,0.0,0.0,0.0,0.0,0.0,1.0,1.0
175.1,0x100,BMS_PackState,30.400000000000002,92.80000000000001,73.37,,,,,,,,,,,,,,,,,,,
175.2,0x100,BMS_PackState,30.400000000000002,92.7,73.45,,,,,,,,,,,,,,,,,,,
175.3,0x100,BMS_PackState,30.41,92.9,73.29,,,,,,,,,,,,,,,,,,,
175.4,0x100,BMS_PackState,30.37,95.4,73.45,,,,,,,,,,,,,,,,,,,
175.5,0x100,BMS_PackState,30.37,94.7,73.59,,,,,,,,,,,,,,,,,,,
175.5,0x101,BMS_CellVolt1,,,,3.806,3.802,3.795,3.801,,,,,,,,,,,,,,,
175.5,0x102,BMS_CellVolt2,,,,,,,,3.826,3.712,3.8120000000000003,3.814,,,,,,,,,,,
175.6,0x100,BMS_PackState,30.36,96.30000000000001,73.39,,,,,,,,,,,,,,,,,,,
175.7,0x100,BMS_PackState,30.330000000000002,97.10000000000001,73.31,,,,,,,,,,,,,,,,,,,
175.8,0x100,BMS_PackState,30.400000000000002,92.2,73.2,,,,,,,,,,,,,,,,,,,
175.9,0x100,BMS_PackState,30.38,93.9,73.29,,,,,,,,,,,,,,,,,,,
176.0,0x100,BMS_PackState,30.42,92.0,73.38,,,,,,,,,,,,,,,,,,,
176.0,0x101,BMS_CellVolt1,,,,3.8080000000000003,3.8080000000000003,3.803,3.811,,,,,,,,,,,,,,,
176.0,0x102,BMS_CellVolt2,,,,,,,,3.8280000000000003,3.726,3.8160000000000003,3.8160000000000003,,,,,,,,,,,
176.0,0x103,BMS_Temps,,,,,,,,,,,,43.800000000000004,44.800000000000004,51.300000000000004,43.400000000000006,,,,,,,
176.0,0x104,BMS_Status,,,,,,,,,,,,,,,,0.0,0.0,0.0,0.0,0.0,1.0,1.0
176.1,0x100,BMS_PackState,30.400000000000002,92.60000000000001,73.32000000000001,,,,,,,,,,,,,,,,,,,
176.2,0x100,BMS_PackState,30.39,92.80000000000001,73.32000000000001,,,,,,,,,,,,,,,,,,,
176.3,0x100,BMS_PackState,30.400000000000002,92.2,73.31,,,,,,,,,,,,,,,,,,,
176.4,0x100,BMS_PackState,30.400000000000002,92.2,73.27,,,,,,,,,,,,,,,,,,,
176.5,0x100,BMS_PackState,30.38,93.60000000000001,73.31,,,,,,,,,,,,,,,,,,,
176.5,0x101,BMS_CellVolt1,,,,3.806,3.809,3.801,3.802,,,,,,,,,,,,,,,
176.5,0x102,BMS_CellVolt2,,,,,,,,3.8280000000000003,3.715,3.8120000000000003,3.813,,,,,,,,,,,
176.6,0x100,BMS_PackState,30.400000000000002,91.9,73.23,,,,,,,,,,,,,,,,,,,
176.7,0x100,BMS_PackState,30.36,95.0,73.31,,,,,,,,,,,,,,,,,,,
176.8,0x100,BMS_PackState,30.41,92.4,73.32000000000001,,,,,,,,,,,,,,,,,,,
176.9,0x100,BMS_PackState,30.34,98.0,73.43,,,,,,,,,,,,,,,,,,,
177.0,0x100,BMS_PackState,30.39,93.10000000000001,73.21000000000001,,,,,,,,,,,,,,,,,,,
177.0,0x101,BMS_CellVolt1,,,,3.805,3.81,3.799,3.806,,,,,,,,,,,,,,,
177.0,0x102,BMS_CellVolt2,,,,,,,,3.827,3.718,3.8120000000000003,3.8160000000000003,,,,,,,,,,,
177.0,0x103,BMS_Temps,,,,,,,,,,,,43.5,44.6,51.1,43.300000000000004,,,,,,,
177.0,0x104,BMS_Status,,,,,,,,,,,,,,,,0.0,0.0,0.0,0.0,0.0,1.0,1.0
177.1,0x100,BMS_PackState,30.37,93.9,73.36,,,,,,,,,,,,,,,,,,,
177.2,0x100,BMS_PackState,30.400000000000002,91.9,73.36,,,,,,,,,,,,,,,,,,,
177.3,0x100,BMS_PackState,30.35,96.4,73.25,,,,,,,,,,,,,,,,,,,
177.4,0x100,BMS_PackState,30.35,95.5,73.2,,,,,,,,,,,,,,,,,,,
177.5,0x100,BMS_PackState,30.37,94.30000000000001,73.4,,,,,,,,,,,,,,,,,,,
177.5,0x101,BMS_CellVolt1,,,,3.802,3.803,3.798,3.8000000000000003,,,,,,,,,,,,,,,
177.5,0x102,BMS_CellVolt2,,,,,,,,3.827,3.712,3.811,3.818,,,,,,,,,,,
177.6,0x100,BMS_PackState,30.400000000000002,91.9,73.13,,,,,,,,,,,,,,,,,,,
177.7,0x100,BMS_PackState,30.37,94.30000000000001,73.17,,,,,,,,,,,,,,,,,,,
177.8,0x100,BMS_PackState,30.41,92.30000000000001,73.14,,,,,,,,,,,,,,,,,,,
177.9,0x100,BMS_PackState,30.34,96.2,73.18,,,,,,,,,,,,,,,,,,,
178.0,0x100,BMS_PackState,30.36,95.30000000000001,73.22,,,,,,,,,,,,,,,,,,,
178.0,0x101,BMS_CellVolt1,,,,3.801,3.807,3.798,3.8000000000000003,,,,,,,,,,,,,,,
178.0,0x102,BMS_CellVolt2,,,,,,,,3.8240000000000003,3.7110000000000003,3.806,3.813,,,,,,,,,,,
178.0,0x103,BMS_Temps,,,,,,,,,,,,43.400000000000006,44.300000000000004,50.900000000000006,43.0,,,,,,,
178.0,0x104,BMS_Status,,,,,,,,,,,,,,,,0.0,0.0,0.0,0.0,0.0,1.0,1.0
178.1,0x100,BMS_PackState,30.37,94.30000000000001,73.38,,,,,,,,,,,,,,,,,,,
178.2,0x100,BMS_PackState,30.42,90.5,73.19,,,,,,,,,,,,,,,,,,,
178.3,0x100,BMS_PackState,30.38,92.80000000000001,73.44,,,,,,,,,,,,,,,,,,,
178.4,0x100,BMS_PackState,30.35,95.4,73.31,,,,,,,,,,,,,,,,,,,
178.5,0x100,BMS_PackState,30.34,96.2,73.16,,,,,,,,,,,,,,,,,,,
178.5,0x101,BMS_CellVolt1,,,,3.799,3.802,3.793,3.801,,,,,,,,,,,,,,,
178.5,0x102,BMS_CellVolt2,,,,,,,,3.8200000000000003,3.708,3.8080000000000003,3.81,,,,,,,,,,,
178.6,0x100,BMS_PackState,30.34,96.2,73.16,,,,,,,,,,,,,,,,,,,
178.7,0x100,BMS_PackState,30.38,92.2,73.22,,,,,,,,,,,,,,,,,,,
178.8,0x100,BMS_PackState,30.36,95.2,73.21000000000001,,,,,,,,,,,,,,,,,,,
178.9,0x100,BMS_PackState,30.35,96.4,73.08,,,,,,,,,,,,,,,,,,,
179.0,0x100,BMS_PackState,30.38,92.5,73.12,,,,,,,,,,,,,,,,,,,
179.0,0x101,BMS_CellVolt1,,,,3.8040000000000003,3.809,3.799,3.802,,,,,,,,,,,,,,,
179.0,0x102,BMS_CellVolt2,,,,,,,,3.827,3.715,3.813,3.815,,,,,,,,,,,
179.0,0x103,BMS_Temps,,,,,,,,,,,,43.300000000000004,44.2,50.6,43.0,,,,,,,
179.0,0x104,BMS_Status,,,,,,,,,,,,,,,,0.0,0.0,0.0,0.0,0.0,1.0,1.0
179.1,0x100,BMS_PackState,30.35,95.10000000000001,73.03,,,,,,,,,,,,,,,,,,,
179.2,0x100,BMS_PackState,30.34,95.7,73.36,,,,,,,,,,,,,,,,,,,
179.3,0x100,BMS_PackState,30.36,95.0,73.19,,,,,,,,,,,,,,,,,,,
179.4,0x100,BMS_PackState,30.37,92.9,73.14,,,,,,,,,,,,,,,,,,,
179.5,0x100,BMS_PackState,30.35,95.4,73.10000000000001,,,,,,,,,,,,,,,,,,,
179.5,0x101,BMS_CellVolt1,,,,3.801,3.803,3.7960000000000003,3.799,,,,,,,,,,,,,,,
179.5,0x102,BMS_CellVolt2,,,,,,,,3.825,3.71,3.809,3.811,,,,,,,,,,,
179.6,0x100,BMS_PackState,30.36,95.60000000000001,73.10000000000001,,,,,,,,,,,,,,,,,,,
179.7,0x100,BMS_PackState,30.35,96.10000000000001,73.01,,,,,,,,,,,,,,,,,,,
179.8,0x100,BMS_PackState,30.34,95.7,73.17,,,,,,,,,,,,,,,,,,,
179.9,0x100,BMS_PackState,30.330000000000002,96.10000000000001,73.22,,,,,,,,,,,,,,,,,,,
180.0,0x100,BMS_PackState,30.330000000000002,97.0,73.3,,,,,,,,,,,,,,,,,,,
180.0,0x101,BMS_CellVolt1,,,,3.797,3.801,3.7920000000000003,3.793,,,,,,,,,,,,,,,
180.0,0x102,BMS_CellVolt2,,,,,,,,3.8200000000000003,3.708,3.806,3.809,,,,,,,,,,,
180.0,0x103,BMS_Temps,,,,,,,,,,,,43.2,44.1,50.400000000000006,42.800000000000004,,,,,,,
180.0,0x104,BMS_Status,,,,,,,,,,,,,,,,0.0,0.0,0.0,0.0,0.0,1.0,1.0
180.1,0x100,BMS_PackState,30.310000000000002,98.0,73.21000000000001,,,,,,,,,,,,,,,,,,,
180.2,0x100,BMS_PackState,30.330000000000002,97.2,73.2,,,,,,,,,,,,,,,,,,,
180.3,0x100,BMS_PackState,30.32,97.4,73.24,,,,,,,,,,,,,,,,,,,
180.4,0x100,BMS_PackState,30.3,98.4,73.10000000000001,,,,,,,,,,,,,,,,,,,
180.5,0x100,BMS_PackState,30.35,95.80000000000001,72.98,,,,,,,,,,,,,,,,,,,
180.5,0x101,BMS_CellVolt1,,,,3.802,3.8040000000000003,3.794,3.798,,,,,,,,,,,,,,,
180.5,0x102,BMS_CellVolt2,,,,,,,,3.821,3.71,3.805,3.814,,,,,,,,,,,
180.6,0x100,BMS_PackState,30.29,99.7,73.19,,,,,,,,,,,,,,,,,,,
180.7,0x100,BMS_PackState,30.310000000000002,99.4,73.03,,,,,,,,,,,,,,,,,,,
180.8,0x100,BMS_PackState,30.29,99.9,73.09,,,,,,,,,,,,,,,,,,,
180.9,0x100,BMS_PackState,30.27,101.7,72.99,,,,,,,,,,,,,,,,,,,
181.0,0x100,BMS_PackState,30.32,97.7,73.2,,,,,,,,,,,,,,,,,,,
181.0,0x101,BMS_CellVolt1,,,,3.7960000000000003,3.799,3.791,3.79,,,,,,,,,,,,,,,
181.0,0x102,BMS_CellVolt2,,,,,,,,3.823,3.7030000000000003,3.803,3.81,,,,,,,,,,,
181.0,0x103,BMS_Temps,,,,,,,,,,,,43.2,44.0,50.400000000000006,42.800000000000004,,,,,,,
181.0,0x104,BMS_Status,,,,,,,,,,,,,,,,0.0,0.0,0.0,0.0,0.0,1.0,1.0
181.1,0x100,BMS_PackState,30.310000000000002,98.10000000000001,73.17,,,,,,,,,,,,,,,,,,,
181.2,0x100,BMS_PackState,30.25,102.0,72.94,,,,,,,,,,,,,,,,,,,
181.3,0x100,BMS_PackState,30.25,102.0,73.08,,,,,,,,,,,,,,,,,,,
181.4,0x100,BMS_PackState,30.25,102.80000000000001,73.17,,,,,,,,,,,,,,,,,,,
181.5,0x100,BMS_PackState,30.25,102.30000000000001,73.05,,,,,,,,,,,,,,,,,,,
181.5,0x101,BMS_CellVolt1,,,,3.7880000000000003,3.7920000000000003,3.783,3.7880000000000003,,,,,,,,,,,,,,,
181.5,0x102,BMS_CellVolt2,,,,,,,,3.813,3.692,3.795,3.801,,,,,,,,,,,
181.6,0x100,BMS_PackState,30.22,104.5,73.05,,,,,,,,,,,,,,,,,,,
181.7,0x100,BMS_PackState,30.21,105.5,73.14,,,,,,,,,,,,,,,,,,,
181.8,0x100,BMS_PackState,30.21,105.4,73.02,,,,,,,,,,,,,,,,,,,
181.9,0x100,BMS_PackState,30.21,104.80000000000001,73.03,,,,,,,,,,,,,,,,,,,
182.0,0x100,BMS_PackState,30.25,102.60000000000001,73.11,,,,,,,,,,,,,,,,,,,
182.0,0x101,BMS_CellVolt1,,,,3.789,3.79,3.781,3.7880000000000003,,,,,,,,,,,,,,,
182.0,0x102,BMS_CellVolt2,,,,,,,,3.8120000000000003,3.694,3.7960000000000003,3.8000000000000003,,,,,,,,,,,
182.0,0x103,BMS_Temps,,,,,,,,,,,,43.2,44.300000000000004,50.5,42.900000000000006,,,,,,,
182.0,0x104,BMS_Status,,,,,,,,,,,,,,,,0.0,0.0,0.0,0.0,0.0,1.0,1.0
182.1,0x100,BMS_PackState,30.19,107.5,72.92,,,,,,,,,,,,,,,,,,,
182.2,0x100,BMS_PackState,30.17,108.80000000000001,72.95,,,,,,,,,,,,,,,,,,,
182.3,0x100,BMS_PackState,30.17,108.5,72.84,,,,,,,,,,,,,,,,,,,
182.4,0x100,BMS_PackState,30.19,106.80000000000001,73.21000000000001,,,,,,,,,,,,,,,,,,,
182.5,0x100,BMS_PackState,30.150000000000002,109.80000000000001,73.01,,,,,,,,,,,,,,,,,,,
182.5,0x101,BMS_CellVolt1,,,,3.7760000000000002,3.782,3.771,3.774,,,,,,,,,,,,,,,
182.5,0x102,BMS_CellVolt2,,,,,,,,3.802,3.673,3.785,3.791,,,,,,,,,,,
182.6,0x100,BMS_PackState,30.14,110.7,73.10000000000001,,,,,,,,,,,,,,,,,,,
182.7,0x100,BMS_PackState,30.12,112.4,72.87,,,,,,,,,,,,,,,,,,,
182.8,0x100,BMS_PackState,30.16,109.30000000000001,73.11,,,,,,,,,,,,,,,,,,,
182.9,0x100,BMS_PackState,30.14,111.0,72.95,,,,,,,,,,,,,,,,,,,
183.0,0x100,BMS_PackState,30.11,113.10000000000001,73.11,,,,,,,,,,,,,,,,,,,
183.0,0x101,BMS_CellVolt1,,,,3.771,3.7760000000000002,3.767,3.77,,,,,,,,,,,,,,,
183.0,0x102,BMS_CellVolt2,,,,,,,,3.799,3.664,3.779,3.783,,,,,,,,,,,
183.0,0x103,BMS_Temps,,,,,,,,,,,,43.5,44.400000000000006,50.900000000000006,43.1,,,,,,,
183.0,0x104,BMS_Status,,,,,,,,,,,,,,,,0.0,0.0,0.0,0.0,0.0,1.0,1.0
183.1,0x100,BMS_PackState,30.12,112.7,72.95,,,,,,,,,,,,,,,,,,,
183.2,0x100,BMS_PackState,30.12,111.60000000000001,72.85000000000001,,,,,,,,,,,,,,,,,,,
183.3,0x100,BMS_PackState,30.09,114.5,73.06,,,,,,,,,,,,,,,,,,,
183.4,0x100,BMS_PackState,30.080000000000002,115.4,72.95,,,,,,,,,,,,,,,,,,,
183.5,0x100,BMS_PackState,30.07,115.30000000000001,72.82000000000001,,,,,,,,,,,,,,,,,,,
183.5,0x101,BMS_CellVolt1,,,,3.766,3.771,3.7600000000000002,3.765,,,,,,,,,,,,,,,
183.5,0x102,BMS_CellVolt2,,,,,,,,3.7920000000000003,3.6590000000000003,3.777,3.783,,,,,,,,,,,
183.6,0x100,BMS_PackState,30.060000000000002,116.2,72.77,,,,,,,,,,,,,,,,,,,
183.7,0x100,BMS_PackState,30.07,116.10000000000001,72.97,,,,,,,,,,,,,,,,,,,
183.8,0x100,BMS_PackState,30.03,119.30000000000001,72.92,,,,,,,,,,,,,,,,,,,
183.9,0x100,BMS_PackState,30.060000000000002,116.4,72.94,,,,,,,,,,,,,,,,,,,
184.0,0x100,BMS_PackState,30.060000000000002,117.5,72.93,,,,,,,,,,,,,,,,,,,
184.0,0x101,BMS_CellVolt1,,,,3.766,3.767,3.759,3.7640000000000002,,,,,,,,,,,,,,,
184.0,0x102,BMS_CellVolt2,,,,,,,,3.7920000000000003,3.654,3.777,3.778,,,,,,,,,,,
184.0,0x103,BMS_Temps,,,,,,,,,,,,44.1,45.1,51.7,43.7,,,,,,,
184.0,0x104,BMS_Status,,,,,,,,,,,,,,,,0.0,0.0,0.0,0.0,0.0,1.0,1.0
184.1,0x100,BMS_PackState,30.03,119.0,72.89,,,,,,,,,,,,,,,,,,,
184.2,0x100,BMS_PackState,30.01,120.9,72.94,,,,,,,,,,,,,,,,,,,
184.3,0x100,BMS_PackState,30.04,118.0,72.96000000000001,,,,,,,,,,,,,,,,,,,
184.4,0x100,BMS_PackState,30.03,118.80000000000001,72.87,,,,,,,,,,,,,,,,,,,
184.5,0x100,BMS_PackState,30.03,118.30000000000001,72.93,,,,,,,,,,,,,,,,,,,
184.5,0x101,BMS_CellVolt1,,,,3.763,3.765,3.758,3.7600000000000002,,,,,,,,,,,,,,,
184.5,0x102,BMS_CellVolt2,,,,,,,,3.79,3.652,3.77,3.777,,,,,,,,,,,
184.6,0x100,BMS_PackState,29.990000000000002,122.0,72.93,,,,,,,,,,,,,,,,,,,
184.7,0x100,BMS_PackState,30.0,120.80000000000001,72.97,,,,,,,,,,,,,,,,,,,
184.8,0x100,BMS_PackState,29.990000000000002,122.4,72.64,,,,,,,,,,,,,,,,,,,
184.9,0x100,BMS_PackState,29.95,124.5,72.81,,,,,,,,,,,,,,,,,,,
185.0,0x100,BMS_PackState,29.98,123.0,72.9,,,,,,,,,,,,,,,,,,,
185.0,0x101,BMS_CellVolt1,,,,3.757,3.7600000000000002,3.749,3.753,,,,,,,,,,,,,,,
185.0,0x102,BMS_CellVolt2,,,,,,,,3.785,3.64,3.7680000000000002,3.771,,,,,,,,,,,
185.0,0x103,BMS_Temps,,,,,,,,,,,,44.6,45.6,52.5,44.1,,,,,,,
185.0,0x104,BMS_Status,,,,,,,,,,,,,,,,0.0,0.0,0.0,0.0,0.0,1.0,1.0
185.1,0x100,BMS_PackState,29.95,124.80000000000001,73.05,,,,,,,,,,,,,,,,,,,
185.2,0x100,BMS_PackState,29.96,124.5,72.95,,,,,,,,,,,,,,,,,,,
185.3,0x100,BMS_PackState,29.95,126.4,72.95,,,,,,,,,,,,,,,,,,,
185.4,0x100,BMS_PackState,29.92,126.5,73.08,,,,,,,,,,,,,,,,,,,
185.5,0x100,BMS_PackState,29.94,125.10000000000001,72.8,,,,,,,,,,,,,,,,,,,
185.5,0x101,BMS_CellVolt1,,,,3.747,3.753,3.746,3.75,,,,,,,,,,,,,,,
185.5,0x102,BMS_CellVolt2,,,,,,,,3.783,3.6350000000000002,3.762,3.765,,,,,,,,,,,
185.6,0x100,BMS_PackState,29.94,126.30000000000001,73.01,,,,,,,,,,,,,,,,,,,
185.7,0x100,BMS_PackState,29.91,128.5,72.87,,,,,,,,,,,,,,,,,,,
185.8,0x100,BMS_PackState,29.92,127.80000000000001,72.69,,,,,,,,,,,,,,,,,,,
185.9,0x100,BMS_PackState,29.94,125.4,72.61,,,,,,,,,,,,,,,,,,,
186.0,0x100,BMS_PackState,29.900000000000002,128.8,72.75,,,,,,,,,,,,,,,,,,,
186.0,0x101,BMS_CellVolt1,,,,3.745,3.749,3.738,3.744,,,,,,,,,,,,,,,
186.0,0x102,BMS_CellVolt2,,,,,,,,3.777,3.624,3.757,3.761,,,,,,,,,,,
186.0,0x103,BMS_Temps,,,,,,,,,,,,45.400000000000006,46.400000000000006,53.6,44.800000000000004,,,,,,,
186.0,0x104,BMS_Status,,,,,,,,,,,,,,,,0.0,0.0,0.0,0.0,0.0,1.0,1.0
186.1,0x100,BMS_PackState,29.94,126.4,72.84,,,,,,,,,,,,,,,,,,,
186.2,0x100,BMS_PackState,29.88,130.4,72.74,,,,,,,,,,,,,,,,,,,
186.3,0x100,BMS_PackState,29.87,130.0,72.77,,,,,,,,,,,,,,,,,,,
186.4,0x100,BMS_PackState,29.89,129.0,72.94,,,,,,,,,,,,,,,,,,,
186.5,0x100,BMS_PackState,29.89,129.0,72.75,,,,,,,,,,,,,,,,,,,
186.5,0x101,BMS_CellVolt1,,,,3.743,3.748,3.739,3.743,,,,,,,,,,,,,,,
186.5,0x102,BMS_CellVolt2,,,,,,,,3.778,3.628,3.753,3.7600000000000002,,,,,,,,,,,
186.6,0x100,BMS_PackState,29.91,128.5,72.93,,,,,,,,,,,,,,,,,,,
186.7,0x100,BMS_PackState,29.88,129.9,72.81,,,,,,,,,,,,,,,,,,,
186.8,0x100,BMS_PackState,29.89,128.4,72.83,,,,,,,,,,,,,,,,,,,
186.9,0x100,BMS_PackState,29.89,129.3,72.69,,,,,,,,,,,,,,,,,,,
187.0,0x100,BMS_PackState,29.87,130.3,72.7,,,,,,,,,,,,,,,,,,,
187.0,0x101,BMS_CellVolt1,,,,3.742,3.748,3.737,3.739,,,,,,,,,,,,,,,
187.0,0x102,BMS_CellVolt2,,,,,,,,3.773,3.622,3.757,3.755,,,,,,,,,,,
187.0,0x103,BMS_Temps,,,,,,,,,,,,46.1,47.300000000000004,54.6,45.800000000000004,,,,,,,
187.0,0x104,BMS_Status,,,,,,,,,,,,,,,,0.0,0.0,0.0,0.0,0.0,1.0,1.0
187.1,0x100,BMS_PackState,29.900000000000002,128.1,72.7,,,,,,,,,,,,,,,,,,,
187.2,0x100,BMS_PackState,29.900000000000002,128.0,72.69,,,,,,,,,,,,,,,,,,,
187.3,0x100,BMS_PackState,29.92,127.0,72.75,,,,,,,,,,,,,,,,,,,
187.4,0x100,BMS_PackState,29.91,127.10000000000001,72.81,,,,,,,,,,,,,,,,,,,
187.5,0x100,BMS_PackState,29.92,125.80000000000001,72.92,,,,,,,,,,,,,,,,,,,
187.5,0x101,BMS_CellVolt1,,,,3.747,3.757,3.74,3.747,,,,,,,,,,,,,,,
187.5,0x102,BMS_CellVolt2,,,,,,,,3.7760000000000002,3.632,3.759,3.766,,,,,,,,,,,
187.6,0x100,BMS_PackState,29.87,129.4,72.60000000000001,,,,,,,,,,,,,,,,,,,
187.7,0x100,BMS_PackState,29.86,130.9,72.66,,,,,,,,,,,,,,,,,,,
187.8,0x100,BMS_PackState,29.88,130.1,72.75,,,,,,,,,,,,,,,,,,,
187.9,0x100,BMS_PackState,29.94,125.2,72.65,,,,,,,,,,,,,,,,,,,
188.0,0x100,BMS_PackState,29.900000000000002,128.5,72.51,,,,,,,,,,,,,,,,,,,
188.0,0x101,BMS_CellVolt1,,,,3.743,3.748,3.739,3.743,,,,,,,,,,,,,,,
188.0,0x102,BMS_CellVolt2,,,,,,,,3.7760000000000002,3.625,3.759,3.763,,,,,,,,,,,
188.0,0x103,BMS_Temps,,,,,,,,,,,,46.800000000000004,48.0,55.6,46.5,,,,,,,
188.0,0x104,BMS_Status,,,,,,,,,,,,,,,,0.0,0.0,1.0,0.0,0.0,1.0,1.0
188.1,0x100,BMS_PackState,29.89,129.20000000000002,72.71000000000001,,,,,,,,,,,,,,,,,,,
188.2,0x100,BMS_PackState,29.91,126.10000000000001,72.55,,,,,,,,,,,,,,,,,,,
188.3,0x100,BMS_PackState,29.92,126.5,72.64,,,,,,,,,,,,,,,,,,,
188.4,0x100,BMS_PackState,29.96,123.0,72.78,,,,,,,,,,,,,,,,,,,
188.5,0x100,BMS_PackState,29.92,126.0,72.68,,,,,,,,,,,,,,,,,,,
188.5,0x101,BMS_CellVolt1,,,,3.75,3.75,3.74,3.743,,,,,,,,,,,,,,,
188.5,0x102,BMS_CellVolt2,,,,,,,,3.778,3.63,3.761,3.7640000000000002,,,,,,,,,,,
188.6,0x100,BMS_PackState,29.95,123.60000000000001,72.66,,,,,,,,,,,,,,,,,,,
188.7,0x100,BMS_PackState,29.92,125.0,72.74,,,,,,,,,,,,,,,,,,,
188.8,0x100,BMS_PackState,29.97,121.9,72.57000000000001,,,,,,,,,,,,,,,,,,,
188.9,0x100,BMS_PackState,29.94,124.60000000000001,72.61,,,,,,,,,,,,,,,,,,,
189.0,0x100,BMS_PackState,29.93,124.80000000000001,72.55,,,,,,,,,,,,,,,,,,,
189.0,0x101,BMS_CellVolt1,,,,3.755,3.753,3.745,3.748,,,,,,,,,,,,,,,
189.0,0x102,BMS_CellVolt2,,,,,,,,3.781,3.633,3.759,3.759,,,,,,,,,,,
189.0,0x103,BMS_Temps,,,,,,,,,,,,47.300000000000004,48.5,56.300000000000004,46.900000000000006,,,,,,,
189.0,0x104,BMS_Status,,,,,,,,,,,,,,,,0.0,0.0,1.0,0.0,0.0,1.0,1.0
189.1,0x100,BMS_PackState,29.98,121.60000000000001,72.64,,,,,,,,,,,,,,,,,,,
189.2,0x100,BMS_PackState,29.990000000000002,120.5,72.43,,,,,,,,,,,,,,,,,,,
189.3,0x100,BMS_PackState,30.01,118.4,72.46000000000001,,,,,,,,,,,,,,,,,,,
189.4,0x100,BMS_PackState,29.990000000000002,120.7,72.55,,,,,,,,,,,,,,,,,,,
189.5,0x100,BMS_PackState,30.0,119.7,72.60000000000001,,,,,,,,,,,,,,,,,,,
189.5,0x101,BMS_CellVolt1,,,,3.759,3.757,3.754,3.75,,,,,,,,,,,,,,,
189.5,0x102,BMS_CellVolt2,,,,,,,,3.789,3.644,3.77,3.773,,,,,,,,,,,
189.6,0x100,BMS_PackState,30.02,117.60000000000001,72.72,,,,,,,,,,,,,,,,,,,
189.7,0x100,BMS_PackState,29.990000000000002,120.0,72.44,,,,,,,,,,,,,,,,,,,
189.8,0x100,BMS_PackState,30.02,118.10000000000001,72.51,,,,,,,,,,,,,,,,,,,
189.9,0x100,BMS_PackState,30.03,116.5,72.54,,,,,,,,,,,,,,,,,,,
190.0,0x100,BMS_PackState,30.04,116.7,72.39,,,,,,,,,,,,,,,,,,,
190.0,0x101,BMS_CellVolt1,,,,3.765,3.769,3.758,3.7600000000000002,,,,,,,,,,,,,,,
190.0,0x102,BMS_CellVolt2,,,,,,,,3.794,3.653,3.771,3.774,,,,,,,,,,,
190.0,0x103,BMS_Temps,,,,,,,,,,,,47.7,48.900000000000006,56.800000000000004,47.300000000000004,,,,,,,
190.0,0x104,BMS_Status,,,,,,,,,,,,,,,,0.0,0.0,1.0,0.0,0.0,1.0,1.0
190.1,0x100,BMS_PackState,30.01,118.5,72.43,,,,,,,,,,,,,,,,,,,
190.2,0x100,BMS_PackState,30.02,117.10000000000001,72.32000000000001,,,,,,,,,,,,,,,,,,,
190.3,0x100,BMS_PackState,30.05,115.4,72.54,,,,,,,,,,,,,,,,,,,
190.4,0x100,BMS_PackState,30.04,115.80000000000001,72.4,,,,,,,,,,,,,,,,,,,
190.5,0x100,BMS_PackState,30.09,112.5,72.60000000000001,,,,,,,,,,,,,,,,,,,
190.5,0x101,BMS_CellVolt1,,,,3.77,3.77,3.765,3.766,,,,,,,,,,,,,,,
190.5,0x102,BMS_CellVolt2,,,,,,,,3.797,3.66,3.7760000000000002,3.781,,,,,,,,,,,
190.6,0x100,BMS_PackState,30.060000000000002,113.7,72.51,,,,,,,,,,,,,,,,,,,
190.7,0x100,BMS_PackState,30.07,113.2,72.45,,,,,,,,,,,,,,,,,,,
190.8,0x100,BMS_PackState,30.09,111.60000000000001,72.38,,,,,,,,,,,,,,,,,,,
190.9,0x100,BMS_PackState,30.09,112.30000000000001,72.49,,,,,,,,,,,,,,,,,,,
191.0,0x100,BMS_PackState,30.11,109.9,72.42,,,,,,,,,,,,,,,,,,,
191.0,0x101,BMS_CellVolt1,,,,3.773,3.775,3.7680000000000002,3.7720000000000002,,,,,,,,,,,,,,,
191.0,0x102,BMS_CellVolt2,,,,,,,,3.797,3.666,3.7760000000000002,3.7840000000000003,,,,,,,,,,,
191.0,0x103,BMS_Temps,,,,,,,,,,,,47.800000000000004,48.900000000000006,56.900000000000006,47.300000000000004,,,,,,,
191.0,0x104,BMS_Status,,,,,,,,,,,,,,,,0.0,0.0,1.0,0.0,0.0,1.0,1.0
191.1,0x100,BMS_PackState,30.1,111.2,72.49,,,,,,,,,,,,,,,,,,,
191.2,0x100,BMS_PackState,30.11,110.60000000000001,72.55,,,,,,,,,,,,,,,,,,,
191.3,0x100,BMS_PackState,30.19,104.80000000000001,72.35000000000001,,,,,,,,,,,,,,,,,,,
191.4,0x100,BMS_PackState,30.1,110.30000000000001,72.38,,,,,,,,,,,,,,,,,,,
191.5,0x100,BMS_PackState,30.21,103.30000000000001,72.55,,,,,,,,,,,,,,,,,,,
191.5,0x101,BMS_CellVolt1,,,,3.7840000000000003,3.7880000000000003,3.775,3.7800000000000002,,,,,,,,,,,,,,,
191.5,0x102,BMS_CellVolt2,,,,,,,,3.807,3.685,3.791,3.7960000000000003,,,,,,,,,,,
191.6,0x100,BMS_PackState,30.150000000000002,106.4,72.55,,,,,,,,,,,,,,,,,,,
191.7,0x100,BMS_PackState,30.13,108.2,72.31,,,,,,,,,,,,,,,,,,,
191.8,0x100,BMS_PackState,30.16,105.60000000000001,72.32000000000001,,,,,,,,,,,,,,,,,,,
191.9,0x100,BMS_PackState,30.2,103.30000000000001,72.31,,,,,,,,,,,,,,,,,,,
192.0,0x100,BMS_PackState,30.19,103.30000000000001,72.41,,,,,,,,,,,,,,,,,,,
192.0,0x101,BMS_CellVolt1,,,,3.779,3.785,3.779,3.778,,,,,,,,,,,,,,,
192.0,0x102,BMS_CellVolt2,,,,,,,,3.8080000000000003,3.682,3.79,3.791,,,,,,,,,,,
192.0,0x103,BMS_Temps,,,,,,,,,,,,47.7,48.800000000000004,56.800000000000004,47.2,,,,,,,
192.0,0x104,BMS_Status,,,,,,,,,,,,,,,,0.0,0.0,1.0,0.0,0.0,1.0,1.0
192.1,0x100,BMS_PackState,30.16,106.0,72.25,,,,,,,,,,,,,,,,,,,
192.2,0x100,BMS_PackState,30.22,101.0,72.38,,,,,,,,,,,,,,,,,,,
192.3,0x100,BMS_PackState,30.17,105.10000000000001,72.37,,,,,,,,,,,,,,,,,,,
192.4,0x100,BMS_PackState,30.2,102.80000000000001,72.31,,,,,,,,,,,,,,,,,,,
192.5,0x100,BMS_PackState,30.23,100.60000000000001,72.37,,,,,,,,,,,,,,,,,,,
192.5,0x101,BMS_CellVolt1,,,,3.786,3.7880000000000003,3.781,3.783,,,,,,,,,,,,,,,
192.5,0x102,BMS_CellVolt2,,,,,,,,3.81,3.689,3.791,3.797,,,,,,,,,,,
192.6,0x100,BMS_PackState,30.21,101.0,72.37,,,,,,,,,,,,,,,,,,,
192.7,0x100,BMS_PackState,30.23,99.9,72.32000000000001,,,,,,,,,,,,,,,,,,,
192.8,0x100,BMS_PackState,30.2,102.30000000000001,72.51,,,,,,,,,,,,,,,,,,,
192.9,0x100,BMS_PackState,30.2,101.60000000000001,72.3,,,,,,,,,,,,,,,,,,,
193.0,0x100,BMS_PackState,30.26,97.5,72.34,,,,,,,,,,,,,,,,,,,
193.0,0x101,BMS_CellVolt1,,,,3.789,3.79,3.783,3.789,,,,,,,,,,,,,,,
193.0,0x102,BMS_CellVolt2,,,,,,,,3.8120000000000003,3.694,3.8000000000000003,3.802,,,,,,,,,,,
193.0,0x103,BMS_Temps,,,,,,,,,,,,47.400000000000006,48.6,56.400000000000006,46.900000000000006,,,,,,,
193.0,0x104,BMS_Status,,,,,,,,,,,,,,,,0.0,0.0,1.0,0.0,0.0,1.0,1.0
193.1,0x100,BMS_PackState,30.23,99.10000000000001,72.27,,,,,,,,,,,,,,,,,,,
193.2,0x100,BMS_PackState,30.27,98.0,72.42,,,,,,,,,,,,,,,,,,,
193.3,0x100,BMS_PackState,30.22,100.9,72.21000000000001,,,,,,,,,,,,,,,,,,,
193.4,0x100,BMS_PackState,30.27,96.60000000000001,72.33,,,,,,,,,,,,,,,,,,,
193.5,0x100,BMS_PackState,30.240000000000002,100.60000000000001,72.22,,,,,,,,,,,,,,,,,,,
193.5,0x101,BMS_CellVolt1,,,,3.786,3.7880000000000003,3.782,3.785,,,,,,,,,,,,,,,
193.5,0x102,BMS_CellVolt2,,,,,,,,3.809,3.6950000000000003,3.793,3.798,,,,,,,,,,,
193.6,0x100,BMS_PackState,30.26,97.9,72.13,,,,,,,,,,,,,,,,,,,
193.7,0x100,BMS_PackState,30.29,95.9,72.23,,,,,,,,,,,,,,,,,,,
193.8,0x100,BMS_PackState,30.27,96.30000000000001,72.23,,,,,,,,,,,,,,,,,,,
193.9,0x100,BMS_PackState,30.27,95.80000000000001,72.34,,,,,,,,,,,,,,,,,,,
194.0,0x100,BMS_PackState,30.3,94.9,72.2,,,,,,,,,,,,,,,,,,,
194.0,0x101,BMS_CellVolt1,,,,3.7920000000000003,3.797,3.787,3.79,,,,,,,,,,,,,,,
194.0,0x102,BMS_CellVolt2,,,,,,,,3.8200000000000003,3.704,3.803,3.805,,,,,,,,,,,
194.0,0x103,BMS_Temps,,,,,,,,,,,,47.1,48.1,55.900000000000006,46.6,,,,,,,
194.0,0x104,BMS_Status,,,,,,,,,,,,,,,,0.0,0.0,1.0,0.0,0.0,1.0,1.0
194.1,0x100,BMS_PackState,30.27,96.7,72.07000000000001,,,,,,,,,,,,,,,,,,,
194.2,0x100,BMS_PackState,30.3,94.4,72.07000000000001,,,,,,,,,,,,,,,,,,,
194.3,0x100,BMS_PackState,30.32,92.80000000000001,72.28,,,,,,,,,,,,,,,,,,,
194.4,0x100,BMS_PackState,30.28,95.30000000000001,72.31,,,,,,,,,,,,,,,,,,,
194.5,0x100,BMS_PackState,30.310000000000002,93.0,72.28,,,,,,,,,,,,,,,,,,,
194.5,0x101,BMS_CellVolt1,,,,3.798,3.797,3.79,3.7960000000000003,,,,,,,,,,,,,,,
194.5,0x102,BMS_CellVolt2,,,,,,,,3.813,3.71,3.802,3.805,,,,,,,,,,,
194.6,0x100,BMS_PackState,30.310000000000002,94.4,72.21000000000001,,,,,,,,,,,,,,,,,,,
194.7,0x100,BMS_PackState,30.3,94.0,72.28,,,,,,,,,,,,,,,,,,,
194.8,0x100,BMS_PackState,30.310000000000002,93.9,72.06,,,,,,,,,,,,,,,,,,,
194.9,0x100,BMS_PackState,30.25,98.0,72.04,,,,,,,,,,,,,,,,,,,
195.0,0x100,BMS_PackState,30.29,95.0,72.09,,,,,,,,,,,,,,,,,,,
195.0,0x101,BMS_CellVolt1,,,,3.795,3.7920000000000003,3.787,3.791,,,,,,,,,,,,,,,
195.0,0x102,BMS_CellVolt2,,,,,,,,3.814,3.704,3.8040000000000003,3.805,,,,,,,,,,,
195.0,0x103,BMS_Temps,,,,,,,,,,,,46.6,47.7,55.400000000000006,46.2,,,,,,,
195.0,0x104,BMS_Status,,,,,,,,,,,,,,,,0.0,0.0,1.0,0.0,0.0,1.0,1.0
195.1,0x100,BMS_PackState,30.29,95.2,72.21000000000001,,,,,,,,,,,,,,,,,,,
195.2,0x100,BMS_PackState,30.330000000000002,92.0,72.3,,,,,,,,,,,,,,,,,,,
195.3,0x100,BMS_PackState,30.3,93.60000000000001,72.12,,,,,,,,,,,,,,,,,,,
195.4,0x100,BMS_PackState,30.29,94.80000000000001,72.12,,,,,,,,,,,,,,,,,,,
195.5,0x100,BMS_PackState,30.310000000000002,92.9,72.27,,,,,,,,,,,,,,,,,,,
195.5,0x101,BMS_CellVolt1,,,,3.793,3.7960000000000003,3.791,3.793,,,,,,,,,,,,,,,
195.5,0x102,BMS_CellVolt2,,,,,,,,3.823,3.709,3.801,3.803,,,,,,,,,,,
195.6,0x100,BMS_PackState,30.27,95.7,72.16,,,,,,,,,,,,,,,,,,,
195.7,0x100,BMS_PackState,30.32,92.5,72.22,,,,,,,,,,,,,,,,,,,
195.8,0x100,BMS_PackState,30.3,93.80000000000001,72.2,,,,,,,,,,,,,,,,,,,
195.9,0x100,BMS_PackState,30.3,93.30000000000001,72.06,,,,,,,,,,,,,,,,,,,
196.0,0x100,BMS_PackState,30.29,94.4,72.36,,,,,,,,,,,,,,,,,,,
196.0,0x101,BMS_CellVolt1,,,,3.794,3.797,3.787,3.789,,,,,,,,,,,,,,,
196.0,0x102,BMS_CellVolt2,,,,,,,,3.814,3.705,3.801,3.803,,,,,,,,,,,
196.0,0x103,BMS_Temps,,,,,,,,,,,,46.2,47.300000000000004,54.7,45.900000000000006,,,,,,,
196.0,0x104,BMS_Status,,,,,,,,,,,,,,,,0.0,0.0,0.0,0.0,0.0,1.0,1.0
196.1,0x100,BMS_PackState,30.310000000000002,93.10000000000001,72.09,,,,,,,,,,,,,,,,,,,
196.2,0x100,BMS_PackState,30.29,93.7,72.36,,,,,,,,,,,,,,,,,,,
196.3,0x100,BMS_PackState,30.3,93.7,72.22,,,,,,,,,,,,,,,,,,,
196.4,0x100,BMS_PackState,30.310000000000002,92.9,72.19,,,,,,,,,,,,,,,,,,,
196.5,0x100,BMS_PackState,30.28,94.7,72.01,,,,,,,,,,,,,,,,,,,
196.5,0x101,BMS_CellVolt1,,,,3.789,3.7920000000000003,3.7880000000000003,3.7920000000000003,,,,,,,,,,,,,,,
196.5,0x102,BMS_CellVolt2,,,,,,,,3.819,3.7030000000000003,3.798,3.803,,,,,,,,,,,
196.6,0x100,BMS_PackState,30.29,94.30000000000001,72.19,,,,,,,,,,,,,,,,,,,
196.7,0x100,BMS_PackState,30.3,93.80000000000001,72.14,,,,,,,,,,,,,,,,,,,
196.8,0x100,BMS_PackState,30.310000000000002,93.30000000000001,72.12,,,,,,,,,,,,,,,,,,,
196.9,0x100,BMS_PackState,30.28,95.10000000000001,72.01,,,,,,,,,,,,,,,,,,,
197.0,0x100,BMS_PackState,30.29,93.60000000000001,72.22,,,,,,,,,,,,,,,,,,,
197.0,0x101,BMS_CellVolt1,,,,3.793,3.797,3.787,3.791,,,,,,,,,,,,,,,
197.0,0x102,BMS_CellVolt2,,,,,,,,3.815,3.705,3.801,3.806,,,,,,,,,,,
197.0,0x103,BMS_Temps,,,,,,,,,,,,45.900000000000006,46.900000000000006,54.2,45.5,,,,,,,
197.0,0x104,BMS_Status,,,,,,,,,,,,,,,,0.0,0.0,0.0,0.0,0.0,1.0,1.0
197.1,0x100,BMS_PackState,30.310000000000002,93.5,72.22,,,,,,,,,,,,,,,,,,,
197.2,0x100,BMS_PackState,30.28,94.10000000000001,71.95,,,,,,,,,,,,,,,,,,,
197.3,0x100,BMS_PackState,30.26,96.5,72.06,,,,,,,,,,,,,,,,,,,
197.4,0x100,BMS_PackState,30.310000000000002,91.9,72.08,,,,,,,,,,,,,,,,,,,
197.5,0x100,BMS_PackState,30.28,95.10000000000001,72.14,,,,,,,,,,,,,,,,,,,
197.5,0x101,BMS_CellVolt1,,,,3.789,3.795,3.7880000000000003,3.7920000000000003,,,,,,,,,,,,,,,
197.5,0x102,BMS_CellVolt2,,,,,,,,3.8160000000000003,3.7,3.8000000000000003,3.803,,,,,,,,,,,
197.6,0x100,BMS_PackState,30.330000000000002,91.10000000000001,72.12,,,,,,,,,,,,,,,,,,,
197.7,0x100,BMS_PackState,30.29,94.30000000000001,72.09,,,,,,,,,,,,,,,,,,,
197.8,0x100,BMS_PackState,30.26,96.30000000000001,72.14,,,,,,,,,,,,,,,,,,,
197.9,0x100,BMS_PackState,30.28,94.7,72.27,,,,,,,,,,,,,,,,,,,
198.0,0x100,BMS_PackState,30.29,94.2,72.05,,,,,,,,,,,,,,,,,,,
198.0,0x101,BMS_CellVolt1,,,,3.79,3.7960000000000003,3.786,3.79,,,,,,,,,,,,,,,
198.0,0x102,BMS_CellVolt2,,,,,,,,3.814,3.705,3.801,3.8040000000000003,,,,,,,,,,,
198.0,0x103,BMS_Temps,,,,,,,,,,,,45.5,46.7,53.800000000000004,45.2,,,,,,,
198.0,0x104,BMS_Status,,,,,,,,,,,,,,,,0.0,0.0,0.0,0.0,0.0,1.0,1.0
198.1,0x100,BMS_PackState,30.3,93.10000000000001,72.18,,,,,,,,,,,,,,,,,,,
198.2,0x100,BMS_PackState,30.28,94.0,72.25,,,,,,,,,,,,,,,,,,,
198.3,0x100,BMS_PackState,30.29,93.5,72.22,,,,,,,,,,,,,,,,,,,
198.4,0x100,BMS_PackState,30.3,92.7,72.13,,,,,,,,,,,,,,,,,,,
198.5,0x100,BMS_PackState,30.3,93.5,72.12,,,,,,,,,,,,,,,,,,,
198.5,0x101,BMS_CellVolt1,,,,3.793,3.7960000000000003,3.79,3.789,,,,,,,,,,,,,,,
198.5,0x102,BMS_CellVolt2,,,,,,,,3.814,3.7070000000000003,3.802,3.805,,,,,,,,,,,
198.6,0x100,BMS_PackState,30.29,94.2,72.10000000000001,,,,,,,,,,,,,,,,,,,
198.7,0x100,BMS_PackState,30.3,92.80000000000001,72.22,,,,,,,,,,,,,,,,,,,
198.8,0x100,BMS_PackState,30.310000000000002,92.7,72.0,,,,,,,,,,,,,,,,,,,
198.9,0x100,BMS_PackState,30.32,91.9,72.0,,,,,,,,,,,,,,,,,,,
199.0,0x100,BMS_PackState,30.28,94.5,71.97,,,,,,,,,,,,,,,,,,,
199.0,0x101,BMS_CellVolt1,,,,3.794,3.795,3.786,3.79,,,,,,,,,,,,,,,
199.0,0x102,BMS_CellVolt2,,,,,,,,3.813,3.7030000000000003,3.799,3.8040000000000003,,,,,,,,,,,
199.0,0x103,BMS_Temps,,,,,,,,,,,,45.300000000000004,46.2,53.2,44.800000000000004,,,,,,,
199.0,0x104,BMS_Status,,,,,,,,,,,,,,,,0.0,0.0,0.0,0.0,0.0,1.0,1.0
199.1,0x100,BMS_PackState,30.28,94.7,72.27,,,,,,,,,,,,,,,,,,,
199.2,0x100,BMS_PackState,30.29,94.30000000000001,72.18,,,,,,,,,,,,,,,,,,,
199.3,0x100,BMS_PackState,30.27,95.4,71.96000000000001,,,,,,,,,,,,,,,,,,,
199.4,0x100,BMS_PackState,30.28,94.10000000000001,71.89,,,,,,,,,,,,,,,,,,,
199.5,0x100,BMS_PackState,30.28,94.60000000000001,71.99,,,,,,,,,,,,,,,,,,,
199.5,0x101,BMS_CellVolt1,,,,3.789,3.79,3.786,3.79,,,,,,,,,,,,,,,
199.5,0x102,BMS_CellVolt2,,,,,,,,3.8160000000000003,3.701,3.801,3.803,,,,,,,,,,,
199.6,0x100,BMS_PackState,30.27,94.4,72.01,,,,,,,,,,,,,,,,,,,
199.7,0x100,BMS_PackState,30.29,93.9,72.02,,,,,,,,,,,,,,,,,,,
199.8,0x100,BMS_PackState,30.29,93.30000000000001,71.84,,,,,,,,,,,,,,,,,,,
199.9,0x100,BMS_PackState,30.23,97.4,71.91,,,,,,,,,,,,,,,,,,,
200.0,0x100,BMS_PackState,30.3,93.5,72.10000000000001,,,,,,,,,,,,,,,,,,,
200.0,0x101,BMS_CellVolt1,,,,3.794,3.798,3.786,3.791,,,,,,,,,,,,,,,
200.0,0x102,BMS_CellVolt2,,,,,,,,3.818,3.705,3.801,3.802,,,,,,,,,,,
200.0,0x103,BMS_Temps,,,,,,,,,,,,44.900000000000006,45.900000000000006,52.900000000000006,44.5,,,,,,,
200.0,0x104,BMS_Status,,,,,,,,,,,,,,,,0.0,0.0,0.0,0.0,0.0,1.0,1.0
200.1,0x100,BMS_PackState,30.29,93.2,72.04,,,,,,,,,,,,,,,,,,,
200.2,0x100,BMS_PackState,30.27,94.9,71.9,,,,,,,,,,,,,,,,,,,
200.3,0x100,BMS_PackState,30.28,94.7,72.07000000000001,,,,,,,,,,,,,,,,,,,
200.4,0x100,BMS_PackState,30.3,92.30000000000001,72.06,,,,,,,,,,,,,,,,,,,
200.5,0x100,BMS_PackState,30.25,96.10000000000001,72.18,,,,,,,,,,,,,,,,,,,
200.5,0x101,BMS_CellVolt1,,,,3.789,3.7880000000000003,3.781,3.7880000000000003,,,,,,,,,,,,,,,
200.5,0x102,BMS_CellVolt2,,,,,,,,3.811,3.697,3.7960000000000003,3.801,,,,,,,,,,,
200.6,0x100,BMS_PackState,30.27,94.4,71.93,,,,,,,,,,,,,,,,,,,
200.7,0x100,BMS_PackState,30.29,93.0,71.88,,,,,,,,,,,,,,,,,,,
200.8,0x100,BMS_PackState,30.26,96.5,71.93,,,,,,,,,,,,,,,,,,,
200.9,0x100,BMS_PackState,30.26,95.80000000000001,72.03,,,,,,,,,,,,,,,,,,,
201.0,0x100,BMS_PackState,30.29,93.10000000000001,71.81,,,,,,,,,,,,,,,,,,,
201.0,0x101,BMS_CellVolt1,,,,3.79,3.797,3.787,3.794,,,,,,,,,,,,,,,
201.0,0x102,BMS_CellVolt2,,,,,,,,3.814,3.706,3.8000000000000003,3.8000000000000003,,,,,,,,,,,
201.0,0x103,BMS_Temps,,,,,,,,,,,,44.7,45.6,52.5,44.2,,,,,,,
201.0,0x104,BMS_Status,,,,,,,,,,,,,,,,0.0,0.0,0.0,0.0,0.0,1.0,1.0
201.1,0x100,BMS_PackState,30.22,97.80000000000001,71.93,,,,,,,,,,,,,,,,,,,
201.2,0x100,BMS_PackState,30.240000000000002,96.30000000000001,71.93,,,,,,,,,,,,,,,,,,,
201.3,0x100,BMS_PackState,30.26,95.4,72.05,,,,,,,,,,,,,,,,,,,
201.4,0x100,BMS_PackState,30.22,98.0,71.86,,,,,,,,,,,,,,,,,,,
201.5,0x100,BMS_PackState,30.25,96.10000000000001,71.89,,,,,,,,,,,,,,,,,,,
201.5,0x101,BMS_CellVolt1,,,,3.789,3.789,3.7800000000000002,3.787,,,,,,,,,,,,,,,
201.5,0x102,BMS_CellVolt2,,,,,,,,3.81,3.698,3.797,3.798,,,,,,,,,,,
201.6,0x100,BMS_PackState,30.26,96.0,71.95,,,,,,,,,,,,,,,,,,,
201.7,0x100,BMS_PackState,30.27,95.30000000000001,71.84,,,,,,,,,,,,,,,,,,,
201.8,0x100,BMS_PackState,30.22,97.4,71.81,,,,,,,,,,,,,,,,,,,
201.9,0x100,BMS_PackState,30.240000000000002,97.5,72.07000000000001,,,,,,,,,,,,,,,,,,,
202.0,0x100,BMS_PackState,30.240000000000002,97.0,71.94,,,,,,,,,,,,,,,,,,,
202.0,0x101,BMS_CellVolt1,,,,3.791,3.7880000000000003,3.7840000000000003,3.785,,,,,,,,,,,,,,,
202.0,0x102,BMS_CellVolt2,,,,,,,,3.811,3.692,3.795,3.795,,,,,,,,,,,
202.0,0x103,BMS_Temps,,,,,,,,,,,,44.5,45.400000000000006,52.300000000000004,44.2,,,,,,,
202.0,0x104,BMS_Status,,,,,,,,,,,,,,,,0.0,0.0,0.0,0.0,0.0,1.0,1.0
202.1,0x100,BMS_PackState,30.240000000000002,96.10000000000001,72.0,,,,,,,,,,,,,,,,,,,
202.2,0x100,BMS_PackState,30.23,97.80000000000001,71.94,,,,,,,,,,,,,,,,,,,
202.3,0x100,BMS_PackState,30.23,97.80000000000001,71.85000000000001,,,,,,,,,,,,,,,,,,,
202.4,0x100,BMS_PackState,30.240000000000002,96.30000000000001,71.8,,,,,,,,,,,,,,,,,,,
202.5,0x100,BMS_PackState,30.240000000000002,96.4,71.8,,,,,,,,,,,,,,,,,,,
202.5,0x101,BMS_CellVolt1,,,,3.786,3.7880000000000003,3.779,3.7840000000000003,,,,,,,,,,,,,,,
202.5,0x102,BMS_CellVolt2,,,,,,,,3.811,3.696,3.7960000000000003,3.797,,,,,,,,,,,
202.6,0x100,BMS_PackState,30.2,99.80000000000001,71.78,,,,,,,,,,,,,,,,,,,
202.7,0x100,BMS_PackState,30.27,95.4,71.77,,,,,,,,,,,,,,,,,,,
202.8,0x100,BMS_PackState,30.19,100.0,71.76,,,,,,,,,,,,,,,,,,,
202.9,0x100,BMS_PackState,30.21,99.4,71.91,,,,,,,,,,,,,,,,,,,
203.0,0x100,BMS_PackState,30.16,102.5,71.73,,,,,,,,,,,,,,,,,,,
203.0,0x101,BMS_CellVolt1,,,,3.7800000000000002,3.7800000000000002,3.774,3.774,,,,,,,,,,,,,,,
203.0,0x102,BMS_CellVolt2,,,,,,,,3.8040000000000003,3.68,3.783,3.79,,,,,,,,,,,
203.0,0x103,BMS_Temps,,,,,,,,,,,,44.400000000000006,45.300000000000004,52.1,44.0,,,,,,,
203.0,0x104,BMS_Status,,,,,,,,,,,,,,,,0.0,0.0,0.0,0.0,0.0,1.0,1.0
203.1,0x100,BMS_PackState,30.19,100.30000000000001,71.96000000000001,,,,,,,,,,,,,,,,,,,
203.2,0x100,BMS_PackState,30.16,102.5,71.89,,,,,,,,,,,,,,,,,,,
203.3,0x100,BMS_PackState,30.18,101.30000000000001,71.88,,,,,,,,,,,,,,,,,,,
203.4,0x100,BMS_PackState,30.16,102.60000000000001,71.83,,,,,,,,,,,,,,,,,,,
203.5,0x100,BMS_PackState,30.14,104.0,71.84,,,,,,,,,,,,,,,,,,,
203.5,0x101,BMS_CellVolt1,,,,3.7760000000000002,3.779,3.77,3.773,,,,,,,,,,,,,,,
203.5,0x102,BMS_CellVolt2,,,,,,,,3.801,3.674,3.7840000000000003,3.785,,,,,,,,,,,
203.6,0x100,BMS_PackState,30.16,102.80000000000001,71.75,,,,,,,,,,,,,,,,,,,
203.7,0x100,BMS_PackState,30.12,105.5,71.71000000000001,,,,,,,,,,,,,,,,,,,
203.8,0x100,BMS_PackState,30.150000000000002,103.0,71.74,,,,,,,,,,,,,,,,,,,
203.9,0x100,BMS_PackState,30.12,105.5,71.65,,,,,,,,,,,,,,,,,,,
204.0,0x100,BMS_PackState,30.1,107.0,71.82000000000001,,,,,,,,,,,,,,,,,,,
204.0,0x101,BMS_CellVolt1,,,,3.7720000000000002,3.77,3.7640000000000002,3.765,,,,,,,,,,,,,,,
204.0,0x102,BMS_CellVolt2,,,,,,,,3.794,3.672,3.781,3.785,,,,,,,,,,,
204.0,0x103,BMS_Temps,,,,,,,,,,,,44.300000000000004,45.300000000000004,52.1,44.1,,,,,,,
204.0,0x104,BMS_Status,,,,,,,,,,,,,,,,0.0,0.0,0.0,0.0,0.0,1.0,1.0
204.1,0x100,BMS_PackState,30.1,107.2,71.67,,,,,,,,,,,,,,,,,,,
204.2,0x100,BMS_PackState,30.07,109.7,71.83,,,,,,,,,,,,,,,,,,,
204.3,0x100,BMS_PackState,30.11,106.30000000000001,71.82000000000001,,,,,,,,,,,,,,,,,,,
204.4,0x100,BMS_PackState,30.12,105.9,71.78,,,,,,,,,,,,,,,,,,,
204.5,0x100,BMS_PackState,30.11,107.10000000000001,71.69,,,,,,,,,,,,,,,,,,,
204.5,0x101,BMS_CellVolt1,,,,3.7720000000000002,3.773,3.763,3.77,,,,,,,,,,,,,,,
204.5,0x102,BMS_CellVolt2,,,,,,,,3.7960000000000003,3.669,3.781,3.783,,,,,,,,,,,
204.6,0x100,BMS_PackState,30.07,110.2,71.65,,,,,,,,,,,,,,,,,,,
204.7,0x100,BMS_PackState,30.060000000000002,110.60000000000001,71.66,,,,,,,,,,,,,,,,,,,
204.8,0x100,BMS_PackState,30.05,110.60000000000001,71.64,,,,,,,,,,,,,,,,,,,
204.9,0x100,BMS_PackState,30.07,109.4,71.72,,,,,,,,,,,,,,,,,,,
205.0,0x100,BMS_PackState,30.02,112.9,71.7,,,,,,,,,,,,,,,,,,,
205.0,0x101,BMS_CellVolt1,,,,3.759,3.7600000000000002,3.755,3.7560000000000002,,,,,,,,,,,,,,,
205.0,0x102,BMS_CellVolt2,,,,,,,,3.789,3.653,3.769,3.775,,,,,,,,,,,
205.0,0x103,BMS_Temps,,,,,,,,,,,,44.6,45.5,52.5,44.2,,,,,,,
205.0,0x104,BMS_Status,,,,,,,,,,,,,,,,0.0,0.0,0.0,0.0,0.0,1.0,1.0
205.1,0x100,BMS_PackState,30.05,110.60000000000001,71.9,,,,,,,,,,,,,,,,,,,
205.2,0x100,BMS_PackState,30.0,114.80000000000001,71.89,,,,,,,,,,,,,,,,,,,
205.3,0x100,BMS_PackState,29.96,118.0,71.85000000000001,,,,,,,,,,,,,,,,,,,
205.4,0x100,BMS_PackState,29.990000000000002,114.9,71.67,,,,,,,,,,,,,,,,,,,
205.5,0x100,BMS_PackState,29.990000000000002,115.9,71.54,,,,,,,,,,,,,,,,,,,
205.5,0x101,BMS_CellVolt1,,,,3.7560000000000002,3.761,3.747,3.758,,,,,,,,,,,,,,,
205.5,0x102,BMS_CellVolt2,,,,,,,,3.7840000000000003,3.6470000000000002,3.766,3.766,,,,,,,,,,,
205.6,0x100,BMS_PackState,29.990000000000002,114.9,71.7,,,,,,,,,,,,,,,,,,,
205.7,0x100,BMS_PackState,30.01,113.60000000000001,71.65,,,,,,,,,,,,,,,,,,,
205.8,0x100,BMS_PackState,29.98,116.0,71.67,,,,,,,,,,,,,,,,,,,
205.9,0x100,BMS_PackState,29.98,115.9,71.7,,,,,,,,,,,,,,,,,,,
206.0,0x100,BMS_PackState,29.990000000000002,116.0,71.72,,,,,,,,,,,,,,,,,,,
206.0,0x101,BMS_CellVolt1,,,,3.758,3.758,3.7520000000000002,3.751,,,,,,,,,,,,,,,
206.0,0x102,BMS_CellVolt2,,,,,,,,3.786,3.644,3.771,3.767,,,,,,,,,,,
206.0,0x103,BMS_Temps,,,,,,,,,,,,45.0,46.0,52.900000000000006,44.5,,,,,,,
206.0,0x104,BMS_Status,,,,,,,,,,,,,,,,0.0,0.0,0.0,0.0,0.0,1.0,1.0
206.1,0x100,BMS_PackState,29.91,121.30000000000001,71.47,,,,,,,,,,,,,,,,,,,
206.2,0x100,BMS_PackState,29.93,119.80000000000001,71.77,,,,,,,,,,,,,,,,,,,
206.3,0x100,BMS_PackState,29.92,120.5,71.73,,,,,,,,,,,,,,,,,,,
206.4,0x100,BMS_PackState,29.94,120.10000000000001,71.57000000000001,,,,,,,,,,,,,,,,,,,
206.5,0x100,BMS_PackState,29.92,120.80000000000001,71.71000000000001,,,,,,,,,,,,,,,,,,,
206.5,0x101,BMS_CellVolt1,,,,3.746,3.753,3.744,3.742,,,,,,,,,,,,,,,
206.5,0x102,BMS_CellVolt2,,,,,,,,3.778,3.633,3.758,3.761,,,,,,,,,,,
206.6,0x100,BMS_PackState,29.88,123.10000000000001,71.59,,,,,,,,,,,,,,,,,,,
206.7,0x100,BMS_PackState,29.900000000000002,122.10000000000001,71.61,,,,,,,,,,,,,,,,,,,
206.8,0x100,BMS_PackState,29.88,123.5,71.59,,,,,,,,,,,,,,,,,,,
206.9,0x100,BMS_PackState,29.88,122.9,71.52,,,,,,,,,,,,,,,,,,,
207.0,0x100,BMS_PackState,29.89,123.2,71.46000000000001,,,,,,,,,,,,,,,,,,,
207.0,0x101,BMS_CellVolt1,,,,3.747,3.749,3.733,3.746,,,,,,,,,,,,,,,
207.0,0x102,BMS_CellVolt2,,,,,,,,3.771,3.625,3.7560000000000002,3.759,,,,,,,,,,,
207.0,0x103,BMS_Temps,,,,,,,,,,,,45.5,46.7,53.7,45.1,,,,,,,
207.0,0x104,BMS_Status,,,,,,,,,,,,,,,,0.0,0.0,0.0,0.0,0.0,1.0,1.0
207.1,0x100,BMS_PackState,29.900000000000002,122.10000000000001,71.86,,,,,,,,,,,,,,,,,,,
207.2,0x100,BMS_PackState,29.900000000000002,121.7,71.64,,,,,,,,,,,,,,,,,,,
207.3,0x100,BMS_PackState,29.86,124.7,71.58,,,,,,,,,,,,,,,,,,,
207.4,0x100,BMS_PackState,29.86,125.5,71.74,,,,,,,,,,,,,,,,,,,
207.5,0x100,BMS_PackState,29.87,123.9,71.39,,,,,,,,,,,,,,,,,,,
207.5,0x101,BMS_CellVolt1,,,,3.744,3.746,3.734,3.74,,,,,,,,,,,,,,,
207.5,0x102,BMS_CellVolt2,,,,,,,,3.769,3.625,3.753,3.761,,,,,,,,,,,
207.6,0x100,BMS_PackState,29.85,126.2,71.52,,,,,,,,,,,,,,,,,,,
207.7,0x100,BMS_PackState,29.830000000000002,126.60000000000001,71.48,,,,,,,,,,,,,,,,,,,
207.8,0x100,BMS_PackState,29.89,123.60000000000001,71.49,,,,,,,,,,,,,,,,,,,
207.9,0x100,BMS_PackState,29.84,125.80000000000001,71.53,,,,,,,,,,,,,,,,,,,
208.0,0x100,BMS_PackState,29.810000000000002,128.0,71.48,,,,,,,,,,,,,,,,,,,
208.0,0x101,BMS_CellVolt1,,,,3.738,3.738,3.728,3.732,,,,,,,,,,,,,,,
208.0,0x102,BMS_CellVolt2,,,,,,,,3.7680000000000002,3.611,3.746,3.748,,,,,,,,,,,
208.0,0x103,BMS_Temps,,,,,,,,,,,,46.1,47.2,54.6,45.800000000000004,,,,,,,
208.0,0x104,BMS_Status,,,,,,,,,,,,,,,,0.0,0.0,0.0,0.0,0.0,1.0,1.0
208.1,0x100,BMS_PackState,29.82,128.20000000000002,71.34,,,,,,,,,,,,,,,,,,,
208.2,0x100,BMS_PackState,29.830000000000002,126.10000000000001,71.41,,,,,,,,,,,,,,,,,,,
208.3,0x100,BMS_PackState,29.810000000000002,128.3,71.41,,,,,,,,,,,,,,,,,,,
208.4,0x100,BMS_PackState,29.8,129.70000000000002,71.45,,,,,,,,,,,,,,,,,,,
208.5,0x100,BMS_PackState,29.79,129.5,71.39,,,,,,,,,,,,,,,,,,,
208.5,0x101,BMS_CellVolt1,,,,3.734,3.738,3.726,3.727,,,,,,,,,,,,,,,
208.5,0x102,BMS_CellVolt2,,,,,,,,3.7600000000000002,3.609,3.746,3.751,,,,,,,,,,,
208.6,0x100,BMS_PackState,29.82,128.3,71.46000000000001,,,,,,,,,,,,,,,,,,,
208.7,0x100,BMS_PackState,29.810000000000002,127.80000000000001,71.46000000000001,,,,,,,,,,,,,,,,,,,
208.8,0x100,BMS_PackState,29.82,127.60000000000001,71.25,,,,,,,,,,,,,,,,,,,
208.9,0x100,BMS_PackState,29.8,129.20000000000002,71.35000000000001,,,,,,,,,,,,,,,,,,,
209.0,0x100,BMS_PackState,29.79,128.8,71.47,,,,,,,,,,,,,,,,,,,
209.0,0x101,BMS_CellVolt1,,,,3.734,3.736,3.728,3.731,,,,,,,,,,,,,,,
209.0,0x102,BMS_CellVolt2,,,,,,,,3.763,3.61,3.743,3.748,,,,,,,,,,,
209.0,0x103,BMS_Temps,,,,,,,,,,,,46.900000000000006,47.900000000000006,55.6,46.5,,,,,,,
209.0,0x104,BMS_Status,,,,,,,,,,,,,,,,0.0,0.0,1.0,0.0,0.0,1.0,1.0
209.1,0x100,BMS_PackState,29.8,129.4,71.43,,,,,,,,,,,,,,,,,,,
209.2,0x100,BMS_PackState,29.810000000000002,128.6,71.26,,,,,,,,,,,,,,,,,,,
209.3,0x100,BMS_PackState,29.79,129.5,71.51,,,,,,,,,,,,,,,,,,,
209.4,0x100,BMS_PackState,29.8,128.3,71.49,,,,,,,,,,,,,,,,,,,
209.5,0x100,BMS_PackState,29.79,129.20000000000002,71.65,,,,,,,,,,,,,,,,,,,
209.5,0x101,BMS_CellVolt1,,,,3.733,3.737,3.724,3.728,,,,,,,,,,,,,,,
209.5,0x102,BMS_CellVolt2,,,,,,,,3.7640000000000002,3.611,3.745,3.747,,,,,,,,,,,
209.6,0x100,BMS_PackState,29.79,129.20000000000002,71.59,,,,,,,,,,,,,,,,,,,
209.7,0x100,BMS_PackState,29.830000000000002,126.4,71.32000000000001,,,,,,,,,,,,,,,,,,,
209.8,0x100,BMS_PackState,29.86,124.7,71.38,,,,,,,,,,,,,,,,,,,
209.9,0x100,BMS_PackState,29.79,129.4,71.39,,,,,,,,,,,,,,,,,,,
210.0,0x100,BMS_PackState,29.830000000000002,127.2,71.51,,,,,,,,,,,,,,,,,,,
210.0,0x101,BMS_CellVolt1,,,,3.739,3.741,3.733,3.735,,,,,,,,,,,,,,,
210.0,0x102,BMS_CellVolt2,,,,,,,,3.7680000000000002,3.617,3.75,3.753,,,,,,,,,,,
210.0,0x103,BMS_Temps,,,,,,,,,,,,47.5,48.7,56.6,47.1,,,,,,,
210.0,0x104,BMS_Status,,,,,,,,,,,,,,,,0.0,0.0,1.0,0.0,0.0,1.0,1.0
210.1,0x100,BMS_PackState,29.85,124.0,71.35000000000001,,,,,,,,,,,,,,,,,,,
210.2,0x100,BMS_PackState,29.84,125.10000000000001,71.5,,,,,,,,,,,,,,,,,,,
210.3,0x100,BMS_PackState,29.82,127.0,71.39,,,,,,,,,,,,,,,,,,,
210.4,0x100,BMS_PackState,29.85,125.0,71.28,,,,,,,,,,,,,,,,,,,
210.5,0x100,BMS_PackState,29.86,124.30000000000001,71.23,,,,,,,,,,,,,,,,,,,
210.5,0x101,BMS_CellVolt1,,,,3.743,3.742,3.736,3.737,,,,,,,,,,,,,,,
210.5,0x102,BMS_CellVolt2,,,,,,,,3.775,3.623,3.749,3.754,,,,,,,,,,,
210.6,0x100,BMS_PackState,29.830000000000002,126.7,71.44,,,,,,,,,,,,,,,,,,,
210.7,0x100,BMS_PackState,29.87,122.60000000000001,71.43,,,,,,,,,,,,,,,,,,,
210.8,0x100,BMS_PackState,29.87,122.5,71.44,,,,,,,,,,,,,,,,,,,
210.9,0x100,BMS_PackState,29.85,123.5,71.07000000000001,,,,,,,,,,,,,,,,,,,
211.0,0x100,BMS_PackState,29.87,123.30000000000001,71.3,,,,,,,,,,,,,,,,,,,
211.0,0x101,BMS_CellVolt1,,,,3.741,3.745,3.736,3.744,,,,,,,,,,,,,,,
211.0,0x102,BMS_CellVolt2,,,,,,,,3.773,3.621,3.751,3.755,,,,,,,,,,,
211.0,0x103,BMS_Temps,,,,,,,,,,,,47.900000000000006,49.1,57.2,47.6,,,,,,,
211.0,0x104,BMS_Status,,,,,,,,,,,,,,,,0.0,0.0,1.0,0.0,0.0,1.0,1.0
211.1,0x100,BMS_PackState,29.86,122.9,71.44,,,,,,,,,,,,,,,,,,,
211.2,0x100,BMS_PackState,29.87,123.0,71.16,,,,,,,,,,,,,,,,,,,
211.3,0x100,BMS_PackState,29.89,121.30000000000001,71.35000000000001,,,,,,,,,,,,,,,,,,,
211.4,0x100,BMS_PackState,29.89,121.2,71.23,,,,,,,,,,,,,,,,,,,
211.5,0x100,BMS_PackState,29.900000000000002,119.5,71.19,,,,,,,,,,,,,,,,,,,
211.5,0x101,BMS_CellVolt1,,,,3.743,3.753,3.737,3.744,,,,,,,,,,,,,,,
211.5,0x102,BMS_CellVolt2,,,,,,,,3.777,3.634,3.755,3.759,,,,,,,,,,,
211.6,0x100,BMS_PackState,29.91,119.4,71.2,,,,,,,,,,,,,,,,,,,
211.7,0x100,BMS_PackState,29.92,118.80000000000001,71.43,,,,,,,,,,,,,,,,,,,
211.8,0x100,BMS_PackState,29.92,118.4,71.35000000000001,,,,,,,,,,,,,,,,,,,
211.9,0x100,BMS_PackState,29.93,118.60000000000001,71.25,,,,,,,,,,,,,,,,,,,
212.0,0x100,BMS_PackState,29.93,117.60000000000001,71.47,,,,,,,,,,,,,,,,,,,
212.0,0x101,BMS_CellVolt1,,,,3.755,3.75,3.744,3.748,,,,,,,,,,,,,,,
212.0,0x102,BMS_CellVolt2,,,,,,,,3.779,3.638,3.759,3.763,,,,,,,,,,,
212.0,0x103,BMS_Temps,,,,,,,,,,,,48.300000000000004,49.400000000000006,57.6,47.900000000000006,,,,,,,
212.0,0x104,BMS_Status,,,,,,,,,,,,,,,,0.0,0.0,1.0,0.0,0.0,1.0,1.0
212.1,0x100,BMS_PackState,29.95,116.2,71.07000000000001,,,,,,,,,,,,,,,,,,,
212.2,0x100,BMS_PackState,29.97,114.30000000000001,71.18,,,,,,,,,,,,,,,,,,,
212.3,0x100,BMS_PackState,29.97,115.0,71.39,,,,,,,,,,,,,,,,,,,
212.4,0x100,BMS_PackState,29.98,114.2,71.21000000000001,,,,,,,,,,,,,,,,,,,
212.5,0x100,BMS_PackState,29.98,113.9,71.2,,,,,,,,,,,,,,,,,,,
212.5,0x101,BMS_CellVolt1,,,,3.757,3.7600000000000002,3.754,3.753,,,,,,,,,,,,,,,
212.5,0x102,BMS_CellVolt2,,,,,,,,3.783,3.646,3.7640000000000002,3.7640000000000002,,,,,,,,,,,
212.6,0x100,BMS_PackState,29.95,116.2,71.2,,,,,,,,,,,,,,,,,,,
212.7,0x100,BMS_PackState,30.0,111.5,71.16,,,,,,,,,,,,,,,,,,,
212.8,0x100,BMS_PackState,30.0,112.2,71.3,,,,,,,,,,,,,,,,,,,
212.9,0x100,BMS_PackState,29.990000000000002,112.60000000000001,71.11,,,,,,,,,,,,,,,,,,,
213.0,0x100,BMS_PackState,30.02,110.5,71.46000000000001,,,,,,,,,,,,,,,,,,,
213.0,0x101,BMS_CellVolt1,,,,3.7600000000000002,3.765,3.757,3.757,,,,,,,,,,,,,,,
213.0,0x102,BMS_CellVolt2,,,,,,,,3.785,3.657,3.766,3.773,,,,,,,,,,,
213.0,0x103,BMS_Temps,,,,,,,,,,,,48.300000000000004,49.5,57.6,47.800000000000004,,,,,,,
213.0,0x104,BMS_Status,,,,,,,,,,,,,,,,0.0,0.0,1.0,0.0,0.0,1.0,1.0
213.1,0x100,BMS_PackState,29.990000000000002,113.2,71.04,,,,,,,,,,,,,,,,,,,
213.2,0x100,BMS_PackState,30.05,108.5,71.35000000000001,,,,,,,,,,,,,,,,,,,
213.3,0x100,BMS_PackState,30.05,108.9,71.26,,,,,,,,,,,,,,,,,,,
213.4,0x100,BMS_PackState,30.07,106.60000000000001,71.10000000000001,,,,,,,,,,,,,,,,,,,
213.5,0x100,BMS_PackState,30.060000000000002,106.60000000000001,71.19,,,,,,,,,,,,,,,,,,,
213.5,0x101,BMS_CellVolt1,,,,3.766,3.77,3.759,3.762,,,,,,,,,,,,,,,
213.5,0x102,BMS_CellVolt2,,,,,,,,3.7920000000000003,3.6630000000000003,3.771,3.781,,,,,,,,,,,
213.6,0x100,BMS_PackState,30.07,106.9,71.24,,,,,,,,,,,,,,,,,,,
213.7,0x100,BMS_PackState,30.05,107.2,71.21000000000001,,,,,,,,,,,,,,,,,,,
213.8,0x100,BMS_PackState,30.080000000000002,105.80000000000001,70.95,,,,,,,,,,,,,,,,,,,
213.9,0x100,BMS_PackState,30.060000000000002,106.7,71.18,,,,,,,,,,,,,,,,,,,
214.0,0x100,BMS_PackState,30.1,104.10000000000001,70.99,,,,,,,,,,,,,,,,,,,
214.0,0x101,BMS_CellVolt1,,,,3.769,3.771,3.767,3.769,,,,,,,,,,,,,,,
214.0,0x102,BMS_CellVolt2,,,,,,,,3.7920000000000003,3.6710000000000003,3.782,3.7800000000000002,,,,,,,,,,,
214.0,0x103,BMS_Temps,,,,,,,,,,,,48.2,49.300000000000004,57.5,47.7,,,,,,,
214.0,0x104,BMS_Status,,,,,,,,,,,,,,,,0.0,0.0,1.0,0.0,0.0,1.0,1.0
214.1,0x100,BMS_PackState,30.11,103.10000000000001,71.23,,,,,,,,,,,,,,,,,,,
214.2,0x100,BMS_PackState,30.05,107.2,71.23,,,,,,,,,,,,,,,,,,,
214.3,0x100,BMS_PackState,30.11,103.2,70.98,,,,,,,,,,,,,,,,,,,
214.4,0x100,BMS_PackState,30.13,101.0,70.91,,,,,,,,,,,,,,,,,,,
214.5,0x100,BMS_PackState,30.13,100.5,71.08,,,,,,,,,,,,,,,,,,,
214.5,0x101,BMS_CellVolt1,,,,3.7760000000000002,3.777,3.7680000000000002,3.771,,,,,,,,,,,,,,,
214.5,0x102,BMS_CellVolt2,,,,,,,,3.7960000000000003,3.678,3.7800000000000002,3.7880000000000003,,,,,,,,,,,
214.6,0x100,BMS_PackState,30.150000000000002,99.7,71.08,,,,,,,,,,,,,,,,,,,
214.7,0x100,BMS_PackState,30.11,102.0,71.10000000000001,,,,,,,,,,,,,,,,,,,
214.8,0x100,BMS_PackState,30.150000000000002,99.60000000000001,71.13,,,,,,,,,,,,,,,,,,,
214.9,0x100,BMS_PackState,30.14,99.9,71.07000000000001,,,,,,,,,,,,,,,,,,,
215.0,0x100,BMS_PackState,30.150000000000002,99.2,71.09,,,,,,,,,,,,,,,,,,,
215.0,0x101,BMS_CellVolt1,,,,3.775,3.781,3.77,3.774,,,,,,,,,,,,,,,
215.0,0x102,BMS_CellVolt2,,,,,,,,3.8000000000000003,3.68,3.7840000000000003,3.789,,,,,,,,,,,
215.0,0x103,BMS_Temps,,,,,,,,,,,,47.900000000000006,49.0,57.1,47.400000000000006,,,,,,,
215.0,0x104,BMS_Status,,,,,,,,,,,,,,,,0.0,0.0,1.0,0.0,0.0,1.0,1.0
215.1,0x100,BMS_PackState,30.150000000000002,100.0,70.99,,,,,,,,,,,,,,,,,,,
215.2,0x100,BMS_PackState,30.18,97.2,70.97,,,,,,,,,,,,,,,,,,,
215.3,0x100,BMS_PackState,30.19,96.5,71.12,,,,,,,,,,,,,,,,,,,
215.4,0x100,BMS_PackState,30.17,98.10000000000001,71.11,,,,,,,,,,,,,,,,,,,
215.5,0x100,BMS_PackState,30.16,98.30000000000001,71.02,,,,,,,,,,,,,,,,,,,
215.5,0x101,BMS_CellVolt1,,,,3.779,3.779,3.77,3.7720000000000002,,,,,,,,,,,,,,,
215.5,0x102,BMS_CellVolt2,,,,,,,,3.8000000000000003,3.685,3.787,3.785,,,,,,,,,,,
215.6,0x100,BMS_PackState,30.18,97.60000000000001,70.94,,,,,,,,,,,,,,,,,,,
215.7,0x100,BMS_PackState,30.2,95.5,71.2,,,,,,,,,,,,,,,,,,,
215.8,0x100,BMS_PackState,30.17,97.5,71.21000000000001,,,,,,,,,,,,,,,,,,,
215.9,0x100,BMS_PackState,30.2,95.10000000000001,71.15,,,,,,,,,,,,,,,,,,,
216.0,0x100,BMS_PackState,30.2,95.10000000000001,71.09,,,,,,,,,,,,,,,,,,,
216.0,0x101,BMS_CellVolt1,,,,3.782,3.785,3.779,3.7840000000000003,,,,,,,,,,,,,,,
216.0,0x102,BMS_CellVolt2,,,,,,,,3.803,3.689,3.79,3.793,,,,,,,,,,,
216.0,0x103,BMS_Temps,,,,,,,,,,,,47.5,48.6,56.5,46.900000000000006,,,,,,,
216.0,0x104,BMS_Status,,,,,,,,,,,,,,,,0.0,0.0,1.0,0.0,0.0,1.0,1.0
216.1,0x100,BMS_PackState,30.2,94.2,70.91,,,,,,,,,,,,,,,,,,,
216.2,0x100,BMS_PackState,30.18,97.4,71.15,,,,,,,,,,,,,,,,,,,
216.3,0x100,BMS_PackState,30.19,96.10000000000001,71.07000000000001,,,,,,,,,,,,,,,,,,,
216.4,0x100,BMS_PackState,30.19,95.9,70.9,,,,,,,,,,,,,,,,,,,
216.5,0x100,BMS_PackState,30.17,96.7,71.07000000000001,,,,,,,,,,,,,,,,,,,
216.5,0x101,BMS_CellVolt1,,,,3.779,3.783,3.774,3.7760000000000002,,,,,,,,,,,,,,,
216.5,0x102,BMS_CellVolt2,,,,,,,,3.801,3.689,3.786,3.787,,,,,,,,,,,
216.6,0x100,BMS_PackState,30.150000000000002,98.80000000000001,70.95,,,,,,,,,,,,,,,,,,,
216.7,0x100,BMS_PackState,30.25,91.9,71.07000000000001,,,,,,,,,,,,,,,,,,,
216.8,0x100,BMS_PackState,30.22,93.2,71.10000000000001,,,,,,,,,,,,,,,,,,,
216.9,0x100,BMS_PackState,30.22,93.2,71.03,,,,,,,,,,,,,,,,,,,
217.0,0x100,BMS_PackState,30.22,92.7,70.89,,,,,,,,,,,,,,,,,,,
217.0,0x101,BMS_CellVolt1,,,,3.782,3.785,3.779,3.781,,,,,,,,,,,,,,,
217.0,0x102,BMS_CellVolt2,,,,,,,,3.81,3.698,3.79,3.795,,,,,,,,,,,
217.0,0x103,BMS_Temps,,,,,,,,,,,,47.1,48.1,55.900000000000006,46.6,,,,,,,
217.0,0x104,BMS_Status,,,,,,,,,,,,,,,,0.0,0.0,1.0,0.0,0.0,1.0,1.0
217.1,0x100,BMS_PackState,30.240000000000002,92.30000000000001,71.03,,,,,,,,,,,,,,,,,,,
217.2,0x100,BMS_PackState,30.22,93.30000000000001,71.02,,,,,,,,,,,,,,,,,,,
217.3,0x100,BMS_PackState,30.23,91.80000000000001,70.89,,,,,,,,,,,,,,,,,,,
217.4,0x100,BMS_PackState,30.2,94.10000000000001,70.92,,,,,,,,,,,,,,,,,,,
217.5,0x100,BMS_PackState,30.22,93.60000000000001,71.14,,,,,,,,,,,,,,,,,,,
217.5,0x101,BMS_CellVolt1,,,,3.786,3.786,3.778,3.782,,,,,,,,,,,,,,,
217.5,0x102,BMS_CellVolt2,,,,,,,,3.8040000000000003,3.6950000000000003,3.789,3.797,,,,,,,,,,,
217.6,0x100,BMS_PackState,30.21,94.10000000000001,71.11,,,,,,,,,,,,,,,,,,,
217.7,0x100,BMS_PackState,30.21,94.10000000000001,70.89,,,,,,,,,,,,,,,,,,,
217.8,0x100,BMS_PackState,30.21,94.2,70.74,,,,,,,,,,,,,,,,,,,
217.9,0x100,BMS_PackState,30.22,92.7,71.08,,,,,,,,,,,,,,,,,,,
218.0,0x100,BMS_PackState,30.18,96.4,71.14,,,,,,,,,,,,,,,,,,,
218.0,0x101,BMS_CellVolt1,,,,3.783,3.781,3.773,3.775,,,,,,,,,,,,,,,
218.0,0x102,BMS_CellVolt2,,,,,,,,3.806,3.6870000000000003,3.7840000000000003,3.795,,,,,,,,,,,
218.0,0x103,BMS_Temps,,,,,,,,,,,,46.7,47.7,55.300000000000004,46.2,,,,,,,
218.0,0x104,BMS_Status,,,,,,,,,,,,,,,,0.0,0.0,1.0,0.0,0.0,1.0,1.0
218.1,0x100,BMS_PackState,30.22,93.5,71.08,,,,,,,,,,,,,,,,,,,
218.2,0x100,BMS_PackState,30.26,90.30000000000001,70.88,,,,,,,,,,,,,,,,,,,
218.3,0x100,BMS_PackState,30.240000000000002,91.60000000000001,70.98,,,,,,,,,,,,,,,,,,,
218.4,0x100,BMS_PackState,30.25,90.4,70.82000000000001,,,,,,,,,,,,,,,,,,,
218.5,0x100,BMS_PackState,30.22,93.0,71.01,,,,,,,,,,,,,,,,,,,
218.5,0x101,BMS_CellVolt1,,,,3.782,3.7880000000000003,3.7800000000000002,3.782,,,,,,,,,,,,,,,
218.5,0x102,BMS_CellVolt2,,,,,,,,3.809,3.6950000000000003,3.7920000000000003,3.7920000000000003,,,,,,,,,,,
218.6,0x100,BMS_PackState,30.23,92.80000000000001,70.84,,,,,,,,,,,,,,,,,,,
218.7,0x100,BMS_PackState,30.21,92.30000000000001,70.83,,,,,,,,,,,,,,,,,,,
218.8,0x100,BMS_PackState,30.17,96.0,70.88,,,,,,,,,,,,,,,,,,,
218.9,0x100,BMS_PackState,30.21,93.80000000000001,70.83,,,,,,,,,,,,,,,,,,,
219.0,0x100,BMS_PackState,30.2,94.0,70.95,,,,,,,,,,,,,,,,,,,
219.0,0x101,BMS_CellVolt1,,,,3.782,3.785,3.778,3.779,,,,,,,,,,,,,,,
219.0,0x102,BMS_CellVolt2,,,,,,,,3.8040000000000003,3.692,3.789,3.793,,,,,,,,,,,
219.0,0x103,BMS_Temps,,,,,,,,,,,,46.2,47.2,54.7,45.800000000000004,,,,,,,
219.0,0x104,BMS_Status,,,,,,,,,,,,,,,,0.0,0.0,0.0,0.0,0.0,1.0,1.0
219.1,0x100,BMS_PackState,30.240000000000002,91.5,70.79,,,,,,,,,,,,,,,,,,,
219.2,0x100,BMS_PackState,30.240000000000002,91.4,71.13,,,,,,,,,,,,,,,,,,,
219.3,0x100,BMS_PackState,30.23,93.0,70.92,,,,,,,,,,,,,,,,,,,
219.4,0x100,BMS_PackState,30.21,93.2,70.82000000000001,,,,,,,,,,,,,,,,,,,
219.5,0x100,BMS_PackState,30.26,90.10000000000001,70.76,,,,,,,,,,,,,,,,,,,
219.5,0x101,BMS_CellVolt1,,,,3.787,3.79,3.783,3.786,,,,,,,,,,,,,,,
219.5,0x102,BMS_CellVolt2,,,,,,,,3.813,3.7030000000000003,3.799,3.797,,,,,,,,,,,
219.6,0x100,BMS_PackState,30.21,92.60000000000001,70.82000000000001,,,,,,,,,,,,,,,,,,,
219.7,0x100,BMS_PackState,30.2,92.9,70.82000000000001,,,,,,,,,,,,,,,,,,,
219.8,0x100,BMS_PackState,30.23,92.5,70.81,,,,,,,,,,,,,,,,,,,
219.9,0x100,BMS_PackState,30.23,91.60000000000001,70.78,,,,,,,,,,,,,,,,,,,
220.0,0x100,BMS_PackState,30.23,92.0,70.75,,,,,,,,,,,,,,,,,,,
220.0,0x101,BMS_CellVolt1,,,,3.785,3.783,3.779,3.785,,,,,,,,,,,,,,,
220.0,0x102,BMS_CellVolt2,,,,,,,,3.806,3.697,3.7960000000000003,3.7960000000000003,,,,,,,,,,,
220.0,0x103,BMS_Temps,,,,,,,,,,,,45.900000000000006,46.800000000000004,54.1,45.400000000000006,,,,,,,
220.0,0x104,BMS_Status,,,,,,,,,,,,,,,,0.0,0.0,0.0,0.0,0.0,1.0,1.0
220.1,0x100,BMS_PackState,30.21,92.60000000000001,70.91,,,,,,,,,,,,,,,,,,,
220.2,0x100,BMS_PackState,30.21,93.0,70.96000000000001,,,,,,,,,,,,,,,,,,,
220.3,0x100,BMS_PackState,30.21,93.7,70.73,,,,,,,,,,,,,,,,,,,
220.4,0x100,BMS_PackState,30.18,94.4,70.8,,,,,,,,,,,,,,,,,,,
220.5,0x100,BMS_PackState,31.86,-36.4,70.63,,,,,,,,,,,,,,,,,,,
220.5,0x101,BMS_CellVolt1,,,,3.979,3.979,3.982,3.98,,,,,,,,,,,,,,,
220.5,0x102,BMS_CellVolt2,,,,,,,,3.972,4.011,3.974,3.977,,,,,,,,,,,
220.6,0x100,BMS_PackState,31.85,-36.7,70.76,,,,,,,,,,,,,,,,,,,
220.7,0x100,BMS_PackState,31.84,-35.300000000000004,71.01,,,,,,,,,,,,,,,,,,,
220.8,0x100,BMS_PackState,31.84,-35.1,70.94,,,,,,,,,,,,,,,,,,,
220.9,0x100,BMS_PackState,31.86,-36.7,70.88,,,,,,,,,,,,,,,,,,,
221.0,0x100,BMS_PackState,31.84,-34.800000000000004,70.71000000000001,,,,,,,,,,,,,,,,,,,
221.0,0x101,BMS_CellVolt1,,,,3.973,3.977,3.981,3.976,,,,,,,,,,,,,,,
221.0,0x102,BMS_CellVolt2,,,,,,,,3.968,4.009,3.977,3.976,,,,,,,,,,,
221.0,0x103,BMS_Temps,,,,,,,,,,,,44.900000000000006,45.800000000000004,52.800000000000004,44.5,,,,,,,
221.0,0x104,BMS_Status,,,,,,,,,,,,,,,,0.0,0.0,0.0,0.0,0.0,1.0,0.0
221.1,0x100,BMS_PackState,31.830000000000002,-34.5,70.76,,,,,,,,,,,,,,,,,,,
221.2,0x100,BMS_PackState,31.830000000000002,-34.1,70.78,,,,,,,,,,,,,,,,,,,
221.3,0x100,BMS_PackState,31.82,-33.300000000000004,70.93,,,,,,,,,,,,,,,,,,,
221.4,0x100,BMS_PackState,31.87,-37.300000000000004,70.96000000000001,,,,,,,,,,,,,,,,,,,
221.5,0x100,BMS_PackState,31.85,-36.0,70.83,,,,,,,,,,,,,,,,,,,
221.5,0x101,BMS_CellVolt1,,,,3.98,3.977,3.981,3.98,,,,,,,,,,,,,,,
221.5,0x102,BMS_CellVolt2,,,,,,,,3.974,4.014,3.973,3.974,,,,,,,,,,,
221.6,0x100,BMS_PackState,31.85,-36.0,70.93,,,,,,,,,,,,,,,,,,,
221.7,0x100,BMS_PackState,31.84,-36.1,70.77,,,,,,,,,,,,,,,,,,,
221.8,0x100,BMS_PackState,31.87,-37.0,70.87,,,,,,,,,,,,,,,,,,,
221.9,0x100,BMS_PackState,31.88,-38.2,70.95,,,,,,,,,,,,,,,,,,,
222.0,0x100,BMS_PackState,31.85,-35.9,71.01,,,,,,,,,,,,,,,,,,,
222.0,0x101,BMS_CellVolt1,,,,3.979,3.98,3.98,3.982,,,,,,,,,,,,,,,
222.0,0x102,BMS_CellVolt2,,,,,,,,3.968,4.013,3.974,3.973,,,,,,,,,,,
222.0,0x103,BMS_Temps,,,,,,,,,,,,43.6,44.6,51.2,43.300000000000004,,,,,,,
222.0,0x104,BMS_Status,,,,,,,,,,,,,,,,0.0,0.0,0.0,0.0,0.0,1.0,0.0
222.1,0x100,BMS_PackState,31.87,-37.2,70.73,,,,,,,,,,,,,,,,,,,
222.2,0x100,BMS_PackState,31.84,-35.9,71.0,,,,,,,,,,,,,,,,,,,
222.3,0x100,BMS_PackState,31.86,-37.2,71.09,,,,,,,,,,,,,,,,,,,
222.4,0x100,BMS_PackState,31.88,-37.6,70.71000000000001,,,,,,,,,,,,,,,,,,,
222.5,0x100,BMS_PackState,31.85,-35.6,70.7,,,,,,,,,,,,,,,,,,,
222.5,0x101,BMS_CellVolt1,,,,3.98,3.977,3.977,3.982,,,,,,,,,,,,,,,
222.5,0x102,BMS_CellVolt2,,,,,,,,3.973,4.01,3.975,3.972,,,,,,,,,,,
222.6,0x100,BMS_PackState,31.86,-35.800000000000004,71.02,,,,,,,,,,,,,,,,,,,
222.7,0x100,BMS_PackState,31.84,-35.1,70.83,,,,,,,,,,,,,,,,,,,
222.8,0x100,BMS_PackState,31.810000000000002,-32.7,70.85000000000001,,,,,,,,,,,,,,,,,,,
222.9,0x100,BMS_PackState,31.85,-35.6,70.99,,,,,,,,,,,,,,,,,,,
223.0,0x100,BMS_PackState,31.85,-35.300000000000004,70.79,,,,,,,,,,,,,,,,,,,
223.0,0x101,BMS_CellVolt1,,,,3.979,3.977,3.982,3.981,,,,,,,,,,,,,,,
223.0,0x102,BMS_CellVolt2,,,,,,,,3.969,4.014,3.972,3.971,,,,,,,,,,,
223.0,0x103,BMS_Temps,,,,,,,,,,,,42.5,43.300000000000004,49.7,42.1,,,,,,,
223.0,0x104,BMS_Status,,,,,,,,,,,,,,,,0.0,0.0,0.0,0.0,0.0,1.0,0.0
223.1,0x100,BMS_PackState,31.88,-37.6,70.9,,,,,,,,,,,,,,,,,,,
223.2,0x100,BMS_PackState,31.88,-37.9,70.74,,,,,,,,,,,,,,,,,,,
223.3,0x100,BMS_PackState,31.82,-33.6,70.97,,,,,,,,,,,,,,,,,,,
223.4,0x100,BMS_PackState,31.87,-37.4,70.97,,,,,,,,,,,,,,,,,,,
223.5,0x100,BMS_PackState,31.87,-37.6,70.9,,,,,,,,,,,,,,,,,,,
223.5,0x101,BMS_CellVolt1,,,,3.98,3.979,3.981,3.98,,,,,,,,,,,,,,,
223.5,0x102,BMS_CellVolt2,,,,,,,,3.973,4.015,3.978,3.977,,,,,,,,,,,
223.6,0x100,BMS_PackState,31.86,-36.1,70.89,,,,,,,,,,,,,,,,,,,
223.7,0x100,BMS_PackState,31.86,-36.1,70.89,,,,,,,,,,,,,,,,,,,
223.8,0x100,BMS_PackState,31.87,-37.4,70.88,,,,,,,,,,,,,,,,,,,
223.9,0x100,BMS_PackState,31.86,-36.5,70.89,,,,,,,,,,,,,,,,,,,
224.0,0x100,BMS_PackState,31.82,-34.2,70.99,,,,,,,,,,,,,,,,,,,
224.0,0x101,BMS_CellVolt1,,,,3.977,3.974,3.973,3.979,,,,,,,,,,,,,,,
224.0,0x102,BMS_CellVolt2,,,,,,,,3.968,4.008,3.972,3.97,,,,,,,,,,,
224.0,0x103,BMS_Temps,,,,,,,,,,,,41.400000000000006,42.300000000000004,48.2,41.1,,,,,,,
224.0,0x104,BMS_Status,,,,,,,,,,,,,,,,0.0,0.0,0.0,0.0,0.0,1.0,0.0
224.1,0x100,BMS_PackState,31.87,-37.2,70.72,,,,,,,,,,,,,,,,,,,
224.2,0x100,BMS_PackState,31.88,-38.1,71.09,,,,,,,,,,,,,,,,,,,
224.3,0x100,BMS_PackState,31.84,-34.6,70.92,,,,,,,,,,,,,,,,,,,
224.4,0x100,BMS_PackState,31.84,-35.300000000000004,71.13,,,,,,,,,,,,,,,,,,,
224.5,0x100,BMS_PackState,31.87,-36.9,70.93,,,,,,,,,,,,,,,,,,,
224.5,0x101,BMS_CellVolt1,,,,3.978,3.983,3.978,3.985,,,,,,,,,,,,,,,
224.5,0x102,BMS_CellVolt2,,,,,,,,3.973,4.015,3.977,3.976,,,,,,,,,,,
224.6,0x100,BMS_PackState,31.88,-38.400000000000006,70.91,,,,,,,,,,,,,,,,,,,
224.7,0x100,BMS_PackState,31.86,-37.1,70.98,,,,,,,,,,,,,,,,,,,
224.8,0x100,BMS_PackState,31.86,-36.1,70.79,,,,,,,,,,,,,,,,,,,
224.9,0x100,BMS_PackState,31.830000000000002,-34.300000000000004,70.81,,,,,,,,,,,,,,,,,,,
225.0,0x100,BMS_PackState,31.86,-37.6,70.9,,,,,,,,,,,,,,,,,,,
225.0,0x101,BMS_CellVolt1,,,,3.982,3.98,3.98,3.984,,,,,,,,,,,,,,,
225.0,0x102,BMS_CellVolt2,,,,,,,,3.966,4.017,3.976,3.978,,,,,,,,,,,
225.0,0x103,BMS_Temps,,,,,,,,,,,,40.5,41.400000000000006,46.7,40.300000000000004,,,,,,,
225.0,0x104,BMS_Status,,,,,,,,,,,,,,,,0.0,0.0,0.0,0.0,0.0,1.0,1.0
225.1,0x100,BMS_PackState,31.86,-36.1,70.93,,,,,,,,,,,,,,,,,,,
225.2,0x100,BMS_PackState,31.84,-35.0,71.03,,,,,,,,,,,,,,,,,,,
225.3,0x100,BMS_PackState,31.91,-39.6,70.94,,,,,,,,,,,,,,,,,,,
225.4,0x100,BMS_PackState,31.830000000000002,-34.4,71.07000000000001,,,,,,,,,,,,,,,,,,,
225.5,0x100,BMS_PackState,31.87,-37.800000000000004,70.66,,,,,,,,,,,,,,,,,,,
225.5,0x101,BMS_CellVolt1,,,,3.979,3.986,3.983,3.982,,,,,,,,,,,,,,,
225.5,0x102,BMS_CellVolt2,,,,,,,,3.974,4.016,3.977,3.974,,,,,,,,,,,
225.6,0x100,BMS_PackState,31.85,-35.5,71.11,,,,,,,,,,,,,,,,,,,
225.7,0x100,BMS_PackState,31.85,-35.6,70.9,,,,,,,,,,,,,,,,,,,
225.8,0x100,BMS_PackState,31.830000000000002,-34.4,71.01,,,,,,,,,,,,,,,,,,,
225.9,0x100,BMS_PackState,31.85,-35.2,71.06,,,,,,,,,,,,,,,,,,,
226.0,0x100,BMS_PackState,31.900000000000002,-39.6,70.81,,,,,,,,,,,,,,,,,,,
226.0,0x101,BMS_CellVolt1,,,,3.984,3.982,3.988,3.986,,,,,,,,,,,,,,,
226.0,0x102,BMS_CellVolt2,,,,,,,,3.978,4.022,3.98,3.982,,,,,,,,,,,
226.0,0x103,BMS_Temps,,,,,,,,,,,,39.6,40.300000000000004,45.5,39.300000000000004,,,,,,,
226.0,0x104,BMS_Status,,,,,,,,,,,,,,,,0.0,0.0,0.0,0.0,0.0,1.0,0.0
226.1,0x100,BMS_PackState,31.87,-37.2,71.09,,,,,,,,,,,,,,,,,,,
226.2,0x100,BMS_PackState,31.86,-35.800000000000004,71.02,,,,,,,,,,,,,,,,,,,
226.3,0x100,BMS_PackState,31.85,-36.300000000000004,71.13,,,,,,,,,,,,,,,,,,,
226.4,0x100,BMS_PackState,31.85,-35.300000000000004,70.96000000000001,,,,,,,,,,,,,,,,,,,
226.5,0x100,BMS_PackState,31.85,-34.800000000000004,70.95,,,,,,,,,,,,,,,,,,,
226.5,0x101,BMS_CellVolt1,,,,3.98,3.978,3.979,3.981,,,,,,,,,,,,,,,
226.5,0x102,BMS_CellVolt2,,,,,,,,3.973,4.011,3.972,3.971,,,,,,,,,,,
226.6,0x100,BMS_PackState,31.84,-35.1,70.88,,,,,,,,,,,,,,,,,,,
226.7,0x100,BMS_PackState,31.87,-36.300000000000004,70.89,,,,,,,,,,,,,,,,,,,
226.8,0x100,BMS_PackState,31.89,-38.800000000000004,70.95,,,,,,,,,,,,,,,,,,,
226.9,0x100,BMS_PackState,31.86,-36.7,71.02,,,,,,,,,,,,,,,,,,,
227.0,0x100,BMS_PackState,31.84,-35.4,71.04,,,,,,,,,,,,,,,,,,,
227.0,0x101,BMS_CellVolt1,,,,3.978,3.981,3.979,3.98,,,,,,,,,,,,,,,
227.0,0x102,BMS_CellVolt2,,,,,,,,3.967,4.0120000000000005,3.976,3.97,,,,,,,,,,,
227.0,0x103,BMS_Temps,,,,,,,,,,,,38.800000000000004,39.5,44.400000000000006,38.6,,,,,,,
227.0,0x104,BMS_Status,,,,,,,,,,,,,,,,0.0,0.0,0.0,0.0,0.0,1.0,0.0
227.1,0x100,BMS_PackState,31.87,-37.6,70.87,,,,,,,,,,,,,,,,,,,
227.2,0x100,BMS_PackState,31.84,-35.1,70.96000000000001,,,,,,,,,,,,,,,,,,,
227.3,0x100,BMS_PackState,31.84,-34.6,70.99,,,,,,,,,,,,,,,,,,,
227.4,0x100,BMS_PackState,31.86,-35.800000000000004,70.76,,,,,,,,,,,,,,,,,,,
227.5,0x100,BMS_PackState,31.92,-40.6,71.06,,,,,,,,,,,,,,,,,,,
227.5,0x101,BMS_CellVolt1,,,,3.982,3.987,3.99,3.99,,,,,,,,,,,,,,,
227.5,0x102,BMS_CellVolt2,,,,,,,,3.976,4.025,3.983,3.982,,,,,,,,,,,
227.6,0x100,BMS_PackState,31.89,-37.9,70.95,,,,,,,,,,,,,,,,,,,
227.7,0x100,BMS_PackState,31.830000000000002,-33.2,70.98,,,,,,,,,,,,,,,,,,,
227.8,0x100,BMS_PackState,31.86,-36.800000000000004,71.13,,,,,,,,,,,,,,,,,,,
227.9,0x100,BMS_PackState,31.91,-39.0,70.89,,,,,,,,,,,,,,,,,,,
228.0,0x100,BMS_PackState,31.830000000000002,-34.1,70.9,,,,,,,,,,,,,,,,,,,
228.0,0x101,BMS_CellVolt1,,,,3.976,3.976,3.981,3.98,,,,,,,,,,,,,,,
228.0,0x102,BMS_CellVolt2,,,,,,,,3.968,4.008,3.972,3.972,,,,,,,,,,,
228.0,0x103,BMS_Temps,,,,,,,,,,,,38.1,38.800000000000004,43.2,37.9,,,,,,,
228.0,0x104,BMS_Status,,,,,,,,,,,,,,,,0.0,0.0,0.0,0.0,0.0,1.0,0.0
228.1,0x100,BMS_PackState,31.86,-36.0,70.76,,,,,,,,,,,,,,,,,,,
228.2,0x100,BMS_PackState,31.84,-34.300000000000004,70.98,,,,,,,,,,,,,,,,,,,
228.3,0x100,BMS_PackState,31.85,-35.6,71.10000000000001,,,,,,,,,,,,,,,,,,,
228.4,0x100,BMS_PackState,31.87,-35.300000000000004,70.78,,,,,,,,,,,,,,,,,,,
228.5,0x100,BMS_PackState,31.86,-35.5,70.89,,,,,,,,,,,,,,,,,,,
228.5,0x101,BMS_CellVolt1,,,,3.979,3.978,3.984,3.981,,,,,,,,,,,,,,,
228.5,0x102,BMS_CellVolt2,,,,,,,,3.973,4.013,3.979,3.972,,,,,,,,,,,
228.6,0x100,BMS_PackState,31.85,-35.0,71.02,,,,,,,,,,,,,,,,,,,
228.7,0x100,BMS_PackState,31.810000000000002,-32.6,70.95,,,,,,,,,,,,,,,,,,,
228.8,0x100,BMS_PackState,29.85,122.7,70.95,,,,,,,,,,,,,,,,,,,
228.9,0x100,BMS_PackState,29.88,119.30000000000001,71.0,,,,,,,,,,,,,,,,,,,
229.0,0x100,BMS_PackState,29.85,122.9,71.16,,,,,,,,,,,,,,,,,,,
229.0,0x101,BMS_CellVolt1,,,,3.738,3.744,3.732,3.737,,,,,,,,,,,,,,,
229.0,0x102,BMS_CellVolt2,,,,,,,,3.7680000000000002,3.623,3.7520000000000002,3.755,,,,,,,,,,,
229.0,0x103,BMS_Temps,,,,,,,,,,,,37.9,38.5,43.0,37.7,,,,,,,
229.0,0x104,BMS_Status,,,,,,,,,,,,,,,,0.0,0.0,0.0,0.0,0.0,1.0,1.0
229.1,0x100,BMS_PackState,29.82,124.4,70.98,,,,,,,,,,,,,,,,,,,
229.2,0x100,BMS_PackState,29.82,124.9,70.99,,,,,,,,,,,,,,,,,,,
229.3,0x100,BMS_PackState,29.85,122.9,71.01,,,,,,,,,,,,,,,,,,,
229.4,0x100,BMS_PackState,29.810000000000002,125.7,70.76,,,,,,,,,,,,,,,,,,,
229.5,0x100,BMS_PackState,29.79,125.7,70.98,,,,,,,,,,,,,,,,,,,
229.5,0x101,BMS_CellVolt1,,,,3.732,3.734,3.726,3.734,,,,,,,,,,,,,,,
229.5,0x102,BMS_CellVolt2,,,,,,,,3.762,3.613,3.746,3.747,,,,,,,,,,,
229.6,0x100,BMS_PackState,29.77,128.5,70.79,,,,,,,,,,,,,,,,,,,
229.7,0x100,BMS_PackState,29.830000000000002,123.80000000000001,70.94,,,,,,,,,,,,,,,,,,,
229.8,0x100,BMS_PackState,29.82,124.5,71.04,,,,,,,,,,,,,,,,,,,
229.9,0x100,BMS_PackState,29.810000000000002,125.10000000000001,70.88,,,,,,,,,,,,,,,,,,,
230.0,0x100,BMS_PackState,29.810000000000002,125.10000000000001,71.02,,,,,,,,,,,,,,,,,,,
230.0,0x101,BMS_CellVolt1,,,,3.739,3.738,3.728,3.734,,,,,,,,,,,,,,,
230.0,0x102,BMS_CellVolt2,,,,,,,,3.765,3.617,3.743,3.747,,,,,,,,,,,
230.0,0x103,BMS_Temps,,,,,,,,,,,,39.1,39.800000000000004,44.800000000000004,38.800000000000004,,,,,,,
230.0,0x104,BMS_Status,,,,,,,,,,,,,,,,0.0,0.0,0.0,0.0,0.0,1.0,1.0
230.1,0x100,BMS_PackState,29.810000000000002,124.7,70.73,,,,,,,,,,,,,,,,,,,
230.2,0x100,BMS_PackState,29.84,122.10000000000001,70.93,,,,,,,,,,,,,,,,,,,
230.3,0x100,BMS_PackState,29.810000000000002,125.80000000000001,70.92,,,,,,,,,,,,,,,,,,,
230.4,0x100,BMS_PackState,29.78,127.10000000000001,70.62,,,,,,,,,,,,,,,,,,,
230.5,0x100,BMS_PackState,29.810000000000002,125.9,70.93,,,,,,,,,,,,,,,,,,,
230.5,0x101,BMS_CellVolt1,,,,3.739,3.738,3.725,3.731,,,,,,,,,,,,,,,
230.5,0x102,BMS_CellVolt2,,,,,,,,3.765,3.615,3.745,3.75,,,,,,,,,,,
230.6,0x100,BMS_PackState,29.76,129.70000000000002,70.57000000000001,,,,,,,,,,,,,,,,,,,
230.7,0x100,BMS_PackState,29.78,126.9,70.88,,,,,,,,,,,,,,,,,,,
230.8,0x100,BMS_PackState,29.76,128.8,70.9,,,,,,,,,,,,,,,,,,,
230.9,0x100,BMS_PackState,29.79,127.30000000000001,70.81,,,,,,,,,,,,,,,,,,,
231.0,0x100,BMS_PackState,29.77,128.1,70.86,,,,,,,,,,,,,,,,,,,
231.0,0x101,BMS_CellVolt1,,,,3.731,3.734,3.721,3.725,,,,,,,,,,,,,,,
231.0,0x102,BMS_CellVolt2,,,,,,,,3.7600000000000002,3.61,3.741,3.744,,,,,,,,,,,
231.0,0x103,BMS_Temps,,,,,,,,,,,,40.300000000000004,41.0,46.300000000000004,40.0,,,,,,,
231.0,0x104,BMS_Status,,,,,,,,,,,,,,,,0.0,0.0,0.0,0.0,0.0,1.0,1.0
231.1,0x100,BMS_PackState,29.77,127.2,71.06,,,,,,,,,,,,,,,,,,,
231.2,0x100,BMS_PackState,29.76,128.8,70.78,,,,,,,,,,,,,,,,,,,
231.3,0x100,BMS_PackState,29.79,126.7,70.71000000000001,,,,,,,,,,,,,,,,,,,
231.4,0x100,BMS_PackState,29.78,127.2,71.02,,,,,,,,,,,,,,,,,,,
231.5,0x100,BMS_PackState,29.78,126.9,70.83,,,,,,,,,,,,,,,,,,,
231.5,0x101,BMS_CellVolt1,,,,3.732,3.736,3.726,3.726,,,,,,,,,,,,,,,
231.5,0x102,BMS_CellVolt2,,,,,,,,3.763,3.614,3.743,3.744,,,,,,,,,,,
231.6,0x100,BMS_PackState,29.8,125.7,70.92,,,,,,,,,,,,,,,,,,,
231.7,0x100,BMS_PackState,29.79,126.5,70.63,,,,,,,,,,,,,,,,,,,
231.8,0x100,BMS_PackState,29.75,129.0,70.54,,,,,,,,,,,,,,,,,,,
231.9,0x100,BMS_PackState,29.8,125.0,70.69,,,,,,,,,,,,,,,,,,,
232.0,0x100,BMS_PackState,29.79,125.7,70.76,,,,,,,,,,,,,,,,,,,
232.0,0x101,BMS_CellVolt1,,,,3.733,3.736,3.726,3.727,,,,,,,,,,,,,,,
232.0,0x102,BMS_CellVolt2,,,,,,,,3.7640000000000002,3.613,3.744,3.744,,,,,,,,,,,
232.0,0x103,BMS_Temps,,,,,,,,,,,,41.300000000000004,42.1,47.900000000000006,41.0,,,,,,,
232.0,0x104,BMS_Status,,,,,,,,,,,,,,,,0.0,0.0,0.0,0.0,0.0,1.0,1.0
232.1,0x100,BMS_PackState,29.78,126.7,70.71000000000001,,,,,,,,,,,,,,,,,,,
232.2,0x100,BMS_PackState,29.79,126.10000000000001,70.71000000000001,,,,,,,,,,,,,,,,,,,
232.3,0x100,BMS_PackState,29.82,124.10000000000001,70.57000000000001,,,,,,,,,,,,,,,,,,,
232.4,0x100,BMS_PackState,29.86,120.10000000000001,70.77,,,,,,,,,,,,,,,,,,,
232.5,0x100,BMS_PackState,29.82,124.0,70.71000000000001,,,,,,,,,,,,,,,,,,,
232.5,0x101,BMS_CellVolt1,,,,3.736,3.738,3.728,3.733,,,,,,,,,,,,,,,
232.5,0x102,BMS_CellVolt2,,,,,,,,3.767,3.618,3.745,3.7520000000000002,,,,,,,,,,,
232.6,0x100,BMS_PackState,29.87,119.5,70.51,,,,,,,,,,,,,,,,,,,
232.7,0x100,BMS_PackState,29.8,124.60000000000001,70.7,,,,,,,,,,,,,,,,,,,
232.8,0x100,BMS_PackState,29.830000000000002,122.10000000000001,70.71000000000001,,,,,,,,,,,,,,,,,,,
232.9,0x100,BMS_PackState,29.85,122.9,70.82000000000001,,,,,,,,,,,,,,,,,,,
233.0,0x100,BMS_PackState,29.86,119.5,70.65,,,,,,,,,,,,,,,,,,,
233.0,0x101,BMS_CellVolt1,,,,3.74,3.748,3.733,3.737,,,,,,,,,,,,,,,
233.0,0x102,BMS_CellVolt2,,,,,,,,3.7680000000000002,3.628,3.748,3.753,,,,,,,,,,,
233.0,0x103,BMS_Temps,,,,,,,,,,,,42.2,43.0,49.0,41.900000000000006,,,,,,,
233.0,0x104,BMS_Status,,,,,,,,,,,,,,,,0.0,0.0,0.0,0.0,0.0,1.0,1.0
233.1,0x100,BMS_PackState,29.89,118.0,70.8,,,,,,,,,,,,,,,,,,,
233.2,0x100,BMS_PackState,29.85,120.2,70.78,,,,,,,,,,,,,,,,,,,
233.3,0x100,BMS_PackState,29.87,119.2,70.61,,,,,,,,,,,,,,,,,,,
233.4,0x100,BMS_PackState,29.89,117.9,70.75,,,,,,,,,,,,,,,,,,,
233.5,0x100,BMS_PackState,29.89,118.2,70.79,,,,,,,,,,,,,,,,,,,
233.5,0x101,BMS_CellVolt1,,,,3.748,3.747,3.738,3.742,,,,,,,,,,,,,,,
233.5,0x102,BMS_CellVolt2,,,,,,,,3.7720000000000002,3.636,3.7520000000000002,3.755,,,,,,,,,,,
233.6,0x100,BMS_PackState,29.85,121.60000000000001,70.78,,,,,,,,,,,,,,,,,,,
233.7,0x100,BMS_PackState,29.88,118.10000000000001,70.7,,,,,,,,,,,,,,,,,,,
233.8,0x100,BMS_PackState,29.89,117.80000000000001,70.64,,,,,,,,,,,,,,,,,,,
233.9,0x100,BMS_PackState,29.89,116.80000000000001,70.51,,,,,,,,,,,,,,,,,,,
234.0,0x100,BMS_PackState,29.89,117.10000000000001,70.76,,,,,,,,,,,,,,,,,,,
234.0,0x101,BMS_CellVolt1,,,,3.743,3.747,3.741,3.742,,,,,,,,,,,,,,,
234.0,0x102,BMS_CellVolt2,,,,,,,,3.773,3.6350000000000002,3.754,3.759,,,,,,,,,,,
234.0,0x103,BMS_Temps,,,,,,,,,,,,42.800000000000004,43.800000000000004,50.0,42.400000000000006,,,,,,,
234.0,0x104,BMS_Status,,,,,,,,,,,,,,,,0.0,0.0,0.0,0.0,0.0,1.0,1.0
234.1,0x100,BMS_PackState,29.94,114.0,70.49,,,,,,,,,,,,,,,,,,,
234.2,0x100,BMS_PackState,29.97,110.5,70.61,,,,,,,,,,,,,,,,,,,
234.3,0x100,BMS_PackState,29.95,112.7,70.73,,,,,,,,,,,,,,,,,,,
234.4,0x100,BMS_PackState,29.93,113.5,70.52,,,,,,,,,,,,,,,,,,,
234.5,0x100,BMS_PackState,29.98,110.2,70.61,,,,,,,,,,,,,,,,,,,
234.5,0x101,BMS_CellVolt1,,,,3.7520000000000002,3.761,3.748,3.7560000000000002,,,,,,,,,,,,,,,
234.5,0x102,BMS_CellVolt2,,,,,,,,3.7800000000000002,3.654,3.762,3.7640000000000002,,,,,,,,,,,
234.6,0x100,BMS_PackState,29.98,110.7,70.45,,,,,,,,,,,,,,,,,,,
234.7,0x100,BMS_PackState,29.990000000000002,109.30000000000001,70.56,,,,,,,,,,,,,,,,,,,
234.8,0x100,BMS_PackState,29.96,111.9,70.49,,,,,,,,,,,,,,,,,,,
234.9,0x100,BMS_PackState,29.97,110.10000000000001,70.51,,,,,,,,,,,,,,,,,,,
235.0,0x100,BMS_PackState,29.990000000000002,109.30000000000001,70.64,,,,,,,,,,,,,,,,,,,
235.0,0x101,BMS_CellVolt1,,,,3.7520000000000002,3.757,3.75,3.757,,,,,,,,,,,,,,,
235.0,0x102,BMS_CellVolt2,,,,,,,,3.781,3.653,3.765,3.774,,,,,,,,,,,
235.0,0x103,BMS_Temps,,,,,,,,,,,,43.1,44.2,50.5,42.900000000000006,,,,,,,
235.0,0x104,BMS_Status,,,,,,,,,,,,,,,,0.0,0.0,0.0,0.0,0.0,1.0,1.0
235.1,0x100,BMS_PackState,29.990000000000002,108.7,70.64,,,,,,,,,,,,,,,,,,,
235.2,0x100,BMS_PackState,30.02,107.0,70.51,,,,,,,,,,,,,,,,,,,
235.3,0x100,BMS_PackState,30.02,106.7,70.59,,,,,,,,,,,,,,,,,,,
235.4,0x100,BMS_PackState,30.060000000000002,104.0,70.51,,,,,,,,,,,,,,,,,,,
235.5,0x100,BMS_PackState,30.080000000000002,101.9,70.52,,,,,,,,,,,,,,,,,,,
235.5,0x101,BMS_CellVolt1,,,,3.766,3.7680000000000002,3.762,3.7680000000000002,,,,,,,,,,,,,,,
235.5,0x102,BMS_CellVolt2,,,,,,,,3.795,3.665,3.781,3.779,,,,,,,,,,,
235.6,0x100,BMS_PackState,30.03,104.80000000000001,70.43,,,,,,,,,,,,,,,,,,,
235.7,0x100,BMS_PackState,30.05,104.5,70.49,,,,,,,,,,,,,,,,,,,
235.8,0x100,BMS_PackState,30.04,105.2,70.34,,,,,,,,,,,,,,,,,,,
235.9,0x100,BMS_PackState,30.04,105.10000000000001,70.74,,,,,,,,,,,,,,,,,,,
236.0,0x100,BMS_PackState,30.04,104.60000000000001,70.65,,,,,,,,,,,,,,,,,,,
236.0,0x101,BMS_CellVolt1,,,,3.7640000000000002,3.762,3.757,3.761,,,,,,,,,,,,,,,
236.0,0x102,BMS_CellVolt2,,,,,,,,3.79,3.6630000000000003,3.773,3.774,,,,,,,,,,,
236.0,0x103,BMS_Temps,,,,,,,,,,,,43.300000000000004,44.2,50.7,43.0,,,,,,,
236.0,0x104,BMS_Status,,,,,,,,,,,,,,,,0.0,0.0,0.0,0.0,0.0,1.0,1.0
236.1,0x100,BMS_PackState,30.09,100.2,70.77,,,,,,,,,,,,,,,,,,,
236.2,0x100,BMS_PackState,30.09,100.60000000000001,70.63,,,,,,,,,,,,,,,,,,,
236.3,0x100,BMS_PackState,30.080000000000002,101.30000000000001,70.54,,,,,,,,,,,,,,,,,,,
236.4,0x100,BMS_PackState,30.05,103.9,70.29,,,,,,,,,,,,,,,,,,,
236.5,0x100,BMS_PackState,30.09,101.80000000000001,70.60000000000001,,,,,,,,,,,,,,,,,,,
236.5,0x101,BMS_CellVolt1,,,,3.7720000000000002,3.767,3.763,3.766,,,,,,,,,,,,,,,
236.5,0x102,BMS_CellVolt2,,,,,,,,3.794,3.6710000000000003,3.775,3.7800000000000002,,,,,,,,,,,
236.6,0x100,BMS_PackState,30.09,100.7,70.63,,,,,,,,,,,,,,,,,,,
236.7,0x100,BMS_PackState,30.11,98.0,70.38,,,,,,,,,,,,,,,,,,,
236.8,0x100,BMS_PackState,30.14,96.80000000000001,70.54,,,,,,,,,,,,,,,,,,,
236.9,0x100,BMS_PackState,30.11,98.9,70.49,,,,,,,,,,,,,,,,,,,
237.0,0x100,BMS_PackState,30.16,95.60000000000001,70.47,,,,,,,,,,,,,,,,,,,
237.0,0x101,BMS_CellVolt1,,,,3.7760000000000002,3.781,3.774,3.7720000000000002,,,,,,,,,,,,,,,
237.0,0x102,BMS_CellVolt2,,,,,,,,3.799,3.686,3.785,3.786,,,,,,,,,,,
237.0,0x103,BMS_Temps,,,,,,,,,,,,43.400000000000006,44.300000000000004,50.7,43.0,,,,,,,
237.0,0x104,BMS_Status,,,,,,,,,,,,,,,,0.0,0.0,0.0,0.0,0.0,1.0,1.0
237.1,0x100,BMS_PackState,30.14,96.5,70.52,,,,,,,,,,,,,,,,,,,
237.2,0x100,BMS_PackState,30.150000000000002,96.30000000000001,70.51,,,,,,,,,,,,,,,,,,,
237.3,0x100,BMS_PackState,30.12,98.5,70.36,,,,,,,,,,,,,,,,,,,
237.4,0x100,BMS_PackState,30.16,95.2,70.55,,,,,,,,,,,,,,,,,,,
237.5,0x100,BMS_PackState,30.2,91.7,70.3,,,,,,,,,,,,,,,,,,,
237.5,0x101,BMS_CellVolt1,,,,3.7800000000000002,3.786,3.774,3.778,,,,,,,,,,,,,,,
237.5,0x102,BMS_CellVolt2,,,,,,,,3.801,3.696,3.789,3.794,,,,,,,,,,,
237.6,0x100,BMS_PackState,30.14,95.80000000000001,70.49,,,,,,,,,,,,,,,,,,,
237.7,0x100,BMS_PackState,30.17,93.60000000000001,70.47,,,,,,,,,,,,,,,,,,,
237.8,0x100,BMS_PackState,30.17,94.5,70.36,,,,,,,,,,,,,,,,,,,
237.9,0x100,BMS_PackState,30.16,94.0,70.55,,,,,,,,,,,,,,,,,,,
238.0,0x100,BMS_PackState,30.18,93.4,70.23,,,,,,,,,,,,,,,,,,,
238.0,0x101,BMS_CellVolt1,,,,3.7760000000000002,3.781,3.7720000000000002,3.779,,,,,,,,,,,,,,,
238.0,0x102,BMS_CellVolt2,,,,,,,,3.801,3.689,3.79,3.79,,,,,,,,,,,
238.0,0x103,BMS_Temps,,,,,,,,,,,,43.2,44.2,50.6,42.900000000000006,,,,,,,
238.0,0x104,BMS_Status,,,,,,,,,,,,,,,,0.0,0.0,0.0,0.0,0.0,1.0,1.0
238.1,0x100,BMS_PackState,30.150000000000002,94.80000000000001,70.44,,,,,,,,,,,,,,,,,,,
238.2,0x100,BMS_PackState,30.2,91.0,70.43,,,,,,,,,,,,,,,,,,,
238.3,0x100,BMS_PackState,30.19,92.30000000000001,70.57000000000001,,,,,,,,,,,,,,,,,,,
238.4,0x100,BMS_PackState,30.17,93.9,70.47,,,,,,,,,,,,,,,,,,,
238.5,0x100,BMS_PackState,30.2,91.80000000000001,70.18,,,,,,,,,,,,,,,,,,,
238.5,0x101,BMS_CellVolt1,,,,3.7840000000000003,3.781,3.777,3.7800000000000002,,,,,,,,,,,,,,,
238.5,0x102,BMS_CellVolt2,,,,,,,,3.798,3.693,3.7880000000000003,3.794,,,,,,,,,,,
238.6,0x100,BMS_PackState,30.22,90.10000000000001,70.35000000000001,,,,,,,,,,,,,,,,,,,
238.7,0x100,BMS_PackState,30.17,93.30000000000001,70.55,,,,,,,,,,,,,,,,,,,
238.8,0x100,BMS_PackState,30.17,93.9,70.37,,,,,,,,,,,,,,,,,,,
238.9,0x100,BMS_PackState,30.19,92.0,70.27,,,,,,,,,,,,,,,,,,,
239.0,0x100,BMS_PackState,30.23,89.0,70.37,,,,,,,,,,,,,,,,,,,
239.0,0x101,BMS_CellVolt1,,,,3.783,3.7880000000000003,3.777,3.781,,,,,,,,,,,,,,,
239.0,0x102,BMS_CellVolt2,,,,,,,,3.809,3.7,3.7920000000000003,3.7960000000000003,,,,,,,,,,,
239.0,0x103,BMS_Temps,,,,,,,,,,,,43.1,43.900000000000006,50.300000000000004,42.7,,,,,,,
239.0,0x104,BMS_Status,,,,,,,,,,,,,,,,0.0,0.0,0.0,0.0,0.0,1.0,1.0
239.1,0x100,BMS_PackState,30.18,92.80000000000001,70.54,,,,,,,,,,,,,,,,,,,
239.2,0x100,BMS_PackState,30.240000000000002,89.2,70.28,,,,,,,,,,,,,,,,,,,
239.3,0x100,BMS_PackState,30.18,92.0,70.25,,,,,,,,,,,,,,,,,,,
239.4,0x100,BMS_PackState,30.22,90.10000000000001,70.33,,,,,,,,,,,,,,,,,,,
239.5,0x100,BMS_PackState,30.22,89.60000000000001,70.28,,,,,,,,,,,,,,,,,,,
239.5,0x101,BMS_CellVolt1,,,,3.782,3.7840000000000003,3.781,3.7840000000000003,,,,,,,,,,,,,,,
239.5,0x102,BMS_CellVolt2,,,,,,,,3.806,3.6990000000000003,3.79,3.793,,,,,,,,,,,
239.6,0x100,BMS_PackState,30.2,90.60000000000001,70.42,,,,,,,,,,,,,,,,,,,
239.7,0x100,BMS_PackState,30.2,90.9,70.3,,,,,,,,,,,,,,,,,,,
239.8,0x100,BMS_PackState,30.22,90.2,70.37,,,,,,,,,,,,,,,,,,,
239.9,0x100,BMS_PackState,30.18,92.0,70.49,,,,,,,,,,,,,,,,,,,
240.0,0x100,BMS_PackState,30.22,90.4,70.23,,,,,,,,,,,,,,,,,,,
240.0,0x101,BMS_CellVolt1,,,,3.785,3.791,3.7720000000000002,3.782,,,,,,,,,,,,,,,
240.0,0x102,BMS_CellVolt2,,,,,,,,3.8040000000000003,3.696,3.791,3.793,,,,,,,,,,,
240.0,0x103,BMS_Temps,,,,,,,,,,,,42.900000000000006,43.7,50.0,42.5,,,,,,,
240.0,0x104,BMS_Status,,,,,,,,,,,,,,,,0.0,0.0,0.0,0.0,0.0,1.0,1.0
240.1,0x100,BMS_PackState,30.19,92.5,70.42,,,,,,,,,,,,,,,,,,,
240.2,0x100,BMS_PackState,30.19,91.4,70.41,,,,,,,,,,,,,,,,,,,
240.3,0x100,BMS_PackState,30.21,89.9,70.19,,,,,,,,,,,,,,,,,,,
240.4,0x100,BMS_PackState,30.22,89.60000000000001,70.44,,,,,,,,,,,,,,,,,,,
240.5,0x100,BMS_PackState,30.240000000000002,88.4,70.18,,,,,,,,,,,,,,,,,,,
240.5,0x101,BMS_CellVolt1,,,,3.7840000000000003,3.785,3.7800000000000002,3.786,,,,,,,,,,,,,,,
240.5,0x102,BMS_CellVolt2,,,,,,,,3.8080000000000003,3.704,3.791,3.797,,,,,,,,,,,
240.6,0x100,BMS_PackState,30.2,91.30000000000001,70.15,,,,,,,,,,,,,,,,,,,
240.7,0x100,BMS_PackState,30.21,90.30000000000001,70.21000000000001,,,,,,,,,,,,,,,,,,,
240.8,0x100,BMS_PackState,30.240000000000002,87.2,70.21000000000001,,,,,,,,,,,,,,,,,,,
240.9,0x100,BMS_PackState,30.21,90.0,70.25,,,,,,,,,,,,,,,,,,,
241.0,0x100,BMS_PackState,30.22,89.4,70.17,,,,,,,,,,,,,,,,,,,
241.0,0x101,BMS_CellVolt1,,,,3.779,3.786,3.779,3.785,,,,,,,,,,,,,,,
241.0,0x102,BMS_CellVolt2,,,,,,,,3.8040000000000003,3.704,3.793,3.789,,,,,,,,,,,
241.0,0x103,BMS_Temps,,,,,,,,,,,,42.6,43.5,49.6,42.300000000000004,,,,,,,
241.0,0x104,BMS_Status,,,,,,,,,,,,,,,,0.0,0.0,0.0,0.0,0.0,1.0,1.0
241.1,0x100,BMS_PackState,30.16,93.10000000000001,70.33,,,,,,,,,,,,,,,,,,,
241.2,0x100,BMS_PackState,30.23,88.2,70.25,,,,,,,,,,,,,,,,,,,
241.3,0x100,BMS_PackState,30.23,88.5,70.28,,,,,,,,,,,,,,,,,,,
241.4,0x100,BMS_PackState,30.18,92.30000000000001,70.33,,,,,,,,,,,,,,,,,,,
241.5,0x100,BMS_PackState,30.18,92.7,70.4,,,,,,,,,,,,,,,,,,,
241.5,0x101,BMS_CellVolt1,,,,3.7800000000000002,3.7840000000000003,3.7720000000000002,3.782,,,,,,,,,,,,,,,
241.5,0x102,BMS_CellVolt2,,,,,,,,3.799,3.689,3.787,3.79,,,,,,,,,,,
241.6,0x100,BMS_PackState,30.22,89.5,70.2,,,,,,,,,,,,,,,,,,,
241.7,0x100,BMS_PackState,30.22,89.7,70.18,,,,,,,,,,,,,,,,,,,
241.8,0x100,BMS_PackState,30.2,91.60000000000001,70.32000000000001,,,,,,,,,,,,,,,,,,,
241.9,0x100,BMS_PackState,30.25,87.10000000000001,70.36,,,,,,,,,,,,,,,,,,,
242.0,0x100,BMS_PackState,30.23,87.80000000000001,70.24,,,,,,,,,,,,,,,,,,,
242.0,0x101,BMS_CellVolt1,,,,3.787,3.79,3.782,3.783,,,,,,,,,,,,,,,
242.0,0x102,BMS_CellVolt2,,,,,,,,3.806,3.6990000000000003,3.79,3.7960000000000003,,,,,,,,,,,
242.0,0x103,BMS_Temps,,,,,,,,,,,,42.300000000000004,43.300000000000004,49.400000000000006,42.1,,,,,,,
242.0,0x104,BMS_Status,,,,,,,,,,,,,,,,0.0,0.0,0.0,0.0,0.0,1.0,1.0
242.1,0x100,BMS_PackState,30.21,90.2,70.23,,,,,,,,,,,,,,,,,,,
242.2,0x100,BMS_PackState,30.16,92.9,70.2,,,,,,,,,,,,,,,,,,,
242.3,0x100,BMS_PackState,30.21,89.9,70.15,,,,,,,,,,,,,,,,,,,
242.4,0x100,BMS_PackState,30.2,90.7,70.17,,,,,,,,,,,,,,,,,,,
242.5,0x100,BMS_PackState,30.17,92.2,70.2,,,,,,,,,,,,,,,,,,,
242.5,0x101,BMS_CellVolt1,,,,3.7800000000000002,3.7800000000000002,3.769,3.775,,,,,,,,,,,,,,,
242.5,0x102,BMS_CellVolt2,,,,,,,,3.801,3.6910000000000003,3.7880000000000003,3.791,,,,,,,,,,,
242.6,0x100,BMS_PackState,30.16,93.7,70.27,,,,,,,,,,,,,,,,,,,
242.7,0x100,BMS_PackState,30.21,89.7,70.28,,,,,,,,,,,,,,,,,,,
242.8,0x100,BMS_PackState,30.2,90.5,70.10000000000001,,,,,,,,,,,,,,,,,,,
242.9,0x100,BMS_PackState,30.17,93.2,70.19,,,,,,,,,,,,,,,,,,,
243.0,0x100,BMS_PackState,30.23,88.2,70.11,,,,,,,,,,,,,,,,,,,
243.0,0x101,BMS_CellVolt1,,,,3.786,3.786,3.7800000000000002,3.786,,,,,,,,,,,,,,,
243.0,0x102,BMS_CellVolt2,,,,,,,,3.807,3.697,3.791,3.793,,,,,,,,,,,
243.0,0x103,BMS_Temps,,,,,,,,,,,,42.2,43.1,49.2,41.900000000000006,,,,,,,
243.0,0x104,BMS_Status,,,,,,,,,,,,,,,,0.0,0.0,0.0,0.0,0.0,1.0,1.0
243.1,0x100,BMS_PackState,30.17,92.0,70.15,,,,,,,,,,,,,,,,,,,
243.2,0x100,BMS_PackState,30.21,89.0,70.18,,,,,,,,,,,,,,,,,,,
243.3,0x100,BMS_PackState,30.21,90.60000000000001,70.26,,,,,,,,,,,,,,,,,,,
243.4,0x100,BMS_PackState,30.2,90.10000000000001,70.15,,,,,,,,,,,,,,,,,,,
243.5,0x100,BMS_PackState,30.22,89.10000000000001,70.2,,,,,,,,,,,,,,,,,,,
243.5,0x101,BMS_CellVolt1,,,,3.782,3.783,3.778,3.7840000000000003,,,,,,,,,,,,,,,
243.5,0x102,BMS_CellVolt2,,,,,,,,3.807,3.701,3.791,3.793,,,,,,,,,,,
243.6,0x100,BMS_PackState,30.22,89.0,70.04,,,,,,,,,,,,,,,,,,,
243.7,0x100,BMS_PackState,30.2,90.9,70.03,,,,,,,,,,,,,,,,,,,
243.8,0x100,BMS_PackState,30.18,92.0,70.12,,,,,,,,,,,,,,,,,,,
243.9,0x100,BMS_PackState,30.2,90.4,70.47,,,,,,,,,,,,,,,,,,,
244.0,0x100,BMS_PackState,30.19,90.7,70.05,,,,,,,,,,,,,,,,,,,
244.0,0x101,BMS_CellVolt1,,,,3.781,3.781,3.7720000000000002,3.7800000000000002,,,,,,,,,,,,,,,
244.0,0x102,BMS_CellVolt2,,,,,,,,3.8040000000000003,3.693,3.789,3.7920000000000003,,,,,,,,,,,
244.0,0x103,BMS_Temps,,,,,,,,,,,,42.1,42.900000000000006,48.900000000000006,41.800000000000004,,,,,,,
244.0,0x104,BMS_Status,,,,,,,,,,,,,,,,0.0,0.0,0.0,0.0,0.0,1.0,1.0
244.1,0x100,BMS_PackState,30.18,91.5,70.14,,,,,,,,,,,,,,,,,,,
244.2,0x100,BMS_PackState,30.21,89.2,70.16,,,,,,,,,,,,,,,,,,,
244.3,0x100,BMS_PackState,30.18,91.9,70.12,,,,,,,,,,,,,,,,,,,
244.4,0x100,BMS_PackState,30.17,92.0,70.05,,,,,,,,,,,,,,,,,,,
244.5,0x100,BMS_PackState,30.14,94.80000000000001,70.16,,,,,,,,,,,,,,,,,,,
244.5,0x101,BMS_CellVolt1,,,,3.771,3.777,3.769,3.771,,,,,,,,,,,,,,,
244.5,0x102,BMS_CellVolt2,,,,,,,,3.7960000000000003,3.6830000000000003,3.781,3.7880000000000003,,,,,,,,,,,
244.6,0x100,BMS_PackState,30.2,90.4,70.01,,,,,,,,,,,,,,,,,,,
244.7,0x100,BMS_PackState,30.2,90.4,70.14,,,,,,,,,,,,,,,,,,,
244.8,0x100,BMS_PackState,30.17,92.30000000000001,70.04,,,,,,,,,,,,,,,,,,,
244.9,0x100,BMS_PackState,30.16,92.5,70.19,,,,,,,,,,,,,,,,,,,
245.0,0x100,BMS_PackState,30.19,90.60000000000001,69.9,,,,,,,,,,,,,,,,,,,
245.0,0x101,BMS_CellVolt1,,,,3.778,3.783,3.778,3.7800000000000002,,,,,,,,,,,,,,,
245.0,0x102,BMS_CellVolt2,,,,,,,,3.798,3.6950000000000003,3.787,3.791,,,,,,,,,,,
245.0,0x103,BMS_Temps,,,,,,,,,,,,41.900000000000006,42.800000000000004,48.800000000000004,41.6,,,,,,,
245.0,0x104,BMS_Status,,,,,,,,,,,,,,,,0.0,0.0,0.0,0.0,0.0,1.0,1.0
245.1,0x100,BMS_PackState,30.18,90.9,70.07000000000001,,,,,,,,,,,,,,,,,,,
245.2,0x100,BMS_PackState,30.17,92.5,69.96000000000001,,,,,,,,,,,,,,,,,,,
245.3,0x100,BMS_PackState,30.19,90.60000000000001,70.15,,,,,,,,,,,,,,,,,,,
245.4,0x100,BMS_PackState,30.18,91.4,70.15,,,,,,,,,,,,,,,,,,,
245.5,0x100,BMS_PackState,30.16,92.30000000000001,69.8,,,,,,,,,,,,,,,,,,,
245.5,0x101,BMS_CellVolt1,,,,3.7760000000000002,3.781,3.77,3.7720000000000002,,,,,,,,,,,,,,,
245.5,0x102,BMS_CellVolt2,,,,,,,,3.8000000000000003,3.688,3.785,3.79,,,,,,,,,,,
245.6,0x100,BMS_PackState,30.150000000000002,93.9,69.93,,,,,,,,,,,,,,,,,,,
245.7,0x100,BMS_PackState,30.17,91.7,70.14,,,,,,,,,,,,,,,,,,,
245.8,0x100,BMS_PackState,30.2,90.10000000000001,70.03,,,,,,,,,,,,,,,,,,,
245.9,0x100,BMS_PackState,30.19,90.2,70.10000000000001,,,,,,,,,,,,,,,,,,,
246.0,0x100,BMS_PackState,30.18,91.4,70.03,,,,,,,,,,,,,,,,,,,
246.0,0x101,BMS_CellVolt1,,,,3.778,3.779,3.775,3.7760000000000002,,,,,,,,,,,,,,,
246.0,0x102,BMS_CellVolt2,,,,,,,,3.8000000000000003,3.693,3.789,3.791,,,,,,,,,,,
246.0,0x103,BMS_Temps,,,,,,,,,,,,41.900000000000006,42.7,48.6,41.5,,,,,,,
246.0,0x104,BMS_Status,,,,,,,,,,,,,,,,0.0,0.0,0.0,0.0,0.0,1.0,1.0
246.1,0x100,BMS_PackState,30.18,91.60000000000001,70.05,,,,,,,,,,,,,,,,,,,
246.2,0x100,BMS_PackState,30.150000000000002,93.7,70.12,,,,,,,,,,,,,,,,,,,
246.3,0x100,BMS_PackState,30.17,92.4,69.9,,,,,,,,,,,,,,,,,,,
246.4,0x100,BMS_PackState,30.16,93.5,69.97,,,,,,,,,,,,,,,,,,,
246.5,0x100,BMS_PackState,30.14,93.7,69.91,,,,,,,,,,,,,,,,,,,
246.5,0x101,BMS_CellVolt1,,,,3.773,3.778,3.7680000000000002,3.7720000000000002,,,,,,,,,,,,,,,
246.5,0x102,BMS_CellVolt2,,,,,,,,3.799,3.6830000000000003,3.787,3.783,,,,,,,,,,,
246.6,0x100,BMS_PackState,30.13,94.60000000000001,70.03,,,,,,,,,,,,,,,,,,,
246.7,0x100,BMS_PackState,30.1,97.60000000000001,69.87,,,,,,,,,,,,,,,,,,,
246.8,0x100,BMS_PackState,30.1,97.0,70.09,,,,,,,,,,,,,,,,,,,
246.9,0x100,BMS_PackState,30.11,96.4,69.94,,,,,,,,,,,,,,,,,,,
247.0,0x100,BMS_PackState,30.11,96.10000000000001,70.04,,,,,,,,,,,,,,,,,,,
247.0,0x101,BMS_CellVolt1,,,,3.769,3.7720000000000002,3.767,3.7720000000000002,,,,,,,,,,,,,,,
247.0,0x102,BMS_CellVolt2,,,,,,,,3.7920000000000003,3.682,3.775,3.782,,,,,,,,,,,
247.0,0x103,BMS_Temps,,,,,,,,,,,,41.800000000000004,42.6,48.5,41.400000000000006,,,,,,,
247.0,0x104,BMS_Status,,,,,,,,,,,,,,,,0.0,0.0,0.0,0.0,0.0,1.0,1.0
247.1,0x100,BMS_PackState,30.11,96.60000000000001,69.91,,,,,,,,,,,,,,,,,,,
247.2,0x100,BMS_PackState,30.09,98.2,70.06,,,,,,,,,,,,,,,,,,,
247.3,0x100,BMS_PackState,30.080000000000002,99.0,70.09,,,,,,,,,,,,,,,,,,,
247.4,0x100,BMS_PackState,30.09,97.30000000000001,70.04,,,,,,,,,,,,,,,,,,,
247.5,0x100,BMS_PackState,30.07,99.2,69.87,,,,,,,,,,,,,,,,,,,
247.5,0x101,BMS_CellVolt1,,,,3.766,3.767,3.7640000000000002,3.763,,,,,,,,,,,,,,,
247.5,0x102,BMS_CellVolt2,,,,,,,,3.785,3.6750000000000003,3.773,3.779,,,,,,,,,,,
247.6,0x100,BMS_PackState,30.1,96.60000000000001,70.10000000000001,,,,,,,,,,,,,,,,,,,
247.7,0x100,BMS_PackState,30.05,100.5,70.02,,,,,,,,,,,,,,,,,,,
247.8,0x100,BMS_PackState,30.04,101.80000000000001,69.88,,,,,,,,,,,,,,,,,,,
247.9,0x100,BMS_PackState,30.05,100.80000000000001,69.97,,,,,,,,,,,,,,,,,,,
248.0,0x100,BMS_PackState,30.0,104.5,70.09,,,,,,,,,,,,,,,,,,,
248.0,0x101,BMS_CellVolt1,,,,3.753,3.7640000000000002,3.751,3.7560000000000002,,,,,,,,,,,,,,,
248.0,0x102,BMS_CellVolt2,,,,,,,,3.7800000000000002,3.6550000000000002,3.765,3.771,,,,,,,,,,,
248.0,0x103,BMS_Temps,,,,,,,,,,,,41.900000000000006,42.800000000000004,48.7,41.5,,,,,,,
248.0,0x104,BMS_Status,,,,,,,,,,,,,,,,0.0,0.0,0.0,0.0,0.0,1.0,1.0
248.1,0x100,BMS_PackState,30.05,101.0,69.84,,,,,,,,,,,,,,,,,,,
248.2,0x100,BMS_PackState,30.02,103.30000000000001,69.83,,,,,,,,,,,,,,,,,,,
248.3,0x100,BMS_PackState,30.01,103.5,69.9,,,,,,,,,,,,,,,,,,,
248.4,0x100,BMS_PackState,30.0,104.0,69.77,,,,,,,,,,,,,,,,,,,
248.5,0x100,BMS_PackState,30.0,104.5,69.92,,,,,,,,,,,,,,,,,,,
248.5,0x101,BMS_CellVolt1,,,,3.757,3.765,3.753,3.754,,,,,,,,,,,,,,,
248.5,0x102,BMS_CellVolt2,,,,,,,,3.782,3.6590000000000003,3.763,3.767,,,,,,,,,,,
248.6,0x100,BMS_PackState,29.990000000000002,105.5,69.97,,,,,,,,,,,,,,,,,,,
248.7,0x100,BMS_PackState,29.96,107.2,69.91,,,,,,,,,,,,,,,,,,,
248.8,0x100,BMS_PackState,29.93,108.60000000000001,69.81,,,,,,,,,,,,,,,,,,,
248.9,0x100,BMS_PackState,29.96,107.2,69.97,,,,,,,,,,,,,,,,,,,
249.0,0x100,BMS_PackState,29.93,109.10000000000001,69.86,,,,,,,,,,,,,,,,,,,
249.0,0x101,BMS_CellVolt1,,,,3.751,3.751,3.745,3.747,,,,,,,,,,,,,,,
249.0,0x102,BMS_CellVolt2,,,,,,,,3.778,3.6470000000000002,3.758,3.758,,,,,,,,,,,
249.0,0x103,BMS_Temps,,,,,,,,,,,,42.2,43.0,49.0,41.900000000000006,,,,,,,
249.0,0x104,BMS_Status,,,,,,,,,,,,,,,,0.0,0.0,0.0,0.0,0.0,1.0,1.0
249.1,0x100,BMS_PackState,29.95,107.4,69.79,,,,,,,,,,,,,,,,,,,
249.2,0x100,BMS_PackState,29.93,110.2,69.89,,,,,,,,,,,,,,,,,,,
249.3,0x100,BMS_PackState,29.95,108.60000000000001,69.98,,,,,,,,,,,,,,,,,,,
249.4,0x100,BMS_PackState,29.900000000000002,112.0,69.79,,,,,,,,,,,,,,,,,,,
249.5,0x100,BMS_PackState,29.87,114.30000000000001,70.01,,,,,,,,,,,,,,,,,,,
249.5,0x101,BMS_CellVolt1,,,,3.741,3.743,3.739,3.738,,,,,,,,,,,,,,,
249.5,0x102,BMS_CellVolt2,,,,,,,,3.7720000000000002,3.63,3.7520000000000002,3.7560000000000002,,,,,,,,,,,
249.6,0x100,BMS_PackState,29.91,111.4,69.85000000000001,,,,,,,,,,,,,,,,,,,
249.7,0x100,BMS_PackState,29.95,109.0,69.85000000000001,,,,,,,,,,,,,,,,,,,
249.8,0x100,BMS_PackState,29.900000000000002,112.10000000000001,69.84,,,,,,,,,,,,,,,,,,,
249.9,0x100,BMS_PackState,29.86,115.30000000000001,69.77,,,,,,,,,,,,,,,,,,,
250.0,0x100,BMS_PackState,29.86,114.9,69.69,,,,,,,,,,,,,,,,,,,
250.0,0x101,BMS_CellVolt1,,,,3.739,3.744,3.736,3.736,,,,,,,,,,,,,,,
250.0,0x102,BMS_CellVolt2,,,,,,,,3.769,3.632,3.75,3.753,,,,,,,,,,,
250.0,0x103,BMS_Temps,,,,,,,,,,,,42.6,43.400000000000006,49.7,42.300000000000004,,,,,,,
250.0,0x104,BMS_Status,,,,,,,,,,,,,,,,0.0,0.0,0.0,0.0,0.0,1.0,1.0
250.1,0x100,BMS_PackState,29.86,115.10000000000001,70.01,,,,,,,,,,,,,,,,,,,
250.2,0x100,BMS_PackState,29.830000000000002,116.80000000000001,69.69,,,,,,,,,,,,,,,,,,,
250.3,0x100,BMS_PackState,29.830000000000002,116.60000000000001,69.92,,,,,,,,,,,,,,,,,,,
250.4,0x100,BMS_PackState,29.82,118.30000000000001,69.96000000000001,,,,,,,,,,,,,,,,,,,
250.5,0x100,BMS_PackState,29.82,118.4,69.71000000000001,,,,,,,,,,,,,,,,,,,
250.5,0x101,BMS_CellVolt1,,,,3.735,3.738,3.729,3.731,,,,,,,,,,,,,,,
250.5,0x102,BMS_CellVolt2,,,,,,,,3.766,3.624,3.743,3.75,,,,,,,,,,,
250.6,0x100,BMS_PackState,29.8,119.80000000000001,69.84,,,,,,,,,,,,,,,,,,,
250.7,0x100,BMS_PackState,29.810000000000002,118.60000000000001,69.84,,,,,,,,,,,,,,,,,,,
250.8,0x100,BMS_PackState,29.79,119.9,69.83,,,,,,,,,,,,,,,,,,,
250.9,0x100,BMS_PackState,29.82,118.60000000000001,69.7,,,,,,,,,,,,,,,,,,,
251.0,0x100,BMS_PackState,29.82,118.60000000000001,69.71000000000001,,,,,,,,,,,,,,,,,,,
251.0,0x101,BMS_CellVolt1,,,,3.732,3.74,3.729,3.734,,,,,,,,,,,,,,,
251.0,0x102,BMS_CellVolt2,,,,,,,,3.763,3.621,3.744,3.753,,,,,,,,,,,
251.0,0x103,BMS_Temps,,,,,,,,,,,,43.2,44.1,50.5,42.800000000000004,,,,,,,
251.0,0x104,BMS_Status,,,,,,,,,,,,,,,,0.0,0.0,0.0,0.0,0.0,1.0,1.0
251.1,0x100,BMS_PackState,29.75,122.5,69.83,,,,,,,,,,,,,,,,,,,
251.2,0x100,BMS_PackState,29.79,120.7,69.58,,,,,,,,,,,,,,,,,,,
251.3,0x100,BMS_PackState,29.77,122.0,69.53,,,,,,,,,,,,,,,,,,,
251.4,0x100,BMS_PackState,29.77,121.4,69.74,,,,,,,,,,,,,,,,,,,
251.5,0x100,BMS_PackState,29.78,120.7,69.71000000000001,,,,,,,,,,,,,,,,,,,
251.5,0x101,BMS_CellVolt1,,,,3.733,3.735,3.726,3.731,,,,,,,,,,,,,,,
251.5,0x102,BMS_CellVolt2,,,,,,,,3.7600000000000002,3.612,3.744,3.743,,,,,,,,,,,
251.6,0x100,BMS_PackState,29.76,121.9,69.73,,,,,,,,,,,,,,,,,,,
251.7,0x100,BMS_PackState,29.73,124.4,69.63,,,,,,,,,,,,,,,,,,,
251.8,0x100,BMS_PackState,29.75,123.4,69.78,,,,,,,,,,,,,,,,,,,
251.9,0x100,BMS_PackState,29.78,120.30000000000001,69.78,,,,,,,,,,,,,,,,,,,
252.0,0x100,BMS_PackState,29.75,122.80000000000001,69.7,,,,,,,,,,,,,,,,,,,
252.0,0x101,BMS_CellVolt1,,,,3.727,3.732,3.721,3.726,,,,,,,,,,,,,,,
252.0,0x102,BMS_CellVolt2,,,,,,,,3.758,3.61,3.736,3.745,,,,,,,,,,,
252.0,0x103,BMS_Temps,,,,,,,,,,,,43.900000000000006,44.800000000000004,51.6,43.6,,,,,,,
252.0,0x104,BMS_Status,,,,,,,,,,,,,,,,0.0,0.0,0.0,0.0,0.0,1.0,1.0
252.1,0x100,BMS_PackState,29.72,126.0,69.55,,,,,,,,,,,,,,,,,,,
252.2,0x100,BMS_PackState,29.740000000000002,123.2,69.78,,,,,,,,,,,,,,,,,,,
252.3,0x100,BMS_PackState,29.77,121.0,69.49,,,,,,,,,,,,,,,,,,,
252.4,0x100,BMS_PackState,29.7,126.60000000000001,69.53,,,,,,,,,,,,,,,,,,,
252.5,0x100,BMS_PackState,29.72,124.9,69.73,,,,,,,,,,,,,,,,,,,
252.5,0x101,BMS_CellVolt1,,,,3.722,3.728,3.718,3.723,,,,,,,,,,,,,,,
252.5,0x102,BMS_CellVolt2,,,,,,,,3.755,3.604,3.735,3.739,,,,,,,,,,,
252.6,0x100,BMS_PackState,29.740000000000002,123.9,69.53,,,,,,,,,,,,,,,,,,,
252.7,0x100,BMS_PackState,29.740000000000002,123.5,69.57000000000001,,,,,,,,,,,,,,,,,,,
252.8,0x100,BMS_PackState,29.72,125.7,69.65,,,,,,,,,,,,,,,,,,,
252.9,0x100,BMS_PackState,29.740000000000002,123.30000000000001,69.72,,,,,,,,,,,,,,,,,,,
253.0,0x100,BMS_PackState,29.7,125.80000000000001,69.68,,,,,,,,,,,,,,,,,,,
253.0,0x101,BMS_CellVolt1,,,,3.722,3.728,3.714,3.719,,,,,,,,,,,,,,,
253.0,0x102,BMS_CellVolt2,,,,,,,,3.7560000000000002,3.601,3.73,3.735,,,,,,,,,,,
253.0,0x103,BMS_Temps,,,,,,,,,,,,44.6,45.6,52.5,44.300000000000004,,,,,,,
253.0,0x104,BMS_Status,,,,,,,,,,,,,,,,0.0,0.0,0.0,0.0,0.0,1.0,1.0
253.1,0x100,BMS_PackState,29.73,124.80000000000001,69.75,,,,,,,,,,,,,,,,,,,
253.2,0x100,BMS_PackState,29.73,124.30000000000001,69.56,,,,,,,,,,,,,,,,,,,
253.3,0x100,BMS_PackState,29.73,124.0,69.51,,,,,,,,,,,,,,,,,,,
253.4,0x100,BMS_PackState,29.740000000000002,123.4,69.47,,,,,,,,,,,,,,,,,,,
253.5,0x100,BMS_PackState,29.71,125.0,69.60000000000001,,,,,,,,,,,,,,,,,,,
253.5,0x101,BMS_CellVolt1,,,,3.724,3.725,3.717,3.721,,,,,,,,,,,,,,,
253.5,0x102,BMS_CellVolt2,,,,,,,,3.754,3.604,3.734,3.735,,,,,,,,,,,
253.6,0x100,BMS_PackState,29.76,122.0,69.61,,,,,,,,,,,,,,,,,,,
253.7,0x100,BMS_PackState,29.78,120.60000000000001,69.82000000000001,,,,,,,,,,,,,,,,,,,
253.8,0x100,BMS_PackState,29.740000000000002,123.7,69.63,,,,,,,,,,,,,,,,,,,
253.9,0x100,BMS_PackState,29.740000000000002,123.5,69.39,,,,,,,,,,,,,,,,,,,
254.0,0x100,BMS_PackState,29.740000000000002,122.9,69.67,,,,,,,,,,,,,,,,,,,
254.0,0x101,BMS_CellVolt1,,,,3.729,3.728,3.721,3.726,,,,,,,,,,,,,,,
254.0,0x102,BMS_CellVolt2,,,,,,,,3.755,3.611,3.738,3.737,,,,,,,,,,,
254.0,0x103,BMS_Temps,,,,,,,,,,,,45.300000000000004,46.300000000000004,53.400000000000006,44.800000000000004,,,,,,,
254.0,0x104,BMS_Status,,,,,,,,,,,,,,,,0.0,0.0,0.0,0.0,0.0,1.0,1.0
254.1,0x100,BMS_PackState,29.75,122.5,69.46000000000001,,,,,,,,,,,,,,,,,,,
254.2,0x100,BMS_PackState,29.77,121.0,69.41,,,,,,,,,,,,,,,,,,,
254.3,0x100,BMS_PackState,29.76,122.30000000000001,69.64,,,,,,,,,,,,,,,,,,,
254.4,0x100,BMS_PackState,29.77,120.7,69.61,,,,,,,,,,,,,,,,,,,
254.5,0x100,BMS_PackState,29.78,119.60000000000001,69.63,,,,,,,,,,,,,,,,,,,
254.5,0x101,BMS_CellVolt1,,,,3.728,3.733,3.719,3.73,,,,,,,,,,,,,,,
254.5,0x102,BMS_CellVolt2,,,,,,,,3.762,3.617,3.745,3.747,,,,,,,,,,,
254.6,0x100,BMS_PackState,29.79,119.4,69.45,,,,,,,,,,,,,,,,,,,
254.7,0x100,BMS_PackState,29.75,122.4,69.73,,,,,,,,,,,,,,,,,,,
254.8,0x100,BMS_PackState,29.82,116.30000000000001,69.59,,,,,,,,,,,,,,,,,,,
254.9,0x100,BMS_PackState,29.79,119.2,69.4,,,,,,,,,,,,,,,,,,,
255.0,0x100,BMS_PackState,29.830000000000002,115.4,69.71000000000001,,,,,,,,,,,,,,,,,,,
255.0,0x101,BMS_CellVolt1,,,,3.739,3.741,3.733,3.733,,,,,,,,,,,,,,,
255.0,0x102,BMS_CellVolt2,,,,,,,,3.762,3.626,3.749,3.749,,,,,,,,,,,
255.0,0x103,BMS_Temps,,,,,,,,,,,,45.800000000000004,46.800000000000004,54.0,45.400000000000006,,,,,,,
255.0,0x104,BMS_Status,,,,,,,,,,,,,,,,0.0,0.0,0.0,0.0,0.0,1.0,1.0
255.1,0x100,BMS_PackState,29.810000000000002,117.2,69.54,,,,,,,,,,,,,,,,,,,
255.2,0x100,BMS_PackState,29.82,116.10000000000001,69.48,,,,,,,,,,,,,,,,,,,
255.3,0x100,BMS_PackState,29.85,113.10000000000001,69.41,,,,,,,,,,,,,,,,,,,
255.4,0x100,BMS_PackState,29.82,116.2,69.14,,,,,,,,,,,,,,,,,,,
255.5,0x100,BMS_PackState,29.84,114.5,69.53,,,,,,,,,,,,,,,,,,,
255.5,0x101,BMS_CellVolt1,,,,3.738,3.741,3.731,3.735,,,,,,,,,,,,,,,
255.5,0x102,BMS_CellVolt2,,,,,,,,3.765,3.629,3.748,3.753,,,,,,,,,,,
255.6,0x100,BMS_PackState,29.88,111.30000000000001,69.39,,,,,,,,,,,,,,,,,,,
255.7,0x100,BMS_PackState,29.84,115.10000000000001,69.42,,,,,,,,,,,,,,,,,,,
255.8,0x100,BMS_PackState,29.82,115.30000000000001,69.43,,,,,,,,,,,,,,,,,,,
255.9,0x100,BMS_PackState,29.830000000000002,114.80000000000001,69.35000000000001,,,,,,,,,,,,,,,,,,,
256.0,0x100,BMS_PackState,29.85,112.4,69.48,,,,,,,,,,,,,,,,,,,
256.0,0x101,BMS_CellVolt1,,,,3.738,3.743,3.731,3.738,,,,,,,,,,,,,,,
256.0,0x102,BMS_CellVolt2,,,,,,,,3.7680000000000002,3.6350000000000002,3.746,3.755,,,,,,,,,,,
256.0,0x103,BMS_Temps,,,,,,,,,,,,46.0,47.0,54.400000000000006,45.5,,,,,,,
256.0,0x104,BMS_Status,,,,,,,,,,,,,,,,0.0,0.0,0.0,0.0,0.0,1.0,1.0
256.1,0x100,BMS_PackState,29.87,111.30000000000001,69.34,,,,,,,,,,,,,,,,,,,
256.2,0x100,BMS_PackState,29.87,112.60000000000001,69.26,,,,,,,,,,,,,,,,,,,
256.3,0x100,BMS_PackState,29.87,112.5,69.42,,,,,,,,,,,,,,,,,,,
256.4,0x100,BMS_PackState,29.89,111.0,69.35000000000001,,,,,,,,,,,,,,,,,,,
256.5,0x100,BMS_PackState,29.93,107.2,69.2,,,,,,,,,,,,,,,,,,,
256.5,0x101,BMS_CellVolt1,,,,3.748,3.7520000000000002,3.742,3.748,,,,,,,,,,,,,,,
256.5,0x102,BMS_CellVolt2,,,,,,,,3.774,3.648,3.761,3.761,,,,,,,,,,,
256.6,0x100,BMS_PackState,29.92,108.2,69.27,,,,,,,,,,,,,,,,,,,
256.7,0x100,BMS_PackState,29.92,107.9,69.4,,,,,,,,,,,,,,,,,,,
256.8,0x100,BMS_PackState,29.97,103.9,69.39,,,,,,,,,,,,,,,,,,,
256.9,0x100,BMS_PackState,29.94,106.7,69.51,,,,,,,,,,,,,,,,,,,
257.0,0x100,BMS_PackState,29.900000000000002,108.7,69.49,,,,,,,,,,,,,,,,,,,
257.0,0x101,BMS_CellVolt1,,,,3.746,3.75,3.739,3.745,,,,,,,,,,,,,,,
257.0,0x102,BMS_CellVolt2,,,,,,,,3.771,3.638,3.758,3.757,,,,,,,,,,,
257.0,0x103,BMS_Temps,,,,,,,,,,,,46.1,47.2,54.6,45.6,,,,,,,
257.0,0x104,BMS_Status,,,,,,,,,,,,,,,,0.0,0.0,0.0,0.0,0.0,1.0,1.0
257.1,0x100,BMS_PackState,29.95,105.60000000000001,69.41,,,,,,,,,,,,,,,,,,,
257.2,0x100,BMS_PackState,29.93,106.2,69.29,,,,,,,,,,,,,,,,,,,
257.3,0x100,BMS_PackState,29.97,103.60000000000001,69.3,,,,,,,,,,,,,,,,,,,
257.4,0x100,BMS_PackState,29.98,102.60000000000001,69.39,,,,,,,,,,,,,,,,,,,
257.5,0x100,BMS_PackState,29.98,102.7,69.44,,,,,,,,,,,,,,,,,,,
257.5,0x101,BMS_CellVolt1,,,,3.755,3.757,3.746,3.751,,,,,,,,,,,,,,,
257.5,0x102,BMS_CellVolt2,,,,,,,,3.7800000000000002,3.6590000000000003,3.763,3.769,,,,,,,,,,,
257.6,0x100,BMS_PackState,30.01,100.30000000000001,69.39,,,,,,,,,,,,,,,,,,,
257.7,0x100,BMS_PackState,30.03,99.4,69.28,,,,,,,,,,,,,,,,,,,
257.8,0x100,BMS_PackState,29.990000000000002,102.2,69.35000000000001,,,,,,,,,,,,,,,,,,,
257.9,0x100,BMS_PackState,29.990000000000002,101.7,69.29,,,,,,,,,,,,,,,,,,,
258.0,0x100,BMS_PackState,30.05,97.60000000000001,69.10000000000001,,,,,,,,,,,,,,,,,,,
258.0,0x101,BMS_CellVolt1,,,,3.7640000000000002,3.766,3.753,3.766,,,,,,,,,,,,,,,
258.0,0x102,BMS_CellVolt2,,,,,,,,3.786,3.666,3.771,3.774,,,,,,,,,,,
258.0,0x103,BMS_Temps,,,,,,,,,,,,46.0,47.0,54.400000000000006,45.6,,,,,,,
258.0,0x104,BMS_Status,,,,,,,,,,,,,,,,0.0,0.0,0.0,0.0,0.0,1.0,1.0
258.1,0x100,BMS_PackState,30.01,100.0,69.29,,,,,,,,,,,,,,,,,,,
258.2,0x100,BMS_PackState,30.04,97.9,69.26,,,,,,,,,,,,,,,,,,,
258.3,0x100,BMS_PackState,30.04,98.0,69.38,,,,,,,,,,,,,,,,,,,
258.4,0x100,BMS_PackState,30.04,97.60000000000001,69.18,,,,,,,,,,,,,,,,,,,
258.5,0x100,BMS_PackState,30.04,97.9,69.19,,,,,,,,,,,,,,,,,,,
258.5,0x101,BMS_CellVolt1,,,,3.761,3.762,3.758,3.762,,,,,,,,,,,,,,,
258.5,0x102,BMS_CellVolt2,,,,,,,,3.785,3.669,3.77,3.774,,,,,,,,,,,
258.6,0x100,BMS_PackState,30.07,96.10000000000001,69.39,,,,,,,,,,,,,,,,,,,
258.7,0x100,BMS_PackState,30.04,97.60000000000001,69.19,,,,,,,,,,,,,,,,,,,
258.8,0x100,BMS_PackState,30.07,95.5,69.2,,,,,,,,,,,,,,,,,,,
258.9,0x100,BMS_PackState,30.060000000000002,95.5,69.32000000000001,,,,,,,,,,,,,,,,,,,
259.0,0x100,BMS_PackState,30.11,92.9,69.33,,,,,,,,,,,,,,,,,,,
259.0,0x101,BMS_CellVolt1,,,,3.773,3.77,3.7640000000000002,3.77,,,,,,,,,,,,,,,
259.0,0x102,BMS_CellVolt2,,,,,,,,3.795,3.681,3.7760000000000002,3.778,,,,,,,,,,,
259.0,0x103,BMS_Temps,,,,,,,,,,,,45.800000000000004,46.800000000000004,54.0,45.300000000000004,,,,,,,
259.0,0x104,BMS_Status,,,,,,,,,,,,,,,,0.0,0.0,0.0,0.0,0.0,1.0,1.0
259.1,0x100,BMS_PackState,30.05,96.9,69.4,,,,,,,,,,,,,,,,,,,
259.2,0x100,BMS_PackState,30.080000000000002,94.0,69.22,,,,,,,,,,,,,,,,,,,
259.3,0x100,BMS_PackState,30.09,94.0,69.22,,,,,,,,,,,,,,,,,,,
259.4,0x100,BMS_PackState,30.14,90.10000000000001,69.23,,,,,,,,,,,,,,,,,,,
259.5,0x100,BMS_PackState,30.12,91.0,69.18,,,,,,,,,,,,,,,,,,,
259.5,0x101,BMS_CellVolt1,,,,3.77,3.774,3.7680000000000002,3.77,,,,,,,,,,,,,,,
259.5,0x102,BMS_CellVolt2,,,,,,,,3.795,3.681,3.777,3.781,,,,,,,,,,,
259.6,0x100,BMS_PackState,30.09,93.7,69.28,,,,,,,,,,,,,,,,,,,
259.7,0x100,BMS_PackState,30.12,92.0,69.2,,,,,,,,,,,,,,,,,,,
259.8,0x100,BMS_PackState,30.16,88.4,69.10000000000001,,,,,,,,,,,,,,,,,,,
259.9,0x100,BMS_PackState,30.09,92.5,69.04,,,,,,,,,,,,,,,,,,,
260.0,0x100,BMS_PackState,30.12,89.80000000000001,69.2,,,,,,,,,,,,,,,,,,,
260.0,0x101,BMS_CellVolt1,,,,3.767,3.775,3.769,3.767,,,,,,,,,,,,,,,
260.0,0x102,BMS_CellVolt2,,,,,,,,3.7960000000000003,3.6870000000000003,3.778,3.782,,,,,,,,,,,
260.0,0x103,BMS_Temps,,,,,,,,,,,,45.300000000000004,46.300000000000004,53.400000000000006,45.0,,,,,,,
260.0,0x104,BMS_Status,,,,,,,,,,,,,,,,0.0,0.0,0.0,0.0,0.0,1.0,1.0
260.1,0x100,BMS_PackState,30.1,92.5,69.27,,,,,,,,,,,,,,,,,,,
260.2,0x100,BMS_PackState,30.14,90.0,69.14,,,,,,,,,,,,,,,,,,,
260.3,0x100,BMS_PackState,30.13,90.2,69.07000000000001,,,,,,,,,,,,,,,,,,,
260.4,0x100,BMS_PackState,30.12,91.5,69.35000000000001,,,,,,,,,,,,,,,,,,,
260.5,0x100,BMS_PackState,30.150000000000002,88.2,69.15,,,,,,,,,,,,,,,,,,,
260.5,0x101,BMS_CellVolt1,,,,3.771,3.7800000000000002,3.77,3.7720000000000002,,,,,,,,,,,,,,,
260.5,0x102,BMS_CellVolt2,,,,,,,,3.799,3.686,3.782,3.785,,,,,,,,,,,
260.6,0x100,BMS_PackState,30.17,87.80000000000001,69.28,,,,,,,,,,,,,,,,,,,
260.7,0x100,BMS_PackState,30.150000000000002,88.80000000000001,69.29,,,,,,,,,,,,,,,,,,,
260.8,0x100,BMS_PackState,30.14,90.2,69.33,,,,,,,,,,,,,,,,,,,
260.9,0x100,BMS_PackState,30.18,86.80000000000001,69.17,,,,,,,,,,,,,,,,,,,
261.0,0x100,BMS_PackState,30.18,86.2,69.02,,,,,,,,,,,,,,,,,,,
261.0,0x101,BMS_CellVolt1,,,,3.782,3.781,3.775,3.778,,,,,,,,,,,,,,,
261.0,0x102,BMS_CellVolt2,,,,,,,,3.799,3.6950000000000003,3.785,3.789,,,,,,,,,,,
261.0,0x103,BMS_Temps,,,,,,,,,,,,44.900000000000006,46.0,52.900000000000006,44.6,,,,,,,
261.0,0x104,BMS_Status,,,,,,,,,,,,,,,,0.0,0.0,0.0,0.0,0.0,1.0,1.0
261.1,0x100,BMS_PackState,30.13,89.80000000000001,68.97,,,,,,,,,,,,,,,,,,,
261.2,0x100,BMS_PackState,30.16,87.5,69.13,,,,,,,,,,,,,,,,,,,
261.3,0x100,BMS_PackState,30.16,87.7,69.32000000000001,,,,,,,,,,,,,,,,,,,
261.4,0x100,BMS_PackState,30.2,85.4,69.16,,,,,,,,,,,,,,,,,,,
261.5,0x100,BMS_PackState,30.150000000000002,87.10000000000001,69.28,,,,,,,,,,,,,,,,,,,
261.5,0x101,BMS_CellVolt1,,,,3.7760000000000002,3.7760000000000002,3.769,3.773,,,,,,,,,,,,,,,
261.5,0x102,BMS_CellVolt2,,,,,,,,3.7960000000000003,3.692,3.7840000000000003,3.787,,,,,,,,,,,
261.6,0x100,BMS_PackState,30.16,88.0,69.04,,,,,,,,,,,,,,,,,,,
261.7,0x100,BMS_PackState,30.13,89.4,69.28,,,,,,,,,,,,,,,,,,,
261.8,0x100,BMS_PackState,30.17,86.7,69.2,,,,,,,,,,,,,,,,,,,
261.9,0x100,BMS_PackState,30.12,90.30000000000001,69.14,,,,,,,,,,,,,,,,,,,
262.0,0x100,BMS_PackState,30.18,86.80000000000001,69.21000000000001,,,,,,,,,,,,,,,,,,,
262.0,0x101,BMS_CellVolt1,,,,3.779,3.781,3.773,3.778,,,,,,,,,,,,,,,
262.0,0x102,BMS_CellVolt2,,,,,,,,3.802,3.693,3.79,3.783,,,,,,,,,,,
262.0,0x103,BMS_Temps,,,,,,,,,,,,44.400000000000006,45.5,52.300000000000004,44.1,,,,,,,
262.0,0x104,BMS_Status,,,,,,,,,,,,,,,,0.0,0.0,0.0,0.0,0.0,1.0,1.0
262.1,0x100,BMS_PackState,30.17,86.7,69.06,,,,,,,,,,,,,,,,,,,
262.2,0x100,BMS_PackState,30.13,90.0,69.16,,,,,,,,,,,,,,,,,,,
262.3,0x100,BMS_PackState,30.16,88.0,69.02,,,,,,,,,,,,,,,,,,,
262.4,0x100,BMS_PackState,30.17,86.80000000000001,69.04,,,,,,,,,,,,,,,,,,,
262.5,0x100,BMS_PackState,30.17,87.30000000000001,69.01,,,,,,,,,,,,,,,,,,,
262.5,0x101,BMS_CellVolt1,,,,3.777,3.7800000000000002,3.775,3.7760000000000002,,,,,,,,,,,,,,,
262.5,0x102,BMS_CellVolt2,,,,,,,,3.795,3.696,3.785,3.782,,,,,,,,,,,
262.6,0x100,BMS_PackState,30.12,89.60000000000001,69.0,,,,,,,,,,,,,,,,,,,
262.7,0x100,BMS_PackState,30.12,89.7,68.91,,,,,,,,,,,,,,,,,,,
262.8,0x100,BMS_PackState,30.18,86.30000000000001,69.31,,,,,,,,,,,,,,,,,,,
262.9,0x100,BMS_PackState,30.16,87.4,68.96000000000001,,,,,,,,,,,,,,,,,,,
263.0,0x100,BMS_PackState,30.16,87.60000000000001,69.18,,,,,,,,,,,,,,,,,,,
263.0,0x101,BMS_CellVolt1,,,,3.774,3.781,3.774,3.774,,,,,,,,,,,,,,,
263.0,0x102,BMS_CellVolt2,,,,,,,,3.794,3.6950000000000003,3.7840000000000003,3.786,,,,,,,,,,,
263.0,0x103,BMS_Temps,,,,,,,,,,,,44.2,45.0,51.7,43.7,,,,,,,
263.0,0x104,BMS_Status,,,,,,,,,,,,,,,,0.0,0.0,0.0,0.0,0.0,1.0,1.0
263.1,0x100,BMS_PackState,30.17,85.9,68.9,,,,,,,,,,,,,,,,,,,
263.2,0x100,BMS_PackState,30.16,87.30000000000001,69.01,,,,,,,,,,,,,,,,,,,
263.3,0x100,BMS_PackState,30.150000000000002,87.4,69.02,,,,,,,,,,,,,,,,,,,
263.4,0x100,BMS_PackState,30.14,89.10000000000001,69.2,,,,,,,,,,,,,,,,,,,
263.5,0x100,BMS_PackState,30.150000000000002,89.2,69.08,,,,,,,,,,,,,,,,,,,
263.5,0x101,BMS_CellVolt1,,,,3.773,3.7800000000000002,3.769,3.7720000000000002,,,,,,,,,,,,,,,
263.5,0x102,BMS_CellVolt2,,,,,,,,3.7960000000000003,3.69,3.782,3.783,,,,,,,,,,,
263.6,0x100,BMS_PackState,30.150000000000002,86.80000000000001,68.94,,,,,,,,,,,,,,,,,,,
263.7,0x100,BMS_PackState,30.16,87.0,69.02,,,,,,,,,,,,,,,,,,,
263.8,0x100,BMS_PackState,30.150000000000002,88.30000000000001,69.16,,,,,,,,,,,,,,,,,,,
263.9,0x100,BMS_PackState,30.17,86.4,69.14,,,,,,,,,,,,,,,,,,,
264.0,0x100,BMS_PackState,30.14,88.10000000000001,68.96000000000001,,,,,,,,,,,,,,,,,,,
264.0,0x101,BMS_CellVolt1,,,,3.7720000000000002,3.777,3.77,3.7720000000000002,,,,,,,,,,,,,,,
264.0,0x102,BMS_CellVolt2,,,,,,,,3.7960000000000003,3.6870000000000003,3.782,3.787,,,,,,,,,,,
264.0,0x103,BMS_Temps,,,,,,,,,,,,43.7,44.7,51.1,43.400000000000006,,,,,,,
264.0,0x104,BMS_Status,,,,,,,,,,,,,,,,0.0,0.0,0.0,0.0,0.0,1.0,1.0
264.1,0x100,BMS_PackState,30.150000000000002,87.10000000000001,68.88,,,,,,,,,,,,,,,,,,,
264.2,0x100,BMS_PackState,30.17,85.80000000000001,68.95,,,,,,,,,,,,,,,,,,,
264.3,0x100,BMS_PackState,30.18,85.80000000000001,69.08,,,,,,,,,,,,,,,,,,,
264.4,0x100,BMS_PackState,30.12,89.4,68.83,,,,,,,,,,,,,,,,,,,
264.5,0x100,BMS_PackState,30.150000000000002,86.9,68.99,,,,,,,,,,,,,,,,,,,
264.5,0x101,BMS_CellVolt1,,,,3.773,3.781,3.771,3.777,,,,,,,,,,,,,,,
264.5,0x102,BMS_CellVolt2,,,,,,,,3.793,3.692,3.782,3.786,,,,,,,,,,,
264.6,0x100,BMS_PackState,30.12,89.60000000000001,68.88,,,,,,,,,,,,,,,,,,,
264.7,0x100,BMS_PackState,30.17,86.4,68.95,,,,,,,,,,,,,,,,,,,
264.8,0x100,BMS_PackState,30.150000000000002,87.60000000000001,69.04,,,,,,,,,,,,,,,,,,,
264.9,0x100,BMS_PackState,30.1,90.7,68.98,,,,,,,,,,,,,,,,,,,
265.0,0x100,BMS_PackState,30.17,85.5,69.05,,,,,,,,,,,,,,,,,,,
265.0,0x101,BMS_CellVolt1,,,,3.778,3.778,3.7720000000000002,3.774,,,,,,,,,,,,,,,
265.0,0x102,BMS_CellVolt2,,,,,,,,3.8000000000000003,3.697,3.7840000000000003,3.789,,,,,,,,,,,
265.0,0x103,BMS_Temps,,,,,,,,,,,,43.300000000000004,44.300000000000004,50.800000000000004,43.0,,,,,,,
265.0,0x104,BMS_Status,,,,,,,,,,,,,,,,0.0,0.0,0.0,0.0,0.0,1.0,1.0
265.1,0x100,BMS_PackState,30.19,84.2,69.10000000000001,,,,,,,,,,,,,,,,,,,
265.2,0x100,BMS_PackState,30.13,89.0,69.34,,,,,,,,,,,,,,,,,,,
265.3,0x100,BMS_PackState,30.17,85.80000000000001,69.06,,,,,,,,,,,,,,,,,,,
265.4,0x100,BMS_PackState,30.16,87.10000000000001,69.02,,,,,,,,,,,,,,,,,,,
265.5,0x100,BMS_PackState,30.16,86.2,68.89,,,,,,,,,,,,,,,,,,,
265.5,0x101,BMS_CellVolt1,,,,3.779,3.7800000000000002,3.77,3.7760000000000002,,,,,,,,,,,,,,,
265.5,0x102,BMS_CellVolt2,,,,,,,,3.797,3.692,3.785,3.7840000000000003,,,,,,,,,,,
265.6,0x100,BMS_PackState,30.14,87.5,69.04,,,,,,,,,,,,,,,,,,,
265.7,0x100,BMS_PackState,30.17,85.7,69.11,,,,,,,,,,,,,,,,,,,
265.8,0x100,BMS_PackState,30.16,86.9,68.88,,,,,,,,,,,,,,,,,,,
265.9,0x100,BMS_PackState,30.150000000000002,87.80000000000001,68.88,,,,,,,,,,,,,,,,,,,
266.0,0x100,BMS_PackState,30.17,85.7,68.87,,,,,,,,,,,,,,,,,,,
266.0,0x101,BMS_CellVolt1,,,,3.777,3.7800000000000002,3.771,3.775,,,,,,,,,,,,,,,
266.0,0x102,BMS_CellVolt2,,,,,,,,3.795,3.6950000000000003,3.786,3.786,,,,,,,,,,,
266.0,0x103,BMS_Temps,,,,,,,,,,,,43.0,44.0,50.2,42.7,,,,,,,
266.0,0x104,BMS_Status,,,,,,,,,,,,,,,,0.0,0.0,0.0,0.0,0.0,1.0,1.0
266.1,0x100,BMS_PackState,30.17,86.2,68.8,,,,,,,,,,,,,,,,,,,
266.2,0x100,BMS_PackState,30.150000000000002,86.7,68.92,,,,,,,,,,,,,,,,,,,
266.3,0x100,BMS_PackState,30.17,85.2,68.79,,,,,,,,,,,,,,,,,,,
266.4,0x100,BMS_PackState,30.150000000000002,86.7,68.91,,,,,,,,,,,,,,,,,,,
266.5,0x100,BMS_PackState,30.14,87.60000000000001,68.94,,,,,,,,,,,,,,,,,,,
266.5,0x101,BMS_CellVolt1,,,,3.774,3.7800000000000002,3.766,3.769,,,,,,,,,,,,,,,
266.5,0x102,BMS_CellVolt2,,,,,,,,3.793,3.6910000000000003,3.782,3.781,,,,,,,,,,,
266.6,0x100,BMS_PackState,30.150000000000002,86.9,68.94,,,,,,,,,,,,,,,,,,,
266.7,0x100,BMS_PackState,30.150000000000002,87.2,68.85000000000001,,,,,,,,,,,,,,,,,,,
266.8,0x100,BMS_PackState,30.13,87.7,68.74,,,,,,,,,,,,,,,,,,,
266.9,0x100,BMS_PackState,30.150000000000002,86.80000000000001,69.02,,,,,,,,,,,,,,,,,,,
267.0,0x100,BMS_PackState,30.12,88.9,68.71000000000001,,,,,,,,,,,,,,,,,,,
267.0,0x101,BMS_CellVolt1,,,,3.7720000000000002,3.773,3.765,3.77,,,,,,,,,,,,,,,
267.0,0x102,BMS_CellVolt2,,,,,,,,3.793,3.688,3.779,3.783,,,,,,,,,,,
267.0,0x103,BMS_Temps,,,,,,,,,,,,42.7,43.5,49.800000000000004,42.300000000000004,,,,,,,
267.0,0x104,BMS_Status,,,,,,,,,,,,,,,,0.0,0.0,0.0,0.0,0.0,1.0,1.0
267.1,0x100,BMS_PackState,30.12,90.2,68.9,,,,,,,,,,,,,,,,,,,
267.2,0x100,BMS_PackState,30.150000000000002,87.5,69.03,,,,,,,,,,,,,,,,,,,
267.3,0x100,BMS_PackState,30.12,89.10000000000001,68.88,,,,,,,,,,,,,,,,,,,
267.4,0x100,BMS_PackState,30.14,88.2,69.0,,,,,,,,,,,,,,,,,,,
267.5,0x100,BMS_PackState,30.12,89.2,68.92,,,,,,,,,,,,,,,,,,,
267.5,0x101,BMS_CellVolt1,,,,3.7680000000000002,3.775,3.766,3.771,,,,,,,,,,,,,,,
267.5,0x102,BMS_CellVolt2,,,,,,,,3.7920000000000003,3.6830000000000003,3.778,3.782,,,,,,,,,,,
267.6,0x100,BMS_PackState,30.09,91.2,68.72,,,,,,,,,,,,,,,,,,,
267.7,0x100,BMS_PackState,30.1,89.9,68.99,,,,,,,,,,,,,,,,,,,
267.8,0x100,BMS_PackState,30.150000000000002,86.7,68.79,,,,,,,,,,,,,,,,,,,
267.9,0x100,BMS_PackState,30.09,90.30000000000001,68.8,,,,,,,,,,,,,,,,,,,
268.0,0x100,BMS_PackState,30.080000000000002,91.7,68.91,,,,,,,,,,,,,,,,,,,
268.0,0x101,BMS_CellVolt1,,,,3.767,3.773,3.759,3.763,,,,,,,,,,,,,,,
268.0,0x102,BMS_CellVolt2,,,,,,,,3.7880000000000003,3.6790000000000003,3.7760000000000002,3.779,,,,,,,,,,,
268.0,0x103,BMS_Temps,,,,,,,,,,,,42.5,43.400000000000006,49.5,42.1,,,,,,,
268.0,0x104,BMS_Status,,,,,,,,,,,,,,,,0.0,0.0,0.0,0.0,0.0,1.0,1.0
268.1,0x100,BMS_PackState,30.11,89.80000000000001,68.74,,,,,,,,,,,,,,,,,,,
268.2,0x100,BMS_PackState,30.07,91.9,68.93,,,,,,,,,,,,,,,,,,,
268.3,0x100,BMS_PackState,30.11,89.7,68.87,,,,,,,,,,,,,,,,,,,
268.4,0x100,BMS_PackState,30.13,88.80000000000001,68.99,,,,,,,,,,,,,,,,,,,
268.5,0x100,BMS_PackState,30.09,91.60000000000001,68.93,,,,,,,,,,,,,,,,,,,
268.5,0x101,BMS_CellVolt1,,,,3.765,3.769,3.758,3.767,,,,,,,,,,,,,,,
268.5,0x102,BMS_CellVolt2,,,,,,,,3.79,3.686,3.777,3.778,,,,,,,,,,,
268.6,0x100,BMS_PackState,30.12,89.10000000000001,68.79,,,,,,,,,,,,,,,,,,,
268.7,0x100,BMS_PackState,30.080000000000002,91.7,68.77,,,,,,,,,,,,,,,,,,,
268.8,0x100,BMS_PackState,30.05,94.4,68.73,,,,,,,,,,,,,,,,,,,
268.9,0x100,BMS_PackState,30.1,90.0,68.77,,,,,,,,,,,,,,,,,,,
269.0,0x100,BMS_PackState,30.080000000000002,91.30000000000001,68.7,,,,,,,,,,,,,,,,,,,
269.0,0x101,BMS_CellVolt1,,,,3.766,3.771,3.758,3.765,,,,,,,,,,,,,,,
269.0,0x102,BMS_CellVolt2,,,,,,,,3.7880000000000003,3.68,3.773,3.782,,,,,,,,,,,
269.0,0x103,BMS_Temps,,,,,,,,,,,,42.2,43.300000000000004,49.300000000000004,42.0,,,,,,,
269.0,0x104,BMS_Status,,,,,,,,,,,,,,,,0.0,0.0,0.0,0.0,0.0,1.0,1.0
269.1,0x100,BMS_PackState,30.09,92.10000000000001,68.76,,,,,,,,,,,,,,,,,,,
269.2,0x100,BMS_PackState,30.05,94.0,68.66,,,,,,,,,,,,,,,,,,,
269.3,0x100,BMS_PackState,30.05,94.10000000000001,68.68,,,,,,,,,,,,,,,,,,,
269.4,0x100,BMS_PackState,30.01,97.2,68.91,,,,,,,,,,,,,,,,,,,
269.5,0x100,BMS_PackState,30.01,97.0,68.63,,,,,,,,,,,,,,,,,,,
269.5,0x101,BMS_CellVolt1,,,,3.7560000000000002,3.761,3.755,3.759,,,,,,,,,,,,,,,
269.5,0x102,BMS_CellVolt2,,,,,,,,3.781,3.665,3.766,3.7680000000000002,,,,,,,,,,,
269.6,0x100,BMS_PackState,30.02,96.80000000000001,68.62,,,,,,,,,,,,,,,,,,,
269.7,0x100,BMS_PackState,30.02,96.80000000000001,68.69,,,,,,,,,,,,,,,,,,,
269.8,0x100,BMS_PackState,29.990000000000002,97.7,68.89,,,,,,,,,,,,,,,,,,,
269.9,0x100,BMS_PackState,30.02,96.4,68.65,,,,,,,,,,,,,,,,,,,
270.0,0x100,BMS_PackState,29.97,99.5,68.71000000000001,,,,,,,,,,,,,,,,,,,
270.0,0x101,BMS_CellVolt1,,,,3.7560000000000002,3.7560000000000002,3.745,3.7520000000000002,,,,,,,,,,,,,,,
270.0,0x102,BMS_CellVolt2,,,,,,,,3.777,3.6590000000000003,3.758,3.765,,,,,,,,,,,
270.0,0x103,BMS_Temps,,,,,,,,,,,,42.400000000000006,43.2,49.2,41.900000000000006,,,,,,,
270.0,0x104,BMS_Status,,,,,,,,,,,,,,,,0.0,0.0,0.0,0.0,0.0,1.0,1.0
270.1,0x100,BMS_PackState,30.0,97.10000000000001,68.76,,,,,,,,,,,,,,,,,,,
270.2,0x100,BMS_PackState,29.96,100.60000000000001,68.78,,,,,,,,,,,,,,,,,,,
270.3,0x100,BMS_PackState,29.96,101.7,68.72,,,,,,,,,,,,,,,,,,,
270.4,0x100,BMS_PackState,29.96,100.80000000000001,68.76,,,,,,,,,,,,,,,,,,,
270.5,0x100,BMS_PackState,29.96,100.9,68.81,,,,,,,,,,,,,,,,,,,
270.5,0x101,BMS_CellVolt1,,,,3.755,3.757,3.745,3.744,,,,,,,,,,,,,,,
270.5,0x102,BMS_CellVolt2,,,,,,,,3.778,3.657,3.762,3.7640000000000002,,,,,,,,,,,
270.6,0x100,BMS_PackState,29.94,102.30000000000001,68.58,,,,,,,,,,,,,,,,,,,
270.7,0x100,BMS_PackState,29.990000000000002,98.10000000000001,68.64,,,,,,,,,,,,,,,,,,,
270.8,0x100,BMS_PackState,29.93,103.4,68.61,,,,,,,,,,,,,,,,,,,
270.9,0x100,BMS_PackState,29.92,103.4,68.66,,,,,,,,,,,,,,,,,,,
271.0,0x100,BMS_PackState,29.91,104.10000000000001,68.81,,,,,,,,,,,,,,,,,,,
271.0,0x101,BMS_CellVolt1,,,,3.745,3.751,3.74,3.745,,,,,,,,,,,,,,,
271.0,0x102,BMS_CellVolt2,,,,,,,,3.773,3.6470000000000002,3.7560000000000002,3.757,,,,,,,,,,,
271.0,0x103,BMS_Temps,,,,,,,,,,,,42.400000000000006,43.300000000000004,49.400000000000006,42.1,,,,,,,
271.0,0x104,BMS_Status,,,,,,,,,,,,,,,,0.0,0.0,0.0,0.0,0.0,1.0,1.0
271.1,0x100,BMS_PackState,29.900000000000002,105.9,68.78,,,,,,,,,,,,,,,,,,,
271.2,0x100,BMS_PackState,29.900000000000002,105.4,68.67,,,,,,,,,,,,,,,,,,,
271.3,0x100,BMS_PackState,29.91,104.4,68.75,,,,,,,,,,,,,,,,,,,
271.4,0x100,BMS_PackState,29.89,106.5,68.88,,,,,,,,,,,,,,,,,,,
271.5,0x100,BMS_PackState,29.88,107.5,68.54,,,,,,,,,,,,,,,,,,,
271.5,0x101,BMS_CellVolt1,,,,3.742,3.743,3.736,3.741,,,,,,,,,,,,,,,
271.5,0x102,BMS_CellVolt2,,,,,,,,3.7680000000000002,3.6390000000000002,3.754,3.7560000000000002,,,,,,,,,,,
271.6,0x100,BMS_PackState,29.87,108.2,68.59,,,,,,,,,,,,,,,,,,,
271.7,0x100,BMS_PackState,29.85,108.9,68.62,,,,,,,,,,,,,,,,,,,
271.8,0x100,BMS_PackState,29.830000000000002,110.80000000000001,68.68,,,,,,,,,,,,,,,,,,,
271.9,0x100,BMS_PackState,29.86,108.2,68.69,,,,,,,,,,,,,,,,,,,
272.0,0x100,BMS_PackState,29.830000000000002,110.7,68.52,,,,,,,,,,,,,,,,,,,
272.0,0x101,BMS_CellVolt1,,,,3.735,3.74,3.73,3.735,,,,,,,,,,,,,,,
272.0,0x102,BMS_CellVolt2,,,,,,,,3.763,3.63,3.745,3.748,,,,,,,,,,,
272.0,0x103,BMS_Temps,,,,,,,,,,,,42.7,43.6,49.900000000000006,42.300000000000004,,,,,,,
272.0,0x104,BMS_Status,,,,,,,,,,,,,,,,0.0,0.0,0.0,0.0,0.0,1.0,1.0
272.1,0x100,BMS_PackState,29.79,113.0,68.64,,,,,,,,,,,,,,,,,,,
272.2,0x100,BMS_PackState,29.84,109.0,68.7,,,,,,,,,,,,,,,,,,,
272.3,0x100,BMS_PackState,29.810000000000002,112.5,68.49,,,,,,,,,,,,,,,,,,,
272.4,0x100,BMS_PackState,29.810000000000002,111.9,68.62,,,,,,,,,,,,,,,,,,,
272.5,0x100,BMS_PackState,29.810000000000002,112.7,68.54,,,,,,,,,,,,,,,,,,,
272.5,0x101,BMS_CellVolt1,,,,3.732,3.742,3.728,3.732,,,,,,,,,,,,,,,
272.5,0x102,BMS_CellVolt2,,,,,,,,3.762,3.624,3.748,3.747,,,,,,,,,,,
272.6,0x100,BMS_PackState,29.8,112.5,68.45,,,,,,,,,,,,,,,,,,,
272.7,0x100,BMS_PackState,29.78,114.10000000000001,68.69,,,,,,,,,,,,,,,,,,,
272.8,0x100,BMS_PackState,29.73,117.60000000000001,68.63,,,,,,,,,,,,,,,,,,,
272.9,0x100,BMS_PackState,29.79,113.4,68.49,,,,,,,,,,,,,,,,,,,
273.0,0x100,BMS_PackState,29.79,114.0,68.66,,,,,,,,,,,,,,,,,,,
273.0,0x101,BMS_CellVolt1,,,,3.734,3.735,3.725,3.731,,,,,,,,,,,,,,,
273.0,0x102,BMS_CellVolt2,,,,,,,,3.757,3.622,3.743,3.745,,,,,,,,,,,
273.0,0x103,BMS_Temps,,,,,,,,,,,,43.1,44.0,50.400000000000006,42.800000000000004,,,,,,,
273.0,0x104,BMS_Status,,,,,,,,,,,,,,,,0.0,0.0,0.0,0.0,0.0,1.0,1.0
273.1,0x100,BMS_PackState,29.79,114.30000000000001,68.78,,,,,,,,,,,,,,,,,,,
273.2,0x100,BMS_PackState,29.71,119.30000000000001,68.57000000000001,,,,,,,,,,,,,,,,,,,
273.3,0x100,BMS_PackState,29.75,116.4,68.41,,,,,,,,,,,,,,,,,,,
273.4,0x100,BMS_PackState,29.740000000000002,117.4,68.51,,,,,,,,,,,,,,,,,,,
273.5,0x100,BMS_PackState,29.73,117.2,68.34,,,,,,,,,,,,,,,,,,,
273.5,0x101,BMS_CellVolt1,,,,3.724,3.73,3.717,3.719,,,,,,,,,,,,,,,
273.5,0x102,BMS_CellVolt2,,,,,,,,3.755,3.615,3.735,3.74,,,,,,,,,,,
273.6,0x100,BMS_PackState,29.740000000000002,116.80000000000001,68.52,,,,,,,,,,,,,,,,,,,
273.7,0x100,BMS_PackState,29.73,118.10000000000001,68.49,,,,,,,,,,,,,,,,,,,
273.8,0x100,BMS_PackState,29.67,122.5,68.60000000000001,,,,,,,,,,,,,,,,,,,
273.9,0x100,BMS_PackState,29.69,121.10000000000001,68.45,,,,,,,,,,,,,,,,,,,
274.0,0x100,BMS_PackState,29.72,118.0,68.60000000000001,,,,,,,,,,,,,,,,,,,
274.0,0x101,BMS_CellVolt1,,,,3.723,3.728,3.716,3.723,,,,,,,,,,,,,,,
274.0,0x102,BMS_CellVolt2,,,,,,,,3.7520000000000002,3.61,3.734,3.737,,,,,,,,,,,
274.0,0x103,BMS_Temps,,,,,,,,,,,,43.6,44.7,51.300000000000004,43.400000000000006,,,,,,,
274.0,0x104,BMS_Status,,,,,,,,,,,,,,,,0.0,0.0,0.0,0.0,0.0,1.0,1.0
274.1,0x100,BMS_PackState,29.69,120.5,68.42,,,,,,,,,,,,,,,,,,,
274.2,0x100,BMS_PackState,29.72,118.4,68.48,,,,,,,,,,,,,,,,,,,
274.3,0x100,BMS_PackState,29.740000000000002,117.2,68.35000000000001,,,,,,,,,,,,,,,,,,,
274.4,0x100,BMS_PackState,29.69,121.5,68.37,,,,,,,,,,,,,,,,,,,
274.5,0x100,BMS_PackState,29.67,121.80000000000001,68.55,,,,,,,,,,,,,,,,,,,
274.5,0x101,BMS_CellVolt1,,,,3.716,3.724,3.7110000000000003,3.715,,,,,,,,,,,,,,,
274.5,0x102,BMS_CellVolt2,,,,,,,,3.743,3.601,3.728,3.728,,,,,,,,,,,
274.6,0x100,BMS_PackState,29.69,121.7,68.57000000000001,,,,,,,,,,,,,,,,,,,
274.7,0x100,BMS_PackState,29.69,119.5,68.4,,,,,,,,,,,,,,,,,,,
274.8,0x100,BMS_PackState,29.69,120.0,68.51,,,,,,,,,,,,,,,,,,,
274.9,0x100,BMS_PackState,29.69,121.4,68.53,,,,,,,,,,,,,,,,,,,
275.0,0x100,BMS_PackState,29.68,120.80000000000001,68.34,,,,,,,,,,,,,,,,,,,
275.0,0x101,BMS_CellVolt1,,,,3.718,3.724,3.714,3.718,,,,,,,,,,,,,,,
275.0,0x102,BMS_CellVolt2,,,,,,,,3.748,3.603,3.728,3.732,,,,,,,,,,,
275.0,0x103,BMS_Temps,,,,,,,,,,,,44.400000000000006,45.300000000000004,52.0,43.900000000000006,,,,,,,
275.0,0x104,BMS_Status,,,,,,,,,,,,,,,,0.0,0.0,0.0,0.0,0.0,1.0,1.0
275.1,0x100,BMS_PackState,29.7,119.5,68.48,,,,,,,,,,,,,,,,,,,
275.2,0x100,BMS_PackState,29.72,117.60000000000001,68.43,,,,,,,,,,,,,,,,,,,
275.3,0x100,BMS_PackState,29.68,120.10000000000001,68.46000000000001,,,,,,,,,,,,,,,,,,,
275.4,0x100,BMS_PackState,29.67,121.4,68.4,,,,,,,,,,,,,,,,,,,
275.5,0x100,BMS_PackState,29.73,117.80000000000001,68.2,,,,,,,,,,,,,,,,,,,
275.5,0x101,BMS_CellVolt1,,,,3.729,3.725,3.719,3.72,,,,,,,,,,,,,,,
275.5,0x102,BMS_CellVolt2,,,,,,,,3.75,3.611,3.733,3.739,,,,,,,,,,,
275.6,0x100,BMS_PackState,29.68,120.30000000000001,68.42,,,,,,,,,,,,,,,,,,,
275.7,0x100,BMS_PackState,29.69,119.60000000000001,68.38,,,,,,,,,,,,,,,,,,,
275.8,0x100,BMS_PackState,29.69,120.0,68.36,,,,,,,,,,,,,,,,,,,
275.9,0x100,BMS_PackState,29.7,119.9,68.22,,,,,,,,,,,,,,,,,,,
276.0,0x100,BMS_PackState,29.72,117.2,68.48,,,,,,,,,,,,,,,,,,,
276.0,0x101,BMS_CellVolt1,,,,3.723,3.726,3.718,3.72,,,,,,,,,,,,,,,
276.0,0x102,BMS_CellVolt2,,,,,,,,3.7520000000000002,3.61,3.733,3.735,,,,,,,,,,,
276.0,0x103,BMS_Temps,,,,,,,,,,,,44.800000000000004,45.900000000000006,52.800000000000004,44.400000000000006,,,,,,,
276.0,0x104,BMS_Status,,,,,,,,,,,,,,,,0.0,0.0,0.0,0.0,0.0,1.0,1.0
276.1,0x100,BMS_PackState,29.75,115.5,68.38,,,,,,,,,,,,,,,,,,,
276.2,0x100,BMS_PackState,29.740000000000002,116.80000000000001,68.16,,,,,,,,,,,,,,,,,,,
276.3,0x100,BMS_PackState,29.71,118.5,68.5,,,,,,,,,,,,,,,,,,,
276.4,0x100,BMS_PackState,29.73,116.0,68.4,,,,,,,,,,,,,,,,,,,
276.5,0x100,BMS_PackState,29.75,115.30000000000001,68.44,,,,,,,,,,,,,,,,,,,
276.5,0x101,BMS_CellVolt1,,,,3.726,3.732,3.72,3.724,,,,,,,,,,,,,,,
276.5,0x102,BMS_CellVolt2,,,,,,,,3.755,3.615,3.741,3.739,,,,,,,,,,,
276.6,0x100,BMS_PackState,29.78,113.2,68.31,,,,,,,,,,,,,,,,,,,
276.7,0x100,BMS_PackState,29.71,118.10000000000001,68.33,,,,,,,,,,,,,,,,,,,
276.8,0x100,BMS_PackState,29.740000000000002,116.2,68.43,,,,,,,,,,,,,,,,,,,
276.9,0x100,BMS_PackState,29.740000000000002,115.60000000000001,68.37,,,,,,,,,,,,,,,,,,,
277.0,0x100,BMS_PackState,29.740000000000002,115.4,68.3,,,,,,,,,,,,,,,,,,,
277.0,0x101,BMS_CellVolt1,,,,3.726,3.729,3.721,3.724,,,,,,,,,,,,,,,
277.0,0x102,BMS_CellVolt2,,,,,,,,3.753,3.616,3.734,3.741,,,,,,,,,,,
277.0,0x103,BMS_Temps,,,,,,,,,,,,45.2,46.2,53.300000000000004,44.900000000000006,,,,,,,
277.0,0x104,BMS_Status,,,,,,,,,,,,,,,,0.0,0.0,0.0,0.0,0.0,1.0,1.0
277.1,0x100,BMS_PackState,29.76,114.2,68.25,,,,,,,,,,,,,,,,,,,
277.2,0x100,BMS_PackState,29.79,112.4,68.05,,,,,,,,,,,,,,,,,,,
277.3,0x100,BMS_PackState,29.810000000000002,112.0,68.39,,,,,,,,,,,,,,,,,,,
277.4,0x100,BMS_PackState,29.79,111.0,68.39,,,,,,,,,,,,,,,,,,,
277.5,0x100,BMS_PackState,29.75,115.0,68.36,,,,,,,,,,,,,,,,,,,
277.5,0x101,BMS_CellVolt1,,,,3.73,3.728,3.721,3.724,,,,,,,,,,,,,,,
277.5,0x102,BMS_CellVolt2,,,,,,,,3.755,3.618,3.738,3.741,,,,,,,,,,,
277.6,0x100,BMS_PackState,29.79,111.30000000000001,68.39,,,,,,,,,,,,,,,,,,,
277.7,0x100,BMS_PackState,29.82,109.10000000000001,68.18,,,,,,,,,,,,,,,,,,,
277.8,0x100,BMS_PackState,29.810000000000002,109.9,68.23,,,,,,,,,,,,,,,,,,,
277.9,0x100,BMS_PackState,29.84,107.0,68.21000000000001,,,,,,,,,,,,,,,,,,,
278.0,0x100,BMS_PackState,29.810000000000002,110.10000000000001,68.06,,,,,,,,,,,,,,,,,,,
278.0,0x101,BMS_CellVolt1,,,,3.734,3.737,3.727,3.733,,,,,,,,,,,,,,,
278.0,0x102,BMS_CellVolt2,,,,,,,,3.761,3.63,3.745,3.747,,,,,,,,,,,
278.0,0x103,BMS_Temps,,,,,,,,,,,,45.5,46.5,53.6,44.900000000000006,,,,,,,
278.0,0x104,BMS_Status,,,,,,,,,,,,,,,,0.0,0.0,0.0,0.0,0.0,1.0,1.0
278.1,0x100,BMS_PackState,29.85,106.2,68.19,,,,,,,,,,,,,,,,,,,
278.2,0x100,BMS_PackState,29.84,107.30000000000001,68.26,,,,,,,,,,,,,,,,,,,
278.3,0x100,BMS_PackState,29.830000000000002,107.5,68.34,,,,,,,,,,,,,,,,,,,
278.4,0x100,BMS_PackState,29.87,105.80000000000001,68.29,,,,,,,,,,,,,,,,,,,
278.5,0x100,BMS_PackState,29.88,104.7,68.16,,,,,,,,,,,,,,,,,,,
278.5,0x101,BMS_CellVolt1,,,,3.743,3.745,3.734,3.741,,,,,,,,,,,,,,,
278.5,0x102,BMS_CellVolt2,,,,,,,,3.769,3.64,3.7520000000000002,3.7520000000000002,,,,,,,,,,,
278.6,0x100,BMS_PackState,29.88,103.9,68.32000000000001,,,,,,,,,,,,,,,,,,,
278.7,0x100,BMS_PackState,29.900000000000002,103.10000000000001,68.25,,,,,,,,,,,,,,,,,,,
278.8,0x100,BMS_PackState,29.91,101.7,68.05,,,,,,,,,,,,,,,,,,,
278.9,0x100,BMS_PackState,29.91,101.2,68.23,,,,,,,,,,,,,,,,,,,
279.0,0x100,BMS_PackState,29.89,103.4,68.28,,,,,,,,,,,,,,,,,,,
279.0,0x101,BMS_CellVolt1,,,,3.744,3.748,3.737,3.743,,,,,,,,,,,,,,,
279.0,0x102,BMS_CellVolt2,,,,,,,,3.7640000000000002,3.6430000000000002,3.754,3.753,,,,,,,,,,,
279.0,0x103,BMS_Temps,,,,,,,,,,,,45.400000000000006,46.5,53.6,45.0,,,,,,,
279.0,0x104,BMS_Status,,,,,,,,,,,,,,,,0.0,0.0,0.0,0.0,0.0,1.0,1.0
279.1,0x100,BMS_PackState,29.92,100.4,68.25,,,,,,,,,,,,,,,,,,,
279.2,0x100,BMS_PackState,29.95,98.7,68.08,,,,,,,,,,,,,,,,,,,
279.3,0x100,BMS_PackState,29.95,98.5,68.09,,,,,,,,,,,,,,,,,,,
279.4,0x100,BMS_PackState,29.92,100.30000000000001,68.39,,,,,,,,,,,,,,,,,,,
279.5,0x100,BMS_PackState,29.95,99.0,68.09,,,,,,,,,,,,,,,,,,,
279.5,0x101,BMS_CellVolt1,,,,3.749,3.7520000000000002,3.743,3.747,,,,,,,,,,,,,,,
279.5,0x102,BMS_CellVolt2,,,,,,,,3.775,3.656,3.7600000000000002,3.763,,,,,,,,,,,
279.6,0x100,BMS_PackState,29.96,98.2,68.18,,,,,,,,,,,,,,,,,,,
279.7,0x100,BMS_PackState,29.990000000000002,96.4,67.91,,,,,,,,,,,,,,,,,,,
279.8,0x100,BMS_PackState,29.97,97.0,68.29,,,,,,,,,,,,,,,,,,,
279.9,0x100,BMS_PackState,30.0,94.60000000000001,68.24,,,,,,,,,,,,,,,,,,,
280.0,0x100,BMS_PackState,29.990000000000002,94.60000000000001,68.32000000000001,,,,,,,,,,,,,,,,,,,
280.0,0x101,BMS_CellVolt1,,,,3.753,3.758,3.75,3.754,,,,,,,,,,,,,,,
280.0,0x102,BMS_CellVolt2,,,,,,,,3.781,3.665,3.7640000000000002,3.766,,,,,,,,,,,
280.0,0x103,BMS_Temps,,,,,,,,,,,,45.2,46.300000000000004,53.300000000000004,44.900000000000006,,,,,,,
280.0,0x104,BMS_Status,,,,,,,,,,,,,,,,0.0,0.0,0.0,0.0,0.0,1.0,1.0
280.1,0x100,BMS_PackState,29.990000000000002,95.9,68.04,,,,,,,,,,,,,,,,,,,
280.2,0x100,BMS_PackState,29.990000000000002,95.2,68.26,,,,,,,,,,,,,,,,,,,
280.3,0x100,BMS_PackState,30.03,91.9,68.03,,,,,,,,,,,,,,,,,,,
280.4,0x100,BMS_PackState,30.04,91.5,68.29,,,,,,,,,,,,,,,,,,,
280.5,0x100,BMS_PackState,30.02,92.5,67.89,,,,,,,,,,,,,,,,,,,
280.5,0x101,BMS_CellVolt1,,,,3.759,3.7640000000000002,3.751,3.759,,,,,,,,,,,,,,,
280.5,0x102,BMS_CellVolt2,,,,,,,,3.7840000000000003,3.672,3.763,3.769,,,,,,,,,,,
280.6,0x100,BMS_PackState,30.0,94.4,68.23,,,,,,,,,,,,,,,,,,,
280.7,0x100,BMS_PackState,30.080000000000002,88.5,68.12,,,,,,,,,,,,,,,,,,,
280.8,0x100,BMS_PackState,30.03,91.30000000000001,68.18,,,,,,,,,,,,,,,,,,,
280.9,0x100,BMS_PackState,30.07,88.30000000000001,68.16,,,,,,,,,,,,,,,,,,,
281.0,0x100,BMS_PackState,30.060000000000002,89.0,68.15,,,,,,,,,,,,,,,,,,,
281.0,0x101,BMS_CellVolt1,,,,3.762,3.767,3.7560000000000002,3.765,,,,,,,,,,,,,,,
281.0,0x102,BMS_CellVolt2,,,,,,,,3.7880000000000003,3.677,3.77,3.773,,,,,,,,,,,
281.0,0x103,BMS_Temps,,,,,,,,,,,,44.900000000000006,46.0,52.900000000000006,44.5,,,,,,,
281.0,0x104,BMS_Status,,,,,,,,,,,,,,,,0.0,0.0,0.0,0.0,0.0,1.0,1.0
281.1,0x100,BMS_PackState,30.060000000000002,89.0,68.34,,,,,,,,,,,,,,,,,,,
281.2,0x100,BMS_PackState,30.080000000000002,88.5,68.28,,,,,,,,,,,,,,,,,,,
281.3,0x100,BMS_PackState,30.07,88.0,68.15,,,,,,,,,,,,,,,,,,,
281.4,0x100,BMS_PackState,30.07,88.4,68.11,,,,,,,,,,,,,,,,,,,
281.5,0x100,BMS_PackState,30.080000000000002,87.2,68.23,,,,,,,,,,,,,,,,,,,
281.5,0x101,BMS_CellVolt1,,,,3.769,3.769,3.761,3.761,,,,,,,,,,,,,,,
281.5,0x102,BMS_CellVolt2,,,,,,,,3.787,3.684,3.771,3.779,,,,,,,,,,,
281.6,0x100,BMS_PackState,30.1,85.5,68.23,,,,,,,,,,,,,,,,,,,
281.7,0x100,BMS_PackState,30.07,88.5,68.08,,,,,,,,,,,,,,,,,,,
281.8,0x100,BMS_PackState,30.080000000000002,88.2,68.07000000000001,,,,,,,,,,,,,,,,,,,
281.9,0x100,BMS_PackState,30.080000000000002,88.0,67.97,,,,,,,,,,,,,,,,,,,
282.0,0x100,BMS_PackState,30.12,84.2,68.09,,,,,,,,,,,,,,,,,,,
282.0,0x101,BMS_CellVolt1,,,,3.773,3.773,3.769,3.767,,,,,,,,,,,,,,,
282.0,0x102,BMS_CellVolt2,,,,,,,,3.7920000000000003,3.689,3.777,3.781,,,,,,,,,,,
282.0,0x103,BMS_Temps,,,,,,,,,,,,44.5,45.5,52.2,44.1,,,,,,,
282.0,0x104,BMS_Status,,,,,,,,,,,,,,,,0.0,0.0,0.0,0.0,0.0,1.0,1.0
282.1,0x100,BMS_PackState,30.09,86.7,68.08,,,,,,,,,,,,,,,,,,,
282.2,0x100,BMS_PackState,30.09,87.0,68.15,,,,,,,,,,,,,,,,,,,
282.3,0x100,BMS_PackState,30.11,84.2,68.23,,,,,,,,,,,,,,,,,,,
282.4,0x100,BMS_PackState,30.11,85.5,68.16,,,,,,,,,,,,,,,,,,,
282.5,0x100,BMS_PackState,30.12,85.2,68.14,,,,,,,,,,,,,,,,,,,
282.5,0x101,BMS_CellVolt1,,,,3.773,3.7720000000000002,3.7640000000000002,3.7680000000000002,,,,,,,,,,,,,,,
282.5,0x102,BMS_CellVolt2,,,,,,,,3.793,3.6870000000000003,3.774,3.7840000000000003,,,,,,,,,,,
282.6,0x100,BMS_PackState,30.060000000000002,87.9,68.01,,,,,,,,,,,,,,,,,,,
282.7,0x100,BMS_PackState,30.080000000000002,87.80000000000001,67.99,,,,,,,,,,,,,,,,,,,
282.8,0x100,BMS_PackState,30.14,82.30000000000001,68.1,,,,,,,,,,,,,,,,,,,
282.9,0x100,BMS_PackState,30.07,88.4,68.08,,,,,,,,,,,,,,,,,,,
283.0,0x100,BMS_PackState,30.13,83.10000000000001,68.08,,,,,,,,,,,,,,,,,,,
283.0,0x101,BMS_CellVolt1,,,,3.7720000000000002,3.775,3.767,3.77,,,,,,,,,,,,,,,
283.0,0x102,BMS_CellVolt2,,,,,,,,3.793,3.693,3.777,3.783,,,,,,,,,,,
283.0,0x103,BMS_Temps,,,,,,,,,,,,44.0,45.0,51.6,43.5,,,,,,,
283.0,0x104,BMS_Status,,,,,,,,,,,,,,,,0.0,0.0,0.0,0.0,0.0,1.0,1.0
283.1,0x100,BMS_PackState,30.1,85.80000000000001,67.91,,,,,,,,,,,,,,,,,,,
283.2,0x100,BMS_PackState,30.09,85.7,67.91,,,,,,,,,,,,,,,,,,,
283.3,0x100,BMS_PackState,30.13,82.60000000000001,67.95,,,,,,,,,,,,,,,,,,,
283.4,0x100,BMS_PackState,30.11,84.80000000000001,68.07000000000001,,,,,,,,,,,,,,,,,,,
283.5,0x100,BMS_PackState,30.12,83.80000000000001,67.99,,,,,,,,,,,,,,,,,,,
283.5,0x101,BMS_CellVolt1,,,,3.773,3.773,3.765,3.77,,,,,,,,,,,,,,,
283.5,0x102,BMS_CellVolt2,,,,,,,,3.79,3.688,3.782,3.7800000000000002,,,,,,,,,,,
283.6,0x100,BMS_PackState,30.11,84.7,68.14,,,,,,,,,,,,,,,,,,,
283.7,0x100,BMS_PackState,30.11,84.10000000000001,67.88,,,,,,,,,,,,,,,,,,,
283.8,0x100,BMS_PackState,30.1,85.5,67.88,,,,,,,,,,,,,,,,,,,
283.9,0x100,BMS_PackState,30.12,83.7,67.95,,,,,,,,,,,,,,,,,,,
284.0,0x100,BMS_PackState,30.12,83.30000000000001,67.91,,,,,,,,,,,,,,,,,,,
284.0,0x101,BMS_CellVolt1,,,,3.77,3.774,3.7640000000000002,3.771,,,,,,,,,,,,,,,
284.0,0x102,BMS_CellVolt2,,,,,,,,3.7920000000000003,3.689,3.782,3.778,,,,,,,,,,,
284.0,0x103,BMS_Temps,,,,,,,,,,,,43.5,44.5,50.900000000000006,43.1,,,,,,,
284.0,0x104,BMS_Status,,,,,,,,,,,,,,,,0.0,0.0,0.0,0.0,0.0,1.0,1.0
284.1,0x100,BMS_PackState,30.1,85.10000000000001,67.88,,,,,,,,,,,,,,,,,,,
284.2,0x100,BMS_PackState,30.11,84.30000000000001,67.96000000000001,,,,,,,,,,,,,,,,,,,
284.3,0x100,BMS_PackState,30.11,84.5,67.96000000000001,,,,,,,,,,,,,,,,,,,
284.4,0x100,BMS_PackState,30.13,82.4,67.82000000000001,,,,,,,,,,,,,,,,,,,
284.5,0x100,BMS_PackState,30.14,81.80000000000001,67.88,,,,,,,,,,,,,,,,,,,
284.5,0x101,BMS_CellVolt1,,,,3.775,3.775,3.769,3.7760000000000002,,,,,,,,,,,,,,,
284.5,0x102,BMS_CellVolt2,,,,,,,,3.794,3.694,3.779,3.783,,,,,,,,,,,
284.6,0x100,BMS_PackState,30.13,82.4,68.01,,,,,,,,,,,,,,,,,,,
284.7,0x100,BMS_PackState,30.13,82.30000000000001,67.91,,,,,,,,,,,,,,,,,,,
284.8,0x100,BMS_PackState,30.12,84.4,67.85,,,,,,,,,,,,,,,,,,,
284.9,0x100,BMS_PackState,30.1,84.7,67.89,,,,,,,,,,,,,,,,,,,
285.0,0x100,BMS_PackState,30.12,82.9,67.8,,,,,,,,,,,,,,,,,,,
285.0,0x101,BMS_CellVolt1,,,,3.773,3.7720000000000002,3.763,3.769,,,,,,,,,,,,,,,
285.0,0x102,BMS_CellVolt2,,,,,,,,3.79,3.689,3.782,3.777,,,,,,,,,,,
285.0,0x103,BMS_Temps,,,,,,,,,,,,43.2,44.0,50.400000000000006,42.800000000000004,,,,,,,
285.0,0x104,BMS_Status,,,,,,,,,,,,,,,,0.0,0.0,0.0,0.0,0.0,1.0,1.0
285.1,0x100,BMS_PackState,30.11,85.30000000000001,68.09,,,,,,,,,,,,,,,,,,,
285.2,0x100,BMS_PackState,30.1,85.2,68.0,,,,,,,,,,,,,,,,,,,
285.3,0x100,BMS_PackState,30.12,83.5,68.15,,,,,,,,,,,,,,,,,,,
285.4,0x100,BMS_PackState,30.14,81.80000000000001,67.91,,,,,,,,,,,,,,,,,,,
285.5,0x100,BMS_PackState,30.1,85.4,67.86,,,,,,,,,,,,,,,,,,,
285.5,0x101,BMS_CellVolt1,,,,3.7680000000000002,3.771,3.762,3.7680000000000002,,,,,,,,,,,,,,,
285.5,0x102,BMS_CellVolt2,,,,,,,,3.7880000000000003,3.689,3.774,3.779,,,,,,,,,,,
285.6,0x100,BMS_PackState,30.13,82.9,67.81,,,,,,,,,,,,,,,,,,,
285.7,0x100,BMS_PackState,30.13,83.2,67.93,,,,,,,,,,,,,,,,,,,
285.8,0x100,BMS_PackState,30.13,82.5,67.84,,,,,,,,,,,,,,,,,,,
285.9,0x100,BMS_PackState,30.13,81.60000000000001,67.78,,,,,,,,,,,,,,,,,,,
286.0,0x100,BMS_PackState,30.16,80.7,68.01,,,,,,,,,,,,,,,,,,,
286.0,0x101,BMS_CellVolt1,,,,3.778,3.778,3.7720000000000002,3.775,,,,,,,,,,,,,,,
286.0,0x102,BMS_CellVolt2,,,,,,,,3.795,3.6950000000000003,3.783,3.785,,,,,,,,,,,
286.0,0x103,BMS_Temps,,,,,,,,,,,,42.7,43.6,49.800000000000004,42.400000000000006,,,,,,,
286.0,0x104,BMS_Status,,,,,,,,,,,,,,,,0.0,0.0,0.0,0.0,0.0,1.0,1.0
286.1,0x100,BMS_PackState,30.12,83.9,67.87,,,,,,,,,,,,,,,,,,,
286.2,0x100,BMS_PackState,30.14,81.7,67.89,,,,,,,,,,,,,,,,,,,
286.3,0x100,BMS_PackState,30.05,87.5,67.88,,,,,,,,,,,,,,,,,,,
286.4,0x100,BMS_PackState,30.150000000000002,81.2,67.9,,,,,,,,,,,,,,,,,,,
286.5,0x100,BMS_PackState,30.150000000000002,81.0,67.68,,,,,,,,,,,,,,,,,,,
286.5,0x101,BMS_CellVolt1,,,,3.7720000000000002,3.777,3.77,3.769,,,,,,,,,,,,,,,
286.5,0x102,BMS_CellVolt2,,,,,,,,3.797,3.694,3.781,3.787,,,,,,,,,,,
286.6,0x100,BMS_PackState,30.11,83.60000000000001,67.73,,,,,,,,,,,,,,,,,,,
286.7,0x100,BMS_PackState,30.1,85.10000000000001,68.03,,,,,,,,,,,,,,,,,,,
286.8,0x100,BMS_PackState,30.12,82.9,67.83,,,,,,,,,,,,,,,,,,,
286.9,0x100,BMS_PackState,30.12,83.60000000000001,67.88,,,,,,,,,,,,,,,,,,,
287.0,0x100,BMS_PackState,30.16,80.0,67.91,,,,,,,,,,,,,,,,,,,
287.0,0x101,BMS_CellVolt1,,,,3.773,3.781,3.771,3.7760000000000002,,,,,,,,,,,,,,,
287.0,0x102,BMS_CellVolt2,,,,,,,,3.797,3.7,3.781,3.783,,,,,,,,,,,
287.0,0x103,BMS_Temps,,,,,,,,,,,,42.400000000000006,43.300000000000004,49.300000000000004,42.0,,,,,,,
287.0,0x104,BMS_Status,,,,,,,,,,,,,,,,0.0,0.0,0.0,0.0,0.0,1.0,1.0
287.1,0x100,BMS_PackState,30.13,81.7,67.79,,,,,,,,,,,,,,,,,,,
287.2,0x100,BMS_PackState,30.150000000000002,81.10000000000001,67.72,,,,,,,,,,,,,,,,,,,
287.3,0x100,BMS_PackState,30.16,79.9,67.68,,,,,,,,,,,,,,,,,,,
287.4,0x100,BMS_PackState,30.13,82.9,67.71000000000001,,,,,,,,,,,,,,,,,,,
287.5,0x100,BMS_PackState,30.16,79.4,67.74,,,,,,,,,,,,,,,,,,,
287.5,0x101,BMS_CellVolt1,,,,3.775,3.778,3.77,3.7720000000000002,,,,,,,,,,,,,,,
287.5,0x102,BMS_CellVolt2,,,,,,,,3.7960000000000003,3.7,3.783,3.786,,,,,,,,,,,
287.6,0x100,BMS_PackState,30.14,80.7,67.73,,,,,,,,,,,,,,,,,,,
287.7,0x100,BMS_PackState,30.14,81.9,67.67,,,,,,,,,,,,,,,,,,,
287.8,0x100,BMS_PackState,30.13,81.5,67.89,,,,,,,,,,,,,,,,,,,
287.9,0x100,BMS_PackState,30.11,83.4,67.94,,,,,,,,,,,,,,,,,,,
288.0,0x100,BMS_PackState,30.12,83.30000000000001,67.69,,,,,,,,,,,,,,,,,,,
288.0,0x101,BMS_CellVolt1,,,,3.775,3.773,3.766,3.7680000000000002,,,,,,,,,,,,,,,
288.0,0x102,BMS_CellVolt2,,,,,,,,3.79,3.69,3.778,3.779,,,,,,,,,,,
288.0,0x103,BMS_Temps,,,,,,,,,,,,41.900000000000006,42.800000000000004,48.7,41.6,,,,,,,
288.0,0x104,BMS_Status,,,,,,,,,,,,,,,,0.0,0.0,0.0,0.0,0.0,1.0,1.0
288.1,0x100,BMS_PackState,30.1,84.2,67.61,,,,,,,,,,,,,,,,,,,
288.2,0x100,BMS_PackState,30.1,84.0,67.78,,,,,,,,,,,,,,,,,,,
288.3,0x100,BMS_PackState,30.1,84.60000000000001,67.93,,,,,,,,,,,,,,,,,,,
288.4,0x100,BMS_PackState,30.12,83.0,67.64,,,,,,,,,,,,,,,,,,,
288.5,0x100,BMS_PackState,30.11,83.5,67.64,,,,,,,,,,,,,,,,,,,
288.5,0x101,BMS_CellVolt1,,,,3.7680000000000002,3.771,3.766,3.771,,,,,,,,,,,,,,,
288.5,0x102,BMS_CellVolt2,,,,,,,,3.7920000000000003,3.6910000000000003,3.7760000000000002,3.779,,,,,,,,,,,
288.6,0x100,BMS_PackState,30.12,83.9,67.52,,,,,,,,,,,,,,,,,,,
288.7,0x100,BMS_PackState,30.12,83.4,67.78,,,,,,,,,,,,,,,,,,,
288.8,0x100,BMS_PackState,30.12,82.7,67.65,,,,,,,,,,,,,,,,,,,
288.9,0x100,BMS_PackState,30.11,82.9,67.84,,,,,,,,,,,,,,,,,,,
289.0,0x100,BMS_PackState,30.13,82.30000000000001,67.82000000000001,,,,,,,,,,,,,,,,,,,
289.0,0x101,BMS_CellVolt1,,,,3.7720000000000002,3.7760000000000002,3.769,3.769,,,,,,,,,,,,,,,
289.0,0x102,BMS_CellVolt2,,,,,,,,3.794,3.688,3.7800000000000002,3.778,,,,,,,,,,,
289.0,0x103,BMS_Temps,,,,,,,,,,,,41.800000000000004,42.5,48.300000000000004,41.2,,,,,,,
289.0,0x104,BMS_Status,,,,,,,,,,,,,,,,0.0,0.0,0.0,0.0,0.0,1.0,1.0
289.1,0x100,BMS_PackState,30.1,84.30000000000001,67.89,,,,,,,,,,,,,,,,,,,
289.2,0x100,BMS_PackState,30.11,83.60000000000001,67.84,,,,,,,,,,,,,,,,,,,
289.3,0x100,BMS_PackState,30.12,82.9,67.57000000000001,,,,,,,,,,,,,,,,,,,
289.4,0x100,BMS_PackState,30.12,83.10000000000001,67.7,,,,,,,,,,,,,,,,,,,
289.5,0x100,BMS_PackState,30.12,82.5,67.84,,,,,,,,,,,,,,,,,,,
289.5,0x101,BMS_CellVolt1,,,,3.771,3.7720000000000002,3.763,3.771,,,,,,,,,,,,,,,
289.5,0x102,BMS_CellVolt2,,,,,,,,3.7920000000000003,3.692,3.778,3.777,,,,,,,,,,,
289.6,0x100,BMS_PackState,31.6,-34.5,67.59,,,,,,,,,,,,,,,,,,,
289.7,0x100,BMS_PackState,31.62,-35.9,67.69,,,,,,,,,,,,,,,,,,,
289.8,0x100,BMS_PackState,31.63,-37.300000000000004,67.73,,,,,,,,,,,,,,,,,,,
289.9,0x100,BMS_PackState,31.61,-34.800000000000004,67.73,,,,,,,,,,,,,,,,,,,
290.0,0x100,BMS_PackState,31.63,-36.800000000000004,67.76,,,,,,,,,,,,,,,,,,,
290.0,0x101,BMS_CellVolt1,,,,3.952,3.952,3.954,3.956,,,,,,,,,,,,,,,
290.0,0x102,BMS_CellVolt2,,,,,,,,3.9410000000000003,3.985,3.946,3.946,,,,,,,,,,,
290.0,0x103,BMS_Temps,,,,,,,,,,,,41.0,41.800000000000004,47.400000000000006,40.7,,,,,,,
290.0,0x104,BMS_Status,,,,,,,,,,,,,,,,0.0,0.0,0.0,0.0,0.0,1.0,0.0
290.1,0x100,BMS_PackState,31.66,-38.1,67.67,,,,,,,,,,,,,,,,,,,
290.2,0x100,BMS_PackState,31.6,-34.5,67.64,,,,,,,,,,,,,,,,,,,
290.3,0x100,BMS_PackState,31.63,-36.800000000000004,67.78,,,,,,,,,,,,,,,,,,,
290.4,0x100,BMS_PackState,31.63,-36.6,67.72,,,,,,,,,,,,,,,,,,,
290.5,0x100,BMS_PackState,31.62,-35.9,67.96000000000001,,,,,,,,,,,,,,,,,,,
290.5,0x101,BMS_CellVolt1,,,,3.9490000000000003,3.95,3.9490000000000003,3.951,,,,,,,,,,,,,,,
290.5,0x102,BMS_CellVolt2,,,,,,,,3.944,3.984,3.948,3.948,,,,,,,,,,,
290.6,0x100,BMS_PackState,31.6,-34.300000000000004,67.63,,,,,,,,,,,,,,,,,,,
290.7,0x100,BMS_PackState,31.63,-36.0,67.74,,,,,,,,,,,,,,,,,,,
290.8,0x100,BMS_PackState,31.650000000000002,-37.800000000000004,67.62,,,,,,,,,,,,,,,,,,,
290.9,0x100,BMS_PackState,31.61,-35.2,67.79,,,,,,,,,,,,,,,,,,,
291.0,0x100,BMS_PackState,31.63,-36.7,67.73,,,,,,,,,,,,,,,,,,,
291.0,0x101,BMS_CellVolt1,,,,3.952,3.955,3.952,3.954,,,,,,,,,,,,,,,
291.0,0x102,BMS_CellVolt2,,,,,,,,3.943,3.985,3.9490000000000003,3.943,,,,,,,,,,,
291.0,0x103,BMS_Temps,,,,,,,,,,,,40.0,40.900000000000006,46.0,39.7,,,,,,,
291.0,0x104,BMS_Status,,,,,,,,,,,,,,,,0.0,0.0,0.0,0.0,0.0,1.0,0.0
291.1,0x100,BMS_PackState,31.59,-33.2,67.81,,,,,,,,,,,,,,,,,,,
291.2,0x100,BMS_PackState,31.62,-36.0,67.69,,,,,,,,,,,,,,,,,,,
291.3,0x100,BMS_PackState,31.67,-39.400000000000006,67.58,,,,,,,,,,,,,,,,,,,
291.4,0x100,BMS_PackState,31.63,-35.5,67.89,,,,,,,,,,,,,,,,,,,
291.5,0x100,BMS_PackState,31.580000000000002,-33.1,67.86,,,,,,,,,,,,,,,,,,,
291.5,0x101,BMS_CellVolt1,,,,3.9450000000000003,3.946,3.943,3.947,,,,,,,,,,,,,,,
291.5,0x102,BMS_CellVolt2,,,,,,,,3.9370000000000003,3.975,3.943,3.942,,,,,,,,,,,
291.6,0x100,BMS_PackState,31.6,-33.6,67.86,,,,,,,,,,,,,,,,,,,
291.7,0x100,BMS_PackState,31.6,-33.300000000000004,67.86,,,,,,,,,,,,,,,,,,,
291.8,0x100,BMS_PackState,31.63,-37.5,67.78,,,,,,,,,,,,,,,,,,,
291.9,0x100,BMS_PackState,31.61,-34.6,67.84,,,,,,,,,,,,,,,,,,,
292.0,0x100,BMS_PackState,31.64,-37.1,67.69,,,,,,,,,,,,,,,,,,,
292.0,0x101,BMS_CellVolt1,,,,3.9530000000000003,3.9570000000000003,3.952,3.958,,,,,,,,,,,,,,,
292.0,0x102,BMS_CellVolt2,,,,,,,,3.947,3.986,3.946,3.9450000000000003,,,,,,,,,,,
292.0,0x103,BMS_Temps,,,,,,,,,,,,39.2,40.0,44.900000000000006,38.800000000000004,,,,,,,
292.0,0x104,BMS_Status,,,,,,,,,,,,,,,,0.0,0.0,0.0,0.0,0.0,1.0,0.0
292.1,0x100,BMS_PackState,31.62,-35.7,67.74,,,,,,,,,,,,,,,,,,,
292.2,0x100,BMS_PackState,31.66,-37.9,67.89,,,,,,,,,,,,,,,,,,,
292.3,0x100,BMS_PackState,31.650000000000002,-37.0,67.99,,,,,,,,,,,,,,,,,,,
292.4,0x100,BMS_PackState,31.63,-37.0,67.82000000000001,,,,,,,,,,,,,,,,,,,
292.5,0x100,BMS_PackState,31.62,-34.7,67.46000000000001,,,,,,,,,,,,,,,,,,,
292.5,0x101,BMS_CellVolt1,,,,3.951,3.95,3.948,3.9530000000000003,,,,,,,,,,,,,,,
292.5,0x102,BMS_CellVolt2,,,,,,,,3.942,3.98,3.9450000000000003,3.9450000000000003,,,,,,,,,,,
292.6,0x100,BMS_PackState,31.61,-34.800000000000004,67.83,,,,,,,,,,,,,,,,,,,
292.7,0x100,BMS_PackState,31.63,-35.6,67.93,,,,,,,,,,,,,,,,,,,
292.8,0x100,BMS_PackState,31.650000000000002,-38.0,67.76,,,,,,,,,,,,,,,,,,,
292.9,0x100,BMS_PackState,31.63,-36.5,67.7,,,,,,,,,,,,,,,,,,,
293.0,0x100,BMS_PackState,31.64,-37.1,67.9,,,,,,,,,,,,,,,,,,,
293.0,0x101,BMS_CellVolt1,,,,3.9530000000000003,3.95,3.952,3.9570000000000003,,,,,,,,,,,,,,,
293.0,0x102,BMS_CellVolt2,,,,,,,,3.9450000000000003,3.987,3.951,3.9450000000000003,,,,,,,,,,,
293.0,0x103,BMS_Temps,,,,,,,,,,,,38.400000000000006,39.0,43.800000000000004,38.1,,,,,,,
293.0,0x104,BMS_Status,,,,,,,,,,,,,,,,0.0,0.0,0.0,0.0,0.0,1.0,0.0
293.1,0x100,BMS_PackState,31.62,-34.7,67.77,,,,,,,,,,,,,,,,,,,
293.2,0x100,BMS_PackState,31.61,-34.2,67.77,,,,,,,,,,,,,,,,,,,
293.3,0x100,BMS_PackState,31.61,-34.4,67.64,,,,,,,,,,,,,,,,,,,
293.4,0x100,BMS_PackState,31.650000000000002,-37.1,67.64,,,,,,,,,,,,,,,,,,,
293.5,0x100,BMS_PackState,31.68,-40.1,67.89,,,,,,,,,,,,,,,,,,,
293.5,0x101,BMS_CellVolt1,,,,3.9570000000000003,3.959,3.959,3.9610000000000003,,,,,,,,,,,,,,,
293.5,0x102,BMS_CellVolt2,,,,,,,,3.951,3.994,3.95,3.951,,,,,,,,,,,
293.6,0x100,BMS_PackState,31.66,-38.7,67.69,,,,,,,,,,,,,,,,,,,
293.7,0x100,BMS_PackState,31.61,-33.9,67.99,,,,,,,,,,,,,,,,,,,
293.8,0x100,BMS_PackState,31.650000000000002,-36.6,68.02,,,,,,,,,,,,,,,,,,,
293.9,0x100,BMS_PackState,31.650000000000002,-37.1,67.71000000000001,,,,,,,,,,,,,,,,,,,
294.0,0x100,BMS_PackState,31.6,-33.5,67.75,,,,,,,,,,,,,,,,,,,
294.0,0x101,BMS_CellVolt1,,,,3.9530000000000003,3.946,3.9490000000000003,3.948,,,,,,,,,,,,,,,
294.0,0x102,BMS_CellVolt2,,,,,,,,3.938,3.975,3.946,3.9410000000000003,,,,,,,,,,,
294.0,0x103,BMS_Temps,,,,,,,,,,,,37.7,38.300000000000004,42.7,37.4,,,,,,,
294.0,0x104,BMS_Status,,,,,,,,,,,,,,,,0.0,0.0,0.0,0.0,0.0,1.0,0.0
294.1,0x100,BMS_PackState,31.61,-34.1,67.89,,,,,,,,,,,,,,,,,,,
294.2,0x100,BMS_PackState,31.62,-36.0,67.98,,,,,,,,,,,,,,,,,,,
294.3,0x100,BMS_PackState,31.63,-36.4,67.84,,,,,,,,,,,,,,,,,,,
294.4,0x100,BMS_PackState,31.63,-36.2,67.77,,,,,,,,,,,,,,,,,,,
294.5,0x100,BMS_PackState,31.63,-35.7,67.79,,,,,,,,,,,,,,,,,,,
294.5,0x101,BMS_CellVolt1,,,,3.954,3.951,3.952,3.955,,,,,,,,,,,,,,,
294.5,0x102,BMS_CellVolt2,,,,,,,,3.944,3.982,3.947,3.946,,,,,,,,,,,
294.6,0x100,BMS_PackState,31.59,-33.6,67.85,,,,,,,,,,,,,,,,,,,
294.7,0x100,BMS_PackState,31.63,-35.4,67.78,,,,,,,,,,,,,,,,,,,
294.8,0x100,BMS_PackState,31.61,-34.9,67.96000000000001,,,,,,,,,,,,,,,,,,,
294.9,0x100,BMS_PackState,31.61,-34.2,67.77,,,,,,,,,,,,,,,,,,,
295.0,0x100,BMS_PackState,31.650000000000002,-37.800000000000004,67.89,,,,,,,,,,,,,,,,,,,
295.0,0x101,BMS_CellVolt1,,,,3.9490000000000003,3.956,3.956,3.9570000000000003,,,,,,,,,,,,,,,
295.0,0x102,BMS_CellVolt2,,,,,,,,3.9450000000000003,3.989,3.952,3.947,,,,,,,,,,,
295.0,0x103,BMS_Temps,,,,,,,,,,,,37.0,37.5,41.7,36.7,,,,,,,
295.0,0x104,BMS_Status,,,,,,,,,,,,,,,,0.0,0.0,0.0,0.0,0.0,1.0,0.0
295.1,0x100,BMS_PackState,31.61,-34.9,67.92,,,,,,,,,,,,,,,,,,,
295.2,0x100,BMS_PackState,31.63,-36.4,67.85,,,,,,,,,,,,,,,,,,,
295.3,0x100,BMS_PackState,31.68,-39.800000000000004,67.83,,,,,,,,,,,,,,,,,,,
295.4,0x100,BMS_PackState,31.68,-39.2,67.85,,,,,,,,,,,,,,,,,,,
295.5,0x100,BMS_PackState,31.650000000000002,-37.5,67.77,,,,,,,,,,,,,,,,,,,
295.5,0x101,BMS_CellVolt1,,,,3.954,3.955,3.956,3.958,,,,,,,,,,,,,,,
295.5,0x102,BMS_CellVolt2,,,,,,,,3.948,3.988,3.95,3.9450000000000003,,,,,,,,,,,
295.6,0x100,BMS_PackState,31.62,-35.2,67.93,,,,,,,,,,,,,,,,,,,
295.7,0x100,BMS_PackState,31.64,-35.800000000000004,67.85,,,,,,,,,,,,,,,,,,,
295.8,0x100,BMS_PackState,31.64,-35.7,67.84,,,,,,,,,,,,,,,,,,,
295.9,0x100,BMS_PackState,31.6,-33.1,67.75,,,,,,,,,,,,,,,,,,,
296.0,0x100,BMS_PackState,31.650000000000002,-37.9,68.06,,,,,,,,,,,,,,,,,,,
296.0,0x101,BMS_CellVolt1,,,,3.952,3.955,3.956,3.956,,,,,,,,,,,,,,,
296.0,0x102,BMS_CellVolt2,,,,,,,,3.942,3.99,3.951,3.95,,,,,,,,,,,
296.0,0x103,BMS_Temps,,,,,,,,,,,,36.300000000000004,36.800000000000004,40.900000000000006,36.1,,,,,,,
296.0,0x104,BMS_Status,,,,,,,,,,,,,,,,0.0,0.0,0.0,0.0,0.0,1.0,0.0
296.1,0x100,BMS_PackState,31.64,-36.0,67.95,,,,,,,,,,,,,,,,,,,
296.2,0x100,BMS_PackState,31.63,-35.5,67.72,,,,,,,,,,,,,,,,,,,
296.3,0x100,BMS_PackState,31.650000000000002,-37.1,67.93,,,,,,,,,,,,,,,,,,,
296.4,0x100,BMS_PackState,31.64,-36.0,67.81,,,,,,,,,,,,,,,,,,,
296.5,0x100,BMS_PackState,31.67,-38.400000000000006,67.79,,,,,,,,,,,,,,,,,,,
296.5,0x101,BMS_CellVolt1,,,,3.958,3.958,3.9570000000000003,3.96,,,,,,,,,,,,,,,
296.5,0x102,BMS_CellVolt2,,,,,,,,3.948,3.989,3.9490000000000003,3.95,,,,,,,,,,,
296.6,0x100,BMS_PackState,31.6,-33.9,67.81,,,,,,,,,,,,,,,,,,,
296.7,0x100,BMS_PackState,31.650000000000002,-37.0,67.93,,,,,,,,,,,,,,,,,,,
296.8,0x100,BMS_PackState,31.6,-33.0,67.87,,,,,,,,,,,,,,,,,,,
296.9,0x100,BMS_PackState,31.64,-36.0,67.88,,,,,,,,,,,,,,,,,,,
297.0,0x100,BMS_PackState,31.6,-34.5,67.92,,,,,,,,,,,,,,,,,,,
297.0,0x101,BMS_CellVolt1,,,,3.9490000000000003,3.947,3.946,3.95,,,,,,,,,,,,,,,
297.0,0x102,BMS_CellVolt2,,,,,,,,3.939,3.982,3.9450000000000003,3.944,,,,,,,,,,,
297.0,0x103,BMS_Temps,,,,,,,,,,,,35.800000000000004,36.2,40.0,35.6,,,,,,,
297.0,0x104,BMS_Status,,,,,,,,,,,,,,,,0.0,0.0,0.0,0.0,0.0,1.0,0.0
297.1,0x100,BMS_PackState,31.63,-36.1,67.98,,,,,,,,,,,,,,,,,,,
297.2,0x100,BMS_PackState,31.63,-36.0,68.12,,,,,,,,,,,,,,,,,,,
297.3,0x100,BMS_PackState,31.650000000000002,-36.9,67.87,,,,,,,,,,,,,,,,,,,
297.4,0x100,BMS_PackState,31.63,-35.800000000000004,67.85,,,,,,,,,,,,,,,,,,,
297.5,0x100,BMS_PackState,31.63,-35.5,67.91,,,,,,,,,,,,,,,,,,,
297.5,0x101,BMS_CellVolt1,,,,3.952,3.9490000000000003,3.955,3.954,,,,,,,,,,,,,,,
297.5,0x102,BMS_CellVolt2,,,,,,,,3.9410000000000003,3.987,3.95,3.944,,,,,,,,,,,
297.6,0x100,BMS_PackState,31.650000000000002,-37.2,67.97,,,,,,,,,,,,,,,,,,,
297.7,0x100,BMS_PackState,31.63,-36.2,68.01,,,,,,,,,,,,,,,,,,,
297.8,0x100,BMS_PackState,31.650000000000002,-36.9,67.81,,,,,,,,,,,,,,,,,,,
297.9,0x100,BMS_PackState,29.69,117.30000000000001,68.14,,,,,,,,,,,,,,,,,,,
298.0,0x100,BMS_PackState,29.73,113.4,67.78,,,,,,,,,,,,,,,,,,,
298.0,0x101,BMS_CellVolt1,,,,3.722,3.727,3.716,3.722,,,,,,,,,,,,,,,
298.0,0x102,BMS_CellVolt2,,,,,,,,3.751,3.619,3.735,3.741,,,,,,,,,,,
298.0,0x103,BMS_Temps,,,,,,,,,,,,35.5,36.1,39.7,35.4,,,,,,,
298.0,0x104,BMS_Status,,,,,,,,,,,,,,,,0.0,0.0,0.0,0.0,0.0,1.0,1.0
298.1,0x100,BMS_PackState,29.72,115.5,67.98,,,,,,,,,,,,,,,,,,,
298.2,0x100,BMS_PackState,29.75,112.5,67.96000000000001,,,,,,,,,,,,,,,,,,,
298.3,0x100,BMS_PackState,29.740000000000002,112.80000000000001,67.73,,,,,,,,,,,,,,,,,,,
298.4,0x100,BMS_PackState,29.78,110.0,67.9,,,,,,,,,,,,,,,,,,,
298.5,0x100,BMS_PackState,29.76,110.9,67.69,,,,,,,,,,,,,,,,,,,
298.5,0x101,BMS_CellVolt1,,,,3.73,3.734,3.721,3.721,,,,,,,,,,,,,,,
298.5,0x102,BMS_CellVolt2,,,,,,,,3.7560000000000002,3.622,3.736,3.739,,,,,,,,,,,
298.6,0x100,BMS_PackState,29.76,111.4,67.77,,,,,,,,,,,,,,,,,,,
298.7,0x100,BMS_PackState,29.740000000000002,113.0,67.84,,,,,,,,,,,,,,,,,,,
298.8,0x100,BMS_PackState,29.77,110.5,67.86,,,,,,,,,,,,,,,,,,,
298.9,0x100,BMS_PackState,29.75,111.7,67.96000000000001,,,,,,,,,,,,,,,,,,,
299.0,0x100,BMS_PackState,29.79,110.0,67.76,,,,,,,,,,,,,,,,,,,
299.0,0x101,BMS_CellVolt1,,,,3.732,3.734,3.723,3.729,,,,,,,,,,,,,,,
299.0,0x102,BMS_CellVolt2,,,,,,,,3.758,3.629,3.741,3.744,,,,,,,,,,,
299.0,0x103,BMS_Temps,,,,,,,,,,,,36.5,37.0,41.0,36.4,,,,,,,
299.0,0x104,BMS_Status,,,,,,,,,,,,,,,,0.0,0.0,0.0,0.0,0.0,1.0,1.0
299.1,0x100,BMS_PackState,29.76,111.0,67.86,,,,,,,,,,,,,,,,,,,
299.2,0x100,BMS_PackState,29.8,107.9,67.91,,,,,,,,,,,,,,,,,,,
299.3,0x100,BMS_PackState,29.77,111.0,67.81,,,,,,,,,,,,,,,,,,,
299.4,0x100,BMS_PackState,29.830000000000002,106.10000000000001,67.81,,,,,,,,,,,,,,,,,,,
299.5,0x100,BMS_PackState,29.85,105.0,67.66,,,,,,,,,,,,,,,,,,,
299.5,0x101,BMS_CellVolt1,,,,3.74,3.739,3.732,3.739,,,,,,,,,,,,,,,
299.5,0x102,BMS_CellVolt2,,,,,,,,3.7600000000000002,3.636,3.749,3.751,,,,,,,,,,,
299.6,0x100,BMS_PackState,29.87,103.7,67.64,,,,,,,,,,,,,,,,,,,
299.7,0x100,BMS_PackState,29.8,108.4,67.71000000000001,,,,,,,,,,,,,,,,,,,
299.8,0x100,BMS_PackState,29.830000000000002,105.5,67.93,,,,,,,,,,,,,,,,,,,
299.9,0x100,BMS_PackState,29.86,103.10000000000001,67.92,,,,,,,,,,,,,,,,,,,
300.0,0x100,BMS_PackState,29.84,104.9,67.9,,,,,,,,,,,,,,,,,,,
300.0,0x101,BMS_CellVolt1,,,,3.738,3.74,3.729,3.738,,,,,,,,,,,,,,,
300.0,0x102,BMS_CellVolt2,,,,,,,,3.765,3.632,3.747,3.75,,,,,,,,,,,
300.0,0x103,BMS_Temps,,,,,,,,,,,,37.1,37.7,42.0,36.9,,,,,,,
300.0,0x104,BMS_Status,,,,,,,,,,,,,,,,0.0,0.0,0.0,0.0,0.0,1.0,1.0
300.1,0x100,BMS_PackState,29.86,103.4,67.81,,,,,,,,,,,,,,,,,,,
300.2,0x100,BMS_PackState,29.85,104.60000000000001,67.82000000000001,,,,,,,,,,,,,,,,,,,
300.3,0x100,BMS_PackState,29.93,98.7,67.72,,,,,,,,,,,,,,,,,,,
300.4,0x100,BMS_PackState,29.900000000000002,99.9,67.72,,,,,,,,,,,,,,,,,,,
300.5,0x100,BMS_PackState,29.91,99.0,67.55,,,,,,,,,,,,,,,,,,,
300.5,0x101,BMS_CellVolt1,,,,3.746,3.746,3.742,3.744,,,,,,,,,,,,,,,
300.5,0x102,BMS_CellVolt2,,,,,,,,3.7720000000000002,3.6470000000000002,3.7560000000000002,3.7600000000000002,,,,,,,,,,,
300.6,0x100,BMS_PackState,29.96,96.0,67.77,,,,,,,,,,,,,,,,,,,
300.7,0x100,BMS_PackState,29.91,99.9,67.79,,,,,,,,,,,,,,,,,,,
300.8,0x100,BMS_PackState,29.94,97.2,67.67,,,,,,,,,,,,,,,,,,,
300.9,0x100,BMS_PackState,29.92,98.10000000000001,67.82000000000001,,,,,,,,,,,,,,,,,,,
301.0,0x100,BMS_PackState,29.900000000000002,99.80000000000001,67.85,,,,,,,,,,,,,,,,,,,
301.0,0x101,BMS_CellVolt1,,,,3.744,3.749,3.737,3.744,,,,,,,,,,,,,,,
301.0,0x102,BMS_CellVolt2,,,,,,,,3.765,3.652,3.7520000000000002,3.758,,,,,,,,,,,
301.0,0x103,BMS_Temps,,,,,,,,,,,,37.6,38.2,42.7,37.4,,,,,,,
301.0,0x104,BMS_Status,,,,,,,,,,,,,,,,0.0,0.0,0.0,0.0,0.0,1.0,1.0
301.1,0x100,BMS_PackState,29.96,95.10000000000001,67.61,,,,,,,,,,,,,,,,,,,
301.2,0x100,BMS_PackState,29.97,94.4,67.94,,,,,,,,,,,,,,,,,,,
301.3,0x100,BMS_PackState,29.97,94.5,67.76,,,,,,,,,,,,,,,,,,,
301.4,0x100,BMS_PackState,29.96,95.2,67.86,,,,,,,,,,,,,,,,,,,
301.5,0x100,BMS_PackState,29.990000000000002,92.2,67.63,,,,,,,,,,,,,,,,,,,
301.5,0x101,BMS_CellVolt1,,,,3.7560000000000002,3.758,3.746,3.7560000000000002,,,,,,,,,,,,,,,
301.5,0x102,BMS_CellVolt2,,,,,,,,3.7760000000000002,3.669,3.767,3.7640000000000002,,,,,,,,,,,
301.6,0x100,BMS_PackState,30.0,91.5,67.84,,,,,,,,,,,,,,,,,,,
301.7,0x100,BMS_PackState,29.990000000000002,93.4,67.75,,,,,,,,,,,,,,,,,,,
301.8,0x100,BMS_PackState,30.0,91.80000000000001,67.65,,,,,,,,,,,,,,,,,,,
301.9,0x100,BMS_PackState,30.05,87.60000000000001,67.57000000000001,,,,,,,,,,,,,,,,,,,
302.0,0x100,BMS_PackState,30.04,88.2,67.68,,,,,,,,,,,,,,,,,,,
302.0,0x101,BMS_CellVolt1,,,,3.762,3.7680000000000002,3.757,3.759,,,,,,,,,,,,,,,
302.0,0x102,BMS_CellVolt2,,,,,,,,3.783,3.672,3.769,3.775,,,,,,,,,,,
302.0,0x103,BMS_Temps,,,,,,,,,,,,37.9,38.5,43.0,37.6,,,,,,,
302.0,0x104,BMS_Status,,,,,,,,,,,,,,,,0.0,0.0,0.0,0.0,0.0,1.0,1.0
302.1,0x100,BMS_PackState,30.0,91.7,67.75,,,,,,,,,,,,,,,,,,,
302.2,0x100,BMS_PackState,30.03,89.5,67.67,,,,,,,,,,,,,,,,,,,
302.3,0x100,BMS_PackState,30.05,87.2,67.67,,,,,,,,,,,,,,,,,,,
302.4,0x100,BMS_PackState,30.05,87.60000000000001,67.61,,,,,,,,,,,,,,,,,,,
302.5,0x100,BMS_PackState,30.060000000000002,87.4,67.52,,,,,,,,,,,,,,,,,,,
302.5,0x101,BMS_CellVolt1,,,,3.766,3.7640000000000002,3.759,3.765,,,,,,,,,,,,,,,
302.5,0x102,BMS_CellVolt2,,,,,,,,3.7840000000000003,3.677,3.769,3.7720000000000002,,,,,,,,,,,
302.6,0x100,BMS_PackState,30.05,88.0,67.66,,,,,,,,,,,,,,,,,,,
302.7,0x100,BMS_PackState,30.09,84.30000000000001,67.55,,,,,,,,,,,,,,,,,,,
302.8,0x100,BMS_PackState,30.09,84.60000000000001,67.73,,,,,,,,,,,,,,,,,,,
302.9,0x100,BMS_PackState,30.080000000000002,85.9,67.72,,,,,,,,,,,,,,,,,,,
303.0,0x100,BMS_PackState,30.080000000000002,84.9,67.79,,,,,,,,,,,,,,,,,,,
303.0,0x101,BMS_CellVolt1,,,,3.767,3.767,3.759,3.765,,,,,,,,,,,,,,,
303.0,0x102,BMS_CellVolt2,,,,,,,,3.79,3.6830000000000003,3.777,3.775,,,,,,,,,,,
303.0,0x103,BMS_Temps,,,,,,,,,,,,37.9,38.6,43.1,37.6,,,,,,,
303.0,0x104,BMS_Status,,,,,,,,,,,,,,,,0.0,0.0,0.0,0.0,0.0,1.0,1.0
303.1,0x100,BMS_PackState,30.080000000000002,85.4,67.59,,,,,,,,,,,,,,,,,,,
303.2,0x100,BMS_PackState,30.12,82.30000000000001,67.61,,,,,,,,,,,,,,,,,,,
303.3,0x100,BMS_PackState,30.09,84.30000000000001,67.47,,,,,,,,,,,,,,,,,,,
303.4,0x100,BMS_PackState,30.09,85.10000000000001,67.55,,,,,,,,,,,,,,,,,,,
303.5,0x100,BMS_PackState,30.1,83.80000000000001,67.61,,,,,,,,,,,,,,,,,,,
303.5,0x101,BMS_CellVolt1,,,,3.7680000000000002,3.773,3.763,3.769,,,,,,,,,,,,,,,
303.5,0x102,BMS_CellVolt2,,,,,,,,3.79,3.685,3.775,3.779,,,,,,,,,,,
303.6,0x100,BMS_PackState,30.11,82.9,67.61,,,,,,,,,,,,,,,,,,,
303.7,0x100,BMS_PackState,30.1,82.30000000000001,67.56,,,,,,,,,,,,,,,,,,,
303.8,0x100,BMS_PackState,30.13,80.80000000000001,67.53,,,,,,,,,,,,,,,,,,,
303.9,0x100,BMS_PackState,30.12,81.7,67.61,,,,,,,,,,,,,,,,,,,
304.0,0x100,BMS_PackState,30.11,83.4,67.55,,,,,,,,,,,,,,,,,,,
304.0,0x101,BMS_CellVolt1,,,,3.771,3.77,3.763,3.766,,,,,,,,,,,,,,,
304.0,0x102,BMS_CellVolt2,,,,,,,,3.789,3.689,3.775,3.7840000000000003,,,,,,,,,,,
304.0,0x103,BMS_Temps,,,,,,,,,,,,38.0,38.5,43.0,37.6,,,,,,,
304.0,0x104,BMS_Status,,,,,,,,,,,,,,,,0.0,0.0,0.0,0.0,0.0,1.0,1.0
304.1,0x100,BMS_PackState,30.13,81.10000000000001,67.71000000000001,,,,,,,,,,,,,,,,,,,
304.2,0x100,BMS_PackState,30.14,79.7,67.6,,,,,,,,,,,,,,,,,,,
304.3,0x100,BMS_PackState,30.150000000000002,80.0,67.52,,,,,,,,,,,,,,,,,,,
304.4,0x100,BMS_PackState,30.13,80.80000000000001,67.68,,,,,,,,,,,,,,,,,,,
304.5,0x100,BMS_PackState,30.13,79.80000000000001,67.46000000000001,,,,,,,,,,,,,,,,,,,
304.5,0x101,BMS_CellVolt1,,,,3.7760000000000002,3.773,3.7680000000000002,3.769,,,,,,,,,,,,,,,
304.5,0x102,BMS_CellVolt2,,,,,,,,3.7920000000000003,3.696,3.779,3.781,,,,,,,,,,,
304.6,0x100,BMS_PackState,30.14,80.9,67.52,,,,,,,,,,,,,,,,,,,
304.7,0x100,BMS_PackState,30.13,80.7,67.45,,,,,,,,,,,,,,,,,,,
304.8,0x100,BMS_PackState,30.13,81.10000000000001,67.52,,,,,,,,,,,,,,,,,,,
304.9,0x100,BMS_PackState,30.11,81.80000000000001,67.68,,,,,,,,,,,,,,,,,,,
305.0,0x100,BMS_PackState,30.12,81.0,67.56,,,,,,,,,,,,,,,,,,,
305.0,0x101,BMS_CellVolt1,,,,3.771,3.775,3.765,3.769,,,,,,,,,,,,,,,
305.0,0x102,BMS_CellVolt2,,,,,,,,3.791,3.693,3.779,3.781,,,,,,,,,,,
305.0,0x103,BMS_Temps,,,,,,,,,,,,37.800000000000004,38.400000000000006,42.900000000000006,37.6,,,,,,,
305.0,0x104,BMS_Status,,,,,,,,,,,,,,,,0.0,0.0,0.0,0.0,0.0,1.0,1.0
305.1,0x100,BMS_PackState,30.17,78.0,67.36,,,,,,,,,,,,,,,,,,,
305.2,0x100,BMS_PackState,30.17,77.9,67.49,,,,,,,,,,,,,,,,,,,
305.3,0x100,BMS_PackState,30.150000000000002,79.0,67.56,,,,,,,,,,,,,,,,,,,
305.4,0x100,BMS_PackState,30.16,78.30000000000001,67.55,,,,,,,,,,,,,,,,,,,
305.5,0x100,BMS_PackState,30.17,77.2,67.5,,,,,,,,,,,,,,,,,,,
305.5,0x101,BMS_CellVolt1,,,,3.779,3.775,3.773,3.777,,,,,,,,,,,,,,,
305.5,0x102,BMS_CellVolt2,,,,,,,,3.794,3.7,3.783,3.787,,,,,,,,,,,
305.6,0x100,BMS_PackState,30.16,78.2,67.59,,,,,,,,,,,,,,,,,,,
305.7,0x100,BMS_PackState,30.16,78.0,67.57000000000001,,,,,,,,,,,,,,,,,,,
305.8,0x100,BMS_PackState,30.17,77.7,67.49,,,,,,,,,,,,,,,,,,,
305.9,0x100,BMS_PackState,30.17,78.10000000000001,67.53,,,,,,,,,,,,,,,,,,,
306.0,0x100,BMS_PackState,30.14,80.30000000000001,67.49,,,,,,,,,,,,,,,,,,,
306.0,0x101,BMS_CellVolt1,,,,3.774,3.7760000000000002,3.7680000000000002,3.77,,,,,,,,,,,,,,,
306.0,0x102,BMS_CellVolt2,,,,,,,,3.791,3.698,3.777,3.7840000000000003,,,,,,,,,,,
306.0,0x103,BMS_Temps,,,,,,,,,,,,37.6,38.400000000000006,42.7,37.5,,,,,,,
306.0,0x104,BMS_Status,,,,,,,,,,,,,,,,0.0,0.0,0.0,0.0,0.0,1.0,1.0
306.1,0x100,BMS_PackState,30.150000000000002,78.80000000000001,67.5,,,,,,,,,,,,,,,,,,,
306.2,0x100,BMS_PackState,30.11,82.10000000000001,67.51,,,,,,,,,,,,,,,,,,,
306.3,0x100,BMS_PackState,30.150000000000002,78.60000000000001,67.59,,,,,,,,,,,,,,,,,,,
306.4,0x100,BMS_PackState,30.16,77.9,67.53,,,,,,,,,,,,,,,,,,,
306.5,0x100,BMS_PackState,30.150000000000002,78.30000000000001,67.48,,,,,,,,,,,,,,,,,,,
306.5,0x101,BMS_CellVolt1,,,,3.7760000000000002,3.778,3.771,3.774,,,,,,,,,,,,,,,
306.5,0x102,BMS_CellVolt2,,,,,,,,3.795,3.698,3.778,3.783,,,,,,,,,,,
306.6,0x100,BMS_PackState,30.16,78.60000000000001,67.43,,,,,,,,,,,,,,,,,,,
306.7,0x100,BMS_PackState,30.14,78.9,67.54,,,,,,,,,,,,,,,,,,,
306.8,0x100,BMS_PackState,30.12,81.30000000000001,67.5,,,,,,,,,,,,,,,,,,,
306.9,0x100,BMS_PackState,30.17,76.9,67.45,,,,,,,,,,,,,,,,,,,
307.0,0x100,BMS_PackState,30.150000000000002,79.4,67.43,,,,,,,,,,,,,,,,,,,
307.0,0x101,BMS_CellVolt1,,,,3.771,3.781,3.7680000000000002,3.7720000000000002,,,,,,,,,,,,,,,
307.0,0x102,BMS_CellVolt2,,,,,,,,3.794,3.698,3.782,3.779,,,,,,,,,,,
307.0,0x103,BMS_Temps,,,,,,,,,,,,37.6,38.2,42.7,37.4,,,,,,,
307.0,0x104,BMS_Status,,,,,,,,,,,,,,,,0.0,0.0,0.0,0.0,0.0,1.0,1.0
307.1,0x100,BMS_PackState,30.150000000000002,78.4,67.46000000000001,,,,,,,,,,,,,,,,,,,
307.2,0x100,BMS_PackState,30.18,75.7,67.38,,,,,,,,,,,,,,,,,,,
307.3,0x100,BMS_PackState,30.14,79.2,67.3,,,,,,,,,,,,,,,,,,,
307.4,0x100,BMS_PackState,30.13,79.9,67.6,,,,,,,,,,,,,,,,,,,
307.5,0x100,BMS_PackState,30.18,76.7,67.6,,,,,,,,,,,,,,,,,,,
307.5,0x101,BMS_CellVolt1,,,,3.779,3.7800000000000002,3.773,3.778,,,,,,,,,,,,,,,
307.5,0x102,BMS_CellVolt2,,,,,,,,3.7960000000000003,3.705,3.7840000000000003,3.786,,,,,,,,,,,
307.6,0x100,BMS_PackState,30.16,78.0,67.45,,,,,,,,,,,,,,,,,,,
307.7,0x100,BMS_PackState,30.19,75.4,67.48,,,,,,,,,,,,,,,,,,,
307.8,0x100,BMS_PackState,30.18,76.0,67.4,,,,,,,,,,,,,,,,,,,
307.9,0x100,BMS_PackState,30.13,79.5,67.47,,,,,,,,,,,,,,,,,,,
308.0,0x100,BMS_PackState,30.16,77.2,67.43,,,,,,,,,,,,,,,,,,,
308.0,0x101,BMS_CellVolt1,,,,3.777,3.779,3.769,3.7760000000000002,,,,,,,,,,,,,,,
308.0,0x102,BMS_CellVolt2,,,,,,,,3.793,3.7030000000000003,3.7800000000000002,3.782,,,,,,,,,,,
308.0,0x103,BMS_Temps,,,,,,,,,,,,37.4,38.1,42.400000000000006,37.1,,,,,,,
308.0,0x104,BMS_Status,,,,,,,,,,,,,,,,0.0,0.0,0.0,0.0,0.0,1.0,1.0
308.1,0x100,BMS_PackState,30.18,76.2,67.43,,,,,,,,,,,,,,,,,,,
308.2,0x100,BMS_PackState,30.150000000000002,78.2,67.31,,,,,,,,,,,,,,,,,,,
308.3,0x100,BMS_PackState,30.17,77.0,67.59,,,,,,,,,,,,,,,,,,,
308.4,0x100,BMS_PackState,30.17,77.10000000000001,67.29,,,,,,,,,,,,,,,,,,,
308.5,0x100,BMS_PackState,30.14,78.9,67.48,,,,,,,,,,,,,,,,,,,
308.5,0x101,BMS_CellVolt1,,,,3.775,3.774,3.7680000000000002,3.773,,,,,,,,,,,,,,,
308.5,0x102,BMS_CellVolt2,,,,,,,,3.7920000000000003,3.696,3.781,3.783,,,,,,,,,,,
308.6,0x100,BMS_PackState,30.17,76.0,67.32000000000001,,,,,,,,,,,,,,,,,,,
308.7,0x100,BMS_PackState,30.17,76.3,67.19,,,,,,,,,,,,,,,,,,,
308.8,0x100,BMS_PackState,30.150000000000002,77.9,67.48,,,,,,,,,,,,,,,,,,,
308.9,0x100,BMS_PackState,30.14,79.10000000000001,67.4,,,,,,,,,,,,,,,,,,,
309.0,0x100,BMS_PackState,30.14,79.5,67.24,,,,,,,,,,,,,,,,,,,
309.0,0x101,BMS_CellVolt1,,,,3.774,3.777,3.765,3.77,,,,,,,,,,,,,,,
309.0,0x102,BMS_CellVolt2,,,,,,,,3.791,3.6990000000000003,3.782,3.779,,,,,,,,,,,
309.0,0x103,BMS_Temps,,,,,,,,,,,,37.300000000000004,37.9,42.1,37.2,,,,,,,
309.0,0x104,BMS_Status,,,,,,,,,,,,,,,,0.0,0.0,0.0,0.0,0.0,1.0,1.0
309.1,0x100,BMS_PackState,30.17,76.60000000000001,67.44,,,,,,,,,,,,,,,,,,,
309.2,0x100,BMS_PackState,30.14,79.0,67.34,,,,,,,,,,,,,,,,,,,
309.3,0x100,BMS_PackState,30.18,76.4,67.55,,,,,,,,,,,,,,,,,,,
309.4,0x100,BMS_PackState,30.13,80.30000000000001,67.22,,,,,,,,,,,,,,,,,,,
309.5,0x100,BMS_PackState,30.19,75.9,67.3,,,,,,,,,,,,,,,,,,,
309.5,0x101,BMS_CellVolt1,,,,3.779,3.778,3.774,3.779,,,,,,,,,,,,,,,
309.5,0x102,BMS_CellVolt2,,,,,,,,3.797,3.705,3.785,3.789,,,,,,,,,,,
309.6,0x100,BMS_PackState,30.13,79.60000000000001,67.44,,,,,,,,,,,,,,,,,,,
309.7,0x100,BMS_PackState,30.17,76.60000000000001,67.31,,,,,,,,,,,,,,,,,,,
309.8,0x100,BMS_PackState,30.13,80.60000000000001,67.27,,,,,,,,,,,,,,,,,,,
309.9,0x100,BMS_PackState,30.14,78.5,67.37,,,,,,,,,,,,,,,,,,,
310.0,0x100,BMS_PackState,30.18,76.10000000000001,67.45,,,,,,,,,,,,,,,,,,,
310.0,0x101,BMS_CellVolt1,,,,3.777,3.779,3.77,3.777,,,,,,,,,,,,,,,
310.0,0x102,BMS_CellVolt2,,,,,,,,3.799,3.706,3.782,3.789,,,,,,,,,,,
310.0,0x103,BMS_Temps,,,,,,,,,,,,37.2,37.9,42.2,37.0,,,,,,,
310.0,0x104,BMS_Status,,,,,,,,,,,,,,,,0.0,0.0,0.0,0.0,0.0,1.0,1.0
310.1,0x100,BMS_PackState,30.150000000000002,76.9,67.33,,,,,,,,,,,,,,,,,,,
310.2,0x100,BMS_PackState,30.14,78.9,67.31,,,,,,,,,,,,,,,,,,,
310.3,0x100,BMS_PackState,30.14,79.30000000000001,67.25,,,,,,,,,,,,,,,,,,,
310.4,0x100,BMS_PackState,30.16,77.7,67.28,,,,,,,,,,,,,,,,,,,
310.5,0x100,BMS_PackState,30.150000000000002,77.9,67.21000000000001,,,,,,,,,,,,,,,,,,,
310.5,0x101,BMS_CellVolt1,,,,3.7760000000000002,3.7760000000000002,3.77,3.7720000000000002,,,,,,,,,,,,,,,
310.5,0x102,BMS_CellVolt2,,,,,,,,3.793,3.7,3.783,3.7800000000000002,,,,,,,,,,,
310.6,0x100,BMS_PackState,30.13,79.10000000000001,67.44,,,,,,,,,,,,,,,,,,,
310.7,0x100,BMS_PackState,30.14,78.2,67.38,,,,,,,,,,,,,,,,,,,
310.8,0x100,BMS_PackState,30.17,76.2,67.18,,,,,,,,,,,,,,,,,,,
310.9,0x100,BMS_PackState,30.16,77.0,67.24,,,,,,,,,,,,,,,,,,,
311.0,0x100,BMS_PackState,30.14,78.7,67.37,,,,,,,,,,,,,,,,,,,
311.0,0x101,BMS_CellVolt1,,,,3.778,3.7720000000000002,3.7680000000000002,3.7720000000000002,,,,,,,,,,,,,,,
311.0,0x102,BMS_CellVolt2,,,,,,,,3.793,3.7,3.781,3.778,,,,,,,,,,,
311.0,0x103,BMS_Temps,,,,,,,,,,,,37.2,37.7,42.0,36.9,,,,,,,
311.0,0x104,BMS_Status,,,,,,,,,,,,,,,,0.0,0.0,0.0,0.0,0.0,1.0,1.0
311.1,0x100,BMS_PackState,30.12,80.30000000000001,67.36,,,,,,,,,,,,,,,,,,,
311.2,0x100,BMS_PackState,30.12,81.0,67.28,,,,,,,,,,,,,,,,,,,
311.3,0x100,BMS_PackState,30.12,79.9,67.26,,,,,,,,,,,,,,,,,,,
311.4,0x100,BMS_PackState,30.12,79.4,67.28,,,,,,,,,,,,,,,,,,,
311.5,0x100,BMS_PackState,30.12,80.2,67.23,,,,,,,,,,,,,,,,,,,
311.5,0x101,BMS_CellVolt1,,,,3.774,3.775,3.763,3.773,,,,,,,,,,,,,,,
311.5,0x102,BMS_CellVolt2,,,,,,,,3.793,3.689,3.775,3.7760000000000002,,,,,,,,,,,
311.6,0x100,BMS_PackState,30.13,78.30000000000001,67.38,,,,,,,,,,,,,,,,,,,
311.7,0x100,BMS_PackState,30.12,79.30000000000001,67.34,,,,,,,,,,,,,,,,,,,
311.8,0x100,BMS_PackState,30.13,78.5,67.29,,,,,,,,,,,,,,,,,,,
311.9,0x100,BMS_PackState,30.14,78.10000000000001,67.15,,,,,,,,,,,,,,,,,,,
312.0,0x100,BMS_PackState,30.11,80.7,67.19,,,,,,,,,,,,,,,,,,,
312.0,0x101,BMS_CellVolt1,,,,3.767,3.77,3.763,3.767,,,,,,,,,,,,,,,
312.0,0x102,BMS_CellVolt2,,,,,,,,3.791,3.692,3.775,3.7800000000000002,,,,,,,,,,,
312.0,0x103,BMS_Temps,,,,,,,,,,,,37.0,37.800000000000004,42.0,36.7,,,,,,,
312.0,0x104,BMS_Status,,,,,,,,,,,,,,,,0.0,0.0,0.0,0.0,0.0,1.0,1.0
312.1,0x100,BMS_PackState,30.1,80.80000000000001,67.19,,,,,,,,,,,,,,,,,,,
312.2,0x100,BMS_PackState,30.11,81.80000000000001,67.21000000000001,,,,,,,,,,,,,,,,,,,
312.3,0x100,BMS_PackState,30.1,81.9,67.26,,,,,,,,,,,,,,,,,,,
312.4,0x100,BMS_PackState,30.09,81.7,67.4,,,,,,,,,,,,,,,,,,,
312.5,0x100,BMS_PackState,30.1,82.5,67.25,,,,,,,,,,,,,,,,,,,
312.5,0x101,BMS_CellVolt1,,,,3.767,3.766,3.7640000000000002,3.7680000000000002,,,,,,,,,,,,,,,
312.5,0x102,BMS_CellVolt2,,,,,,,,3.789,3.686,3.7760000000000002,3.778,,,,,,,,,,,
312.6,0x100,BMS_PackState,30.080000000000002,82.0,67.09,,,,,,,,,,,,,,,,,,,
312.7,0x100,BMS_PackState,30.080000000000002,83.0,67.29,,,,,,,,,,,,,,,,,,,
312.8,0x100,BMS_PackState,30.09,81.7,67.09,,,,,,,,,,,,,,,,,,,
312.9,0x100,BMS_PackState,30.07,83.7,67.26,,,,,,,,,,,,,,,,,,,
313.0,0x100,BMS_PackState,30.05,84.60000000000001,67.17,,,,,,,,,,,,,,,,,,,
313.0,0x101,BMS_CellVolt1,,,,3.763,3.766,3.755,3.7600000000000002,,,,,,,,,,,,,,,
313.0,0x102,BMS_CellVolt2,,,,,,,,3.785,3.6790000000000003,3.769,3.7720000000000002,,,,,,,,,,,
313.0,0x103,BMS_Temps,,,,,,,,,,,,37.0,37.800000000000004,41.900000000000006,36.800000000000004,,,,,,,
313.0,0x104,BMS_Status,,,,,,,,,,,,,,,,0.0,0.0,0.0,0.0,0.0,1.0,1.0
313.1,0x100,BMS_PackState,30.07,83.0,67.26,,,,,,,,,,,,,,,,,,,
313.2,0x100,BMS_PackState,30.060000000000002,84.60000000000001,67.26,,,,,,,,,,,,,,,,,,,
313.3,0x100,BMS_PackState,30.07,84.0,67.22,,,,,,,,,,,,,,,,,,,
313.4,0x100,BMS_PackState,30.05,84.60000000000001,67.09,,,,,,,,,,,,,,,,,,,
313.5,0x100,BMS_PackState,30.060000000000002,84.2,67.13,,,,,,,,,,,,,,,,,,,
313.5,0x101,BMS_CellVolt1,,,,3.765,3.7680000000000002,3.7600000000000002,3.763,,,,,,,,,,,,,,,
313.5,0x102,BMS_CellVolt2,,,,,,,,3.7840000000000003,3.681,3.771,3.771,,,,,,,,,,,
313.6,0x100,BMS_PackState,30.0,88.30000000000001,67.24,,,,,,,,,,,,,,,,,,,
313.7,0x100,BMS_PackState,30.0,88.5,67.2,,,,,,,,,,,,,,,,,,,
313.8,0x100,BMS_PackState,30.01,88.2,67.36,,,,,,,,,,,,,,,,,,,
313.9,0x100,BMS_PackState,29.98,90.9,67.18,,,,,,,,,,,,,,,,,,,
314.0,0x100,BMS_PackState,30.01,88.2,67.24,,,,,,,,,,,,,,,,,,,
314.0,0x101,BMS_CellVolt1,,,,3.753,3.761,3.7520000000000002,3.757,,,,,,,,,,,,,,,
314.0,0x102,BMS_CellVolt2,,,,,,,,3.779,3.674,3.763,3.77,,,,,,,,,,,
314.0,0x103,BMS_Temps,,,,,,,,,,,,37.2,37.800000000000004,42.0,36.9,,,,,,,
314.0,0x104,BMS_Status,,,,,,,,,,,,,,,,0.0,0.0,0.0,0.0,0.0,1.0,1.0
314.1,0x100,BMS_PackState,29.94,93.60000000000001,67.12,,,,,,,,,,,,,,,,,,,
314.2,0x100,BMS_PackState,29.990000000000002,89.30000000000001,67.07000000000001,,,,,,,,,,,,,,,,,,,
314.3,0x100,BMS_PackState,29.97,90.60000000000001,67.27,,,,,,,,,,,,,,,,,,,
314.4,0x100,BMS_PackState,29.98,90.2,67.07000000000001,,,,,,,,,,,,,,,,,,,
314.5,0x100,BMS_PackState,29.96,92.0,67.0,,,,,,,,,,,,,,,,,,,
314.5,0x101,BMS_CellVolt1,,,,3.7520000000000002,3.755,3.745,3.7520000000000002,,,,,,,,,,,,,,,
314.5,0x102,BMS_CellVolt2,,,,,,,,3.7720000000000002,3.662,3.761,3.7600000000000002,,,,,,,,,,,
314.6,0x100,BMS_PackState,29.93,93.30000000000001,67.0,,,,,,,,,,,,,,,,,,,
314.7,0x100,BMS_PackState,29.96,92.4,67.17,,,,,,,,,,,,,,,,,,,
314.8,0x100,BMS_PackState,29.900000000000002,95.9,67.06,,,,,,,,,,,,,,,,,,,
314.9,0x100,BMS_PackState,29.93,94.2,66.97,,,,,,,,,,,,,,,,,,,
315.0,0x100,BMS_PackState,29.92,94.9,67.31,,,,,,,,,,,,,,,,,,,
315.0,0x101,BMS_CellVolt1,,,,3.75,3.746,3.74,3.743,,,,,,,,,,,,,,,
315.0,0x102,BMS_CellVolt2,,,,,,,,3.774,3.654,3.7520000000000002,3.762,,,,,,,,,,,
315.0,0x103,BMS_Temps,,,,,,,,,,,,37.4,38.1,42.5,37.2,,,,,,,
315.0,0x104,BMS_Status,,,,,,,,,,,,,,,,0.0,0.0,0.0,0.0,0.0,1.0,1.0
315.1,0x100,BMS_PackState,29.92,93.7,66.89,,,,,,,,,,,,,,,,,,,
315.2,0x100,BMS_PackState,29.91,96.30000000000001,67.06,,,,,,,,,,,,,,,,,,,
315.3,0x100,BMS_PackState,29.89,96.10000000000001,67.26,,,,,,,,,,,,,,,,,,,
315.4,0x100,BMS_PackState,29.900000000000002,96.0,67.1,,,,,,,,,,,,,,,,,,,
315.5,0x100,BMS_PackState,29.900000000000002,96.4,67.33,,,,,,,,,,,,,,,,,,,
315.5,0x101,BMS_CellVolt1,,,,3.743,3.742,3.74,3.745,,,,,,,,,,,,,,,
315.5,0x102,BMS_CellVolt2,,,,,,,,3.767,3.6510000000000002,3.753,3.7560000000000002,,,,,,,,,,,
315.6,0x100,BMS_PackState,29.830000000000002,102.2,67.16,,,,,,,,,,,,,,,,,,,
315.7,0x100,BMS_PackState,29.87,98.4,66.96000000000001,,,,,,,,,,,,,,,,,,,
315.8,0x100,BMS_PackState,29.900000000000002,97.2,67.15,,,,,,,,,,,,,,,,,,,
315.9,0x100,BMS_PackState,29.86,99.0,67.01,,,,,,,,,,,,,,,,,,,
316.0,0x100,BMS_PackState,29.85,100.5,67.04,,,,,,,,,,,,,,,,,,,
316.0,0x101,BMS_CellVolt1,,,,3.739,3.742,3.732,3.737,,,,,,,,,,,,,,,
316.0,0x102,BMS_CellVolt2,,,,,,,,3.763,3.642,3.743,3.748,,,,,,,,,,,
316.0,0x103,BMS_Temps,,,,,,,,,,,,37.800000000000004,38.400000000000006,43.0,37.5,,,,,,,
316.0,0x104,BMS_Status,,,,,,,,,,,,,,,,0.0,0.0,0.0,0.0,0.0,1.0,1.0
316.1,0x100,BMS_PackState,29.82,102.0,66.96000000000001,,,,,,,,,,,,,,,,,,,
316.2,0x100,BMS_PackState,29.82,102.60000000000001,66.99,,,,,,,,,,,,,,,,,,,
316.3,0x100,BMS_PackState,29.810000000000002,103.4,67.12,,,,,,,,,,,,,,,,,,,
316.4,0x100,BMS_PackState,29.82,101.9,66.95,,,,,,,,,,,,,,,,,,,
316.5,0x100,BMS_PackState,29.810000000000002,103.9,66.84,,,,,,,,,,,,,,,,,,,
316.5,0x101,BMS_CellVolt1,,,,3.736,3.734,3.724,3.73,,,,,,,,,,,,,,,
316.5,0x102,BMS_CellVolt2,,,,,,,,3.761,3.633,3.744,3.746,,,,,,,,,,,
316.6,0x100,BMS_PackState,29.810000000000002,102.60000000000001,67.07000000000001,,,,,,,,,,,,,,,,,,,
316.7,0x100,BMS_PackState,29.8,103.5,67.0,,,,,,,,,,,,,,,,,,,
316.8,0x100,BMS_PackState,29.8,103.60000000000001,67.11,,,,,,,,,,,,,,,,,,,
316.9,0x100,BMS_PackState,29.79,103.7,66.94,,,,,,,,,,,,,,,,,,,
317.0,0x100,BMS_PackState,29.740000000000002,107.5,67.11,,,,,,,,,,,,,,,,,,,
317.0,0x101,BMS_CellVolt1,,,,3.725,3.729,3.717,3.726,,,,,,,,,,,,,,,
317.0,0x102,BMS_CellVolt2,,,,,,,,3.7520000000000002,3.622,3.736,3.738,,,,,,,,,,,
317.0,0x103,BMS_Temps,,,,,,,,,,,,38.400000000000006,39.0,43.7,38.1,,,,,,,
317.0,0x104,BMS_Status,,,,,,,,,,,,,,,,0.0,0.0,0.0,0.0,0.0,1.0,1.0
317.1,0x100,BMS_PackState,29.75,107.4,67.07000000000001,,,,,,,,,,,,,,,,,,,
317.2,0x100,BMS_PackState,29.740000000000002,108.2,67.05,,,,,,,,,,,,,,,,,,,
317.3,0x100,BMS_PackState,29.75,107.2,66.85,,,,,,,,,,,,,,,,,,,
317.4,0x100,BMS_PackState,29.73,108.7,66.98,,,,,,,,,,,,,,,,,,,
317.5,0x100,BMS_PackState,29.77,105.2,67.07000000000001,,,,,,,,,,,,,,,,,,,
317.5,0x101,BMS_CellVolt1,,,,3.729,3.734,3.725,3.725,,,,,,,,,,,,,,,
317.5,0x102,BMS_CellVolt2,,,,,,,,3.755,3.626,3.739,3.735,,,,,,,,,,,
317.6,0x100,BMS_PackState,29.73,109.5,66.92,,,,,,,,,,,,,,,,,,,
317.7,0x100,BMS_PackState,29.73,108.80000000000001,66.76,,,,,,,,,,,,,,,,,,,
317.8,0x100,BMS_PackState,29.72,109.7,66.89,,,,,,,,,,,,,,,,,,,
317.9,0x100,BMS_PackState,29.72,109.60000000000001,66.86,,,,,,,,,,,,,,,,,,,
318.0,0x100,BMS_PackState,29.740000000000002,107.80000000000001,66.89,,,,,,,,,,,,,,,,,,,
318.0,0x101,BMS_CellVolt1,,,,3.724,3.729,3.719,3.725,,,,,,,,,,,,,,,
318.0,0x102,BMS_CellVolt2,,,,,,,,3.7520000000000002,3.617,3.735,3.741,,,,,,,,,,,
318.0,0x103,BMS_Temps,,,,,,,,,,,,39.0,39.6,44.5,38.7,,,,,,,
318.0,0x104,BMS_Status,,,,,,,,,,,,,,,,0.0,0.0,0.0,0.0,0.0,1.0,1.0
318.1,0x100,BMS_PackState,29.75,107.2,66.8,,,,,,,,,,,,,,,,,,,
318.2,0x100,BMS_PackState,29.73,108.60000000000001,67.01,,,,,,,,,,,,,,,,,,,
318.3,0x100,BMS_PackState,29.71,110.7,66.99,,,,,,,,,,,,,,,,,,,
318.4,0x100,BMS_PackState,29.7,111.0,66.83,,,,,,,,,,,,,,,,,,,
318.5,0x100,BMS_PackState,29.740000000000002,108.0,66.88,,,,,,,,,,,,,,,,,,,
318.5,0x101,BMS_CellVolt1,,,,3.728,3.732,3.717,3.722,,,,,,,,,,,,,,,
318.5,0x102,BMS_CellVolt2,,,,,,,,3.75,3.619,3.732,3.736,,,,,,,,,,,
318.6,0x100,BMS_PackState,29.73,108.60000000000001,66.83,,,,,,,,,,,,,,,,,,,
318.7,0x100,BMS_PackState,29.72,109.0,66.96000000000001,,,,,,,,,,,,,,,,,,,
318.8,0x100,BMS_PackState,29.72,109.60000000000001,66.8,,,,,,,,,,,,,,,,,,,
318.9,0x100,BMS_PackState,29.740000000000002,108.10000000000001,66.81,,,,,,,,,,,,,,,,,,,
319.0,0x100,BMS_PackState,29.740000000000002,107.9,66.9,,,,,,,,,,,,,,,,,,,
319.0,0x101,BMS_CellVolt1,,,,3.727,3.732,3.717,3.723,,,,,,,,,,,,,,,
319.0,0x102,BMS_CellVolt2,,,,,,,,3.748,3.623,3.734,3.736,,,,,,,,,,,
319.0,0x103,BMS_Temps,,,,,,,,,,,,39.5,40.2,45.300000000000004,39.2,,,,,,,
319.0,0x104,BMS_Status,,,,,,,,,,,,,,,,0.0,0.0,0.0,0.0,0.0,1.0,1.0
319.1,0x100,BMS_PackState,29.73,108.80000000000001,66.8,,,,,,,,,,,,,,,,,,,
319.2,0x100,BMS_PackState,29.71,110.0,67.05,,,,,,,,,,,,,,,,,,,
319.3,0x100,BMS_PackState,29.740000000000002,108.0,66.8,,,,,,,,,,,,,,,,,,,
319.4,0x100,BMS_PackState,29.72,109.4,66.94,,,,,,,,,,,,,,,,,,,
319.5,0x100,BMS_PackState,29.7,111.0,66.95,,,,,,,,,,,,,,,,,,,
319.5,0x101,BMS_CellVolt1,,,,3.723,3.721,3.718,3.719,,,,,,,,,,,,,,,
319.5,0x102,BMS_CellVolt2,,,,,,,,3.746,3.613,3.728,3.731,,,,,,,,,,,
319.6,0x100,BMS_PackState,29.740000000000002,107.2,66.72,,,,,,,,,,,,,,,,,,,
319.7,0x100,BMS_PackState,29.73,108.60000000000001,66.82000000000001,,,,,,,,,,,,,,,,,,,
319.8,0x100,BMS_PackState,29.7,110.2,66.76,,,,,,,,,,,,,,,,,,,
319.9,0x100,BMS_PackState,29.740000000000002,107.80000000000001,66.93,,,,,,,,,,,,,,,,,,,
320.0,0x100,BMS_PackState,29.740000000000002,107.2,66.82000000000001,,,,,,,,,,,,,,,,,,,
320.0,0x101,BMS_CellVolt1,,,,3.726,3.726,3.723,3.725,,,,,,,,,,,,,,,
320.0,0x102,BMS_CellVolt2,,,,,,,,3.749,3.622,3.734,3.737,,,,,,,,,,,
320.0,0x103,BMS_Temps,,,,,,,,,,,,40.1,40.800000000000004,46.1,39.800000000000004,,,,,,,
320.0,0x104,BMS_Status,,,,,,,,,,,,,,,,0.0,0.0,0.0,0.0,0.0,1.0,1.0
320.1,0x100,BMS_PackState,29.71,109.5,66.92,,,,,,,,,,,,,,,,,,,
320.2,0x100,BMS_PackState,29.740000000000002,106.9,66.98,,,,,,,,,,,,,,,,,,,
320.3,0x100,BMS_PackState,29.72,108.60000000000001,66.99,,,,,,,,,,,,,,,,,,,
320.4,0x100,BMS_PackState,29.76,107.2,66.7,,,,,,,,,,,,,,,,,,,
320.5,0x100,BMS_PackState,29.76,105.60000000000001,66.69,,,,,,,,,,,,,,,,,,,
320.5,0x101,BMS_CellVolt1,,,,3.728,3.731,3.72,3.726,,,,,,,,,,,,,,,
320.5,0x102,BMS_CellVolt2,,,,,,,,3.754,3.625,3.734,3.742,,,,,,,,,,,
320.6,0x100,BMS_PackState,29.75,106.30000000000001,66.68,,,,,,,,,,,,,,,,,,,
320.7,0x100,BMS_PackState,29.75,105.60000000000001,66.91,,,,,,,,,,,,,,,,,,,
320.8,0x100,BMS_PackState,29.740000000000002,106.2,66.86,,,,,,,,,,,,,,,,,,,
320.9,0x100,BMS_PackState,29.78,103.30000000000001,66.85,,,,,,,,,,,,,,,,,,,
321.0,0x100,BMS_PackState,29.78,103.60000000000001,66.83,,,,,,,,,,,,,,,,,,,
321.0,0x101,BMS_CellVolt1,,,,3.73,3.736,3.723,3.73,,,,,,,,,,,,,,,
321.0,0x102,BMS_CellVolt2,,,,,,,,3.754,3.63,3.736,3.742,,,,,,,,,,,
321.0,0x103,BMS_Temps,,,,,,,,,,,,40.400000000000006,41.300000000000004,46.800000000000004,40.1,,,,,,,
321.0,0x104,BMS_Status,,,,,,,,,,,,,,,,0.0,0.0,0.0,0.0,0.0,1.0,1.0
321.1,0x100,BMS_PackState,29.78,102.9,66.73,,,,,,,,,,,,,,,,,,,
321.2,0x100,BMS_PackState,29.78,103.5,66.77,,,,,,,,,,,,,,,,,,,
321.3,0x100,BMS_PackState,29.830000000000002,100.30000000000001,66.79,,,,,,,,,,,,,,,,,,,
321.4,0x100,BMS_PackState,29.79,102.80000000000001,66.76,,,,,,,,,,,,,,,,,,,
321.5,0x100,BMS_PackState,29.810000000000002,101.4,66.68,,,,,,,,,,,,,,,,,,,
321.5,0x101,BMS_CellVolt1,,,,3.736,3.736,3.727,3.735,,,,,,,,,,,,,,,
321.5,0x102,BMS_CellVolt2,,,,,,,,3.757,3.633,3.742,3.746,,,,,,,,,,,
321.6,0x100,BMS_PackState,29.84,98.10000000000001,66.9,,,,,,,,,,,,,,,,,,,
321.7,0x100,BMS_PackState,29.810000000000002,101.2,66.62,,,,,,,,,,,,,,,,,,,
321.8,0x100,BMS_PackState,29.79,102.10000000000001,66.69,,,,,,,,,,,,,,,,,,,
321.9,0x100,BMS_PackState,29.830000000000002,99.60000000000001,66.87,,,,,,,,,,,,,,,,,,,
322.0,0x100,BMS_PackState,29.830000000000002,99.60000000000001,66.81,,,,,,,,,,,,,,,,,,,
322.0,0x101,BMS_CellVolt1,,,,3.733,3.736,3.726,3.737,,,,,,,,,,,,,,,
322.0,0x102,BMS_CellVolt2,,,,,,,,3.763,3.641,3.744,3.744,,,,,,,,,,,
322.0,0x103,BMS_Temps,,,,,,,,,,,,40.800000000000004,41.5,47.0,40.400000000000006,,,,,,,
322.0,0x104,BMS_Status,,,,,,,,,,,,,,,,0.0,0.0,0.0,0.0,0.0,1.0,1.0
322.1,0x100,BMS_PackState,29.86,96.9,66.59,,,,,,,,,,,,,,,,,,,
322.2,0x100,BMS_PackState,29.91,93.60000000000001,66.49,,,,,,,,,,,,,,,,,,,
322.3,0x100,BMS_PackState,29.91,92.7,66.6,,,,,,,,,,,,,,,,,,,
322.4,0x100,BMS_PackState,29.88,95.2,66.71000000000001,,,,,,,,,,,,,,,,,,,
322.5,0x100,BMS_PackState,29.900000000000002,93.2,66.7,,,,,,,,,,,,,,,,,,,
322.5,0x101,BMS_CellVolt1,,,,3.748,3.747,3.738,3.743,,,,,,,,,,,,,,,
322.5,0x102,BMS_CellVolt2,,,,,,,,3.767,3.653,3.753,3.7560000000000002,,,,,,,,,,,
322.6,0x100,BMS_PackState,29.92,92.10000000000001,66.69,,,,,,,,,,,,,,,,,,,
322.7,0x100,BMS_PackState,29.91,92.7,66.74,,,,,,,,,,,,,,,,,,,
322.8,0x100,BMS_PackState,29.91,93.0,66.68,,,,,,,,,,,,,,,,,,,
322.9,0x100,BMS_PackState,29.96,89.2,66.77,,,,,,,,,,,,,,,,,,,
323.0,0x100,BMS_PackState,29.94,90.10000000000001,66.75,,,,,,,,,,,,,,,,,,,
323.0,0x101,BMS_CellVolt1,,,,3.751,3.7520000000000002,3.744,3.747,,,,,,,,,,,,,,,
323.0,0x102,BMS_CellVolt2,,,,,,,,3.7720000000000002,3.66,3.757,3.758,,,,,,,,,,,
323.0,0x103,BMS_Temps,,,,,,,,,,,,40.7,41.5,47.1,40.400000000000006,,,,,,,
323.0,0x104,BMS_Status,,,,,,,,,,,,,,,,0.0,0.0,0.0,0.0,0.0,1.0,1.0
323.1,0x100,BMS_PackState,29.92,92.4,66.45,,,,,,,,,,,,,,,,,,,
323.2,0x100,BMS_PackState,29.98,87.80000000000001,66.67,,,,,,,,,,,,,,,,,,,
323.3,0x100,BMS_PackState,29.94,90.10000000000001,66.64,,,,,,,,,,,,,,,,,,,
323.4,0x100,BMS_PackState,29.990000000000002,87.4,66.68,,,,,,,,,,,,,,,,,,,
323.5,0x100,BMS_PackState,29.97,88.30000000000001,66.62,,,,,,,,,,,,,,,,,,,
323.5,0x101,BMS_CellVolt1,,,,3.755,3.754,3.749,3.75,,,,,,,,,,,,,,,
323.5,0x102,BMS_CellVolt2,,,,,,,,3.775,3.669,3.758,3.758,,,,,,,,,,,
323.6,0x100,BMS_PackState,29.96,88.5,66.48,,,,,,,,,,,,,,,,,,,
323.7,0x100,BMS_PackState,29.97,87.4,66.68,,,,,,,,,,,,,,,,,,,
323.8,0x100,BMS_PackState,29.990000000000002,87.0,66.7,,,,,,,,,,,,,,,,,,,
323.9,0x100,BMS_PackState,30.03,83.30000000000001,66.45,,,,,,,,,,,,,,,,,,,
324.0,0x100,BMS_PackState,30.01,86.2,66.8,,,,,,,,,,,,,,,,,,,
324.0,0x101,BMS_CellVolt1,,,,3.758,3.762,3.754,3.755,,,,,,,,,,,,,,,
324.0,0x102,BMS_CellVolt2,,,,,,,,3.7760000000000002,3.672,3.7600000000000002,3.769,,,,,,,,,,,
324.0,0x103,BMS_Temps,,,,,,,,,,,,40.7,41.400000000000006,46.800000000000004,40.400000000000006,,,,,,,
324.0,0x104,BMS_Status,,,,,,,,,,,,,,,,0.0,0.0,0.0,0.0,0.0,1.0,1.0
324.1,0x100,BMS_PackState,30.03,82.60000000000001,66.72,,,,,,,,,,,,,,,,,,,
324.2,0x100,BMS_PackState,30.03,83.80000000000001,66.53,,,,,,,,,,,,,,,,,,,
324.3,0x100,BMS_PackState,30.03,83.2,66.5,,,,,,,,,,,,,,,,,,,
324.4,0x100,BMS_PackState,30.03,83.0,66.63,,,,,,,,,,,,,,,,,,,
324.5,0x100,BMS_PackState,30.04,82.30000000000001,66.62,,,,,,,,,,,,,,,,,,,
324.5,0x101,BMS_CellVolt1,,,,3.761,3.7640000000000002,3.7560000000000002,3.765,,,,,,,,,,,,,,,
324.5,0x102,BMS_CellVolt2,,,,,,,,3.778,3.6790000000000003,3.766,3.771,,,,,,,,,,,
324.6,0x100,BMS_PackState,30.07,80.0,66.66,,,,,,,,,,,,,,,,,,,
324.7,0x100,BMS_PackState,30.080000000000002,78.80000000000001,66.64,,,,,,,,,,,,,,,,,,,
324.8,0x100,BMS_PackState,30.05,81.60000000000001,66.65,,,,,,,,,,,,,,,,,,,
324.9,0x100,BMS_PackState,30.07,80.10000000000001,66.48,,,,,,,,,,,,,,,,,,,
325.0,0x100,BMS_PackState,30.05,81.2,66.57000000000001,,,,,,,,,,,,,,,,,,,
325.0,0x101,BMS_CellVolt1,,,,3.765,3.762,3.757,3.763,,,,,,,,,,,,,,,
325.0,0x102,BMS_CellVolt2,,,,,,,,3.7800000000000002,3.6830000000000003,3.767,3.773,,,,,,,,,,,
325.0,0x103,BMS_Temps,,,,,,,,,,,,40.400000000000006,41.1,46.5,40.1,,,,,,,
325.0,0x104,BMS_Status,,,,,,,,,,,,,,,,0.0,0.0,0.0,0.0,0.0,1.0,1.0
325.1,0x100,BMS_PackState,30.080000000000002,78.9,66.61,,,,,,,,,,,,,,,,,,,
325.2,0x100,BMS_PackState,30.11,76.5,66.55,,,,,,,,,,,,,,,,,,,
325.3,0x100,BMS_PackState,30.07,79.7,66.63,,,,,,,,,,,,,,,,,,,
325.4,0x100,BMS_PackState,30.1,77.30000000000001,66.67,,,,,,,,,,,,,,,,,,,
325.5,0x100,BMS_PackState,30.09,78.0,66.48,,,,,,,,,,,,,,,,,,,
325.5,0x101,BMS_CellVolt1,,,,3.766,3.77,3.763,3.766,,,,,,,,,,,,,,,
325.5,0x102,BMS_CellVolt2,,,,,,,,3.786,3.692,3.775,3.773,,,,,,,,,,,
325.6,0x100,BMS_PackState,30.12,76.2,66.55,,,,,,,,,,,,,,,,,,,
325.7,0x100,BMS_PackState,30.07,79.30000000000001,66.5,,,,,,,,,,,,,,,,,,,
325.8,0x100,BMS_PackState,30.12,75.2,66.51,,,,,,,,,,,,,,,,,,,
325.9,0x100,BMS_PackState,30.13,75.7,66.38,,,,,,,,,,,,,,,,,,,
326.0,0x100,BMS_PackState,30.1,76.10000000000001,66.58,,,,,,,,,,,,,,,,,,,
326.0,0x101,BMS_CellVolt1,,,,3.769,3.773,3.7640000000000002,3.765,,,,,,,,,,,,,,,
326.0,0x102,BMS_CellVolt2,,,,,,,,3.7880000000000003,3.692,3.775,3.775,,,,,,,,,,,
326.0,0x103,BMS_Temps,,,,,,,,,,,,40.1,40.800000000000004,46.0,39.800000000000004,,,,,,,
326.0,0x104,BMS_Status,,,,,,,,,,,,,,,,0.0,0.0,0.0,0.0,0.0,1.0,1.0
326.1,0x100,BMS_PackState,30.14,74.0,66.82000000000001,,,,,,,,,,,,,,,,,,,
326.2,0x100,BMS_PackState,30.12,75.9,66.58,,,,,,,,,,,,,,,,,,,
326.3,0x100,BMS_PackState,30.09,77.60000000000001,66.76,,,,,,,,,,,,,,,,,,,
326.4,0x100,BMS_PackState,30.13,74.2,66.65,,,,,,,,,,,,,,,,,,,
326.5,0x100,BMS_PackState,30.13,75.3,66.45,,,,,,,,,,,,,,,,,,,
326.5,0x101,BMS_CellVolt1,,,,3.774,3.775,3.765,3.771,,,,,,,,,,,,,,,
326.5,0x102,BMS_CellVolt2,,,,,,,,3.7880000000000003,3.6950000000000003,3.781,3.778,,,,,,,,,,,
326.6,0x100,BMS_PackState,30.19,70.4,66.56,,,,,,,,,,,,,,,,,,,
326.7,0x100,BMS_PackState,30.14,74.3,66.59,,,,,,,,,,,,,,,,,,,
326.8,0x100,BMS_PackState,30.13,73.7,66.58,,,,,,,,,,,,,,,,,,,
326.9,0x100,BMS_PackState,30.16,72.8,66.43,,,,,,,,,,,,,,,,,,,
327.0,0x100,BMS_PackState,30.12,75.5,66.52,,,,,,,,,,,,,,,,,,,
327.0,0x101,BMS_CellVolt1,,,,3.767,3.771,3.759,3.77,,,,,,,,,,,,,,,
327.0,0x102,BMS_CellVolt2,,,,,,,,3.787,3.697,3.782,3.782,,,,,,,,,,,
327.0,0x103,BMS_Temps,,,,,,,,,,,,39.5,40.400000000000006,45.400000000000006,39.300000000000004,,,,,,,
327.0,0x104,BMS_Status,,,,,,,,,,,,,,,,0.0,0.0,0.0,0.0,0.0,1.0,1.0
327.1,0x100,BMS_PackState,30.16,73.3,66.67,,,,,,,,,,,,,,,,,,,
327.2,0x100,BMS_PackState,30.150000000000002,73.4,66.34,,,,,,,,,,,,,,,,,,,
327.3,0x100,BMS_PackState,30.14,72.9,66.59,,,,,,,,,,,,,,,,,,,
327.4,0x100,BMS_PackState,30.18,70.5,66.61,,,,,,,,,,,,,,,,,,,
327.5,0x100,BMS_PackState,30.17,71.60000000000001,66.31,,,,,,,,,,,,,,,,,,,
327.5,0x101,BMS_CellVolt1,,,,3.7760000000000002,3.779,3.778,3.775,,,,,,,,,,,,,,,
327.5,0x102,BMS_CellVolt2,,,,,,,,3.7960000000000003,3.706,3.7840000000000003,3.7800000000000002,,,,,,,,,,,
327.6,0x100,BMS_PackState,30.13,74.60000000000001,66.42,,,,,,,,,,,,,,,,,,,
327.7,0x100,BMS_PackState,30.18,70.0,66.45,,,,,,,,,,,,,,,,,,,
327.8,0x100,BMS_PackState,30.17,71.9,66.56,,,,,,,,,,,,,,,,,,,
327.9,0x100,BMS_PackState,30.150000000000002,72.4,66.47,,,,,,,,,,,,,,,,,,,
328.0,0x100,BMS_PackState,30.12,75.5,66.41,,,,,,,,,,,,,,,,,,,
328.0,0x101,BMS_CellVolt1,,,,3.7680000000000002,3.773,3.765,3.77,,,,,,,,,,,,,,,
328.0,0x102,BMS_CellVolt2,,,,,,,,3.789,3.697,3.779,3.779,,,,,,,,,,,
328.0,0x103,BMS_Temps,,,,,,,,,,,,39.300000000000004,40.0,45.0,39.0,,,,,,,
328.0,0x104,BMS_Status,,,,,,,,,,,,,,,,0.0,0.0,0.0,0.0,0.0,1.0,1.0
328.1,0x100,BMS_PackState,30.13,74.0,66.47,,,,,,,,,,,,,,,,,,,
328.2,0x100,BMS_PackState,30.16,72.0,66.5,,,,,,,,,,,,,,,,,,,
328.3,0x100,BMS_PackState,30.12,74.7,66.44,,,,,,,,,,,,,,,,,,,
328.4,0x100,BMS_PackState,30.16,71.60000000000001,66.61,,,,,,,,,,,,,,,,,,,
328.5,0x100,BMS_PackState,30.14,74.2,66.45,,,,,,,,,,,,,,,,,,,
328.5,0x101,BMS_CellVolt1,,,,3.773,3.775,3.766,3.774,,,,,,,,,,,,,,,
328.5,0x102,BMS_CellVolt2,,,,,,,,3.793,3.6990000000000003,3.778,3.781,,,,,,,,,,,
328.6,0x100,BMS_PackState,30.17,70.60000000000001,66.52,,,,,,,,,,,,,,,,,,,
328.7,0x100,BMS_PackState,30.13,74.2,66.33,,,,,,,,,,,,,,,,,,,
328.8,0x100,BMS_PackState,30.150000000000002,71.9,66.47,,,,,,,,,,,,,,,,,,,
328.9,0x100,BMS_PackState,30.17,71.0,66.38,,,,,,,,,,,,,,,,,,,
329.0,0x100,BMS_PackState,30.150000000000002,72.2,66.38,,,,,,,,,,,,,,,,,,,
329.0,0x101,BMS_CellVolt1,,,,3.774,3.7760000000000002,3.77,3.771,,,,,,,,,,,,,,,
329.0,0x102,BMS_CellVolt2,,,,,,,,3.791,3.702,3.7800000000000002,3.781,,,,,,,,,,,
329.0,0x103,BMS_Temps,,,,,,,,,,,,38.900000000000006,39.6,44.400000000000006,38.7,,,,,,,
329.0,0x104,BMS_Status,,,,,,,,,,,,,,,,0.0,0.0,0.0,0.0,0.0,1.0,1.0
329.1,0x100,BMS_PackState,30.14,72.9,66.58,,,,,,,,,,,,,,,,,,,
329.2,0x100,BMS_PackState,30.16,71.7,66.35,,,,,,,,,,,,,,,,,,,
329.3,0x100,BMS_PackState,30.13,73.2,66.36,,,,,,,,,,,,,,,,,,,
329.4,0x100,BMS_PackState,30.16,71.5,66.24,,,,,,,,,,,,,,,,,,,
329.5,0x100,BMS_PackState,30.14,73.3,66.32000000000001,,,,,,,,,,,,,,,,,,,
329.5,0x101,BMS_CellVolt1,,,,3.7720000000000002,3.774,3.769,3.773,,,,,,,,,,,,,,,
329.5,0x102,BMS_CellVolt2,,,,,,,,3.791,3.701,3.781,3.779,,,,,,,,,,,
329.6,0x100,BMS_PackState,30.150000000000002,73.0,66.23,,,,,,,,,,,,,,,,,,,
329.7,0x100,BMS_PackState,30.16,72.2,66.52,,,,,,,,,,,,,,,,,,,
329.8,0x100,BMS_PackState,30.16,71.60000000000001,66.43,,,,,,,,,,,,,,,,,,,
329.9,0x100,BMS_PackState,30.150000000000002,72.5,66.47,,,,,,,,,,,,,,,,,,,
330.0,0x100,BMS_PackState,30.150000000000002,73.0,66.43,,,,,,,,,,,,,,,,,,,
330.0,0x101,BMS_CellVolt1,,,,3.773,3.777,3.771,3.771,,,,,,,,,,,,,,,
330.0,0x102,BMS_CellVolt2,,,,,,,,3.794,3.702,3.777,3.781,,,,,,,,,,,
330.0,0x103,BMS_Temps,,,,,,,,,,,,38.5,39.300000000000004,44.1,38.300000000000004,,,,,,,
330.0,0x104,BMS_Status,,,,,,,,,,,,,,,,0.0,0.0,0.0,0.0,0.0,1.0,1.0
330.1,0x100,BMS_PackState,30.11,75.3,66.29,,,,,,,,,,,,,,,,,,,
330.2,0x100,BMS_PackState,30.13,73.60000000000001,66.46000000000001,,,,,,,,,,,,,,,,,,,
330.3,0x100,BMS_PackState,30.13,73.60000000000001,66.36,,,,,,,,,,,,,,,,,,,
330.4,0x100,BMS_PackState,30.09,76.7,66.43,,,,,,,,,,,,,,,,,,,
330.5,0x100,BMS_PackState,30.150000000000002,72.9,66.1,,,,,,,,,,,,,,,,,,,
330.5,0x101,BMS_CellVolt1,,,,3.779,3.775,3.77,3.771,,,,,,,,,,,,,,,
330.5,0x102,BMS_CellVolt2,,,,,,,,3.795,3.701,3.779,3.777,,,,,,,,,,,
330.6,0x100,BMS_PackState,30.150000000000002,72.8,66.25,,,,,,,,,,,,,,,,,,,
330.7,0x100,BMS_PackState,30.14,73.10000000000001,66.29,,,,,,,,,,,,,,,,,,,
330.8,0x100,BMS_PackState,30.17,70.5,66.39,,,,,,,,,,,,,,,,,,,
330.9,0x100,BMS_PackState,30.17,71.3,66.2,,,,,,,,,,,,,,,,,,,
331.0,0x100,BMS_PackState,30.17,71.2,66.58,,,,,,,,,,,,,,,,,,,
331.0,0x101,BMS_CellVolt1,,,,3.7760000000000002,3.779,3.774,3.7760000000000002,,,,,,,,,,,,,,,
331.0,0x102,BMS_CellVolt2,,,,,,,,3.79,3.705,3.782,3.786,,,,,,,,,,,
331.0,0x103,BMS_Temps,,,,,,,,,,,,38.400000000000006,39.0,43.6,38.1,,,,,,,
331.0,0x104,BMS_Status,,,,,,,,,,,,,,,,0.0,0.0,0.0,0.0,0.0,1.0,1.0
331.1,0x100,BMS_PackState,30.14,72.9,66.47,,,,,,,,,,,,,,,,,,,
331.2,0x100,BMS_PackState,30.16,71.7,66.47,,,,,,,,,,,,,,,,,,,
331.3,0x100,BMS_PackState,30.150000000000002,72.10000000000001,66.48,,,,,,,,,,,,,,,,,,,
331.4,0x100,BMS_PackState,30.14,73.5,66.39,,,,,,,,,,,,,,,,,,,
331.5,0x100,BMS_PackState,30.13,73.2,66.22,,,,,,,,,,,,,,,,,,,
331.5,0x101,BMS_CellVolt1,,,,3.7720000000000002,3.773,3.7680000000000002,3.769,,,,,,,,,,,,,,,
331.5,0x102,BMS_CellVolt2,,,,,,,,3.791,3.701,3.778,3.782,,,,,,,,,,,
331.6,0x100,BMS_PackState,30.16,71.7,66.37,,,,,,,,,,,,,,,,,,,
331.7,0x100,BMS_PackState,30.16,70.9,66.27,,,,,,,,,,,,,,,,,,,
331.8,0x100,BMS_PackState,30.12,73.60000000000001,66.3,,,,,,,,,,,,,,,,,,,
331.9,0x100,BMS_PackState,30.150000000000002,73.10000000000001,66.4,,,,,,,,,,,,,,,,,,,
332.0,0x100,BMS_PackState,30.17,69.5,66.26,,,,,,,,,,,,,,,,,,,
332.0,0x101,BMS_CellVolt1,,,,3.7760000000000002,3.7760000000000002,3.777,3.778,,,,,,,,,,,,,,,
332.0,0x102,BMS_CellVolt2,,,,,,,,3.791,3.7070000000000003,3.7840000000000003,3.783,,,,,,,,,,,
332.0,0x103,BMS_Temps,,,,,,,,,,,,38.0,38.7,43.2,37.7,,,,,,,
332.0,0x104,BMS_Status,,,,,,,,,,,,,,,,0.0,0.0,0.0,0.0,0.0,1.0,1.0
332.1,0x100,BMS_PackState,30.16,71.5,66.25,,,,,,,,,,,,,,,,,,,
332.2,0x100,BMS_PackState,30.150000000000002,72.3,66.4,,,,,,,,,,,,,,,,,,,
332.3,0x100,BMS_PackState,30.13,73.2,66.22,,,,,,,,,,,,,,,,,,,
332.4,0x100,BMS_PackState,30.13,73.5,66.27,,,,,,,,,,,,,,,,,,,
332.5,0x100,BMS_PackState,30.150000000000002,72.60000000000001,66.28,,,,,,,,,,,,,,,,,,,
332.5,0x101,BMS_CellVolt1,,,,3.774,3.777,3.77,3.77,,,,,,,,,,,,,,,
332.5,0x102,BMS_CellVolt2,,,,,,,,3.79,3.704,3.782,3.781,,,,,,,,,,,
332.6,0x100,BMS_PackState,30.13,73.10000000000001,66.35,,,,,,,,,,,,,,,,,,,
332.7,0x100,BMS_PackState,30.150000000000002,72.4,66.36,,,,,,,,,,,,,,,,,,,
332.8,0x100,BMS_PackState,30.150000000000002,71.4,66.22,,,,,,,,,,,,,,,,,,,
332.9,0x100,BMS_PackState,30.14,72.10000000000001,66.11,,,,,,,,,,,,,,,,,,,
333.0,0x100,BMS_PackState,30.13,72.7,66.4,,,,,,,,,,,,,,,,,,,
333.0,0x101,BMS_CellVolt1,,,,3.774,3.775,3.766,3.77,,,,,,,,,,,,,,,
333.0,0x102,BMS_CellVolt2,,,,,,,,3.789,3.7,3.777,3.782,,,,,,,,,,,
333.0,0x103,BMS_Temps,,,,,,,,,,,,37.7,38.300000000000004,42.800000000000004,37.6,,,,,,,
333.0,0x104,BMS_Status,,,,,,,,,,,,,,,,0.0,0.0,0.0,0.0,0.0,1.0,1.0
333.1,0x100,BMS_PackState,30.150000000000002,72.7,66.05,,,,,,,,,,,,,,,,,,,
333.2,0x100,BMS_PackState,30.17,70.10000000000001,66.31,,,,,,,,,,,,,,,,,,,
333.3,0x100,BMS_PackState,30.150000000000002,72.5,66.26,,,,,,,,,,,,,,,,,,,
333.4,0x100,BMS_PackState,30.12,73.3,66.28,,,,,,,,,,,,,,,,,,,
333.5,0x100,BMS_PackState,30.14,73.0,66.29,,,,,,,,,,,,,,,,,,,
333.5,0x101,BMS_CellVolt1,,,,3.771,3.7800000000000002,3.7680000000000002,3.774,,,,,,,,,,,,,,,
333.5,0x102,BMS_CellVolt2,,,,,,,,3.7880000000000003,3.701,3.774,3.779,,,,,,,,,,,
333.6,0x100,BMS_PackState,30.12,73.2,66.23,,,,,,,,,,,,,,,,,,,
333.7,0x100,BMS_PackState,30.12,74.5,66.24,,,,,,,,,,,,,,,,,,,
333.8,0x100,BMS_PackState,30.14,72.4,66.28,,,,,,,,,,,,,,,,,,,
333.9,0x100,BMS_PackState,30.150000000000002,71.8,66.27,,,,,,,,,,,,,,,,,,,
334.0,0x100,BMS_PackState,30.12,74.0,65.96000000000001,,,,,,,,,,,,,,,,,,,
334.0,0x101,BMS_CellVolt1,,,,3.7720000000000002,3.771,3.7680000000000002,3.7680000000000002,,,,,,,,,,,,,,,
334.0,0x102,BMS_CellVolt2,,,,,,,,3.793,3.698,3.777,3.778,,,,,,,,,,,
334.0,0x103,BMS_Temps,,,,,,,,,,,,37.6,38.1,42.5,37.300000000000004,,,,,,,
334.0,0x104,BMS_Status,,,,,,,,,,,,,,,,0.0,0.0,0.0,0.0,0.0,1.0,1.0
334.1,0x100,BMS_PackState,30.1,75.9,66.22,,,,,,,,,,,,,,,,,,,
334.2,0x100,BMS_PackState,30.080000000000002,77.60000000000001,66.31,,,,,,,,,,,,,,,,,,,
334.3,0x100,BMS_PackState,30.09,76.5,66.15,,,,,,,,,,,,,,,,,,,
334.4,0x100,BMS_PackState,30.12,73.5,66.27,,,,,,,,,,,,,,,,,,,
334.5,0x100,BMS_PackState,30.09,75.60000000000001,66.32000000000001,,,,,,,,,,,,,,,,,,,
334.5,0x101,BMS_CellVolt1,,,,3.767,3.77,3.7640000000000002,3.766,,,,,,,,,,,,,,,
334.5,0x102,BMS_CellVolt2,,,,,,,,3.785,3.693,3.775,3.7760000000000002,,,,,,,,,,,
334.6,0x100,BMS_PackState,30.09,76.7,66.22,,,,,,,,,,,,,,,,,,,
334.7,0x100,BMS_PackState,30.09,77.0,66.22,,,,,,,,,,,,,,,,,,,
334.8,0x100,BMS_PackState,30.07,77.9,66.07000000000001,,,,,,,,,,,,,,,,,,,
334.9,0x100,BMS_PackState,30.080000000000002,76.10000000000001,66.19,,,,,,,,,,,,,,,,,,,
335.0,0x100,BMS_PackState,30.07,78.0,66.25,,,,,,,,,,,,,,,,,,,
335.0,0x101,BMS_CellVolt1,,,,3.7640000000000002,3.7680000000000002,3.761,3.762,,,,,,,,,,,,,,,
335.0,0x102,BMS_CellVolt2,,,,,,,,3.7840000000000003,3.685,3.77,3.774,,,,,,,,,,,
335.0,0x103,BMS_Temps,,,,,,,,,,,,37.4,37.9,42.400000000000006,37.1,,,,,,,
335.0,0x104,BMS_Status,,,,,,,,,,,,,,,,0.0,0.0,0.0,0.0,0.0,1.0,1.0
335.1,0x100,BMS_PackState,30.05,78.9,66.15,,,,,,,,,,,,,,,,,,,
335.2,0x100,BMS_PackState,30.04,80.0,66.15,,,,,,,,,,,,,,,,,,,
335.3,0x100,BMS_PackState,30.060000000000002,78.0,66.23,,,,,,,,,,,,,,,,,,,
335.4,0x100,BMS_PackState,30.05,79.2,66.21000000000001,,,,,,,,,,,,,,,,,,,
335.5,0x100,BMS_PackState,30.09,76.10000000000001,66.22,,,,,,,,,,,,,,,,,,,
335.5,0x101,BMS_CellVolt1,,,,3.766,3.7680000000000002,3.759,3.767,,,,,,,,,,,,,,,
335.5,0x102,BMS_CellVolt2,,,,,,,,3.787,3.692,3.774,3.774,,,,,,,,,,,
335.6,0x100,BMS_PackState,30.04,79.7,66.01,,,,,,,,,,,,,,,,,,,
335.7,0x100,BMS_PackState,30.04,80.4,66.21000000000001,,,,,,,,,,,,,,,,,,,
335.8,0x100,BMS_PackState,30.02,80.2,66.0,,,,,,,,,,,,,,,,,,,
335.9,0x100,BMS_PackState,30.01,82.5,66.13,,,,,,,,,,,,,,,,,,,
336.0,0x100,BMS_PackState,30.0,82.7,66.35,,,,,,,,,,,,,,,,,,,
336.0,0x101,BMS_CellVolt1,,,,3.757,3.758,3.75,3.759,,,,,,,,,,,,,,,
336.0,0x102,BMS_CellVolt2,,,,,,,,3.779,3.672,3.761,3.765,,,,,,,,,,,
336.0,0x103,BMS_Temps,,,,,,,,,,,,37.300000000000004,37.800000000000004,42.2,37.1,,,,,,,
336.0,0x104,BMS_Status,,,,,,,,,,,,,,,,0.0,0.0,0.0,0.0,0.0,1.0,1.0
336.1,0x100,BMS_PackState,30.03,80.0,66.21000000000001,,,,,,,,,,,,,,,,,,,
336.2,0x100,BMS_PackState,29.990000000000002,84.2,66.18,,,,,,,,,,,,,,,,,,,
336.3,0x100,BMS_PackState,29.990000000000002,83.10000000000001,66.06,,,,,,,,,,,,,,,,,,,
336.4,0x100,BMS_PackState,29.96,85.80000000000001,66.29,,,,,,,,,,,,,,,,,,,
336.5,0x100,BMS_PackState,29.990000000000002,83.80000000000001,66.16,,,,,,,,,,,,,,,,,,,
336.5,0x101,BMS_CellVolt1,,,,3.757,3.7560000000000002,3.75,3.7520000000000002,,,,,,,,,,,,,,,
336.5,0x102,BMS_CellVolt2,,,,,,,,3.775,3.67,3.7640000000000002,3.762,,,,,,,,,,,
336.6,0x100,BMS_PackState,29.95,86.30000000000001,65.89,,,,,,,,,,,,,,,,,,,
336.7,0x100,BMS_PackState,29.94,86.5,66.05,,,,,,,,,,,,,,,,,,,
336.8,0x100,BMS_PackState,29.93,88.0,66.14,,,,,,,,,,,,,,,,,,,
336.9,0x100,BMS_PackState,29.92,88.30000000000001,66.09,,,,,,,,,,,,,,,,,,,
337.0,0x100,BMS_PackState,29.93,88.4,66.22,,,,,,,,,,,,,,,,,,,
337.0,0x101,BMS_CellVolt1,,,,3.748,3.748,3.74,3.749,,,,,,,,,,,,,,,
337.0,0x102,BMS_CellVolt2,,,,,,,,3.7720000000000002,3.6630000000000003,3.7560000000000002,3.758,,,,,,,,,,,
337.0,0x103,BMS_Temps,,,,,,,,,,,,37.4,38.0,42.300000000000004,37.1,,,,,,,
337.0,0x104,BMS_Status,,,,,,,,,,,,,,,,0.0,0.0,0.0,0.0,0.0,1.0,1.0
337.1,0x100,BMS_PackState,29.94,87.0,65.99,,,,,,,,,,,,,,,,,,,
337.2,0x100,BMS_PackState,29.93,87.80000000000001,66.12,,,,,,,,,,,,,,,,,,,
337.3,0x100,BMS_PackState,29.91,89.7,66.03,,,,,,,,,,,,,,,,,,,
337.4,0x100,BMS_PackState,29.900000000000002,91.2,66.1,,,,,,,,,,,,,,,,,,,
337.5,0x100,BMS_PackState,29.89,90.9,66.03,,,,,,,,,,,,,,,,,,,
337.5,0x101,BMS_CellVolt1,,,,3.741,3.748,3.736,3.743,,,,,,,,,,,,,,,
337.5,0x102,BMS_CellVolt2,,,,,,,,3.766,3.65,3.748,3.7560000000000002,,,,,,,,,,,
337.6,0x100,BMS_PackState,29.87,93.4,66.09,,,,,,,,,,,,,,,,,,,
337.7,0x100,BMS_PackState,29.88,92.60000000000001,66.23,,,,,,,,,,,,,,,,,,,
337.8,0x100,BMS_PackState,29.87,92.2,65.91,,,,,,,,,,,,,,,,,,,
337.9,0x100,BMS_PackState,29.85,93.9,66.27,,,,,,,,,,,,,,,,,,,
338.0,0x100,BMS_PackState,29.84,95.2,66.41,,,,,,,,,,,,,,,,,,,
338.0,0x101,BMS_CellVolt1,,,,3.735,3.742,3.732,3.734,,,,,,,,,,,,,,,
338.0,0x102,BMS_CellVolt2,,,,,,,,3.757,3.64,3.747,3.749,,,,,,,,,,,
338.0,0x103,BMS_Temps,,,,,,,,,,,,37.5,38.300000000000004,42.7,37.300000000000004,,,,,,,
338.0,0x104,BMS_Status,,,,,,,,,,,,,,,,0.0,0.0,0.0,0.0,0.0,1.0,1.0
338.1,0x100,BMS_PackState,29.830000000000002,95.9,66.0,,,,,,,,,,,,,,,,,,,
338.2,0x100,BMS_PackState,29.78,98.80000000000001,66.19,,,,,,,,,,,,,,,,,,,
338.3,0x100,BMS_PackState,29.830000000000002,95.60000000000001,66.13,,,,,,,,,,,,,,,,,,,
338.4,0x100,BMS_PackState,29.810000000000002,97.0,66.12,,,,,,,,,,,,,,,,,,,
338.5,0x100,BMS_PackState,29.8,98.30000000000001,65.96000000000001,,,,,,,,,,,,,,,,,,,
338.5,0x101,BMS_CellVolt1,,,,3.735,3.734,3.727,3.729,,,,,,,,,,,,,,,
338.5,0x102,BMS_CellVolt2,,,,,,,,3.7560000000000002,3.637,3.744,3.742,,,,,,,,,,,
338.6,0x100,BMS_PackState,29.79,98.2,65.93,,,,,,,,,,,,,,,,,,,
338.7,0x100,BMS_PackState,29.8,97.9,65.98,,,,,,,,,,,,,,,,,,,
338.8,0x100,BMS_PackState,29.82,96.9,65.98,,,,,,,,,,,,,,,,,,,
338.9,0x100,BMS_PackState,29.79,98.9,65.89,,,,,,,,,,,,,,,,,,,
339.0,0x100,BMS_PackState,29.79,98.5,65.93,,,,,,,,,,,,,,,,,,,
339.0,0x101,BMS_CellVolt1,,,,3.728,3.734,3.727,3.73,,,,,,,,,,,,,,,
339.0,0x102,BMS_CellVolt2,,,,,,,,3.754,3.636,3.74,3.74,,,,,,,,,,,
339.0,0x103,BMS_Temps,,,,,,,,,,,,37.9,38.7,43.0,37.7,,,,,,,
339.0,0x104,BMS_Status,,,,,,,,,,,,,,,,0.0,0.0,0.0,0.0,0.0,1.0,1.0
339.1,0x100,BMS_PackState,29.79,98.0,66.1,,,,,,,,,,,,,,,,,,,
339.2,0x100,BMS_PackState,29.77,99.80000000000001,66.15,,,,,,,,,,,,,,,,,,,
339.3,0x100,BMS_PackState,29.78,99.80000000000001,65.9,,,,,,,,,,,,,,,,,,,
339.4,0x100,BMS_PackState,29.75,102.60000000000001,66.23,,,,,,,,,,,,,,,,,,,
339.5,0x100,BMS_PackState,29.73,103.0,65.84,,,,,,,,,,,,,,,,,,,
339.5,0x101,BMS_CellVolt1,,,,3.725,3.726,3.713,3.722,,,,,,,,,,,,,,,
339.5,0x102,BMS_CellVolt2,,,,,,,,3.749,3.623,3.732,3.737,,,,,,,,,,,
339.6,0x100,BMS_PackState,29.76,101.0,65.86,,,,,,,,,,,,,,,,,,,
339.7,0x100,BMS_PackState,29.740000000000002,102.30000000000001,65.78,,,,,,,,,,,,,,,,,,,
339.8,0x100,BMS_PackState,29.76,100.2,65.78,,,,,,,,,,,,,,,,,,,
339.9,0x100,BMS_PackState,29.740000000000002,102.5,66.07000000000001,,,,,,,,,,,,,,,,,,,
340.0,0x100,BMS_PackState,29.72,104.10000000000001,65.91,,,,,,,,,,,,,,,,,,,
340.0,0x101,BMS_CellVolt1,,,,3.722,3.726,3.718,3.72,,,,,,,,,,,,,,,
340.0,0x102,BMS_CellVolt2,,,,,,,,3.748,3.62,3.732,3.735,,,,,,,,,,,
340.0,0x103,BMS_Temps,,,,,,,,,,,,38.400000000000006,39.1,43.800000000000004,38.1,,,,,,,
340.0,0x104,BMS_Status,,,,,,,,,,,,,,,,0.0,0.0,0.0,0.0,0.0,1.0,1.0
340.1,0x100,BMS_PackState,29.71,104.9,65.94,,,,,,,,,,,,,,,,,,,
340.2,0x100,BMS_PackState,29.72,102.80000000000001,65.91,,,,,,,,,,,,,,,,,,,
340.3,0x100,BMS_PackState,29.69,105.60000000000001,65.8,,,,,,,,,,,,,,,,,,,
340.4,0x100,BMS_PackState,29.740000000000002,101.80000000000001,65.75,,,,,,,,,,,,,,,,,,,
340.5,0x100,BMS_PackState,29.740000000000002,102.30000000000001,65.7,,,,,,,,,,,,,,,,,,,
340.5,0x101,BMS_CellVolt1,,,,3.725,3.729,3.719,3.722,,,,,,,,,,,,,,,
340.5,0x102,BMS_CellVolt2,,,,,,,,3.7520000000000002,3.6270000000000002,3.732,3.736,,,,,,,,,,,
340.6,0x100,BMS_PackState,29.7,105.30000000000001,65.88,,,,,,,,,,,,,,,,,,,
340.7,0x100,BMS_PackState,29.69,106.80000000000001,65.95,,,,,,,,,,,,,,,,,,,
340.8,0x100,BMS_PackState,29.69,105.0,65.8,,,,,,,,,,,,,,,,,,,
340.9,0x100,BMS_PackState,29.71,104.2,65.66,,,,,,,,,,,,,,,,,,,
341.0,0x100,BMS_PackState,29.75,100.9,65.98,,,,,,,,,,,,,,,,,,,
341.0,0x101,BMS_CellVolt1,,,,3.727,3.731,3.719,3.725,,,,,,,,,,,,,,,
341.0,0x102,BMS_CellVolt2,,,,,,,,3.75,3.629,3.736,3.738,,,,,,,,,,,
341.0,0x103,BMS_Temps,,,,,,,,,,,,38.900000000000006,39.6,44.400000000000006,38.6,,,,,,,
341.0,0x104,BMS_Status,,,,,,,,,,,,,,,,0.0,0.0,0.0,0.0,0.0,1.0,1.0
341.1,0x100,BMS_PackState,29.75,101.10000000000001,65.98,,,,,,,,,,,,,,,,,,,
341.2,0x100,BMS_PackState,29.7,104.2,65.73,,,,,,,,,,,,,,,,,,,
341.3,0x100,BMS_PackState,29.72,103.30000000000001,65.75,,,,,,,,,,,,,,,,,,,
341.4,0x100,BMS_PackState,29.73,102.10000000000001,65.94,,,,,,,,,,,,,,,,,,,
341.5,0x100,BMS_PackState,29.72,103.60000000000001,65.66,,,,,,,,,,,,,,,,,,,
341.5,0x101,BMS_CellVolt1,,,,3.722,3.724,3.713,3.724,,,,,,,,,,,,,,,
341.5,0x102,BMS_CellVolt2,,,,,,,,3.75,3.624,3.729,3.732,,,,,,,,,,,
341.6,0x100,BMS_PackState,29.71,103.5,65.71000000000001,,,,,,,,,,,,,,,,,,,
341.7,0x100,BMS_PackState,29.69,104.5,65.99,,,,,,,,,,,,,,,,,,,
341.8,0x100,BMS_PackState,29.72,103.0,65.78,,,,,,,,,,,,,,,,,,,
341.9,0x100,BMS_PackState,29.71,104.30000000000001,65.84,,,,,,,,,,,,,,,,,,,
342.0,0x100,BMS_PackState,29.740000000000002,102.2,65.71000000000001,,,,,,,,,,,,,,,,,,,
342.0,0x101,BMS_CellVolt1,,,,3.723,3.727,3.718,3.722,,,,,,,,,,,,,,,
342.0,0x102,BMS_CellVolt2,,,,,,,,3.751,3.629,3.732,3.736,,,,,,,,,,,
342.0,0x103,BMS_Temps,,,,,,,,,,,,39.300000000000004,40.0,45.1,39.1,,,,,,,
342.0,0x104,BMS_Status,,,,,,,,,,,,,,,,0.0,0.0,0.0,0.0,0.0,1.0,1.0
342.1,0x100,BMS_PackState,29.75,101.60000000000001,65.94,,,,,,,,,,,,,,,,,,,
342.2,0x100,BMS_PackState,29.73,103.0,65.81,,,,,,,,,,,,,,,,,,,
342.3,0x100,BMS_PackState,29.76,99.60000000000001,65.91,,,,,,,,,,,,,,,,,,,
342.4,0x100,BMS_PackState,29.7,104.80000000000001,65.75,,,,,,,,,,,,,,,,,,,
342.5,0x100,BMS_PackState,29.740000000000002,100.7,65.68,,,,,,,,,,,,,,,,,,,
342.5,0x101,BMS_CellVolt1,,,,3.725,3.728,3.718,3.722,,,,,,,,,,,,,,,
342.5,0x102,BMS_CellVolt2,,,,,,,,3.7520000000000002,3.628,3.732,3.739,,,,,,,,,,,
342.6,0x100,BMS_PackState,29.76,100.30000000000001,65.78,,,,,,,,,,,,,,,,,,,
342.7,0x100,BMS_PackState,29.75,100.0,65.7,,,,,,,,,,,,,,,,,,,
342.8,0x100,BMS_PackState,29.740000000000002,101.5,65.73,,,,,,,,,,,,,,,,,,,
342.9,0x100,BMS_PackState,29.77,99.4,65.69,,,,,,,,,,,,,,,,,,,
343.0,0x100,BMS_PackState,29.830000000000002,95.2,65.64,,,,,,,,,,,,,,,,,,,
343.0,0x101,BMS_CellVolt1,,,,3.736,3.737,3.728,3.735,,,,,,,,,,,,,,,
343.0,0x102,BMS_CellVolt2,,,,,,,,3.758,3.642,3.739,3.7520000000000002,,,,,,,,,,,
343.0,0x103,BMS_Temps,,,,,,,,,,,,39.6,40.400000000000006,45.5,39.300000000000004,,,,,,,
343.0,0x104,BMS_Status,,,,,,,,,,,,,,,,0.0,0.0,0.0,0.0,0.0,1.0,1.0
343.1,0x100,BMS_PackState,29.76,99.2,65.84,,,,,,,,,,,,,,,,,,,
343.2,0x100,BMS_PackState,29.810000000000002,96.0,65.81,,,,,,,,,,,,,,,,,,,
343.3,0x100,BMS_PackState,29.8,96.10000000000001,65.66,,,,,,,,,,,,,,,,,,,
343.4,0x100,BMS_PackState,29.84,93.4,65.93,,,,,,,,,,,,,,,,,,,
343.5,0x100,BMS_PackState,29.810000000000002,95.5,65.67,,,,,,,,,,,,,,,,,,,
343.5,0x101,BMS_CellVolt1,,,,3.735,3.734,3.728,3.736,,,,,,,,,,,,,,,
343.5,0x102,BMS_CellVolt2,,,,,,,,3.757,3.636,3.741,3.745,,,,,,,,,,,
343.6,0x100,BMS_PackState,29.84,93.10000000000001,65.83,,,,,,,,,,,,,,,,,,,
343.7,0x100,BMS_PackState,29.830000000000002,93.60000000000001,65.47,,,,,,,,,,,,,,,,,,,
343.8,0x100,BMS_PackState,29.85,92.4,65.7,,,,,,,,,,,,,,,,,,,
343.9,0x100,BMS_PackState,29.82,95.10000000000001,65.54,,,,,,,,,,,,,,,,,,,
344.0,0x100,BMS_PackState,29.810000000000002,94.5,65.63,,,,,,,,,,,,,,,,,,,
344.0,0x101,BMS_CellVolt1,,,,3.731,3.734,3.728,3.733,,,,,,,,,,,,,,,
344.0,0x102,BMS_CellVolt2,,,,,,,,3.757,3.644,3.74,3.742,,,,,,,,,,,
344.0,0x103,BMS_Temps,,,,,,,,,,,,39.7,40.400000000000006,45.6,39.400000000000006,,,,,,,
344.0,0x104,BMS_Status,,,,,,,,,,,,,,,,0.0,0.0,0.0,0.0,0.0,1.0,1.0
344.1,0x100,BMS_PackState,29.85,90.9,65.76,,,,,,,,,,,,,,,,,,,
344.2,0x100,BMS_PackState,29.87,90.30000000000001,65.74,,,,,,,,,,,,,,,,,,,
344.3,0x100,BMS_PackState,29.900000000000002,88.9,65.63,,,,,,,,,,,,,,,,,,,
344.4,0x100,BMS_PackState,29.87,90.5,65.71000000000001,,,,,,,,,,,,,,,,,,,
344.5,0x100,BMS_PackState,29.900000000000002,87.7,65.73,,,,,,,,,,,,,,,,,,,
344.5,0x101,BMS_CellVolt1,,,,3.746,3.747,3.737,3.745,,,,,,,,,,,,,,,
344.5,0x102,BMS_CellVolt2,,,,,,,,3.7640000000000002,3.66,3.75,3.753,,,,,,,,,,,
344.6,0x100,BMS_PackState,29.92,86.80000000000001,65.63,,,,,,,,,,,,,,,,,,,
344.7,0x100,BMS_PackState,29.91,88.30000000000001,65.76,,,,,,,,,,,,,,,,,,,
344.8,0x100,BMS_PackState,29.93,85.30000000000001,65.7,,,,,,,,,,,,,,,,,,,
344.9,0x100,BMS_PackState,29.94,85.4,65.62,,,,,,,,,,,,,,,,,,,
345.0,0x100,BMS_PackState,29.97,82.4,65.86,,,,,,,,,,,,,,,,,,,
345.0,0x101,BMS_CellVolt1,,,,3.754,3.754,3.748,3.753,,,,,,,,,,,,,,,
345.0,0x102,BMS_CellVolt2,,,,,,,,3.77,3.67,3.759,3.759,,,,,,,,,,,
345.0,0x103,BMS_Temps,,,,,,,,,,,,39.7,40.5,45.6,39.400000000000006,,,,,,,
345.0,0x104,BMS_Status,,,,,,,,,,,,,,,,0.0,0.0,0.0,0.0,0.0,1.0,1.0
345.1,0x100,BMS_PackState,29.94,85.2,65.63,,,,,,,,,,,,,,,,,,,
345.2,0x100,BMS_PackState,29.92,86.4,65.56,,,,,,,,,,,,,,,,,,,
345.3,0x100,BMS_PackState,29.96,83.9,65.76,,,,,,,,,,,,,,,,,,,
345.4,0x100,BMS_PackState,29.95,84.4,65.72,,,,,,,,,,,,,,,,,,,
345.5,0x100,BMS_PackState,30.0,80.30000000000001,65.45,,,,,,,,,,,,,,,,,,,
345.5,0x101,BMS_CellVolt1,,,,3.758,3.758,3.748,3.7560000000000002,,,,,,,,,,,,,,,
345.5,0x102,BMS_CellVolt2,,,,,,,,3.779,3.6790000000000003,3.762,3.763,,,,,,,,,,,
345.6,0x100,BMS_PackState,29.990000000000002,81.30000000000001,65.45,,,,,,,,,,,,,,,,,,,
345.7,0x100,BMS_PackState,30.01,78.9,65.69,,,,,,,,,,,,,,,,,,,
345.8,0x100,BMS_PackState,30.0,79.30000000000001,65.57000000000001,,,,,,,,,,,,,,,,,,,
345.9,0x100,BMS_PackState,29.990000000000002,80.30000000000001,65.67,,,,,,,,,,,,,,,,,,,
346.0,0x100,BMS_PackState,30.01,78.7,65.59,,,,,,,,,,,,,,,,,,,
346.0,0x101,BMS_CellVolt1,,,,3.757,3.759,3.7520000000000002,3.757,,,,,,,,,,,,,,,
346.0,0x102,BMS_CellVolt2,,,,,,,,3.7800000000000002,3.68,3.761,3.766,,,,,,,,,,,
346.0,0x103,BMS_Temps,,,,,,,,,,,,39.5,40.2,45.300000000000004,39.2,,,,,,,
346.0,0x104,BMS_Status,,,,,,,,,,,,,,,,0.0,0.0,0.0,0.0,0.0,1.0,1.0
346.1,0x100,BMS_PackState,30.05,75.8,65.68,,,,,,,,,,,,,,,,,,,
346.2,0x100,BMS_PackState,30.060000000000002,75.4,65.7,,,,,,,,,,,,,,,,,,,
346.3,0x100,BMS_PackState,30.060000000000002,74.8,65.43,,,,,,,,,,,,,,,,,,,
346.4,0x100,BMS_PackState,30.04,77.10000000000001,65.51,,,,,,,,,,,,,,,,,,,
346.5,0x100,BMS_PackState,30.01,78.9,65.77,,,,,,,,,,,,,,,,,,,
346.5,0x101,BMS_CellVolt1,,,,3.754,3.7600000000000002,3.753,3.755,,,,,,,,,,,,,,,
346.5,0x102,BMS_CellVolt2,,,,,,,,3.778,3.676,3.7640000000000002,3.7680000000000002,,,,,,,,,,,
346.6,0x100,BMS_PackState,30.02,77.30000000000001,65.65,,,,,,,,,,,,,,,,,,,
346.7,0x100,BMS_PackState,30.09,72.0,65.67,,,,,,,,,,,,,,,,,,,
346.8,0x100,BMS_PackState,30.04,76.5,65.83,,,,,,,,,,,,,,,,,,,
346.9,0x100,BMS_PackState,30.05,75.3,65.71000000000001,,,,,,,,,,,,,,,,,,,
347.0,0x100,BMS_PackState,30.11,71.10000000000001,65.6,,,,,,,,,,,,,,,,,,,
347.0,0x101,BMS_CellVolt1,,,,3.7680000000000002,3.7720000000000002,3.762,3.7680000000000002,,,,,,,,,,,,,,,
347.0,0x102,BMS_CellVolt2,,,,,,,,3.786,3.702,3.7760000000000002,3.778,,,,,,,,,,,
347.0,0x103,BMS_Temps,,,,,,,,,,,,39.300000000000004,39.900000000000006,44.900000000000006,39.0,,,,,,,
347.0,0x104,BMS_Status,,,,,,,,,,,,,,,,0.0,0.0,0.0,0.0,0.0,1.0,1.0
347.1,0x100,BMS_PackState,30.09,72.60000000000001,65.48,,,,,,,,,,,,,,,,,,,
347.2,0x100,BMS_PackState,30.07,74.3,65.72,,,,,,,,,,,,,,,,,,,
347.3,0x100,BMS_PackState,30.1,73.10000000000001,65.72,,,,,,,,,,,,,,,,,,,
347.4,0x100,BMS_PackState,30.13,69.9,65.61,,,,,,,,,,,,,,,,,,,
347.5,0x100,BMS_PackState,30.09,72.4,65.78,,,,,,,,,,,,,,,,,,,
347.5,0x101,BMS_CellVolt1,,,,3.7680000000000002,3.769,3.762,3.7680000000000002,,,,,,,,,,,,,,,
347.5,0x102,BMS_CellVolt2,,,,,,,,3.785,3.6950000000000003,3.771,3.774,,,,,,,,,,,
347.6,0x100,BMS_PackState,30.150000000000002,68.0,65.61,,,,,,,,,,,,,,,,,,,
347.7,0x100,BMS_PackState,30.12,70.5,65.59,,,,,,,,,,,,,,,,,,,
347.8,0x100,BMS_PackState,30.080000000000002,72.2,65.7,,,,,,,,,,,,,,,,,,,
347.9,0x100,BMS_PackState,30.11,70.3,65.62,,,,,,,,,,,,,,,,,,,
348.0,0x100,BMS_PackState,30.13,69.2,65.65,,,,,,,,,,,,,,,,,,,
348.0,0x101,BMS_CellVolt1,,,,3.771,3.775,3.767,3.77,,,,,,,,,,,,,,,
348.0,0x102,BMS_CellVolt2,,,,,,,,3.787,3.705,3.775,3.7800000000000002,,,,,,,,,,,
348.0,0x103,BMS_Temps,,,,,,,,,,,,38.800000000000004,39.400000000000006,44.300000000000004,38.6,,,,,,,
348.0,0x104,BMS_Status,,,,,,,,,,,,,,,,0.0,0.0,0.0,0.0,0.0,1.0,1.0
348.1,0x100,BMS_PackState,30.11,71.0,65.35,,,,,,,,,,,,,,,,,,,
348.2,0x100,BMS_PackState,30.1,70.9,65.6,,,,,,,,,,,,,,,,,,,
348.3,0x100,BMS_PackState,30.11,71.2,65.51,,,,,,,,,,,,,,,,,,,
348.4,0x100,BMS_PackState,30.12,70.3,65.5,,,,,,,,,,,,,,,,,,,
348.5,0x100,BMS_PackState,30.11,70.4,65.53,,,,,,,,,,,,,,,,,,,
348.5,0x101,BMS_CellVolt1,,,,3.7720000000000002,3.7720000000000002,3.7600000000000002,3.769,,,,,,,,,,,,,,,
348.5,0x102,BMS_CellVolt2,,,,,,,,3.787,3.7,3.774,3.779,,,,,,,,,,,
348.6,0x100,BMS_PackState,30.12,69.7,65.48,,,,,,,,,,,,,,,,,,,
348.7,0x100,BMS_PackState,30.14,68.8,65.62,,,,,,,,,,,,,,,,,,,
348.8,0x100,BMS_PackState,30.14,68.4,65.42,,,,,,,,,,,,,,,,,,,
348.9,0x100,BMS_PackState,30.14,67.7,65.36,,,,,,,,,,,,,,,,,,,
349.0,0x100,BMS_PackState,30.17,66.10000000000001,65.52,,,,,,,,,,,,,,,,,,,
349.0,0x101,BMS_CellVolt1,,,,3.777,3.777,3.769,3.778,,,,,,,,,,,,,,,
349.0,0x102,BMS_CellVolt2,,,,,,,,3.797,3.71,3.778,3.783,,,,,,,,,,,
349.0,0x103,BMS_Temps,,,,,,,,,,,,38.400000000000006,39.1,43.800000000000004,38.1,,,,,,,
349.0,0x104,BMS_Status,,,,,,,,,,,,,,,,0.0,0.0,0.0,0.0,0.0,1.0,1.0
349.1,0x100,BMS_PackState,30.150000000000002,66.3,65.66,,,,,,,,,,,,,,,,,,,
349.2,0x100,BMS_PackState,30.14,67.2,65.48,,,,,,,,,,,,,,,,,,,
349.3,0x100,BMS_PackState,30.14,67.9,65.5,,,,,,,,,,,,,,,,,,,
349.4,0x100,BMS_PackState,30.12,69.60000000000001,65.49,,,,,,,,,,,,,,,,,,,
349.5,0x100,BMS_PackState,30.14,67.3,65.77,,,,,,,,,,,,,,,,,,,
349.5,0x101,BMS_CellVolt1,,,,3.7720000000000002,3.774,3.769,3.771,,,,,,,,,,,,,,,
349.5,0x102,BMS_CellVolt2,,,,,,,,3.79,3.7070000000000003,3.779,3.782,,,,,,,,,,,
349.6,0x100,BMS_PackState,30.13,68.7,65.61,,,,,,,,,,,,,,,,,,,
349.7,0x100,BMS_PackState,30.14,68.8,65.45,,,,,,,,,,,,,,,,,,,
349.8,0x100,BMS_PackState,30.150000000000002,66.7,65.49,,,,,,,,,,,,,,,,,,,
349.9,0x100,BMS_PackState,30.150000000000002,67.9,65.42,,,,,,,,,,,,,,,,,,,
350.0,0x100,BMS_PackState,30.150000000000002,66.60000000000001,65.69,,,,,,,,,,,,,,,,,,,
350.0,0x101,BMS_CellVolt1,,,,3.774,3.777,3.771,3.771,,,,,,,,,,,,,,,
350.0,0x102,BMS_CellVolt2,,,,,,,,3.7880000000000003,3.708,3.779,3.782,,,,,,,,,,,
350.0,0x103,BMS_Temps,,,,,,,,,,,,38.1,38.7,43.300000000000004,37.800000000000004,,,,,,,
350.0,0x104,BMS_Status,,,,,,,,,,,,,,,,0.0,0.0,0.0,0.0,0.0,1.0,1.0
350.1,0x100,BMS_PackState,30.12,68.9,65.34,,,,,,,,,,,,,,,,,,,
350.2,0x100,BMS_PackState,30.14,67.8,65.39,,,,,,,,,,,,,,,,,,,
350.3,0x100,BMS_PackState,30.17,65.0,65.58,,,,,,,,,,,,,,,,,,,
350.4,0x100,BMS_PackState,30.150000000000002,67.0,65.66,,,,,,,,,,,,,,,,,,,
350.5,0x100,BMS_PackState,30.12,69.2,65.48,,,,,,,,,,,,,,,,,,,
350.5,0x101,BMS_CellVolt1,,,,3.769,3.774,3.7680000000000002,3.771,,,,,,,,,,,,,,,
350.5,0x102,BMS_CellVolt2,,,,,,,,3.787,3.7030000000000003,3.775,3.778,,,,,,,,,,,
350.6,0x100,BMS_PackState,30.16,66.4,65.45,,,,,,,,,,,,,,,,,,,
350.7,0x100,BMS_PackState,30.150000000000002,67.3,65.48,,,,,,,,,,,,,,,,,,,
350.8,0x100,BMS_PackState,30.150000000000002,67.4,65.48,,,,,,,,,,,,,,,,,,,
350.9,0x100,BMS_PackState,30.19,65.0,65.68,,,,,,,,,,,,,,,,,,,
351.0,0x100,BMS_PackState,30.150000000000002,67.3,65.51,,,,,,,,,,,,,,,,,,,
351.0,0x101,BMS_CellVolt1,,,,3.775,3.777,3.766,3.775,,,,,,,,,,,,,,,
351.0,0x102,BMS_CellVolt2,,,,,,,,3.791,3.708,3.779,3.781,,,,,,,,,,,
351.0,0x103,BMS_Temps,,,,,,,,,,,,37.6,38.300000000000004,42.7,37.4,,,,,,,
351.0,0x104,BMS_Status,,,,,,,,,,,,,,,,0.0,0.0,0.0,0.0,0.0,1.0,1.0
351.1,0x100,BMS_PackState,30.19,64.4,65.42,,,,,,,,,,,,,,,,,,,
351.2,0x100,BMS_PackState,30.16,65.5,65.5,,,,,,,,,,,,,,,,,,,
351.3,0x100,BMS_PackState,30.13,68.0,65.55,,,,,,,,,,,,,,,,,,,
351.4,0x100,BMS_PackState,30.150000000000002,66.9,65.36,,,,,,,,,,,,,,,,,,,
351.5,0x100,BMS_PackState,30.16,65.9,65.47,,,,,,,,,,,,,,,,,,,
351.5,0x101,BMS_CellVolt1,,,,3.777,3.7800000000000002,3.77,3.775,,,,,,,,,,,,,,,
351.5,0x102,BMS_CellVolt2,,,,,,,,3.789,3.706,3.777,3.782,,,,,,,,,,,
351.6,0x100,BMS_PackState,30.150000000000002,67.0,65.45,,,,,,,,,,,,,,,,,,,
351.7,0x100,BMS_PackState,30.16,66.2,65.33,,,,,,,,,,,,,,,,,,,
351.8,0x100,BMS_PackState,30.16,66.3,65.39,,,,,,,,,,,,,,,,,,,
351.9,0x100,BMS_PackState,30.150000000000002,67.2,65.39,,,,,,,,,,,,,,,,,,,
352.0,0x100,BMS_PackState,30.18,65.10000000000001,65.38,,,,,,,,,,,,,,,,,,,
352.0,0x101,BMS_CellVolt1,,,,3.7760000000000002,3.779,3.775,3.775,,,,,,,,,,,,,,,
352.0,0x102,BMS_CellVolt2,,,,,,,,3.795,3.7110000000000003,3.785,3.781,,,,,,,,,,,
352.0,0x103,BMS_Temps,,,,,,,,,,,,37.300000000000004,37.9,42.2,37.2,,,,,,,
352.0,0x104,BMS_Status,,,,,,,,,,,,,,,,0.0,0.0,0.0,0.0,0.0,1.0,1.0
352.1,0x100,BMS_PackState,30.16,66.2,65.61,,,,,,,,,,,,,,,,,,,
352.2,0x100,BMS_PackState,30.16,65.7,65.43,,,,,,,,,,,,,,,,,,,
352.3,0x100,BMS_PackState,30.19,63.800000000000004,65.46000000000001,,,,,,,,,,,,,,,,,,,
352.4,0x100,BMS_PackState,30.17,64.7,65.48,,,,,,,,,,,,,,,,,,,
352.5,0x100,BMS_PackState,30.13,68.4,65.41,,,,,,,,,,,,,,,,,,,
352.5,0x101,BMS_CellVolt1,,,,3.769,3.771,3.769,3.774,,,,,,,,,,,,,,,
352.5,0x102,BMS_CellVolt2,,,,,,,,3.791,3.701,3.774,3.782,,,,,,,,,,,
352.6,0x100,BMS_PackState,30.150000000000002,66.60000000000001,65.37,,,,,,,,,,,,,,,,,,,
352.7,0x100,BMS_PackState,30.18,64.0,65.56,,,,,,,,,,,,,,,,,,,
352.8,0x100,BMS_PackState,30.18,63.7,65.55,,,,,,,,,,,,,,,,,,,
352.9,0x100,BMS_PackState,30.16,65.8,65.49,,,,,,,,,,,,,,,,,,,
353.0,0x100,BMS_PackState,30.12,68.3,65.39,,,,,,,,,,,,,,,,,,,
353.0,0x101,BMS_CellVolt1,,,,3.769,3.7720000000000002,3.767,3.767,,,,,,,,,,,,,,,
353.0,0x102,BMS_CellVolt2,,,,,,,,3.786,3.7,3.777,3.783,,,,,,,,,,,
353.0,0x103,BMS_Temps,,,,,,,,,,,,36.9,37.6,41.800000000000004,36.800000000000004,,,,,,,
353.0,0x104,BMS_Status,,,,,,,,,,,,,,,,0.0,0.0,0.0,0.0,0.0,1.0,1.0
353.1,0x100,BMS_PackState,30.17,65.7,65.43,,,,,,,,,,,,,,,,,,,
353.2,0x100,BMS_PackState,30.14,67.9,65.31,,,,,,,,,,,,,,,,,,,
353.3,0x100,BMS_PackState,30.17,66.4,65.4,,,,,,,,,,,,,,,,,,,
353.4,0x100,BMS_PackState,30.14,66.60000000000001,65.26,,,,,,,,,,,,,,,,,,,
353.5,0x100,BMS_PackState,30.18,63.900000000000006,65.46000000000001,,,,,,,,,,,,,,,,,,,
353.5,0x101,BMS_CellVolt1,,,,3.778,3.779,3.771,3.777,,,,,,,,,,,,,,,
353.5,0x102,BMS_CellVolt2,,,,,,,,3.7920000000000003,3.716,3.782,3.781,,,,,,,,,,,
353.6,0x100,BMS_PackState,30.14,67.3,65.54,,,,,,,,,,,,,,,,,,,
353.7,0x100,BMS_PackState,30.17,65.4,65.26,,,,,,,,,,,,,,,,,,,
353.8,0x100,BMS_PackState,30.150000000000002,67.2,65.54,,,,,,,,,,,,,,,,,,,
353.9,0x100,BMS_PackState,30.17,64.7,65.43,,,,,,,,,,,,,,,,,,,
354.0,0x100,BMS_PackState,30.16,66.2,65.28,,,,,,,,,,,,,,,,,,,
354.0,0x101,BMS_CellVolt1,,,,3.774,3.777,3.7680000000000002,3.7760000000000002,,,,,,,,,,,,,,,
354.0,0x102,BMS_CellVolt2,,,,,,,,3.7920000000000003,3.709,3.779,3.781,,,,,,,,,,,
354.0,0x103,BMS_Temps,,,,,,,,,,,,36.7,37.2,41.400000000000006,36.5,,,,,,,
354.0,0x104,BMS_Status,,,,,,,,,,,,,,,,0.0,0.0,0.0,0.0,0.0,1.0,1.0
354.1,0x100,BMS_PackState,30.150000000000002,66.5,65.38,,,,,,,,,,,,,,,,,,,
354.2,0x100,BMS_PackState,30.16,65.8,65.51,,,,,,,,,,,,,,,,,,,
354.3,0x100,BMS_PackState,30.150000000000002,66.7,65.48,,,,,,,,,,,,,,,,,,,
354.4,0x100,BMS_PackState,30.16,65.7,65.47,,,,,,,,,,,,,,,,,,,
354.5,0x100,BMS_PackState,30.16,65.2,65.31,,,,,,,,,,,,,,,,,,,
354.5,0x101,BMS_CellVolt1,,,,3.775,3.775,3.771,3.774,,,,,,,,,,,,,,,
354.5,0x102,BMS_CellVolt2,,,,,,,,3.789,3.712,3.7800000000000002,3.7800000000000002,,,,,,,,,,,
354.6,0x100,BMS_PackState,30.12,68.60000000000001,65.25,,,,,,,,,,,,,,,,,,,
354.7,0x100,BMS_PackState,30.12,67.9,65.34,,,,,,,,,,,,,,,,,,,
354.8,0x100,BMS_PackState,30.17,65.3,65.35,,,,,,,,,,,,,,,,,,,
354.9,0x100,BMS_PackState,30.14,67.4,65.31,,,,,,,,,,,,,,,,,,,
355.0,0x100,BMS_PackState,30.16,65.5,65.27,,,,,,,,,,,,,,,,,,,
355.0,0x101,BMS_CellVolt1,,,,3.775,3.7760000000000002,3.774,3.7760000000000002,,,,,,,,,,,,,,,
355.0,0x102,BMS_CellVolt2,,,,,,,,3.79,3.712,3.7800000000000002,3.781,,,,,,,,,,,
355.0,0x103,BMS_Temps,,,,,,,,,,,,36.4,36.9,41.0,36.2,,,,,,,
355.0,0x104,BMS_Status,,,,,,,,,,,,,,,,0.0,0.0,0.0,0.0,0.0,1.0,1.0
355.1,0x100,BMS_PackState,30.17,65.0,65.22,,,,,,,,,,,,,,,,,,,
355.2,0x100,BMS_PackState,30.13,68.4,65.39,,,,,,,,,,,,,,,,,,,
355.3,0x100,BMS_PackState,30.17,64.5,65.25,,,,,,,,,,,,,,,,,,,
355.4,0x100,BMS_PackState,30.12,68.60000000000001,65.39,,,,,,,,,,,,,,,,,,,
355.5,0x100,BMS_PackState,30.150000000000002,67.0,65.28,,,,,,,,,,,,,,,,,,,
355.5,0x101,BMS_CellVolt1,,,,3.775,3.774,3.769,3.7720000000000002,,,,,,,,,,,,,,,
355.5,0x102,BMS_CellVolt2,,,,,,,,3.79,3.709,3.777,3.781,,,,,,,,,,,
355.6,0x100,BMS_PackState,30.13,67.3,65.3,,,,,,,,,,,,,,,,,,,
355.7,0x100,BMS_PackState,30.12,68.4,65.18,,,,,,,,,,,,,,,,,,,
355.8,0x100,BMS_PackState,30.11,68.9,65.34,,,,,,,,,,,,,,,,,,,
355.9,0x100,BMS_PackState,30.13,67.0,65.27,,,,,,,,,,,,,,,,,,,
356.0,0x100,BMS_PackState,30.11,69.60000000000001,65.18,,,,,,,,,,,,,,,,,,,
356.0,0x101,BMS_CellVolt1,,,,3.771,3.7720000000000002,3.763,3.769,,,,,,,,,,,,,,,
356.0,0x102,BMS_CellVolt2,,,,,,,,3.783,3.702,3.774,3.773,,,,,,,,,,,
356.0,0x103,BMS_Temps,,,,,,,,,,,,36.1,36.800000000000004,40.6,36.0,,,,,,,
356.0,0x104,BMS_Status,,,,,,,,,,,,,,,,0.0,0.0,0.0,0.0,0.0,1.0,1.0
356.1,0x100,BMS_PackState,30.11,68.9,65.27,,,,,,,,,,,,,,,,,,,
356.2,0x100,BMS_PackState,30.13,67.2,65.2,,,,,,,,,,,,,,,,,,,
356.3,0x100,BMS_PackState,30.1,69.10000000000001,65.12,,,,,,,,,,,,,,,,,,,
356.4,0x100,BMS_PackState,30.080000000000002,71.7,65.35,,,,,,,,,,,,,,,,,,,
356.5,0x100,BMS_PackState,30.060000000000002,72.5,65.16,,,,,,,,,,,,,,,,,,,
356.5,0x101,BMS_CellVolt1,,,,3.761,3.767,3.761,3.761,,,,,,,,,,,,,,,
356.5,0x102,BMS_CellVolt2,,,,,,,,3.781,3.689,3.7680000000000002,3.771,,,,,,,,,,,
356.6,0x100,BMS_PackState,30.09,71.4,65.32000000000001,,,,,,,,,,,,,,,,,,,
356.7,0x100,BMS_PackState,30.11,68.9,65.49,,,,,,,,,,,,,,,,,,,
356.8,0x100,BMS_PackState,30.080000000000002,71.8,65.17,,,,,,,,,,,,,,,,,,,
356.9,0x100,BMS_PackState,30.05,72.8,65.31,,,,,,,,,,,,,,,,,,,
357.0,0x100,BMS_PackState,30.060000000000002,73.0,65.21000000000001,,,,,,,,,,,,,,,,,,,
357.0,0x101,BMS_CellVolt1,,,,3.762,3.766,3.759,3.762,,,,,,,,,,,,,,,
357.0,0x102,BMS_CellVolt2,,,,,,,,3.781,3.69,3.77,3.77,,,,,,,,,,,
357.0,0x103,BMS_Temps,,,,,,,,,,,,36.1,36.5,40.300000000000004,35.800000000000004,,,,,,,
357.0,0x104,BMS_Status,,,,,,,,,,,,,,,,0.0,0.0,0.0,0.0,0.0,1.0,1.0
357.1,0x100,BMS_PackState,30.05,73.5,65.28,,,,,,,,,,,,,,,,,,,
357.2,0x100,BMS_PackState,30.060000000000002,73.3,65.07000000000001,,,,,,,,,,,,,,,,,,,
357.3,0x100,BMS_PackState,30.05,73.10000000000001,65.28,,,,,,,,,,,,,,,,,,,
357.4,0x100,BMS_PackState,30.07,72.8,65.25,,,,,,,,,,,,,,,,,,,
357.5,0x100,BMS_PackState,30.07,71.3,65.48,,,,,,,,,,,,,,,,,,,
357.5,0x101,BMS_CellVolt1,,,,3.763,3.765,3.759,3.765,,,,,,,,,,,,,,,
357.5,0x102,BMS_CellVolt2,,,,,,,,3.7800000000000002,3.694,3.77,3.773,,,,,,,,,,,
357.6,0x100,BMS_PackState,30.03,75.2,65.03,,,,,,,,,,,,,,,,,,,
357.7,0x100,BMS_PackState,30.03,75.5,65.18,,,,,,,,,,,,,,,,,,,
357.8,0x100,BMS_PackState,30.01,76.5,65.27,,,,,,,,,,,,,,,,,,,
357.9,0x100,BMS_PackState,30.04,74.2,65.31,,,,,,,,,,,,,,,,,,,
358.0,0x100,BMS_PackState,30.0,77.80000000000001,65.2,,,,,,,,,,,,,,,,,,,
358.0,0x101,BMS_CellVolt1,,,,3.7560000000000002,3.757,3.7520000000000002,3.753,,,,,,,,,,,,,,,
358.0,0x102,BMS_CellVolt2,,,,,,,,3.773,3.6790000000000003,3.762,3.765,,,,,,,,,,,
358.0,0x103,BMS_Temps,,,,,,,,,,,,35.9,36.4,40.300000000000004,35.800000000000004,,,,,,,
358.0,0x104,BMS_Status,,,,,,,,,,,,,,,,0.0,0.0,0.0,0.0,0.0,1.0,1.0
358.1,0x100,BMS_PackState,29.96,80.4,65.34,,,,,,,,,,,,,,,,,,,
358.2,0x100,BMS_PackState,29.990000000000002,78.0,65.21000000000001,,,,,,,,,,,,,,,,,,,
358.3,0x100,BMS_PackState,29.990000000000002,78.4,65.22,,,,,,,,,,,,,,,,,,,
358.4,0x100,BMS_PackState,29.97,79.60000000000001,65.03,,,,,,,,,,,,,,,,,,,
358.5,0x100,BMS_PackState,29.93,82.7,65.25,,,,,,,,,,,,,,,,,,,
358.5,0x101,BMS_CellVolt1,,,,3.746,3.745,3.744,3.745,,,,,,,,,,,,,,,
358.5,0x102,BMS_CellVolt2,,,,,,,,3.769,3.664,3.753,3.759,,,,,,,,,,,
358.6,0x100,BMS_PackState,29.98,78.80000000000001,65.34,,,,,,,,,,,,,,,,,,,
358.7,0x100,BMS_PackState,29.96,81.2,65.09,,,,,,,,,,,,,,,,,,,
358.8,0x100,BMS_PackState,31.45,-37.2,65.14,,,,,,,,,,,,,,,,,,,
358.9,0x100,BMS_PackState,31.45,-36.800000000000004,65.05,,,,,,,,,,,,,,,,,,,
359.0,0x100,BMS_PackState,31.43,-36.1,65.24,,,,,,,,,,,,,,,,,,,
359.0,0x101,BMS_CellVolt1,,,,3.928,3.928,3.927,3.928,,,,,,,,,,,,,,,
359.0,0x102,BMS_CellVolt2,,,,,,,,3.916,3.96,3.923,3.924,,,,,,,,,,,
359.0,0x103,BMS_Temps,,,,,,,,,,,,35.800000000000004,36.300000000000004,40.1,35.6,,,,,,,
359.0,0x104,BMS_Status,,,,,,,,,,,,,,,,0.0,0.0,0.0,0.0,0.0,1.0,0.0
359.1,0x100,BMS_PackState,31.42,-34.0,65.18,,,,,,,,,,,,,,,,,,,
359.2,0x100,BMS_PackState,31.400000000000002,-33.300000000000004,65.28,,,,,,,,,,,,,,,,,,,
359.3,0x100,BMS_PackState,31.43,-35.300000000000004,65.19,,,,,,,,,,,,,,,,,,,
359.4,0x100,BMS_PackState,31.44,-36.6,65.19,,,,,,,,,,,,,,,,,,,
359.5,0x100,BMS_PackState,31.400000000000002,-32.300000000000004,65.2,,,,,,,,,,,,,,,,,,,
359.5,0x101,BMS_CellVolt1,,,,3.9210000000000003,3.922,3.9210000000000003,3.924,,,,,,,,,,,,,,,
359.5,0x102,BMS_CellVolt2,,,,,,,,3.92,3.9530000000000003,3.919,3.9170000000000003,,,,,,,,,,,
359.6,0x100,BMS_PackState,31.45,-36.6,65.22,,,,,,,,,,,,,,,,,,,
359.7,0x100,BMS_PackState,31.44,-36.9,65.21000000000001,,,,,,,,,,,,,,,,,,,
359.8,0x100,BMS_PackState,31.470000000000002,-38.7,65.25,,,,,,,,,,,,,,,,,,,
359.9,0x100,BMS_PackState,31.41,-33.9,65.36,,,,,,,,,,,,,,,,,,,
360.0,0x100,BMS_PackState,30.91,5.5,65.31,,,,,,,,,,,,,,,,,,,
360.0,0x101,BMS_CellVolt1,,,,3.863,3.864,3.862,3.868,,,,,,,,,,,,,,,
360.0,0x102,BMS_CellVolt2,,,,,,,,3.865,3.855,3.865,3.864,,,,,,,,,,,
360.0,0x103,BMS_Temps,,,,,,,,,,,,35.2,35.7,39.2,35.0,,,,,,,
360.0,0x104,BMS_Status,,,,,,,,,,,,,,,,0.0,0.0,0.0,0.0,0.0,1.0,0.0
360.1,0x100,BMS_PackState,30.89,7.6000000000000005,65.39,,,,,,,,,,,,,,,,,,,
360.2,0x100,BMS_PackState,30.95,1.9000000000000001,65.1,,,,,,,,,,,,,,,,,,,
360.3,0x100,BMS_PackState,30.900000000000002,6.2,65.14,,,,,,,,,,,,,,,,,,,
360.4,0x100,BMS_PackState,30.93,4.1000000000000005,65.32000000000001,,,,,,,,,,,,,,,,,,,
360.5,0x100,BMS_PackState,30.91,5.2,65.11,,,,,,,,,,,,,,,,,,,
360.5,0x101,BMS_CellVolt1,,,,3.869,3.865,3.865,3.867,,,,,,,,,,,,,,,
360.5,0x102,BMS_CellVolt2,,,,,,,,3.865,3.854,3.865,3.862,,,,,,,,,,,
360.6,0x100,BMS_PackState,30.96,1.5,65.37,,,,,,,,,,,,,,,,,,,
360.7,0x100,BMS_PackState,30.900000000000002,6.2,65.16,,,,,,,,,,,,,,,,,,,
360.8,0x100,BMS_PackState,30.92,5.2,65.2,,,,,,,,,,,,,,,,,,,
360.9,0x100,BMS_PackState,30.93,3.9000000000000004,65.17,,,,,,,,,,,,,,,,,,,
361.0,0x100,BMS_PackState,30.93,5.0,65.21000000000001,,,,,,,,,,,,,,,,,,,
361.0,0x101,BMS_CellVolt1,,,,3.868,3.868,3.864,3.87,,,,,,,,,,,,,,,
361.0,0x102,BMS_CellVolt2,,,,,,,,3.867,3.86,3.864,3.866,,,,,,,,,,,
361.0,0x103,BMS_Temps,,,,,,,,,,,,34.4,34.9,38.300000000000004,34.300000000000004,,,,,,,
361.0,0x104,BMS_Status,,,,,,,,,,,,,,,,0.0,0.0,0.0,0.0,0.0,1.0,0.0
361.1,0x100,BMS_PackState,30.95,2.9000000000000004,65.38,,,,,,,,,,,,,,,,,,,
361.2,0x100,BMS_PackState,30.94,3.1,65.34,,,,,,,,,,,,,,,,,,,
361.3,0x100,BMS_PackState,30.93,3.3000000000000003,65.41,,,,,,,,,,,,,,,,,,,
361.4,0x100,BMS_PackState,30.96,1.2000000000000002,65.44,,,,,,,,,,,,,,,,,,,
361.5,0x100,BMS_PackState,30.93,5.300000000000001,65.17,,,,,,,,,,,,,,,,,,,
361.5,0x101,BMS_CellVolt1,,,,3.869,3.867,3.864,3.867,,,,,,,,,,,,,,,
361.5,0x102,BMS_CellVolt2,,,,,,,,3.871,3.86,3.865,3.863,,,,,,,,,,,
361.6,0x100,BMS_PackState,30.91,5.800000000000001,65.11,,,,,,,,,,,,,,,,,,,
361.7,0x100,BMS_PackState,30.94,2.9000000000000004,65.23,,,,,,,,,,,,,,,,,,,
361.8,0x100,BMS_PackState,30.93,4.5,65.24,,,,,,,,,,,,,,,,,,,
361.9,0x100,BMS_PackState,30.94,3.6,65.06,,,,,,,,,,,,,,,,,,,
362.0,0x100,BMS_PackState,30.92,4.5,65.29,,,,,,,,,,,,,,,,,,,
362.0,0x101,BMS_CellVolt1,,,,3.868,3.869,3.861,3.87,,,,,,,,,,,,,,,
362.0,0x102,BMS_CellVolt2,,,,,,,,3.867,3.857,3.866,3.864,,,,,,,,,,,
362.0,0x103,BMS_Temps,,,,,,,,,,,,33.7,34.2,37.300000000000004,33.6,,,,,,,
362.0,0x104,BMS_Status,,,,,,,,,,,,,,,,0.0,0.0,0.0,0.0,0.0,1.0,0.0
362.1,0x100,BMS_PackState,30.94,3.1,65.11,,,,,,,,,,,,,,,,,,,
362.2,0x100,BMS_PackState,30.94,2.7,65.17,,,,,,,,,,,,,,,,,,,
362.3,0x100,BMS_PackState,30.91,5.6000000000000005,65.29,,,,,,,,,,,,,,,,,,,
362.4,0x100,BMS_PackState,30.93,3.9000000000000004,65.26,,,,,,,,,,,,,,,,,,,
362.5,0x100,BMS_PackState,30.89,7.0,65.22,,,,,,,,,,,,,,,,,,,
362.5,0x101,BMS_CellVolt1,,,,3.862,3.861,3.86,3.867,,,,,,,,,,,,,,,
362.5,0x102,BMS_CellVolt2,,,,,,,,3.864,3.853,3.863,3.863,,,,,,,,,,,
362.6,0x100,BMS_PackState,30.93,4.1000000000000005,65.24,,,,,,,,,,,,,,,,,,,
362.7,0x100,BMS_PackState,30.95,2.6,65.28,,,,,,,,,,,,,,,,,,,
362.8,0x100,BMS_PackState,30.900000000000002,5.800000000000001,65.15,,,,,,,,,,,,,,,,,,,
362.9,0x100,BMS_PackState,30.92,4.9,65.24,,,,,,,,,,,,,,,,,,,
363.0,0x100,BMS_PackState,30.92,5.1000000000000005,65.21000000000001,,,,,,,,,,,,,,,,,,,
363.0,0x101,BMS_CellVolt1,,,,3.868,3.866,3.865,3.866,,,,,,,,,,,,,,,
363.0,0x102,BMS_CellVolt2,,,,,,,,3.862,3.856,3.865,3.867,,,,,,,,,,,
363.0,0x103,BMS_Temps,,,,,,,,,,,,33.1,33.5,36.4,33.0,,,,,,,
363.0,0x104,BMS_Status,,,,,,,,,,,,,,,,0.0,0.0,0.0,0.0,0.0,1.0,0.0
363.1,0x100,BMS_PackState,30.900000000000002,5.800000000000001,65.23,,,,,,,,,,,,,,,,,,,
363.2,0x100,BMS_PackState,30.94,3.0,65.33,,,,,,,,,,,,,,,,,,,
363.3,0x100,BMS_PackState,30.94,3.8000000000000003,65.24,,,,,,,,,,,,,,,,,,,
363.4,0x100,BMS_PackState,30.93,3.7,65.35,,,,,,,,,,,,,,,,,,,
363.5,0x100,BMS_PackState,30.96,2.1,65.16,,,,,,,,,,,,,,,,,,,
363.5,0x101,BMS_CellVolt1,,,,3.871,3.872,3.869,3.871,,,,,,,,,,,,,,,
363.5,0x102,BMS_CellVolt2,,,,,,,,3.873,3.867,3.865,3.868,,,,,,,,,,,
363.6,0x100,BMS_PackState,30.94,3.6,65.2,,,,,,,,,,,,,,,,,,,
363.7,0x100,BMS_PackState,30.89,6.0,65.06,,,,,,,,,,,,,,,,,,,
363.8,0x100,BMS_PackState,30.93,4.4,65.12,,,,,,,,,,,,,,,,,,,
363.9,0x100,BMS_PackState,30.94,2.0,65.17,,,,,,,,,,,,,,,,,,,
364.0,0x100,BMS_PackState,30.96,1.7000000000000002,65.26,,,,,,,,,,,,,,,,,,,
364.0,0x101,BMS_CellVolt1,,,,3.873,3.87,3.87,3.872,,,,,,,,,,,,,,,
364.0,0x102,BMS_CellVolt2,,,,,,,,3.872,3.867,3.87,3.868,,,,,,,,,,,
364.0,0x103,BMS_Temps,,,,,,,,,,,,32.6,33.0,35.6,32.4,,,,,,,
364.0,0x104,BMS_Status,,,,,,,,,,,,,,,,0.0,0.0,0.0,0.0,0.0,1.0,0.0
364.1,0x100,BMS_PackState,30.900000000000002,6.5,65.16,,,,,,,,,,,,,,,,,,,
364.2,0x100,BMS_PackState,30.93,3.9000000000000004,65.1,,,,,,,,,,,,,,,,,,,
364.3,0x100,BMS_PackState,30.94,3.0,65.25,,,,,,,,,,,,,,,,,,,
364.4,0x100,BMS_PackState,30.94,3.6,65.05,,,,,,,,,,,,,,,,,,,
364.5,0x100,BMS_PackState,30.95,1.8,65.05,,,,,,,,,,,,,,,,,,,
364.5,0x101,BMS_CellVolt1,,,,3.866,3.871,3.867,3.87,,,,,,,,,,,,,,,
364.5,0x102,BMS_CellVolt2,,,,,,,,3.874,3.868,3.866,3.87,,,,,,,,,,,
364.6,0x100,BMS_PackState,30.91,6.1000000000000005,65.13,,,,,,,,,,,,,,,,,,,
364.7,0x100,BMS_PackState,30.94,3.4000000000000004,65.25,,,,,,,,,,,,,,,,,,,
364.8,0x100,BMS_PackState,30.92,6.1000000000000005,65.12,,,,,,,,,,,,,,,,,,,
364.9,0x100,BMS_PackState,30.92,4.1000000000000005,65.22,,,,,,,,,,,,,,,,,,,
365.0,0x100,BMS_PackState,30.900000000000002,6.1000000000000005,65.29,,,,,,,,,,,,,,,,,,,
365.0,0x101,BMS_CellVolt1,,,,3.866,3.861,3.859,3.866,,,,,,,,,,,,,,,
365.0,0x102,BMS_CellVolt2,,,,,,,,3.864,3.854,3.865,3.862,,,,,,,,,,,
365.0,0x103,BMS_Temps,,,,,,,,,,,,32.0,32.4,34.800000000000004,31.900000000000002,,,,,,,
365.0,0x104,BMS_Status,,,,,,,,,,,,,,,,0.0,0.0,0.0,0.0,0.0,1.0,0.0
365.1,0x100,BMS_PackState,30.93,4.4,65.26,,,,,,,,,,,,,,,,,,,
365.2,0x100,BMS_PackState,30.92,5.300000000000001,65.38,,,,,,,,,,,,,,,,,,,
365.3,0x100,BMS_PackState,30.91,5.1000000000000005,65.23,,,,,,,,,,,,,,,,,,,
365.4,0x100,BMS_PackState,30.93,4.9,65.35,,,,,,,,,,,,,,,,,,,
365.5,0x100,BMS_PackState,30.91,4.5,65.27,,,,,,,,,,,,,,,,,,,
365.5,0x101,BMS_CellVolt1,,,,3.865,3.866,3.866,3.865,,,,,,,,,,,,,,,
365.5,0x102,BMS_CellVolt2,,,,,,,,3.868,3.857,3.863,3.863,,,,,,,,,,,
365.6,0x100,BMS_PackState,30.94,3.7,65.17,,,,,,,,,,,,,,,,,,,
365.7,0x100,BMS_PackState,30.900000000000002,6.9,65.12,,,,,,,,,,,,,,,,,,,
365.8,0x100,BMS_PackState,30.95,2.6,65.23,,,,,,,,,,,,,,,,,,,
365.9,0x100,BMS_PackState,30.94,4.0,65.08,,,,,,,,,,,,,,,,,,,
366.0,0x100,BMS_PackState,30.94,4.0,65.19,,,,,,,,,,,,,,,,,,,
366.0,0x101,BMS_CellVolt1,,,,3.868,3.87,3.866,3.867,,,,,,,,,,,,,,,
366.0,0x102,BMS_CellVolt2,,,,,,,,3.868,3.862,3.868,3.869,,,,,,,,,,,
366.0,0x103,BMS_Temps,,,,,,,,,,,,31.6,31.8,34.1,31.400000000000002,,,,,,,
366.0,0x104,BMS_Status,,,,,,,,,,,,,,,,0.0,0.0,0.0,0.0,0.0,1.0,0.0
366.1,0x100,BMS_PackState,30.93,4.6000000000000005,65.2,,,,,,,,,,,,,,,,,,,
366.2,0x100,BMS_PackState,30.94,3.4000000000000004,65.33,,,,,,,,,,,,,,,,,,,
366.3,0x100,BMS_PackState,30.93,4.5,65.14,,,,,,,,,,,,,,,,,,,
366.4,0x100,BMS_PackState,30.93,3.7,65.26,,,,,,,,,,,,,,,,,,,
366.5,0x100,BMS_PackState,30.96,1.6,65.11,,,,,,,,,,,,,,,,,,,
366.5,0x101,BMS_CellVolt1,,,,3.873,3.874,3.867,3.872,,,,,,,,,,,,,,,
366.5,0x102,BMS_CellVolt2,,,,,,,,3.871,3.862,3.868,3.867,,,,,,,,,,,
366.6,0x100,BMS_PackState,30.93,4.0,65.3,,,,,,,,,,,,,,,,,,,
366.7,0x100,BMS_PackState,30.95,2.3000000000000003,65.36,,,,,,,,,,,,,,,,,,,
366.8,0x100,BMS_PackState,30.96,1.4000000000000001,65.13,,,,,,,,,,,,,,,,,,,
366.9,0x100,BMS_PackState,30.92,4.2,65.23,,,,,,,,,,,,,,,,,,,
367.0,0x100,BMS_PackState,30.91,4.7,65.47,,,,,,,,,,,,,,,,,,,
367.0,0x101,BMS_CellVolt1,,,,3.866,3.864,3.862,3.869,,,,,,,,,,,,,,,
367.0,0x102,BMS_CellVolt2,,,,,,,,3.868,3.855,3.864,3.866,,,,,,,,,,,
367.0,0x103,BMS_Temps,,,,,,,,,,,,31.1,31.3,33.4,30.900000000000002,,,,,,,
367.0,0x104,BMS_Status,,,,,,,,,,,,,,,,0.0,0.0,0.0,0.0,0.0,1.0,0.0
367.1,0x100,BMS_PackState,30.92,4.800000000000001,65.14,,,,,,,,,,,,,,,,,,,
367.2,0x100,BMS_PackState,30.92,4.9,65.07000000000001,,,,,,,,,,,,,,,,,,,
367.3,0x100,BMS_PackState,30.970000000000002,1.1,65.23,,,,,,,,,,,,,,,,,,,
367.4,0x100,BMS_PackState,30.96,2.0,65.11,,,,,,,,,,,,,,,,,,,
367.5,0x100,BMS_PackState,30.88,7.0,65.25,,,,,,,,,,,,,,,,,,,
367.5,0x101,BMS_CellVolt1,,,,3.859,3.864,3.862,3.858,,,,,,,,,,,,,,,
367.5,0x102,BMS_CellVolt2,,,,,,,,3.867,3.85,3.864,3.858,,,,,,,,,,,
367.6,0x100,BMS_PackState,30.95,2.4000000000000004,65.3,,,,,,,,,,,,,,,,,,,
367.7,0x100,BMS_PackState,30.92,4.9,65.11,,,,,,,,,,,,,,,,,,,
367.8,0x100,BMS_PackState,30.94,3.0,65.06,,,,,,,,,,,,,,,,,,,
367.9,0x100,BMS_PackState,30.93,4.1000000000000005,65.31,,,,,,,,,,,,,,,,,,,
368.0,0x100,BMS_PackState,30.96,3.1,65.39,,,,,,,,,,,,,,,,,,,
368.0,0x101,BMS_CellVolt1,,,,3.871,3.873,3.868,3.872,,,,,,,,,,,,,,,
368.0,0x102,BMS_CellVolt2,,,,,,,,3.871,3.864,3.868,3.869,,,,,,,,,,,
368.0,0x103,BMS_Temps,,,,,,,,,,,,30.700000000000003,30.900000000000002,32.800000000000004,30.400000000000002,,,,,,,
368.0,0x104,BMS_Status,,,,,,,,,,,,,,,,0.0,0.0,0.0,0.0,0.0,1.0,0.0
368.1,0x100,BMS_PackState,30.93,4.800000000000001,65.18,,,,,,,,,,,,,,,,,,,
368.2,0x100,BMS_PackState,30.93,4.2,65.35,,,,,,,,,,,,,,,,,,,
368.3,0x100,BMS_PackState,30.95,3.3000000000000003,65.39,,,,,,,,,,,,,,,,,,,
368.4,0x100,BMS_PackState,30.95,2.4000000000000004,65.28,,,,,,,,,,,,,,,,,,,
368.5,0x100,BMS_PackState,30.92,4.4,65.23,,,,,,,,,,,,,,,,,,,
368.5,0x101,BMS_CellVolt1,,,,3.867,3.867,3.865,3.868,,,,,,,,,,,,,,,
368.5,0x102,BMS_CellVolt2,,,,,,,,3.867,3.857,3.864,3.863,,,,,,,,,,,
368.6,0x100,BMS_PackState,30.94,2.2,65.28,,,,,,,,,,,,,,,,,,,
368.7,0x100,BMS_PackState,30.92,4.6000000000000005,65.3,,,,,,,,,,,,,,,,,,,
368.8,0x100,BMS_PackState,30.88,7.9,64.99,,,,,,,,,,,,,,,,,,,
368.9,0x100,BMS_PackState,30.91,6.0,65.2,,,,,,,,,,,,,,,,,,,
369.0,0x100,BMS_PackState,30.92,5.1000000000000005,65.08,,,,,,,,,,,,,,,,,,,
369.0,0x101,BMS_CellVolt1,,,,3.865,3.868,3.864,3.87,,,,,,,,,,,,,,,
369.0,0x102,BMS_CellVolt2,,,,,,,,3.867,3.859,3.867,3.86,,,,,,,,,,,
369.0,0x103,BMS_Temps,,,,,,,,,,,,30.200000000000003,30.5,32.300000000000004,30.1,,,,,,,
369.0,0x104,BMS_Status,,,,,,,,,,,,,,,,0.0,0.0,0.0,0.0,0.0,1.0,0.0
369.1,0x100,BMS_PackState,30.93,3.9000000000000004,65.12,,,,,,,,,,,,,,,,,,,
369.2,0x100,BMS_PackState,30.970000000000002,1.1,65.24,,,,,,,,,,,,,,,,,,,
369.3,0x100,BMS_PackState,30.96,2.0,65.2,,,,,,,,,,,,,,,,,,,
369.4,0x100,BMS_PackState,30.900000000000002,5.9,65.22,,,,,,,,,,,,,,,,,,,
369.5,0x100,BMS_PackState,30.94,2.8000000000000003,65.2,,,,,,,,,,,,,,,,,,,
369.5,0x101,BMS_CellVolt1,,,,3.868,3.869,3.862,3.869,,,,,,,,,,,,,,,
369.5,0x102,BMS_CellVolt2,,,,,,,,3.873,3.862,3.866,3.871,,,,,,,,,,,
369.6,0x100,BMS_PackState,30.94,3.0,65.19,,,,,,,,,,,,,,,,,,,
369.7,0x100,BMS_PackState,30.93,3.8000000000000003,65.21000000000001,,,,,,,,,,,,,,,,,,,
369.8,0x100,BMS_PackState,30.95,2.4000000000000004,65.37,,,,,,,,,,,,,,,,,,,
369.9,0x100,BMS_PackState,30.95,2.2,65.28,,,,,,,,,,,,,,,,,,,
370.0,0x100,BMS_PackState,30.94,3.9000000000000004,65.12,,,,,,,,,,,,,,,,,,,
370.0,0x101,BMS_CellVolt1,,,,3.869,3.87,3.865,3.87,,,,,,,,,,,,,,,
370.0,0x102,BMS_CellVolt2,,,,,,,,3.87,3.86,3.867,3.866,,,,,,,,,,,
370.0,0x103,BMS_Temps,,,,,,,,,,,,29.8,30.1,31.700000000000003,29.700000000000003,,,,,,,
370.0,0x104,BMS_Status,,,,,,,,,,,,,,,,0.0,0.0,0.0,0.0,0.0,1.0,0.0
370.1,0x100,BMS_PackState,30.96,2.7,65.17,,,,,,,,,,,,,,,,,,,
370.2,0x100,BMS_PackState,30.95,2.9000000000000004,65.28,,,,,,,,,,,,,,,,,,,
370.3,0x100,BMS_PackState,30.94,2.8000000000000003,65.19,,,,,,,,,,,,,,,,,,,
370.4,0x100,BMS_PackState,30.92,4.800000000000001,65.26,,,,,,,,,,,,,,,,,,,
370.5,0x100,BMS_PackState,30.93,3.7,65.21000000000001,,,,,,,,,,,,,,,,,,,
370.5,0x101,BMS_CellVolt1,,,,3.865,3.869,3.864,3.87,,,,,,,,,,,,,,,
370.5,0x102,BMS_CellVolt2,,,,,,,,3.867,3.863,3.867,3.867,,,,,,,,,,,
370.6,0x100,BMS_PackState,30.93,3.7,65.23,,,,,,,,,,,,,,,,,,,
370.7,0x100,BMS_PackState,30.92,4.9,65.34,,,,,,,,,,,,,,,,,,,
370.8,0x100,BMS_PackState,30.93,3.8000000000000003,65.25,,,,,,,,,,,,,,,,,,,
370.9,0x100,BMS_PackState,30.94,3.6,65.41,,,,,,,,,,,,,,,,,,,
371.0,0x100,BMS_PackState,30.93,4.7,65.15,,,,,,,,,,,,,,,,,,,
371.0,0x101,BMS_CellVolt1,,,,3.864,3.87,3.868,3.864,,,,,,,,,,,,,,,
371.0,0x102,BMS_CellVolt2,,,,,,,,3.867,3.861,3.864,3.866,,,,,,,,,,,
371.0,0x103,BMS_Temps,,,,,,,,,,,,29.5,29.6,31.200000000000003,29.3,,,,,,,
371.0,0x104,BMS_Status,,,,,,,,,,,,,,,,0.0,0.0,0.0,0.0,0.0,1.0,0.0
371.1,0x100,BMS_PackState,30.91,5.0,65.12,,,,,,,,,,,,,,,,,,,
371.2,0x100,BMS_PackState,30.93,3.8000000000000003,65.25,,,,,,,,,,,,,,,,,,,
371.3,0x100,BMS_PackState,30.93,4.1000000000000005,65.19,,,,,,,,,,,,,,,,,,,
371.4,0x100,BMS_PackState,30.94,2.8000000000000003,65.23,,,,,,,,,,,,,,,,,,,
371.5,0x100,BMS_PackState,30.95,2.7,65.25,,,,,,,,,,,,,,,,,,,
371.5,0x101,BMS_CellVolt1,,,,3.867,3.872,3.871,3.871,,,,,,,,,,,,,,,
371.5,0x102,BMS_CellVolt2,,,,,,,,3.868,3.864,3.87,3.868,,,,,,,,,,,
371.6,0x100,BMS_PackState,30.91,5.2,65.08,,,,,,,,,,,,,,,,,,,
371.7,0x100,BMS_PackState,30.93,4.7,64.99,,,,,,,,,,,,,,,,,,,
371.8,0x100,BMS_PackState,30.92,4.7,65.28,,,,,,,,,,,,,,,,,,,
371.9,0x100,BMS_PackState,30.93,4.4,65.07000000000001,,,,,,,,,,,,,,,,,,,
372.0,0x100,BMS_PackState,30.93,4.1000000000000005,65.16,,,,,,,,,,,,,,,,,,,
372.0,0x101,BMS_CellVolt1,,,,3.87,3.865,3.864,3.869,,,,,,,,,,,,,,,
372.0,0x102,BMS_CellVolt2,,,,,,,,3.872,3.86,3.864,3.87,,,,,,,,,,,
372.0,0x103,BMS_Temps,,,,,,,,,,,,29.200000000000003,29.400000000000002,30.700000000000003,29.1,,,,,,,
372.0,0x104,BMS_Status,,,,,,,,,,,,,,,,0.0,0.0,0.0,0.0,0.0,1.0,0.0
372.1,0x100,BMS_PackState,30.93,5.0,65.19,,,,,,,,,,,,,,,,,,,
372.2,0x100,BMS_PackState,30.91,5.4,65.2,,,,,,,,,,,,,,,,,,,
372.3,0x100,BMS_PackState,30.91,5.4,65.29,,,,,,,,,,,,,,,,,,,
372.4,0x100,BMS_PackState,30.94,3.8000000000000003,65.28,,,,,,,,,,,,,,,,,,,
372.5,0x100,BMS_PackState,30.91,6.1000000000000005,65.24,,,,,,,,,,,,,,,,,,,
372.5,0x101,BMS_CellVolt1,,,,3.865,3.864,3.86,3.866,,,,,,,,,,,,,,,
372.5,0x102,BMS_CellVolt2,,,,,,,,3.866,3.855,3.863,3.866,,,,,,,,,,,
372.6,0x100,BMS_PackState,30.93,4.3,65.27,,,,,,,,,,,,,,,,,,,
372.7,0x100,BMS_PackState,30.92,4.9,65.11,,,,,,,,,,,,,,,,,,,
372.8,0x100,BMS_PackState,30.93,4.4,65.14,,,,,,,,,,,,,,,,,,,
372.9,0x100,BMS_PackState,30.93,4.4,65.57000000000001,,,,,,,,,,,,,,,,,,,
373.0,0x100,BMS_PackState,30.95,2.9000000000000004,65.23,,,,,,,,,,,,,,,,,,,
373.0,0x101,BMS_CellVolt1,,,,3.872,3.873,3.867,3.868,,,,,,,,,,,,,,,
373.0,0x102,BMS_CellVolt2,,,,,,,,3.869,3.86,3.869,3.869,,,,,,,,,,,
373.0,0x103,BMS_Temps,,,,,,,,,,,,28.8,29.0,30.3,28.700000000000003,,,,,,,
373.0,0x104,BMS_Status,,,,,,,,,,,,,,,,0.0,0.0,0.0,0.0,0.0,1.0,0.0
373.1,0x100,BMS_PackState,30.93,5.1000000000000005,65.3,,,,,,,,,,,,,,,,,,,
373.2,0x100,BMS_PackState,30.87,8.3,65.1,,,,,,,,,,,,,,,,,,,
373.3,0x100,BMS_PackState,30.95,3.4000000000000004,65.29,,,,,,,,,,,,,,,,,,,
373.4,0x100,BMS_PackState,30.94,4.1000000000000005,65.19,,,,,,,,,,,,,,,,,,,
373.5,0x100,BMS_PackState,30.94,3.3000000000000003,65.16,,,,,,,,,,,,,,,,,,,
373.5,0x101,BMS_CellVolt1,,,,3.866,3.87,3.866,3.869,,,,,,,,,,,,,,,
373.5,0x102,BMS_CellVolt2,,,,,,,,3.871,3.865,3.866,3.87,,,,,,,,,,,
373.6,0x100,BMS_PackState,30.93,3.3000000000000003,65.39,,,,,,,,,,,,,,,,,,,
373.7,0x100,BMS_PackState,30.900000000000002,6.300000000000001,65.37,,,,,,,,,,,,,,,,,,,
373.8,0x100,BMS_PackState,30.95,3.0,65.21000000000001,,,,,,,,,,,,,,,,,,,
373.9,0x100,BMS_PackState,30.93,3.3000000000000003,65.24,,,,,,,,,,,,,,,,,,,
374.0,0x100,BMS_PackState,30.96,1.6,65.17,,,,,,,,,,,,,,,,,,,
374.0,0x101,BMS_CellVolt1,,,,3.873,3.874,3.865,3.872,,,,,,,,,,,,,,,
374.0,0x102,BMS_CellVolt2,,,,,,,,3.875,3.864,3.87,3.871,,,,,,,,,,,
374.0,0x103,BMS_Temps,,,,,,,,,,,,28.6,28.900000000000002,29.900000000000002,28.5,,,,,,,
374.0,0x104,BMS_Status,,,,,,,,,,,,,,,,0.0,0.0,0.0,0.0,0.0,1.0,0.0
374.1,0x100,BMS_PackState,30.94,2.9000000000000004,65.1,,,,,,,,,,,,,,,,,,,
374.2,0x100,BMS_PackState,30.970000000000002,1.4000000000000001,65.22,,,,,,,,,,,,,,,,,,,
374.3,0x100,BMS_PackState,30.91,4.9,65.24,,,,,,,,,,,,,,,,,,,
374.4,0x100,BMS_PackState,30.88,8.200000000000001,65.32000000000001,,,,,,,,,,,,,,,,,,,
374.5,0x100,BMS_PackState,30.93,3.4000000000000004,65.27,,,,,,,,,,,,,,,,,,,
374.5,0x101,BMS_CellVolt1,,,,3.867,3.866,3.87,3.866,,,,,,,,,,,,,,,
374.5,0x102,BMS_CellVolt2,,,,,,,,3.868,3.861,3.866,3.868,,,,,,,,,,,
374.6,0x100,BMS_PackState,30.970000000000002,1.5,65.11,,,,,,,,,,,,,,,,,,,
374.7,0x100,BMS_PackState,30.92,5.300000000000001,65.01,,,,,,,,,,,,,,,,,,,
374.8,0x100,BMS_PackState,30.95,2.9000000000000004,65.18,,,,,,,,,,,,,,,,,,,
374.9,0x100,BMS_PackState,30.900000000000002,5.9,65.08,,,,,,,,,,,,,,,,,,,
375.0,0x100,BMS_PackState,30.93,3.6,65.2,,,,,,,,,,,,,,,,,,,
375.0,0x101,BMS_CellVolt1,,,,3.869,3.866,3.867,3.868,,,,,,,,,,,,,,,
375.0,0x102,BMS_CellVolt2,,,,,,,,3.869,3.861,3.867,3.867,,,,,,,,,,,
375.0,0x103,BMS_Temps,,,,,,,,,,,,28.3,28.400000000000002,29.6,28.3,,,,,,,
375.0,0x104,BMS_Status,,,,,,,,,,,,,,,,0.0,0.0,0.0,0.0,0.0,1.0,0.0
375.1,0x100,BMS_PackState,30.95,3.1,65.26,,,,,,,,,,,,,,,,,,,
375.2,0x100,BMS_PackState,30.93,3.7,65.25,,,,,,,,,,,,,,,,,,,
375.3,0x100,BMS_PackState,30.91,5.1000000000000005,65.17,,,,,,,,,,,,,,,,,,,
375.4,0x100,BMS_PackState,30.94,3.7,65.25,,,,,,,,,,,,,,,,,,,
375.5,0x100,BMS_PackState,30.95,3.3000000000000003,65.35,,,,,,,,,,,,,,,,,,,
375.5,0x101,BMS_CellVolt1,,,,3.873,3.87,3.868,3.87,,,,,,,,,,,,,,,
375.5,0x102,BMS_CellVolt2,,,,,,,,3.872,3.862,3.866,3.869,,,,,,,,,,,
375.6,0x100,BMS_PackState,30.94,3.7,65.25,,,,,,,,,,,,,,,,,,,
375.7,0x100,BMS_PackState,30.96,2.1,65.25,,,,,,,,,,,,,,,,,,,
375.8,0x100,BMS_PackState,30.93,4.6000000000000005,65.16,,,,,,,,,,,,,,,,,,,
375.9,0x100,BMS_PackState,30.96,1.3,65.23,,,,,,,,,,,,,,,,,,,
376.0,0x100,BMS_PackState,30.94,3.3000000000000003,65.37,,,,,,,,,,,,,,,,,,,
376.0,0x101,BMS_CellVolt1,,,,3.871,3.869,3.867,3.867,,,,,,,,,,,,,,,
376.0,0x102,BMS_CellVolt2,,,,,,,,3.871,3.86,3.868,3.868,,,,,,,,,,,
376.0,0x103,BMS_Temps,,,,,,,,,,,,28.0,28.200000000000003,29.400000000000002,28.0,,,,,,,
376.0,0x104,BMS_Status,,,,,,,,,,,,,,,,0.0,0.0,0.0,0.0,0.0,1.0,0.0
376.1,0x100,BMS_PackState,30.91,5.1000000000000005,65.21000000000001,,,,,,,,,,,,,,,,,,,
376.2,0x100,BMS_PackState,30.92,4.5,65.18,,,,,,,,,,,,,,,,,,,
376.3,0x100,BMS_PackState,30.91,4.9,65.34,,,,,,,,,,,,,,,,,,,
376.4,0x100,BMS_PackState,30.93,3.9000000000000004,65.2,,,,,,,,,,,,,,,,,,,
376.5,0x100,BMS_PackState,30.900000000000002,5.800000000000001,65.28,,,,,,,,,,,,,,,,,,,
376.5,0x101,BMS_CellVolt1,,,,3.864,3.863,3.858,3.865,,,,,,,,,,,,,,,
376.5,0x102,BMS_CellVolt2,,,,,,,,3.865,3.857,3.863,3.866,,,,,,,,,,,
376.6,0x100,BMS_PackState,30.92,5.4,65.24,,,,,,,,,,,,,,,,,,,
376.7,0x100,BMS_PackState,30.92,4.7,65.27,,,,,,,,,,,,,,,,,,,
376.8,0x100,BMS_PackState,30.92,5.4,65.3,,,,,,,,,,,,,,,,,,,
376.9,0x100,BMS_PackState,30.92,5.1000000000000005,65.34,,,,,,,,,,,,,,,,,,,
377.0,0x100,BMS_PackState,30.94,3.3000000000000003,65.32000000000001,,,,,,,,,,,,,,,,,,,
377.0,0x101,BMS_CellVolt1,,,,3.873,3.87,3.868,3.871,,,,,,,,,,,,,,,
377.0,0x102,BMS_CellVolt2,,,,,,,,3.87,3.861,3.866,3.866,,,,,,,,,,,
377.0,0x103,BMS_Temps,,,,,,,,,,,,27.8,27.900000000000002,29.0,27.900000000000002,,,,,,,
377.0,0x104,BMS_Status,,,,,,,,,,,,,,,,0.0,0.0,0.0,0.0,0.0,1.0,0.0
377.1,0x100,BMS_PackState,30.95,2.0,65.36,,,,,,,,,,,,,,,,,,,
377.2,0x100,BMS_PackState,30.94,4.6000000000000005,65.19,,,,,,,,,,,,,,,,,,,
377.3,0x100,BMS_PackState,30.92,4.800000000000001,65.1,,,,,,,,,,,,,,,,,,,
377.4,0x100,BMS_PackState,30.91,5.6000000000000005,65.2,,,,,,,,,,,,,,,,,,,
377.5,0x100,BMS_PackState,30.95,2.6,65.5,,,,,,,,,,,,,,,,,,,
377.5,0x101,BMS_CellVolt1,,,,3.87,3.869,3.865,3.87,,,,,,,,,,,,,,,
377.5,0x102,BMS_CellVolt2,,,,,,,,3.871,3.861,3.87,3.871,,,,,,,,,,,
377.6,0x100,BMS_PackState,30.95,2.6,65.21000000000001,,,,,,,,,,,,,,,,,,,
377.7,0x100,BMS_PackState,30.93,4.7,65.03,,,,,,,,,,,,,,,,,,,
377.8,0x100,BMS_PackState,30.93,3.9000000000000004,65.48,,,,,,,,,,,,,,,,,,,
377.9,0x100,BMS_PackState,30.96,1.2000000000000002,65.24,,,,,,,,,,,,,,,,,,,
378.0,0x100,BMS_PackState,30.94,4.6000000000000005,65.13,,,,,,,,,,,,,,,,,,,
378.0,0x101,BMS_CellVolt1,,,,3.873,3.871,3.865,3.869,,,,,,,,,,,,,,,
378.0,0x102,BMS_CellVolt2,,,,,,,,3.87,3.859,3.866,3.865,,,,,,,,,,,
378.0,0x103,BMS_Temps,,,,,,,,,,,,27.6,27.8,28.700000000000003,27.5,,,,,,,
378.0,0x104,BMS_Status,,,,,,,,,,,,,,,,0.0,0.0,0.0,0.0,0.0,1.0,0.0
378.1,0x100,BMS_PackState,30.98,1.2000000000000002,65.1,,,,,,,,,,,,,,,,,,,
378.2,0x100,BMS_PackState,30.95,2.6,65.23,,,,,,,,,,,,,,,,,,,
378.3,0x100,BMS_PackState,30.91,6.0,65.29,,,,,,,,,,,,,,,,,,,
378.4,0x100,BMS_PackState,30.89,6.7,65.29,,,,,,,,,,,,,,,,,,,
378.5,0x100,BMS_PackState,30.96,2.2,65.31,,,,,,,,,,,,,,,,,,,
378.5,0x101,BMS_CellVolt1,,,,3.87,3.874,3.87,3.87,,,,,,,,,,,,,,,
378.5,0x102,BMS_CellVolt2,,,,,,,,3.875,3.865,3.87,3.867,,,,,,,,,,,
378.6,0x100,BMS_PackState,30.93,3.5,65.07000000000001,,,,,,,,,,,,,,,,,,,
378.7,0x100,BMS_PackState,30.94,4.1000000000000005,65.1,,,,,,,,,,,,,,,,,,,
378.8,0x100,BMS_PackState,30.900000000000002,6.7,65.22,,,,,,,,,,,,,,,,,,,
378.9,0x100,BMS_PackState,30.94,3.3000000000000003,65.33,,,,,,,,,,,,,,,,,,,
379.0,0x100,BMS_PackState,30.94,3.3000000000000003,65.18,,,,,,,,,,,,,,,,,,,
379.0,0x101,BMS_CellVolt1,,,,3.868,3.87,3.863,3.868,,,,,,,,,,,,,,,
379.0,0x102,BMS_CellVolt2,,,,,,,,3.871,3.867,3.868,3.866,,,,,,,,,,,
379.0,0x103,BMS_Temps,,,,,,,,,,,,27.400000000000002,27.6,28.400000000000002,27.3,,,,,,,
379.0,0x104,BMS_Status,,,,,,,,,,,,,,,,0.0,0.0,0.0,0.0,0.0,1.0,0.0
379.1,0x100,BMS_PackState,30.900000000000002,6.300000000000001,64.99,,,,,,,,,,,,,,,,,,,
379.2,0x100,BMS_PackState,30.94,3.4000000000000004,65.3,,,,,,,,,,,,,,,,,,,
379.3,0x100,BMS_PackState,30.92,5.1000000000000005,64.94,,,,,,,,,,,,,,,,,,,
379.4,0x100,BMS_PackState,30.95,1.8,65.17,,,,,,,,,,,,,,,,,,,
379.5,0x100,BMS_PackState,30.93,3.7,65.3,,,,,,,,,,,,,,,,,,,
379.5,0x101,BMS_CellVolt1,,,,3.866,3.867,3.867,3.866,,,,,,,,,,,,,,,
379.5,0x102,BMS_CellVolt2,,,,,,,,3.87,3.859,3.863,3.869,,,,,,,,,,,
379.6,0x100,BMS_PackState,30.96,1.5,65.29,,,,,,,,,,,,,,,,,,,
379.7,0x100,BMS_PackState,30.96,2.4000000000000004,65.05,,,,,,,,,,,,,,,,,,,
379.8,0x100,BMS_PackState,30.93,5.300000000000001,65.31,,,,,,,,,,,,,,,,,,,
379.9,0x100,BMS_PackState,30.93,3.9000000000000004,65.36,,,,,,,,,,,,,,,,,,,
380.0,0x100,BMS_PackState,31.25,-21.5,65.29,,,,,,,,,,,,,,,,,,,
380.0,0x101,BMS_CellVolt1,,,,3.9050000000000002,3.91,3.904,3.9090000000000003,,,,,,,,,,,,,,,
380.0,0x102,BMS_CellVolt2,,,,,,,,3.9010000000000002,3.9210000000000003,3.9,3.902,,,,,,,,,,,
380.0,0x103,BMS_Temps,,,,,,,,,,,,27.200000000000003,27.400000000000002,28.200000000000003,27.3,,,,,,,
380.0,0x104,BMS_Status,,,,,,,,,,,,,,,,0.0,0.0,0.0,0.0,0.0,1.0,0.0
380.1,0x100,BMS_PackState,31.26,-22.1,65.2,,,,,,,,,,,,,,,,,,,
380.2,0x100,BMS_PackState,31.25,-21.3,65.27,,,,,,,,,,,,,,,,,,,
380.3,0x100,BMS_PackState,31.240000000000002,-20.5,65.15,,,,,,,,,,,,,,,,,,,
380.4,0x100,BMS_PackState,31.23,-19.5,65.33,,,,,,,,,,,,,,,,,,,
380.5,0x100,BMS_PackState,31.3,-24.900000000000002,65.38,,,,,,,,,,,,,,,,,,,
380.5,0x101,BMS_CellVolt1,,,,3.91,3.911,3.916,3.914,,,,,,,,,,,,,,,
380.5,0x102,BMS_CellVolt2,,,,,,,,3.903,3.931,3.906,3.907,,,,,,,,,,,
380.6,0x100,BMS_PackState,31.26,-22.200000000000003,65.19,,,,,,,,,,,,,,,,,,,
380.7,0x100,BMS_PackState,31.25,-20.8,65.31,,,,,,,,,,,,,,,,,,,
380.8,0x100,BMS_PackState,31.26,-21.1,65.33,,,,,,,,,,,,,,,,,,,
380.9,0x100,BMS_PackState,31.23,-20.400000000000002,65.21000000000001,,,,,,,,,,,,,,,,,,,
381.0,0x100,BMS_PackState,31.25,-20.6,65.01,,,,,,,,,,,,,,,,,,,
381.0,0x101,BMS_CellVolt1,,,,3.904,3.9050000000000002,3.9050000000000002,3.907,,,,,,,,,,,,,,,
381.0,0x102,BMS_CellVolt2,,,,,,,,3.904,3.923,3.903,3.9010000000000002,,,,,,,,,,,
381.0,0x103,BMS_Temps,,,,,,,,,,,,27.200000000000003,27.200000000000003,28.1,27.200000000000003,,,,,,,
381.0,0x104,BMS_Status,,,,,,,,,,,,,,,,0.0,0.0,0.0,0.0,0.0,1.0,0.0
381.1,0x100,BMS_PackState,31.26,-21.5,65.25,,,,,,,,,,,,,,,,,,,
381.2,0x100,BMS_PackState,31.26,-21.8,64.93,,,,,,,,,,,,,,,,,,,
381.3,0x100,BMS_PackState,31.25,-21.400000000000002,65.4,,,,,,,,,,,,,,,,,,,
381.4,0x100,BMS_PackState,31.23,-19.3,65.3,,,,,,,,,,,,,,,,,,,
381.5,0x100,BMS_PackState,31.26,-22.1,65.22,,,,,,,,,,,,,,,,,,,
381.5,0x101,BMS_CellVolt1,,,,3.906,3.908,3.908,3.91,,,,,,,,,,,,,,,
381.5,0x102,BMS_CellVolt2,,,,,,,,3.9010000000000002,3.923,3.906,3.9010000000000002,,,,,,,,,,,
381.6,0x100,BMS_PackState,31.25,-21.1,65.34,,,,,,,,,,,,,,,,,,,
381.7,0x100,BMS_PackState,31.240000000000002,-20.700000000000003,65.13,,,,,,,,,,,,,,,,,,,
381.8,0x100,BMS_PackState,31.23,-18.7,65.36,,,,,,,,,,,,,,,,,,,
381.9,0x100,BMS_PackState,31.26,-21.5,65.27,,,,,,,,,,,,,,,,,,,
382.0,0x100,BMS_PackState,31.23,-19.6,65.27,,,,,,,,,,,,,,,,,,,
382.0,0x101,BMS_CellVolt1,,,,3.903,3.904,3.9,3.903,,,,,,,,,,,,,,,
382.0,0x102,BMS_CellVolt2,,,,,,,,3.9010000000000002,3.914,3.903,3.898,,,,,,,,,,,
382.0,0x103,BMS_Temps,,,,,,,,,,,,27.200000000000003,27.3,28.0,27.1,,,,,,,
382.0,0x104,BMS_Status,,,,,,,,,,,,,,,,0.0,0.0,0.0,0.0,0.0,1.0,0.0
382.1,0x100,BMS_PackState,31.240000000000002,-19.200000000000003,65.21000000000001,,,,,,,,,,,,,,,,,,,
382.2,0x100,BMS_PackState,31.240000000000002,-21.1,65.22,,,,,,,,,,,,,,,,,,,
382.3,0x100,BMS_PackState,31.26,-21.3,65.31,,,,,,,,,,,,,,,,,,,
382.4,0x100,BMS_PackState,31.25,-21.5,65.16,,,,,,,,,,,,,,,,,,,
382.5,0x100,BMS_PackState,31.26,-21.400000000000002,65.13,,,,,,,,,,,,,,,,,,,
382.5,0x101,BMS_CellVolt1,,,,3.907,3.91,3.9090000000000003,3.908,,,,,,,,,,,,,,,
382.5,0x102,BMS_CellVolt2,,,,,,,,3.903,3.923,3.902,3.9,,,,,,,,,,,
382.6,0x100,BMS_PackState,31.23,-19.700000000000003,65.36,,,,,,,,,,,,,,,,,,,
382.7,0x100,BMS_PackState,31.25,-20.700000000000003,65.31,,,,,,,,,,,,,,,,,,,
382.8,0x100,BMS_PackState,31.25,-20.6,65.16,,,,,,,,,,,,,,,,,,,
382.9,0x100,BMS_PackState,31.27,-22.700000000000003,65.27,,,,,,,,,,,,,,,,,,,
383.0,0x100,BMS_PackState,31.26,-22.5,65.26,,,,,,,,,,,,,,,,,,,
383.0,0x101,BMS_CellVolt1,,,,3.904,3.908,3.907,3.906,,,,,,,,,,,,,,,
383.0,0x102,BMS_CellVolt2,,,,,,,,3.903,3.924,3.9050000000000002,3.903,,,,,,,,,,,
383.0,0x103,BMS_Temps,,,,,,,,,,,,27.1,27.1,27.900000000000002,27.0,,,,,,,
383.0,0x104,BMS_Status,,,,,,,,,,,,,,,,0.0,0.0,0.0,0.0,0.0,1.0,0.0
383.1,0x100,BMS_PackState,31.21,-17.8,65.18,,,,,,,,,,,,,,,,,,,
383.2,0x100,BMS_PackState,31.25,-21.3,65.28,,,,,,,,,,,,,,,,,,,
383.3,0x100,BMS_PackState,31.26,-22.200000000000003,65.26,,,,,,,,,,,,,,,,,,,
383.4,0x100,BMS_PackState,31.21,-18.900000000000002,65.35,,,,,,,,,,,,,,,,,,,
383.5,0x100,BMS_PackState,31.240000000000002,-20.6,65.3,,,,,,,,,,,,,,,,,,,
383.5,0x101,BMS_CellVolt1,,,,3.902,3.9050000000000002,3.906,3.906,,,,,,,,,,,,,,,
383.5,0x102,BMS_CellVolt2,,,,,,,,3.9010000000000002,3.9210000000000003,3.903,3.899,,,,,,,,,,,
383.6,0x100,BMS_PackState,31.240000000000002,-20.1,65.21000000000001,,,,,,,,,,,,,,,,,,,
383.7,0x100,BMS_PackState,31.26,-21.200000000000003,65.21000000000001,,,,,,,,,,,,,,,,,,,
383.8,0x100,BMS_PackState,31.26,-21.5,65.31,,,,,,,,,,,,,,,,,,,
383.9,0x100,BMS_PackState,31.25,-21.3,65.09,,,,,,,,,,,,,,,,,,,
384.0,0x100,BMS_PackState,31.28,-23.1,65.16,,,,,,,,,,,,,,,,,,,
384.0,0x101,BMS_CellVolt1,,,,3.9130000000000003,3.908,3.9090000000000003,3.911,,,,,,,,,,,,,,,
384.0,0x102,BMS_CellVolt2,,,,,,,,3.903,3.9250000000000003,3.91,3.9010000000000002,,,,,,,,,,,
384.0,0x103,BMS_Temps,,,,,,,,,,,,27.0,27.1,27.8,27.0,,,,,,,
384.0,0x104,BMS_Status,,,,,,,,,,,,,,,,0.0,0.0,0.0,0.0,0.0,1.0,0.0
384.1,0x100,BMS_PackState,31.25,-21.1,65.25,,,,,,,,,,,,,,,,,,,
384.2,0x100,BMS_PackState,31.25,-20.6,65.26,,,,,,,,,,,,,,,,,,,
384.3,0x100,BMS_PackState,31.21,-18.2,65.37,,,,,,,,,,,,,,,,,,,
384.4,0x100,BMS_PackState,31.25,-20.900000000000002,65.13,,,,,,,,,,,,,,,,,,,
384.5,0x100,BMS_PackState,31.29,-24.5,65.23,,,,,,,,,,,,,,,,,,,
384.5,0x101,BMS_CellVolt1,,,,3.9090000000000003,3.914,3.9090000000000003,3.911,,,,,,,,,,,,,,,
384.5,0x102,BMS_CellVolt2,,,,,,,,3.906,3.93,3.91,3.906,,,,,,,,,,,
384.6,0x100,BMS_PackState,31.26,-21.1,65.28,,,,,,,,,,,,,,,,,,,
384.7,0x100,BMS_PackState,31.19,-16.900000000000002,65.25,,,,,,,,,,,,,,,,,,,
384.8,0x100,BMS_PackState,31.240000000000002,-19.700000000000003,65.21000000000001,,,,,,,,,,,,,,,,,,,
384.9,0x100,BMS_PackState,31.27,-22.200000000000003,65.22,,,,,,,,,,,,,,,,,,,
385.0,0x100,BMS_PackState,31.23,-20.1,65.31,,,,,,,,,,,,,,,,,,,
385.0,0x101,BMS_CellVolt1,,,,3.9050000000000002,3.902,3.9010000000000002,3.904,,,,,,,,,,,,,,,
385.0,0x102,BMS_CellVolt2,,,,,,,,3.899,3.9210000000000003,3.899,3.9,,,,,,,,,,,
385.0,0x103,BMS_Temps,,,,,,,,,,,,26.900000000000002,27.0,27.700000000000003,26.8,,,,,,,
385.0,0x104,BMS_Status,,,,,,,,,,,,,,,,0.0,0.0,0.0,0.0,0.0,1.0,0.0
385.1,0x100,BMS_PackState,31.28,-22.1,65.26,,,,,,,,,,,,,,,,,,,
385.2,0x100,BMS_PackState,31.28,-23.0,65.25,,,,,,,,,,,,,,,,,,,
385.3,0x100,BMS_PackState,31.26,-21.5,65.17,,,,,,,,,,,,,,,,,,,
385.4,0x100,BMS_PackState,31.25,-20.900000000000002,65.52,,,,,,,,,,,,,,,,,,,
385.5,0x100,BMS_PackState,31.29,-23.8,65.3,,,,,,,,,,,,,,,,,,,
385.5,0x101,BMS_CellVolt1,,,,3.911,3.91,3.908,3.9130000000000003,,,,,,,,,,,,,,,
385.5,0x102,BMS_CellVolt2,,,,,,,,3.9050000000000002,3.931,3.9090000000000003,3.903,,,,,,,,,,,
385.6,0x100,BMS_PackState,31.28,-22.700000000000003,65.45,,,,,,,,,,,,,,,,,,,
385.7,0x100,BMS_PackState,31.240000000000002,-21.0,65.26,,,,,,,,,,,,,,,,,,,
385.8,0x100,BMS_PackState,31.26,-21.6,65.31,,,,,,,,,,,,,,,,,,,
385.9,0x100,BMS_PackState,31.240000000000002,-20.400000000000002,65.35,,,,,,,,,,,,,,,,,,,
386.0,0x100,BMS_PackState,31.28,-22.8,65.29,,,,,,,,,,,,,,,,,,,
386.0,0x101,BMS_CellVolt1,,,,3.912,3.9090000000000003,3.9050000000000002,3.912,,,,,,,,,,,,,,,
386.0,0x102,BMS_CellVolt2,,,,,,,,3.903,3.9290000000000003,3.9050000000000002,3.907,,,,,,,,,,,
386.0,0x103,BMS_Temps,,,,,,,,,,,,26.8,27.0,27.700000000000003,26.900000000000002,,,,,,,
386.0,0x104,BMS_Status,,,,,,,,,,,,,,,,0.0,0.0,0.0,0.0,0.0,1.0,0.0
386.1,0x100,BMS_PackState,31.23,-19.900000000000002,65.31,,,,,,,,,,,,,,,,,,,
386.2,0x100,BMS_PackState,31.27,-22.8,65.32000000000001,,,,,,,,,,,,,,,,,,,
386.3,0x100,BMS_PackState,31.220000000000002,-18.5,65.28,,,,,,,,,,,,,,,,,,,
386.4,0x100,BMS_PackState,31.29,-23.6,65.29,,,,,,,,,,,,,,,,,,,
386.5,0x100,BMS_PackState,31.27,-22.6,65.41,,,,,,,,,,,,,,,,,,,
386.5,0x101,BMS_CellVolt1,,,,3.904,3.914,3.908,3.912,,,,,,,,,,,,,,,
386.5,0x102,BMS_CellVolt2,,,,,,,,3.902,3.924,3.9050000000000002,3.9,,,,,,,,,,,
386.6,0x100,BMS_PackState,31.25,-20.400000000000002,65.21000000000001,,,,,,,,,,,,,,,,,,,
386.7,0x100,BMS_PackState,31.23,-18.5,65.48,,,,,,,,,,,,,,,,,,,
386.8,0x100,BMS_PackState,31.240000000000002,-20.5,65.37,,,,,,,,,,,,,,,,,,,
386.9,0x100,BMS_PackState,31.240000000000002,-20.200000000000003,65.28,,,,,,,,,,,,,,,,,,,
387.0,0x100,BMS_PackState,31.26,-21.0,65.4,,,,,,,,,,,,,,,,,,,
387.0,0x101,BMS_CellVolt1,,,,3.907,3.908,3.907,3.9050000000000002,,,,,,,,,,,,,,,
387.0,0x102,BMS_CellVolt2,,,,,,,,3.9,3.92,3.904,3.9050000000000002,,,,,,,,,,,
387.0,0x103,BMS_Temps,,,,,,,,,,,,26.900000000000002,27.0,27.5,26.8,,,,,,,
387.0,0x104,BMS_Status,,,,,,,,,,,,,,,,0.0,0.0,0.0,0.0,0.0,1.0,0.0
387.1,0x100,BMS_PackState,31.28,-22.5,65.4,,,,,,,,,,,,,,,,,,,
387.2,0x100,BMS_PackState,31.27,-21.700000000000003,65.35,,,,,,,,,,,,,,,,,,,
387.3,0x100,BMS_PackState,31.28,-22.8,65.31,,,,,,,,,,,,,,,,,,,
387.4,0x100,BMS_PackState,31.27,-22.900000000000002,65.15,,,,,,,,,,,,,,,,,,,
387.5,0x100,BMS_PackState,31.26,-20.400000000000002,65.25,,,,,,,,,,,,,,,,,,,
387.5,0x101,BMS_CellVolt1,,,,3.9050000000000002,3.9050000000000002,3.902,3.9090000000000003,,,,,,,,,,,,,,,
387.5,0x102,BMS_CellVolt2,,,,,,,,3.906,3.924,3.902,3.9010000000000002,,,,,,,,,,,
387.6,0x100,BMS_PackState,31.28,-22.700000000000003,65.33,,,,,,,,,,,,,,,,,,,
387.7,0x100,BMS_PackState,31.25,-20.5,65.37,,,,,,,,,,,,,,,,,,,
387.8,0x100,BMS_PackState,31.28,-23.0,65.33,,,,,,,,,,,,,,,,,,,
387.9,0x100,BMS_PackState,31.25,-20.6,65.37,,,,,,,,,,,,,,,,,,,
388.0,0x100,BMS_PackState,31.26,-21.700000000000003,65.3,,,,,,,,,,,,,,,,,,,
388.0,0x101,BMS_CellVolt1,,,,3.906,3.906,3.906,3.91,,,,,,,,,,,,,,,
388.0,0x102,BMS_CellVolt2,,,,,,,,3.903,3.926,3.903,3.903,,,,,,,,,,,
388.0,0x103,BMS_Temps,,,,,,,,,,,,26.700000000000003,26.900000000000002,27.6,26.700000000000003,,,,,,,
388.0,0x104,BMS_Status,,,,,,,,,,,,,,,,0.0,0.0,0.0,0.0,0.0,1.0,0.0
388.1,0x100,BMS_PackState,31.23,-18.900000000000002,65.39,,,,,,,,,,,,,,,,,,,
388.2,0x100,BMS_PackState,31.26,-20.5,65.55,,,,,,,,,,,,,,,,,,,
388.3,0x100,BMS_PackState,31.23,-19.1,65.35,,,,,,,,,,,,,,,,,,,
388.4,0x100,BMS_PackState,31.28,-22.1,65.32000000000001,,,,,,,,,,,,,,,,,,,
388.5,0x100,BMS_PackState,31.26,-20.900000000000002,65.33,,,,,,,,,,,,,,,,,,,
388.5,0x101,BMS_CellVolt1,,,,3.906,3.906,3.9050000000000002,3.911,,,,,,,,,,,,,,,
388.5,0x102,BMS_CellVolt2,,,,,,,,3.902,3.923,3.904,3.9,,,,,,,,,,,
388.6,0x100,BMS_PackState,31.28,-22.5,65.42,,,,,,,,,,,,,,,,,,,
388.7,0x100,BMS_PackState,31.26,-21.6,65.33,,,,,,,,,,,,,,,,,,,
388.8,0x100,BMS_PackState,31.27,-21.400000000000002,65.42,,,,,,,,,,,,,,,,,,,
388.9,0x100,BMS_PackState,31.26,-22.1,65.43,,,,,,,,,,,,,,,,,,,
389.0,0x100,BMS_PackState,31.28,-22.8,65.52,,,,,,,,,,,,,,,,,,,
389.0,0x101,BMS_CellVolt1,,,,3.908,3.911,3.908,3.914,,,,,,,,,,,,,,,
389.0,0x102,BMS_CellVolt2,,,,,,,,3.904,3.928,3.908,3.904,,,,,,,,,,,
389.0,0x103,BMS_Temps,,,,,,,,,,,,26.8,26.8,27.5,26.700000000000003,,,,,,,
389.0,0x104,BMS_Status,,,,,,,,,,,,,,,,0.0,0.0,0.0,0.0,0.0,1.0,0.0
389.1,0x100,BMS_PackState,31.28,-23.1,65.39,,,,,,,,,,,,,,,,,,,
389.2,0x100,BMS_PackState,31.310000000000002,-24.5,65.36,,,,,,,,,,,,,,,,,,,
389.3,0x100,BMS_PackState,31.27,-22.6,65.38,,,,,,,,,,,,,,,,,,,
389.4,0x100,BMS_PackState,31.25,-20.1,65.35,,,,,,,,,,,,,,,,,,,
389.5,0x100,BMS_PackState,31.28,-23.400000000000002,65.37,,,,,,,,,,,,,,,,,,,
389.5,0x101,BMS_CellVolt1,,,,3.9090000000000003,3.907,3.906,3.9130000000000003,,,,,,,,,,,,,,,
389.5,0x102,BMS_CellVolt2,,,,,,,,3.907,3.927,3.9050000000000002,3.906,,,,,,,,,,,
389.6,0x100,BMS_PackState,31.28,-23.1,65.49,,,,,,,,,,,,,,,,,,,
389.7,0x100,BMS_PackState,31.220000000000002,-18.3,65.31,,,,,,,,,,,,,,,,,,,
389.8,0x100,BMS_PackState,31.27,-22.0,65.22,,,,,,,,,,,,,,,,,,,
389.9,0x100,BMS_PackState,31.26,-20.5,65.37,,,,,,,,,,,,,,,,,,,
390.0,0x100,BMS_PackState,31.240000000000002,-20.0,65.38,,,,,,,,,,,,,,,,,,,
390.0,0x101,BMS_CellVolt1,,,,3.9010000000000002,3.908,3.906,3.902,,,,,,,,,,,,,,,
390.0,0x102,BMS_CellVolt2,,,,,,,,3.903,3.92,3.904,3.9010000000000002,,,,,,,,,,,
390.0,0x103,BMS_Temps,,,,,,,,,,,,26.900000000000002,26.700000000000003,27.400000000000002,26.8,,,,,,,
390.0,0x104,BMS_Status,,,,,,,,,,,,,,,,0.0,0.0,0.0,0.0,0.0,1.0,0.0
390.1,0x100,BMS_PackState,31.240000000000002,-20.0,65.46000000000001,,,,,,,,,,,,,,,,,,,
390.2,0x100,BMS_PackState,31.28,-23.3,65.34,,,,,,,,,,,,,,,,,,,
390.3,0x100,BMS_PackState,31.27,-21.3,65.32000000000001,,,,,,,,,,,,,,,,,,,
390.4,0x100,BMS_PackState,31.29,-23.400000000000002,65.3,,,,,,,,,,,,,,,,,,,
390.5,0x100,BMS_PackState,31.21,-17.3,65.3,,,,,,,,,,,,,,,,,,,
390.5,0x101,BMS_CellVolt1,,,,3.898,3.904,3.9,3.9010000000000002,,,,,,,,,,,,,,,
390.5,0x102,BMS_CellVolt2,,,,,,,,3.896,3.912,3.9,3.9010000000000002,,,,,,,,,,,
390.6,0x100,BMS_PackState,31.29,-23.400000000000002,65.28,,,,,,,,,,,,,,,,,,,
390.7,0x100,BMS_PackState,31.29,-22.6,65.25,,,,,,,,,,,,,,,,,,,
390.8,0x100,BMS_PackState,31.28,-22.6,65.15,,,,,,,,,,,,,,,,,,,
390.9,0x100,BMS_PackState,31.29,-23.200000000000003,65.45,,,,,,,,,,,,,,,,,,,
391.0,0x100,BMS_PackState,31.240000000000002,-19.0,65.39,,,,,,,,,,,,,,,,,,,
391.0,0x101,BMS_CellVolt1,,,,3.903,3.906,3.9,3.9090000000000003,,,,,,,,,,,,,,,
391.0,0x102,BMS_CellVolt2,,,,,,,,3.8970000000000002,3.9210000000000003,3.903,3.899,,,,,,,,,,,
391.0,0x103,BMS_Temps,,,,,,,,,,,,26.6,26.8,27.400000000000002,26.6,,,,,,,
391.0,0x104,BMS_Status,,,,,,,,,,,,,,,,0.0,0.0,0.0,0.0,0.0,1.0,0.0
391.1,0x100,BMS_PackState,31.21,-17.400000000000002,65.58,,,,,,,,,,,,,,,,,,,
391.2,0x100,BMS_PackState,31.27,-21.700000000000003,65.22,,,,,,,,,,,,,,,,,,,
391.3,0x100,BMS_PackState,31.28,-23.0,65.57000000000001,,,,,,,,,,,,,,,,,,,
391.4,0x100,BMS_PackState,31.310000000000002,-24.400000000000002,65.36,,,,,,,,,,,,,,,,,,,
391.5,0x100,BMS_PackState,31.26,-21.400000000000002,65.22,,,,,,,,,,,,,,,,,,,
391.5,0x101,BMS_CellVolt1,,,,3.906,3.9050000000000002,3.903,3.907,,,,,,,,,,,,,,,
391.5,0x102,BMS_CellVolt2,,,,,,,,3.903,3.927,3.906,3.9010000000000002,,,,,,,,,,,
391.6,0x100,BMS_PackState,31.25,-21.5,65.18,,,,,,,,,,,,,,,,,,,
391.7,0x100,BMS_PackState,31.27,-22.0,65.33,,,,,,,,,,,,,,,,,,,
391.8,0x100,BMS_PackState,31.25,-20.700000000000003,65.47,,,,,,,,,,,,,,,,,,,
391.9,0x100,BMS_PackState,31.25,-20.400000000000002,65.41,,,,,,,,,,,,,,,,,,,
392.0,0x100,BMS_PackState,31.26,-20.5,65.35,,,,,,,,,,,,,,,,,,,
392.0,0x101,BMS_CellVolt1,,,,3.904,3.91,3.907,3.9090000000000003,,,,,,,,,,,,,,,
392.0,0x102,BMS_CellVolt2,,,,,,,,3.9010000000000002,3.9210000000000003,3.9050000000000002,3.903,,,,,,,,,,,
392.0,0x103,BMS_Temps,,,,,,,,,,,,26.6,26.8,27.400000000000002,26.700000000000003,,,,,,,
392.0,0x104,BMS_Status,,,,,,,,,,,,,,,,0.0,0.0,0.0,0.0,0.0,1.0,0.0
392.1,0x100,BMS_PackState,31.26,-21.5,65.5,,,,,,,,,,,,,,,,,,,
392.2,0x100,BMS_PackState,31.28,-22.700000000000003,65.4,,,,,,,,,,,,,,,,,,,
392.3,0x100,BMS_PackState,31.25,-20.0,65.23,,,,,,,,,,,,,,,,,,,
392.4,0x100,BMS_PackState,31.26,-21.0,65.52,,,,,,,,,,,,,,,,,,,
392.5,0x100,BMS_PackState,31.26,-19.700000000000003,65.29,,,,,,,,,,,,,,,,,,,
392.5,0x101,BMS_CellVolt1,,,,3.906,3.91,3.904,3.907,,,,,,,,,,,,,,,
392.5,0x102,BMS_CellVolt2,,,,,,,,3.9010000000000002,3.923,3.904,3.9010000000000002,,,,,,,,,,,
392.6,0x100,BMS_PackState,31.25,-19.8,65.28,,,,,,,,,,,,,,,,,,,
392.7,0x100,BMS_PackState,31.28,-23.1,65.37,,,,,,,,,,,,,,,,,,,
392.8,0x100,BMS_PackState,31.29,-23.200000000000003,65.43,,,,,,,,,,,,,,,,,,,
392.9,0x100,BMS_PackState,31.27,-22.1,65.33,,,,,,,,,,,,,,,,,,,
393.0,0x100,BMS_PackState,31.28,-22.6,65.22,,,,,,,,,,,,,,,,,,,
393.0,0x101,BMS_CellVolt1,,,,3.9090000000000003,3.9090000000000003,3.9090000000000003,3.91,,,,,,,,,,,,,,,
393.0,0x102,BMS_CellVolt2,,,,,,,,3.9050000000000002,3.926,3.904,3.903,,,,,,,,,,,
393.0,0x103,BMS_Temps,,,,,,,,,,,,26.6,26.8,27.3,26.6,,,,,,,
393.0,0x104,BMS_Status,,,,,,,,,,,,,,,,0.0,0.0,0.0,0.0,0.0,1.0,0.0
393.1,0x100,BMS_PackState,31.240000000000002,-19.900000000000002,65.34,,,,,,,,,,,,,,,,,,,
393.2,0x100,BMS_PackState,31.25,-20.5,65.5,,,,,,,,,,,,,,,,,,,
393.3,0x100,BMS_PackState,31.240000000000002,-19.400000000000002,65.4,,,,,,,,,,,,,,,,,,,
393.4,0x100,BMS_PackState,31.25,-20.400000000000002,65.51,,,,,,,,,,,,,,,,,,,
393.5,0x100,BMS_PackState,31.27,-20.700000000000003,65.45,,,,,,,,,,,,,,,,,,,
393.5,0x101,BMS_CellVolt1,,,,3.907,3.906,3.9050000000000002,3.91,,,,,,,,,,,,,,,
393.5,0x102,BMS_CellVolt2,,,,,,,,3.9010000000000002,3.927,3.906,3.903,,,,,,,,,,,
393.6,0x100,BMS_PackState,31.240000000000002,-19.200000000000003,65.35,,,,,,,,,,,,,,,,,,,
393.7,0x100,BMS_PackState,31.26,-20.3,65.33,,,,,,,,,,,,,,,,,,,
393.8,0x100,BMS_PackState,31.26,-20.900000000000002,65.43,,,,,,,,,,,,,,,,,,,
393.9,0x100,BMS_PackState,31.23,-18.8,65.43,,,,,,,,,,,,,,,,,,,
394.0,0x100,BMS_PackState,31.26,-20.8,65.42,,,,,,,,,,,,,,,,,,,
394.0,0x101,BMS_CellVolt1,,,,3.911,3.907,3.906,3.904,,,,,,,,,,,,,,,
394.0,0x102,BMS_CellVolt2,,,,,,,,3.904,3.924,3.904,3.9,,,,,,,,,,,
394.0,0x103,BMS_Temps,,,,,,,,,,,,26.5,26.700000000000003,27.200000000000003,26.6,,,,,,,
394.0,0x104,BMS_Status,,,,,,,,,,,,,,,,0.0,0.0,0.0,0.0,0.0,1.0,0.0
394.1,0x100,BMS_PackState,31.27,-21.5,65.43,,,,,,,,,,,,,,,,,,,
394.2,0x100,BMS_PackState,31.27,-22.3,65.4,,,,,,,,,,,,,,,,,,,
394.3,0x100,BMS_PackState,31.26,-19.900000000000002,65.4,,,,,,,,,,,,,,,,,,,
394.4,0x100,BMS_PackState,31.240000000000002,-19.1,65.33,,,,,,,,,,,,,,,,,,,
394.5,0x100,BMS_PackState,31.27,-21.1,65.31,,,,,,,,,,,,,,,,,,,
394.5,0x101,BMS_CellVolt1,,,,3.9090000000000003,3.908,3.904,3.9130000000000003,,,,,,,,,,,,,,,
394.5,0x102,BMS_CellVolt2,,,,,,,,3.904,3.923,3.902,3.9050000000000002,,,,,,,,,,,
394.6,0x100,BMS_PackState,31.23,-19.0,65.49,,,,,,,,,,,,,,,,,,,
394.7,0x100,BMS_PackState,31.3,-24.0,65.32000000000001,,,,,,,,,,,,,,,,,,,
394.8,0x100,BMS_PackState,31.26,-21.1,65.23,,,,,,,,,,,,,,,,,,,
394.9,0x100,BMS_PackState,31.27,-21.1,65.39,,,,,,,,,,,,,,,,,,,
395.0,0x100,BMS_PackState,31.28,-22.1,65.45,,,,,,,,,,,,,,,,,,,
395.0,0x101,BMS_CellVolt1,,,,3.908,3.911,3.908,3.9130000000000003,,,,,,,,,,,,,,,
395.0,0x102,BMS_CellVolt2,,,,,,,,3.903,3.931,3.9010000000000002,3.9050000000000002,,,,,,,,,,,
395.0,0x103,BMS_Temps,,,,,,,,,,,,26.6,26.700000000000003,27.3,26.6,,,,,,,
395.0,0x104,BMS_Status,,,,,,,,,,,,,,,,0.0,0.0,0.0,0.0,0.0,1.0,0.0
395.1,0x100,BMS_PackState,31.220000000000002,-17.400000000000002,65.41,,,,,,,,,,,,,,,,,,,
395.2,0x100,BMS_PackState,31.28,-21.1,65.31,,,,,,,,,,,,,,,,,,,
395.3,0x100,BMS_PackState,31.27,-21.6,65.54,,,,,,,,,,,,,,,,,,,
395.4,0x100,BMS_PackState,31.27,-21.0,65.45,,,,,,,,,,,,,,,,,,,
395.5,0x100,BMS_PackState,31.3,-24.0,65.55,,,,,,,,,,,,,,,,,,,
395.5,0x101,BMS_CellVolt1,,,,3.91,3.91,3.91,3.9130000000000003,,,,,,,,,,,,,,,
395.5,0x102,BMS_CellVolt2,,,,,,,,3.906,3.9330000000000003,3.912,3.906,,,,,,,,,,,
395.6,0x100,BMS_PackState,31.27,-22.1,65.43,,,,,,,,,,,,,,,,,,,
395.7,0x100,BMS_PackState,31.240000000000002,-19.5,65.48,,,,,,,,,,,,,,,,,,,
395.8,0x100,BMS_PackState,31.27,-21.900000000000002,65.32000000000001,,,,,,,,,,,,,,,,,,,
395.9,0x100,BMS_PackState,31.28,-22.200000000000003,65.13,,,,,,,,,,,,,,,,,,,
396.0,0x100,BMS_PackState,31.240000000000002,-19.0,65.44,,,,,,,,,,,,,,,,,,,
396.0,0x101,BMS_CellVolt1,,,,3.9050000000000002,3.904,3.9010000000000002,3.91,,,,,,,,,,,,,,,
396.0,0x102,BMS_CellVolt2,,,,,,,,3.899,3.919,3.9010000000000002,3.9,,,,,,,,,,,
396.0,0x103,BMS_Temps,,,,,,,,,,,,26.5,26.6,27.200000000000003,26.400000000000002,,,,,,,
396.0,0x104,BMS_Status,,,,,,,,,,,,,,,,0.0,0.0,0.0,0.0,0.0,1.0,0.0
396.1,0x100,BMS_PackState,31.240000000000002,-19.0,65.3,,,,,,,,,,,,,,,,,,,
396.2,0x100,BMS_PackState,31.26,-20.200000000000003,65.53,,,,,,,,,,,,,,,,,,,
396.3,0x100,BMS_PackState,31.28,-21.700000000000003,65.53,,,,,,,,,,,,,,,,,,,
396.4,0x100,BMS_PackState,31.26,-21.400000000000002,65.47,,,,,,,,,,,,,,,,,,,
396.5,0x100,BMS_PackState,31.28,-22.200000000000003,65.36,,,,,,,,,,,,,,,,,,,
396.5,0x101,BMS_CellVolt1,,,,3.9090000000000003,3.91,3.91,3.91,,,,,,,,,,,,,,,
396.5,0x102,BMS_CellVolt2,,,,,,,,3.907,3.927,3.902,3.904,,,,,,,,,,,
396.6,0x100,BMS_PackState,31.28,-22.5,65.44,,,,,,,,,,,,,,,,,,,
396.7,0x100,BMS_PackState,31.28,-22.6,65.5,,,,,,,,,,,,,,,,,,,
396.8,0x100,BMS_PackState,31.29,-21.900000000000002,65.49,,,,,,,,,,,,,,,,,,,
396.9,0x100,BMS_PackState,31.28,-22.6,65.36,,,,,,,,,,,,,,,,,,,
397.0,0x100,BMS_PackState,31.3,-23.3,65.26,,,,,,,,,,,,,,,,,,,
397.0,0x101,BMS_CellVolt1,,,,3.912,3.912,3.91,3.9130000000000003,,,,,,,,,,,,,,,
397.0,0x102,BMS_CellVolt2,,,,,,,,3.903,3.934,3.907,3.908,,,,,,,,,,,
397.0,0x103,BMS_Temps,,,,,,,,,,,,26.5,26.6,27.200000000000003,26.5,,,,,,,
397.0,0x104,BMS_Status,,,,,,,,,,,,,,,,0.0,0.0,0.0,0.0,0.0,1.0,0.0
397.1,0x100,BMS_PackState,31.26,-20.700000000000003,65.49,,,,,,,,,,,,,,,,,,,
397.2,0x100,BMS_PackState,31.27,-20.6,65.45,,,,,,,,,,,,,,,,,,,
397.3,0x100,BMS_PackState,31.220000000000002,-18.400000000000002,65.51,,,,,,,,,,,,,,,,,,,
397.4,0x100,BMS_PackState,31.28,-22.0,65.46000000000001,,,,,,,,,,,,,,,,,,,
397.5,0x100,BMS_PackState,31.26,-20.6,65.44,,,,,,,,,,,,,,,,,,,
397.5,0x101,BMS_CellVolt1,,,,3.904,3.9090000000000003,3.904,3.908,,,,,,,,,,,,,,,
397.5,0x102,BMS_CellVolt2,,,,,,,,3.904,3.924,3.904,3.9,,,,,,,,,,,
397.6,0x100,BMS_PackState,31.26,-20.5,65.44,,,,,,,,,,,,,,,,,,,
397.7,0x100,BMS_PackState,31.26,-21.400000000000002,65.43,,,,,,,,,,,,,,,,,,,
397.8,0x100,BMS_PackState,31.25,-19.900000000000002,65.7,,,,,,,,,,,,,,,,,,,
397.9,0x100,BMS_PackState,31.26,-19.8,65.44,,,,,,,,,,,,,,,,,,,
398.0,0x100,BMS_PackState,31.26,-20.5,65.43,,,,,,,,,,,,,,,,,,,
398.0,0x101,BMS_CellVolt1,,,,3.906,3.9090000000000003,3.906,3.91,,,,,,,,,,,,,,,
398.0,0x102,BMS_CellVolt2,,,,,,,,3.903,3.9250000000000003,3.902,3.9,,,,,,,,,,,
398.0,0x103,BMS_Temps,,,,,,,,,,,,26.5,26.6,27.1,26.6,,,,,,,
398.0,0x104,BMS_Status,,,,,,,,,,,,,,,,0.0,0.0,0.0,0.0,0.0,1.0,0.0
398.1,0x100,BMS_PackState,31.27,-21.400000000000002,65.54,,,,,,,,,,,,,,,,,,,
398.2,0x100,BMS_PackState,31.27,-21.5,65.51,,,,,,,,,,,,,,,,,,,
398.3,0x100,BMS_PackState,31.29,-23.1,65.48,,,,,,,,,,,,,,,,,,,
398.4,0x100,BMS_PackState,31.29,-22.200000000000003,65.39,,,,,,,,,,,,,,,,,,,
398.5,0x100,BMS_PackState,31.28,-21.900000000000002,65.34,,,,,,,,,,,,,,,,,,,
398.5,0x101,BMS_CellVolt1,,,,3.91,3.911,3.908,3.908,,,,,,,,,,,,,,,
398.5,0x102,BMS_CellVolt2,,,,,,,,3.9050000000000002,3.924,3.9090000000000003,3.904,,,,,,,,,,,
398.6,0x100,BMS_PackState,31.29,-22.700000000000003,65.47,,,,,,,,,,,,,,,,,,,
398.7,0x100,BMS_PackState,31.26,-20.3,65.46000000000001,,,,,,,,,,,,,,,,,,,
398.8,0x100,BMS_PackState,31.25,-19.200000000000003,65.43,,,,,,,,,,,,,,,,,,,
398.9,0x100,BMS_PackState,31.28,-22.400000000000002,65.56,,,,,,,,,,,,,,,,,,,
399.0,0x100,BMS_PackState,31.26,-20.6,65.57000000000001,,,,,,,,,,,,,,,,,,,
399.0,0x101,BMS_CellVolt1,,,,3.9050000000000002,3.908,3.91,3.907,,,,,,,,,,,,,,,
399.0,0x102,BMS_CellVolt2,,,,,,,,3.902,3.924,3.903,3.899,,,,,,,,,,,
399.0,0x103,BMS_Temps,,,,,,,,,,,,26.400000000000002,26.6,27.200000000000003,26.400000000000002,,,,,,,
399.0,0x104,BMS_Status,,,,,,,,,,,,,,,,0.0,0.0,0.0,0.0,0.0,1.0,0.0
399.1,0x100,BMS_PackState,31.29,-22.6,65.6,,,,,,,,,,,,,,,,,,,
399.2,0x100,BMS_PackState,31.27,-21.5,65.38,,,,,,,,,,,,,,,,,,,
399.3,0x100,BMS_PackState,31.27,-22.0,65.59,,,,,,,,,,,,,,,,,,,
399.4,0x100,BMS_PackState,31.25,-20.1,65.3,,,,,,,,,,,,,,,,,,,
399.5,0x100,BMS_PackState,31.28,-22.0,65.48,,,,,,,,,,,,,,,,,,,
399.5,0x101,BMS_CellVolt1,,,,3.908,3.906,3.908,3.9130000000000003,,,,,,,,,,,,,,,
399.5,0x102,BMS_CellVolt2,,,,,,,,3.904,3.927,3.908,3.907,,,,,,,,,,,
399.6,0x100,BMS_PackState,31.26,-19.5,65.57000000000001,,,,,,,,,,,,,,,,,,,
399.7,0x100,BMS_PackState,31.28,-21.400000000000002,65.39,,,,,,,,,,,,,,,,,,,
399.8,0x100,BMS_PackState,31.27,-22.0,65.36,,,,,,,,,,,,,,,,,,,
399.9,0x100,BMS_PackState,31.29,-22.900000000000002,65.49,,,,,,,,,,,,,,,,,,,
400.0,0x100,BMS_PackState,31.27,-20.6,65.66,,,,,,,,,,,,,,,,,,,
400.0,0x101,BMS_CellVolt1,,,,3.91,3.91,3.907,3.907,,,,,,,,,,,,,,,
400.0,0x102,BMS_CellVolt2,,,,,,,,3.9050000000000002,3.923,3.9050000000000002,3.903,,,,,,,,,,,
400.0,0x103,BMS_Temps,,,,,,,,,,,,26.5,26.5,27.1,26.5,,,,,,,
400.0,0x104,BMS_Status,,,,,,,,,,,,,,,,0.0,0.0,0.0,0.0,0.0,1.0,0.0
400.1,0x100,BMS_PackState,31.26,-19.700000000000003,65.67,,,,,,,,,,,,,,,,,,,
400.2,0x100,BMS_PackState,31.26,-20.6,65.61,,,,,,,,,,,,,,,,,,,
400.3,0x100,BMS_PackState,31.220000000000002,-17.6,65.4,,,,,,,,,,,,,,,,,,,
400.4,0x100,BMS_PackState,31.240000000000002,-18.900000000000002,65.5,,,,,,,,,,,,,,,,,,,
400.5,0x100,BMS_PackState,31.28,-21.5,65.72,,,,,,,,,,,,,,,,,,,
400.5,0x101,BMS_CellVolt1,,,,3.907,3.911,3.912,3.912,,,,,,,,,,,,,,,
400.5,0x102,BMS_CellVolt2,,,,,,,,3.904,3.928,3.903,3.907,,,,,,,,,,,
400.6,0x100,BMS_PackState,31.27,-21.5,65.59,,,,,,,,,,,,,,,,,,,
400.7,0x100,BMS_PackState,31.26,-20.3,65.35,,,,,,,,,,,,,,,,,,,
400.8,0x100,BMS_PackState,31.28,-22.3,65.58,,,,,,,,,,,,,,,,,,,
400.9,0x100,BMS_PackState,31.240000000000002,-19.3,65.43,,,,,,,,,,,,,,,,,,,
401.0,0x100,BMS_PackState,31.26,-20.5,65.48,,,,,,,,,,,,,,,,,,,
401.0,0x101,BMS_CellVolt1,,,,3.906,3.9090000000000003,3.91,3.9090000000000003,,,,,,,,,,,,,,,
401.0,0x102,BMS_CellVolt2,,,,,,,,3.899,3.922,3.9050000000000002,3.902,,,,,,,,,,,
401.0,0x103,BMS_Temps,,,,,,,,,,,,26.400000000000002,26.6,27.0,26.5,,,,,,,
401.0,0x104,BMS_Status,,,,,,,,,,,,,,,,0.0,0.0,0.0,0.0,0.0,1.0,0.0
401.1,0x100,BMS_PackState,31.26,-20.6,65.58,,,,,,,,,,,,,,,,,,,
401.2,0x100,BMS_PackState,31.26,-20.0,65.47,,,,,,,,,,,,,,,,,,,
401.3,0x100,BMS_PackState,31.240000000000002,-18.400000000000002,65.46000000000001,,,,,,,,,,,,,,,,,,,
401.4,0x100,BMS_PackState,31.27,-20.700000000000003,65.62,,,,,,,,,,,,,,,,,,,
401.5,0x100,BMS_PackState,31.28,-21.200000000000003,65.59,,,,,,,,,,,,,,,,,,,
401.5,0x101,BMS_CellVolt1,,,,3.906,3.912,3.908,3.91,,,,,,,,,,,,,,,
401.5,0x102,BMS_CellVolt2,,,,,,,,3.903,3.927,3.906,3.908,,,,,,,,,,,
401.6,0x100,BMS_PackState,31.240000000000002,-18.7,65.55,,,,,,,,,,,,,,,,,,,
401.7,0x100,BMS_PackState,31.26,-19.5,65.73,,,,,,,,,,,,,,,,,,,
401.8,0x100,BMS_PackState,31.28,-21.5,65.54,,,,,,,,,,,,,,,,,,,
401.9,0x100,BMS_PackState,31.26,-21.0,65.55,,,,,,,,,,,,,,,,,,,
402.0,0x100,BMS_PackState,31.26,-20.700000000000003,65.49,,,,,,,,,,,,,,,,,,,
402.0,0x101,BMS_CellVolt1,,,,3.908,3.9090000000000003,3.9050000000000002,3.911,,,,,,,,,,,,,,,
402.0,0x102,BMS_CellVolt2,,,,,,,,3.906,3.92,3.9050000000000002,3.9,,,,,,,,,,,
402.0,0x103,BMS_Temps,,,,,,,,,,,,26.400000000000002,26.6,27.0,26.5,,,,,,,
402.0,0x104,BMS_Status,,,,,,,,,,,,,,,,0.0,0.0,0.0,0.0,0.0,1.0,0.0
402.1,0x100,BMS_PackState,31.26,-20.5,65.43,,,,,,,,,,,,,,,,,,,
402.2,0x100,BMS_PackState,31.3,-23.0,65.38,,,,,,,,,,,,,,,,,,,
402.3,0x100,BMS_PackState,31.3,-23.3,65.61,,,,,,,,,,,,,,,,,,,
402.4,0x100,BMS_PackState,31.3,-22.3,65.48,,,,,,,,,,,,,,,,,,,
402.5,0x100,BMS_PackState,31.28,-22.400000000000002,65.79,,,,,,,,,,,,,,,,,,,
402.5,0x101,BMS_CellVolt1,,,,3.912,3.908,3.907,3.9090000000000003,,,,,,,,,,,,,,,
402.5,0x102,BMS_CellVolt2,,,,,,,,3.902,3.927,3.906,3.9090000000000003,,,,,,,,,,,
402.6,0x100,BMS_PackState,31.28,-22.0,65.44,,,,,,,,,,,,,,,,,,,
402.7,0x100,BMS_PackState,31.26,-20.0,65.46000000000001,,,,,,,,,,,,,,,,,,,
402.8,0x100,BMS_PackState,31.28,-21.3,65.57000000000001,,,,,,,,,,,,,,,,,,,
402.9,0x100,BMS_PackState,31.27,-20.700000000000003,65.43,,,,,,,,,,,,,,,,,,,
403.0,0x100,BMS_PackState,31.3,-22.8,65.39,,,,,,,,,,,,,,,,,,,
403.0,0x101,BMS_CellVolt1,,,,3.9090000000000003,3.9130000000000003,3.91,3.915,,,,,,,,,,,,,,,
403.0,0x102,BMS_CellVolt2,,,,,,,,3.907,3.931,3.9050000000000002,3.908,,,,,,,,,,,
403.0,0x103,BMS_Temps,,,,,,,,,,,,26.400000000000002,26.5,27.0,26.5,,,,,,,
403.0,0x104,BMS_Status,,,,,,,,,,,,,,,,0.0,0.0,0.0,0.0,0.0,1.0,0.0
403.1,0x100,BMS_PackState,31.29,-21.700000000000003,65.6,,,,,,,,,,,,,,,,,,,
403.2,0x100,BMS_PackState,31.26,-20.1,65.32000000000001,,,,,,,,,,,,,,,,,,,
403.3,0x100,BMS_PackState,31.27,-20.1,65.56,,,,,,,,,,,,,,,,,,,
403.4,0x100,BMS_PackState,31.28,-22.1,65.56,,,,,,,,,,,,,,,,,,,
403.5,0x100,BMS_PackState,31.28,-20.8,65.64,,,,,,,,,,,,,,,,,,,
403.5,0x101,BMS_CellVolt1,,,,3.9090000000000003,3.91,3.91,3.911,,,,,,,,,,,,,,,
403.5,0x102,BMS_CellVolt2,,,,,,,,3.903,3.926,3.903,3.907,,,,,,,,,,,
403.6,0x100,BMS_PackState,31.220000000000002,-17.7,65.59,,,,,,,,,,,,,,,,,,,
403.7,0x100,BMS_PackState,31.26,-21.0,65.82000000000001,,,,,,,,,,,,,,,,,,,
403.8,0x100,BMS_PackState,31.28,-22.0,65.51,,,,,,,,,,,,,,,,,,,
403.9,0x100,BMS_PackState,31.27,-21.3,65.41,,,,,,,,,,,,,,,,,,,
404.0,0x100,BMS_PackState,31.27,-20.900000000000002,65.82000000000001,,,,,,,,,,,,,,,,,,,
404.0,0x101,BMS_CellVolt1,,,,3.906,3.9090000000000003,3.908,3.915,,,,,,,,,,,,,,,
404.0,0x102,BMS_CellVolt2,,,,,,,,3.9050000000000002,3.927,3.9010000000000002,3.9,,,,,,,,,,,
404.0,0x103,BMS_Temps,,,,,,,,,,,,26.400000000000002,26.5,27.0,26.400000000000002,,,,,,,
404.0,0x104,BMS_Status,,,,,,,,,,,,,,,,0.0,0.0,0.0,0.0,0.0,1.0,0.0
404.1,0x100,BMS_PackState,31.28,-21.200000000000003,65.56,,,,,,,,,,,,,,,,,,,
404.2,0x100,BMS_PackState,31.29,-21.0,65.46000000000001,,,,,,,,,,,,,,,,,,,
404.3,0x100,BMS_PackState,31.310000000000002,-23.200000000000003,65.39,,,,,,,,,,,,,,,,,,,
404.4,0x100,BMS_PackState,31.3,-22.400000000000002,65.52,,,,,,,,,,,,,,,,,,,
404.5,0x100,BMS_PackState,31.27,-21.200000000000003,65.48,,,,,,,,,,,,,,,,,,,
404.5,0x101,BMS_CellVolt1,,,,3.908,3.908,3.906,3.91,,,,,,,,,,,,,,,
404.5,0x102,BMS_CellVolt2,,,,,,,,3.9010000000000002,3.927,3.908,3.9050000000000002,,,,,,,,,,,
404.6,0x100,BMS_PackState,31.28,-21.200000000000003,65.48,,,,,,,,,,,,,,,,,,,
404.7,0x100,BMS_PackState,31.28,-21.8,65.35,,,,,,,,,,,,,,,,,,,
404.8,0x100,BMS_PackState,31.27,-21.3,65.52,,,,,,,,,,,,,,,,,,,
404.9,0x100,BMS_PackState,31.27,-20.900000000000002,65.6,,,,,,,,,,,,,,,,,,,
405.0,0x100,BMS_PackState,31.25,-19.700000000000003,65.46000000000001,,,,,,,,,,,,,,,,,,,
405.0,0x101,BMS_CellVolt1,,,,3.906,3.906,3.907,3.906,,,,,,,,,,,,,,,
405.0,0x102,BMS_CellVolt2,,,,,,,,3.902,3.923,3.903,3.902,,,,,,,,,,,
405.0,0x103,BMS_Temps,,,,,,,,,,,,26.400000000000002,26.400000000000002,27.1,26.3,,,,,,,
405.0,0x104,BMS_Status,,,,,,,,,,,,,,,,0.0,0.0,0.0,0.0,0.0,1.0,0.0
405.1,0x100,BMS_PackState,31.27,-21.1,65.52,,,,,,,,,,,,,,,,,,,
405.2,0x100,BMS_PackState,31.26,-20.400000000000002,65.52,,,,,,,,,,,,,,,,,,,
405.3,0x100,BMS_PackState,31.28,-21.8,65.58,,,,,,,,,,,,,,,,,,,
405.4,0x100,BMS_PackState,31.27,-20.1,65.74,,,,,,,,,,,,,,,,,,,
405.5,0x100,BMS_PackState,31.27,-20.400000000000002,65.59,,,,,,,,,,,,,,,,,,,
405.5,0x101,BMS_CellVolt1,,,,3.908,3.9090000000000003,3.906,3.906,,,,,,,,,,,,,,,
405.5,0x102,BMS_CellVolt2,,,,,,,,3.904,3.9250000000000003,3.9050000000000002,3.9050000000000002,,,,,,,,,,,
405.6,0x100,BMS_PackState,31.26,-19.700000000000003,65.46000000000001,,,,,,,,,,,,,,,,,,,
405.7,0x100,BMS_PackState,31.26,-19.900000000000002,65.56,,,,,,,,,,,,,,,,,,,
405.8,0x100,BMS_PackState,31.26,-20.1,65.61,,,,,,,,,,,,,,,,,,,
405.9,0x100,BMS_PackState,31.28,-21.1,65.45,,,,,,,,,,,,,,,,,,,
406.0,0x100,BMS_PackState,31.28,-20.6,65.48,,,,,,,,,,,,,,,,,,,
406.0,0x101,BMS_CellVolt1,,,,3.9050000000000002,3.9090000000000003,3.91,3.907,,,,,,,,,,,,,,,
406.0,0x102,BMS_CellVolt2,,,,,,,,3.903,3.9290000000000003,3.904,3.9090000000000003,,,,,,,,,,,
406.0,0x103,BMS_Temps,,,,,,,,,,,,26.400000000000002,26.5,26.900000000000002,26.400000000000002,,,,,,,
406.0,0x104,BMS_Status,,,,,,,,,,,,,,,,0.0,0.0,0.0,0.0,0.0,1.0,0.0
406.1,0x100,BMS_PackState,31.240000000000002,-19.400000000000002,65.48,,,,,,,,,,,,,,,,,,,
406.2,0x100,BMS_PackState,31.29,-22.0,65.56,,,,,,,,,,,,,,,,,,,
406.3,0x100,BMS_PackState,31.28,-21.900000000000002,65.54,,,,,,,,,,,,,,,,,,,
406.4,0x100,BMS_PackState,31.27,-20.700000000000003,65.41,,,,,,,,,,,,,,,,,,,
406.5,0x100,BMS_PackState,31.26,-20.400000000000002,65.53,,,,,,,,,,,,,,,,,,,
406.5,0x101,BMS_CellVolt1,,,,3.908,3.906,3.9050000000000002,3.9090000000000003,,,,,,,,,,,,,,,
406.5,0x102,BMS_CellVolt2,,,,,,,,3.9,3.922,3.904,3.904,,,,,,,,,,,
406.6,0x100,BMS_PackState,31.29,-22.200000000000003,65.58,,,,,,,,,,,,,,,,,,,
406.7,0x100,BMS_PackState,31.28,-21.1,65.69,,,,,,,,,,,,,,,,,,,
406.8,0x100,BMS_PackState,31.28,-21.1,65.45,,,,,,,,,,,,,,,,,,,
406.9,0x100,BMS_PackState,31.32,-24.3,65.5,,,,,,,,,,,,,,,,,,,
407.0,0x100,BMS_PackState,31.28,-21.3,65.48,,,,,,,,,,,,,,,,,,,
407.0,0x101,BMS_CellVolt1,,,,3.908,3.91,3.908,3.907,,,,,,,,,,,,,,,
407.0,0x102,BMS_CellVolt2,,,,,,,,3.906,3.93,3.904,3.904,,,,,,,,,,,
407.0,0x103,BMS_Temps,,,,,,,,,,,,26.400000000000002,26.5,27.0,26.400000000000002,,,,,,,
407.0,0x104,BMS_Status,,,,,,,,,,,,,,,,0.0,0.0,0.0,0.0,0.0,1.0,0.0
407.1,0x100,BMS_PackState,31.29,-21.200000000000003,65.43,,,,,,,,,,,,,,,,,,,
407.2,0x100,BMS_PackState,31.28,-21.200000000000003,65.33,,,,,,,,,,,,,,,,,,,
407.3,0x100,BMS_PackState,31.240000000000002,-18.900000000000002,65.64,,,,,,,,,,,,,,,,,,,
407.4,0x100,BMS_PackState,31.29,-22.8,65.61,,,,,,,,,,,,,,,,,,,
407.5,0x100,BMS_PackState,31.29,-22.200000000000003,65.64,,,,,,,,,,,,,,,,,,,
407.5,0x101,BMS_CellVolt1,,,,3.912,3.91,3.908,3.914,,,,,,,,,,,,,,,
407.5,0x102,BMS_CellVolt2,,,,,,,,3.906,3.924,3.908,3.9090000000000003,,,,,,,,,,,
407.6,0x100,BMS_PackState,31.330000000000002,-24.900000000000002,65.63,,,,,,,,,,,,,,,,,,,
407.7,0x100,BMS_PackState,31.29,-21.700000000000003,65.56,,,,,,,,,,,,,,,,,,,
407.8,0x100,BMS_PackState,31.28,-21.6,65.54,,,,,,,,,,,,,,,,,,,
407.9,0x100,BMS_PackState,31.28,-21.8,65.71000000000001,,,,,,,,,,,,,,,,,,,
408.0,0x100,BMS_PackState,31.26,-19.3,65.67,,,,,,,,,,,,,,,,,,,
408.0,0x101,BMS_CellVolt1,,,,3.9090000000000003,3.906,3.906,3.9090000000000003,,,,,,,,,,,,,,,
408.0,0x102,BMS_CellVolt2,,,,,,,,3.904,3.92,3.9050000000000002,3.9010000000000002,,,,,,,,,,,
408.0,0x103,BMS_Temps,,,,,,,,,,,,26.400000000000002,26.5,27.0,26.3,,,,,,,
408.0,0x104,BMS_Status,,,,,,,,,,,,,,,,0.0,0.0,0.0,0.0,0.0,1.0,0.0
408.1,0x100,BMS_PackState,31.25,-19.700000000000003,65.59,,,,,,,,,,,,,,,,,,,
408.2,0x100,BMS_PackState,31.28,-20.900000000000002,65.51,,,,,,,,,,,,,,,,,,,
408.3,0x100,BMS_PackState,31.28,-21.6,65.62,,,,,,,,,,,,,,,,,,,
408.4,0x100,BMS_PackState,31.25,-19.5,65.63,,,,,,,,,,,,,,,,,,,
408.5,0x100,BMS_PackState,31.28,-21.0,65.55,,,,,,,,,,,,,,,,,,,
408.5,0x101,BMS_CellVolt1,,,,3.907,3.907,3.906,3.9130000000000003,,,,,,,,,,,,,,,
408.5,0x102,BMS_CellVolt2,,,,,,,,3.9050000000000002,3.928,3.907,3.907,,,,,,,,,,,
408.6,0x100,BMS_PackState,31.3,-22.200000000000003,65.64,,,,,,,,,,,,,,,,,,,
408.7,0x100,BMS_PackState,31.3,-23.6,65.67,,,,,,,,,,,,,,,,,,,
408.8,0x100,BMS_PackState,31.27,-21.700000000000003,65.66,,,,,,,,,,,,,,,,,,,
408.9,0x100,BMS_PackState,31.25,-19.900000000000002,65.71000000000001,,,,,,,,,,,,,,,,,,,
409.0,0x100,BMS_PackState,31.240000000000002,-17.6,65.7,,,,,,,,,,,,,,,,,,,
409.0,0x101,BMS_CellVolt1,,,,3.904,3.904,3.903,3.9050000000000002,,,,,,,,,,,,,,,
409.0,0x102,BMS_CellVolt2,,,,,,,,3.9010000000000002,3.9210000000000003,3.9010000000000002,3.899,,,,,,,,,,,
409.0,0x103,BMS_Temps,,,,,,,,,,,,26.400000000000002,26.5,26.900000000000002,26.3,,,,,,,
409.0,0x104,BMS_Status,,,,,,,,,,,,,,,,0.0,0.0,0.0,0.0,0.0,1.0,0.0
409.1,0x100,BMS_PackState,31.28,-20.900000000000002,65.72,,,,,,,,,,,,,,,,,,,
409.2,0x100,BMS_PackState,31.29,-22.1,65.57000000000001,,,,,,,,,,,,,,,,,,,
409.3,0x100,BMS_PackState,31.310000000000002,-22.8,65.7,,,,,,,,,,,,,,,,,,,
409.4,0x100,BMS_PackState,31.27,-20.200000000000003,65.67,,,,,,,,,,,,,,,,,,,
409.5,0x100,BMS_PackState,31.310000000000002,-23.6,65.71000000000001,,,,,,,,,,,,,,,,,,,
409.5,0x101,BMS_CellVolt1,,,,3.914,3.9130000000000003,3.911,3.912,,,,,,,,,,,,,,,
409.5,0x102,BMS_CellVolt2,,,,,,,,3.911,3.932,3.9090000000000003,3.906,,,,,,,,,,,
409.6,0x100,BMS_PackState,31.27,-20.200000000000003,65.64,,,,,,,,,,,,,,,,,,,
409.7,0x100,BMS_PackState,31.26,-19.8,65.68,,,,,,,,,,,,,,,,,,,
409.8,0x100,BMS_PackState,31.28,-20.3,65.53,,,,,,,,,,,,,,,,,,,
409.9,0x100,BMS_PackState,31.28,-21.3,65.68,,,,,,,,,,,,,,,,,,,
410.0,0x100,BMS_PackState,31.26,-20.200000000000003,65.75,,,,,,,,,,,,,,,,,,,
410.0,0x101,BMS_CellVolt1,,,,3.91,3.908,3.906,3.907,,,,,,,,,,,,,,,
410.0,0x102,BMS_CellVolt2,,,,,,,,3.9,3.924,3.904,3.903,,,,,,,,,,,
410.0,0x103,BMS_Temps,,,,,,,,,,,,26.3,26.400000000000002,26.900000000000002,26.200000000000003,,,,,,,
410.0,0x104,BMS_Status,,,,,,,,,,,,,,,,0.0,0.0,0.0,0.0,0.0,1.0,0.0
410.1,0x100,BMS_PackState,31.28,-20.700000000000003,65.8,,,,,,,,,,,,,,,,,,,
410.2,0x100,BMS_PackState,31.29,-22.200000000000003,65.62,,,,,,,,,,,,,,,,,,,
410.3,0x100,BMS_PackState,31.25,-18.2,65.82000000000001,,,,,,,,,,,,,,,,,,,
410.4,0x100,BMS_PackState,31.28,-21.5,65.62,,,,,,,,,,,,,,,,,,,
410.5,0x100,BMS_PackState,31.25,-19.8,65.71000000000001,,,,,,,,,,,,,,,,,,,
410.5,0x101,BMS_CellVolt1,,,,3.906,3.906,3.907,3.9090000000000003,,,,,,,,,,,,,,,
410.5,0x102,BMS_CellVolt2,,,,,,,,3.9010000000000002,3.924,3.904,3.898,,,,,,,,,,,
410.6,0x100,BMS_PackState,31.330000000000002,-24.6,65.65,,,,,,,,,,,,,,,,,,,
410.7,0x100,BMS_PackState,31.26,-19.1,65.77,,,,,,,,,,,,,,,,,,,
410.8,0x100,BMS_PackState,31.26,-18.8,65.66,,,,,,,,,,,,,,,,,,,
410.9,0x100,BMS_PackState,31.27,-21.0,65.58,,,,,,,,,,,,,,,,,,,
411.0,0x100,BMS_PackState,31.28,-20.200000000000003,65.75,,,,,,,,,,,,,,,,,,,
411.0,0x101,BMS_CellVolt1,,,,3.912,3.908,3.911,3.9090000000000003,,,,,,,,,,,,,,,
411.0,0x102,BMS_CellVolt2,,,,,,,,3.903,3.927,3.903,3.904,,,,,,,,,,,
411.0,0x103,BMS_Temps,,,,,,,,,,,,26.3,26.400000000000002,26.900000000000002,26.200000000000003,,,,,,,
411.0,0x104,BMS_Status,,,,,,,,,,,,,,,,0.0,0.0,0.0,0.0,0.0,1.0,0.0
411.1,0x100,BMS_PackState,31.28,-20.200000000000003,65.6,,,,,,,,,,,,,,,,,,,
411.2,0x100,BMS_PackState,31.29,-22.0,65.68,,,,,,,,,,,,,,,,,,,
411.3,0x100,BMS_PackState,31.28,-20.200000000000003,65.48,,,,,,,,,,,,,,,,,,,
411.4,0x100,BMS_PackState,31.3,-22.200000000000003,65.73,,,,,,,,,,,,,,,,,,,
411.5,0x100,BMS_PackState,31.3,-21.900000000000002,65.47,,,,,,,,,,,,,,,,,,,
411.5,0x101,BMS_CellVolt1,,,,3.915,3.908,3.914,3.912,,,,,,,,,,,,,,,
411.5,0x102,BMS_CellVolt2,,,,,,,,3.9050000000000002,3.9290000000000003,3.906,3.9090000000000003,,,,,,,,,,,
411.6,0x100,BMS_PackState,31.25,-19.3,65.6,,,,,,,,,,,,,,,,,,,
411.7,0x100,BMS_PackState,31.27,-19.5,65.52,,,,,,,,,,,,,,,,,,,
411.8,0x100,BMS_PackState,31.3,-22.1,65.55,,,,,,,,,,,,,,,,,,,
411.9,0x100,BMS_PackState,31.29,-22.1,65.65,,,,,,,,,,,,,,,,,,,
412.0,0x100,BMS_PackState,31.29,-22.0,65.59,,,,,,,,,,,,,,,,,,,
412.0,0x101,BMS_CellVolt1,,,,3.9090000000000003,3.911,3.911,3.912,,,,,,,,,,,,,,,
412.0,0x102,BMS_CellVolt2,,,,,,,,3.904,3.9290000000000003,3.912,3.902,,,,,,,,,,,
412.0,0x103,BMS_Temps,,,,,,,,,,,,26.400000000000002,26.400000000000002,26.900000000000002,26.3,,,,,,,
412.0,0x104,BMS_Status,,,,,,,,,,,,,,,,0.0,0.0,0.0,0.0,0.0,1.0,0.0
412.1,0x100,BMS_PackState,31.26,-19.900000000000002,65.74,,,,,,,,,,,,,,,,,,,
412.2,0x100,BMS_PackState,31.310000000000002,-22.5,65.64,,,,,,,,,,,,,,,,,,,
412.3,0x100,BMS_PackState,31.27,-20.5,65.68,,,,,,,,,,,,,,,,,,,
412.4,0x100,BMS_PackState,31.26,-19.900000000000002,65.58,,,,,,,,,,,,,,,,,,,
412.5,0x100,BMS_PackState,31.28,-21.1,65.74,,,,,,,,,,,,,,,,,,,
412.5,0x101,BMS_CellVolt1,,,,3.9090000000000003,3.907,3.907,3.915,,,,,,,,,,,,,,,
412.5,0x102,BMS_CellVolt2,,,,,,,,3.903,3.928,3.904,3.9050000000000002,,,,,,,,,,,
412.6,0x100,BMS_PackState,31.26,-19.5,65.69,,,,,,,,,,,,,,,,,,,
412.7,0x100,BMS_PackState,31.27,-21.5,65.72,,,,,,,,,,,,,,,,,,,
412.8,0x100,BMS_PackState,31.28,-21.3,65.75,,,,,,,,,,,,,,,,,,,
412.9,0x100,BMS_PackState,31.29,-22.5,65.76,,,,,,,,,,,,,,,,,,,
413.0,0x100,BMS_PackState,31.26,-19.5,65.72,,,,,,,,,,,,,,,,,,,
413.0,0x101,BMS_CellVolt1,,,,3.907,3.903,3.906,3.911,,,,,,,,,,,,,,,
413.0,0x102,BMS_CellVolt2,,,,,,,,3.904,3.923,3.904,3.902,,,,,,,,,,,
413.0,0x103,BMS_Temps,,,,,,,,,,,,26.3,26.5,26.900000000000002,26.200000000000003,,,,,,,
413.0,0x104,BMS_Status,,,,,,,,,,,,,,,,0.0,0.0,0.0,0.0,0.0,1.0,0.0
413.1,0x100,BMS_PackState,31.29,-22.1,65.69,,,,,,,,,,,,,,,,,,,
413.2,0x100,BMS_PackState,31.27,-20.5,65.79,,,,,,,,,,,,,,,,,,,
413.3,0x100,BMS_PackState,31.28,-21.1,65.69,,,,,,,,,,,,,,,,,,,
413.4,0x100,BMS_PackState,31.3,-22.6,65.64,,,,,,,,,,,,,,,,,,,
413.5,0x100,BMS_PackState,31.3,-21.900000000000002,65.77,,,,,,,,,,,,,,,,,,,
413.5,0x101,BMS_CellVolt1,,,,3.915,3.912,3.91,3.91,,,,,,,,,,,,,,,
413.5,0x102,BMS_CellVolt2,,,,,,,,3.903,3.928,3.91,3.906,,,,,,,,,,,
413.6,0x100,BMS_PackState,31.25,-18.900000000000002,65.79,,,,,,,,,,,,,,,,,,,
413.7,0x100,BMS_PackState,31.27,-20.700000000000003,65.68,,,,,,,,,,,,,,,,,,,
413.8,0x100,BMS_PackState,31.29,-22.5,65.75,,,,,,,,,,,,,,,,,,,
413.9,0x100,BMS_PackState,31.27,-20.5,65.73,,,,,,,,,,,,,,,,,,,
414.0,0x100,BMS_PackState,31.28,-21.200000000000003,65.7,,,,,,,,,,,,,,,,,,,
414.0,0x101,BMS_CellVolt1,,,,3.9130000000000003,3.911,3.907,3.9090000000000003,,,,,,,,,,,,,,,
414.0,0x102,BMS_CellVolt2,,,,,,,,3.903,3.927,3.91,3.904,,,,,,,,,,,
414.0,0x103,BMS_Temps,,,,,,,,,,,,26.3,26.400000000000002,26.900000000000002,26.3,,,,,,,
414.0,0x104,BMS_Status,,,,,,,,,,,,,,,,0.0,0.0,0.0,0.0,0.0,1.0,0.0
414.1,0x100,BMS_PackState,31.220000000000002,-15.8,65.54,,,,,,,,,,,,,,,,,,,
414.2,0x100,BMS_PackState,31.28,-20.6,65.58,,,,,,,,,,,,,,,,,,,
414.3,0x100,BMS_PackState,31.3,-21.6,65.65,,,,,,,,,,,,,,,,,,,
414.4,0x100,BMS_PackState,31.26,-18.900000000000002,65.7,,,,,,,,,,,,,,,,,,,
414.5,0x100,BMS_PackState,31.32,-23.8,65.58,,,,,,,,,,,,,,,,,,,
414.5,0x101,BMS_CellVolt1,,,,3.916,3.9130000000000003,3.914,3.916,,,,,,,,,,,,,,,
414.5,0x102,BMS_CellVolt2,,,,,,,,3.908,3.935,3.9090000000000003,3.9050000000000002,,,,,,,,,,,
414.6,0x100,BMS_PackState,31.28,-20.900000000000002,65.49,,,,,,,,,,,,,,,,,,,
414.7,0x100,BMS_PackState,31.25,-18.0,65.69,,,,,,,,,,,,,,,,,,,
414.8,0x100,BMS_PackState,31.29,-21.200000000000003,65.7,,,,,,,,,,,,,,,,,,,
414.9,0x100,BMS_PackState,31.32,-23.6,65.79,,,,,,,,,,,,,,,,,,,
415.0,0x100,BMS_PackState,31.29,-21.6,65.89,,,,,,,,,,,,,,,,,,,
415.0,0x101,BMS_CellVolt1,,,,3.911,3.911,3.91,3.91,,,,,,,,,,,,,,,
415.0,0x102,BMS_CellVolt2,,,,,,,,3.906,3.927,3.908,3.9050000000000002,,,,,,,,,,,
415.0,0x103,BMS_Temps,,,,,,,,,,,,26.3,26.400000000000002,26.900000000000002,26.400000000000002,,,,,,,
415.0,0x104,BMS_Status,,,,,,,,,,,,,,,,0.0,0.0,0.0,0.0,0.0,1.0,0.0
415.1,0x100,BMS_PackState,31.25,-18.8,65.57000000000001,,,,,,,,,,,,,,,,,,,
415.2,0x100,BMS_PackState,31.28,-20.400000000000002,65.74,,,,,,,,,,,,,,,,,,,
415.3,0x100,BMS_PackState,31.3,-22.3,65.94,,,,,,,,,,,,,,,,,,,
415.4,0x100,BMS_PackState,31.29,-22.0,65.58,,,,,,,,,,,,,,,,,,,
415.5,0x100,BMS_PackState,31.29,-21.8,65.61,,,,,,,,,,,,,,,,,,,
415.5,0x101,BMS_CellVolt1,,,,3.91,3.911,3.91,3.91,,,,,,,,,,,,,,,
415.5,0x102,BMS_CellVolt2,,,,,,,,3.9090000000000003,3.931,3.906,3.907,,,,,,,,,,,
415.6,0x100,BMS_PackState,31.28,-20.5,65.81,,,,,,,,,,,,,,,,,,,
415.7,0x100,BMS_PackState,31.25,-19.0,65.73,,,,,,,,,,,,,,,,,,,
415.8,0x100,BMS_PackState,31.26,-19.400000000000002,65.74,,,,,,,,,,,,,,,,,,,
415.9,0x100,BMS_PackState,31.27,-20.3,65.78,,,,,,,,,,,,,,,,,,,
416.0,0x100,BMS_PackState,31.310000000000002,-23.0,65.79,,,,,,,,,,,,,,,,,,,
416.0,0x101,BMS_CellVolt1,,,,3.915,3.9130000000000003,3.9130000000000003,3.914,,,,,,,,,,,,,,,
416.0,0x102,BMS_CellVolt2,,,,,,,,3.9090000000000003,3.931,3.906,3.91,,,,,,,,,,,
416.0,0x103,BMS_Temps,,,,,,,,,,,,26.3,26.3,26.900000000000002,26.400000000000002,,,,,,,
416.0,0x104,BMS_Status,,,,,,,,,,,,,,,,0.0,0.0,0.0,0.0,0.0,1.0,0.0
416.1,0x100,BMS_PackState,31.310000000000002,-23.0,65.76,,,,,,,,,,,,,,,,,,,
416.2,0x100,BMS_PackState,31.27,-20.200000000000003,65.77,,,,,,,,,,,,,,,,,,,
416.3,0x100,BMS_PackState,31.32,-23.0,65.6,,,,,,,,,,,,,,,,,,,
416.4,0x100,BMS_PackState,31.29,-21.3,65.82000000000001,,,,,,,,,,,,,,,,,,,
416.5,0x100,BMS_PackState,31.28,-20.5,65.88,,,,,,,,,,,,,,,,,,,
416.5,0x101,BMS_CellVolt1,,,,3.908,3.91,3.91,3.9090000000000003,,,,,,,,,,,,,,,
416.5,0x102,BMS_CellVolt2,,,,,,,,3.9090000000000003,3.928,3.9050000000000002,3.9050000000000002,,,,,,,,,,,
416.6,0x100,BMS_PackState,31.310000000000002,-22.700000000000003,65.83,,,,,,,,,,,,,,,,,,,
416.7,0x100,BMS_PackState,31.3,-22.5,65.78,,,,,,,,,,,,,,,,,,,
416.8,0x100,BMS_PackState,31.29,-21.1,65.92,,,,,,,,,,,,,,,,,,,
416.9,0x100,BMS_PackState,31.27,-20.200000000000003,65.75,,,,,,,,,,,,,,,,,,,
417.0,0x100,BMS_PackState,31.26,-19.400000000000002,65.83,,,,,,,,,,,,,,,,,,,
417.0,0x101,BMS_CellVolt1,,,,3.907,3.9090000000000003,3.907,3.9090000000000003,,,,,,,,,,,,,,,
417.0,0x102,BMS_CellVolt2,,,,,,,,3.902,3.919,3.908,3.899,,,,,,,,,,,
417.0,0x103,BMS_Temps,,,,,,,,,,,,26.3,26.400000000000002,26.900000000000002,26.200000000000003,,,,,,,
417.0,0x104,BMS_Status,,,,,,,,,,,,,,,,0.0,0.0,0.0,0.0,0.0,1.0,0.0
417.1,0x100,BMS_PackState,31.27,-20.1,65.9,,,,,,,,,,,,,,,,,,,
417.2,0x100,BMS_PackState,31.29,-20.900000000000002,65.7,,,,,,,,,,,,,,,,,,,
417.3,0x100,BMS_PackState,31.310000000000002,-22.1,65.86,,,,,,,,,,,,,,,,,,,
417.4,0x100,BMS_PackState,31.32,-22.6,65.62,,,,,,,,,,,,,,,,,,,
417.5,0x100,BMS_PackState,31.29,-21.8,65.65,,,,,,,,,,,,,,,,,,,
417.5,0x101,BMS_CellVolt1,,,,3.908,3.912,3.908,3.915,,,,,,,,,,,,,,,
417.5,0x102,BMS_CellVolt2,,,,,,,,3.9010000000000002,3.932,3.907,3.904,,,,,,,,,,,
417.6,0x100,BMS_PackState,31.28,-20.400000000000002,65.64,,,,,,,,,,,,,,,,,,,
417.7,0x100,BMS_PackState,31.28,-20.5,65.52,,,,,,,,,,,,,,,,,,,
417.8,0x100,BMS_PackState,31.32,-24.1,65.67,,,,,,,,,,,,,,,,,,,
417.9,0x100,BMS_PackState,31.310000000000002,-22.200000000000003,65.75,,,,,,,,,,,,,,,,,,,
418.0,0x100,BMS_PackState,31.27,-19.200000000000003,65.71000000000001,,,,,,,,,,,,,,,,,,,
418.0,0x101,BMS_CellVolt1,,,,3.907,3.91,3.906,3.908,,,,,,,,,,,,,,,
418.0,0x102,BMS_CellVolt2,,,,,,,,3.908,3.926,3.9050000000000002,3.9010000000000002,,,,,,,,,,,
418.0,0x103,BMS_Temps,,,,,,,,,,,,26.3,26.400000000000002,26.900000000000002,26.3,,,,,,,
418.0,0x104,BMS_Status,,,,,,,,,,,,,,,,0.0,0.0,0.0,0.0,0.0,1.0,0.0
418.1,0x100,BMS_PackState,31.28,-20.900000000000002,65.62,,,,,,,,,,,,,,,,,,,
418.2,0x100,BMS_PackState,31.32,-23.1,65.5,,,,,,,,,,,,,,,,,,,
418.3,0x100,BMS_PackState,31.240000000000002,-17.5,65.67,,,,,,,,,,,,,,,,,,,
418.4,0x100,BMS_PackState,31.29,-21.0,65.66,,,,,,,,,,,,,,,,,,,
418.5,0x100,BMS_PackState,31.28,-20.400000000000002,65.94,,,,,,,,,,,,,,,,,,,
418.5,0x101,BMS_CellVolt1,,,,3.9090000000000003,3.911,3.908,3.912,,,,,,,,,,,,,,,
418.5,0x102,BMS_CellVolt2,,,,,,,,3.903,3.9250000000000003,3.9090000000000003,3.907,,,,,,,,,,,
418.6,0x100,BMS_PackState,31.28,-20.400000000000002,65.75,,,,,,,,,,,,,,,,,,,
418.7,0x100,BMS_PackState,31.3,-21.6,65.93,,,,,,,,,,,,,,,,,,,
418.8,0x100,BMS_PackState,31.29,-22.1,65.68,,,,,,,,,,,,,,,,,,,
418.9,0x100,BMS_PackState,31.25,-17.8,65.86,,,,,,,,,,,,,,,,,,,
419.0,0x100,BMS_PackState,31.26,-19.5,65.78,,,,,,,,,,,,,,,,,,,
419.0,0x101,BMS_CellVolt1,,,,3.904,3.906,3.904,3.91,,,,,,,,,,,,,,,
419.0,0x102,BMS_CellVolt2,,,,,,,,3.902,3.924,3.906,3.9050000000000002,,,,,,,,,,,
419.0,0x103,BMS_Temps,,,,,,,,,,,,26.3,26.3,26.900000000000002,26.200000000000003,,,,,,,
419.0,0x104,BMS_Status,,,,,,,,,,,,,,,,0.0,0.0,0.0,0.0,0.0,1.0,0.0
419.1,0x100,BMS_PackState,31.28,-19.8,65.68,,,,,,,,,,,,,,,,,,,
419.2,0x100,BMS_PackState,31.27,-20.1,65.79,,,,,,,,,,,,,,,,,,,
419.3,0x100,BMS_PackState,31.3,-22.5,65.74,,,,,,,,,,,,,,,,,,,
419.4,0x100,BMS_PackState,31.26,-19.1,65.73,,,,,,,,,,,,,,,,,,,
419.5,0x100,BMS_PackState,31.3,-22.3,65.6,,,,,,,,,,,,,,,,,,,
419.5,0x101,BMS_CellVolt1,,,,3.914,3.911,3.9130000000000003,3.912,,,,,,,,,,,,,,,
419.5,0x102,BMS_CellVolt2,,,,,,,,3.906,3.9290000000000003,3.908,3.9090000000000003,,,,,,,,,,,
419.6,0x100,BMS_PackState,31.29,-20.6,65.96000000000001,,,,,,,,,,,,,,,,,,,
419.7,0x100,BMS_PackState,31.310000000000002,-23.5,65.82000000000001,,,,,,,,,,,,,,,,,,,
419.8,0x100,BMS_PackState,31.330000000000002,-24.1,65.66,,,,,,,,,,,,,,,,,,,
419.9,0x100,BMS_PackState,31.29,-20.5,65.81,,,,,,,,,,,,,,,,,,,
420.0,0x100,BMS_PackState,31.310000000000002,-22.200000000000003,65.74,,,,,,,,,,,,,,,,,,,
420.0,0x101,BMS_CellVolt1,,,,3.915,3.914,3.91,3.915,,,,,,,,,,,,,,,
420.0,0x102,BMS_CellVolt2,,,,,,,,3.906,3.931,3.9090000000000003,3.907,,,,,,,,,,,
420.0,0x103,BMS_Temps,,,,,,,,,,,,26.3,26.3,26.900000000000002,26.3,,,,,,,
420.0,0x104,BMS_Status,,,,,,,,,,,,,,,,0.0,0.0,0.0,0.0,0.0,1.0,0.0
420.1,0x100,BMS_PackState,31.32,-24.0,65.91,,,,,,,,,,,,,,,,,,,
420.2,0x100,BMS_PackState,31.28,-20.200000000000003,65.74,,,,,,,,,,,,,,,,,,,
420.3,0x100,BMS_PackState,31.25,-17.8,65.77,,,,,,,,,,,,,,,,,,,
420.4,0x100,BMS_PackState,31.26,-18.900000000000002,65.71000000000001,,,,,,,,,,,,,,,,,,,
420.5,0x100,BMS_PackState,31.310000000000002,-21.400000000000002,65.83,,,,,,,,,,,,,,,,,,,
420.5,0x101,BMS_CellVolt1,,,,3.911,3.911,3.908,3.9170000000000003,,,,,,,,,,,,,,,
420.5,0x102,BMS_CellVolt2,,,,,,,,3.911,3.932,3.908,3.907,,,,,,,,,,,
420.6,0x100,BMS_PackState,31.3,-21.0,65.78,,,,,,,,,,,,,,,,,,,
420.7,0x100,BMS_PackState,31.26,-19.700000000000003,65.91,,,,,,,,,,,,,,,,,,,
420.8,0x100,BMS_PackState,31.27,-19.3,65.81,,,,,,,,,,,,,,,,,,,
420.9,0x100,BMS_PackState,31.29,-21.5,66.03,,,,,,,,,,,,,,,,,,,
421.0,0x100,BMS_PackState,31.28,-20.900000000000002,65.77,,,,,,,,,,,,,,,,,,,
421.0,0x101,BMS_CellVolt1,,,,3.91,3.9090000000000003,3.9090000000000003,3.912,,,,,,,,,,,,,,,
421.0,0x102,BMS_CellVolt2,,,,,,,,3.902,3.9290000000000003,3.904,3.904,,,,,,,,,,,
421.0,0x103,BMS_Temps,,,,,,,,,,,,26.3,26.400000000000002,26.8,26.400000000000002,,,,,,,
421.0,0x104,BMS_Status,,,,,,,,,,,,,,,,0.0,0.0,0.0,0.0,0.0,1.0,0.0
421.1,0x100,BMS_PackState,31.28,-20.5,65.71000000000001,,,,,,,,,,,,,,,,,,,
421.2,0x100,BMS_PackState,31.27,-20.200000000000003,65.71000000000001,,,,,,,,,,,,,,,,,,,
421.3,0x100,BMS_PackState,31.28,-21.200000000000003,65.72,,,,,,,,,,,,,,,,,,,
421.4,0x100,BMS_PackState,31.3,-21.200000000000003,65.71000000000001,,,,,,,,,,,,,,,,,,,
421.5,0x100,BMS_PackState,31.25,-18.900000000000002,65.94,,,,,,,,,,,,,,,,,,,
421.5,0x101,BMS_CellVolt1,,,,3.906,3.904,3.903,3.9050000000000002,,,,,,,,,,,,,,,
421.5,0x102,BMS_CellVolt2,,,,,,,,3.904,3.92,3.904,3.9050000000000002,,,,,,,,,,,
421.6,0x100,BMS_PackState,31.27,-19.200000000000003,65.77,,,,,,,,,,,,,,,,,,,
421.7,0x100,BMS_PackState,31.27,-20.3,65.82000000000001,,,,,,,,,,,,,,,,,,,
421.8,0x100,BMS_PackState,31.26,-18.400000000000002,65.67,,,,,,,,,,,,,,,,,,,
421.9,0x100,BMS_PackState,31.3,-21.6,65.8,,,,,,,,,,,,,,,,,,,
422.0,0x100,BMS_PackState,31.26,-18.6,65.56,,,,,,,,,,,,,,,,,,,
422.0,0x101,BMS_CellVolt1,,,,3.907,3.908,3.9050000000000002,3.91,,,,,,,,,,,,,,,
422.0,0x102,BMS_CellVolt2,,,,,,,,3.903,3.9210000000000003,3.906,3.904,,,,,,,,,,,
422.0,0x103,BMS_Temps,,,,,,,,,,,,26.3,26.3,26.8,26.200000000000003,,,,,,,
422.0,0x104,BMS_Status,,,,,,,,,,,,,,,,0.0,0.0,0.0,0.0,0.0,1.0,0.0
422.1,0x100,BMS_PackState,31.27,-20.200000000000003,65.84,,,,,,,,,,,,,,,,,,,
422.2,0x100,BMS_PackState,31.220000000000002,-16.1,65.75,,,,,,,,,,,,,,,,,,,
422.3,0x100,BMS_PackState,31.32,-22.8,65.96000000000001,,,,,,,,,,,,,,,,,,,
422.4,0x100,BMS_PackState,31.310000000000002,-22.0,65.89,,,,,,,,,,,,,,,,,,,
422.5,0x100,BMS_PackState,31.28,-20.400000000000002,65.89,,,,,,,,,,,,,,,,,,,
422.5,0x101,BMS_CellVolt1,,,,3.912,3.908,3.9130000000000003,3.91,,,,,,,,,,,,,,,
422.5,0x102,BMS_CellVolt2,,,,,,,,3.904,3.926,3.903,3.903,,,,,,,,,,,
422.6,0x100,BMS_PackState,31.28,-20.400000000000002,65.72,,,,,,,,,,,,,,,,,,,
422.7,0x100,BMS_PackState,31.25,-18.1,65.84,,,,,,,,,,,,,,,,,,,
422.8,0x100,BMS_PackState,31.29,-22.0,66.01,,,,,,,,,,,,,,,,,,,
422.9,0x100,BMS_PackState,31.28,-19.6,65.73,,,,,,,,,,,,,,,,,,,
423.0,0x100,BMS_PackState,31.27,-19.3,65.73,,,,,,,,,,,,,,,,,,,
423.0,0x101,BMS_CellVolt1,,,,3.907,3.9090000000000003,3.91,3.911,,,,,,,,,,,,,,,
423.0,0x102,BMS_CellVolt2,,,,,,,,3.906,3.922,3.906,3.903,,,,,,,,,,,
423.0,0x103,BMS_Temps,,,,,,,,,,,,26.3,26.3,26.900000000000002,26.3,,,,,,,
423.0,0x104,BMS_Status,,,,,,,,,,,,,,,,0.0,0.0,0.0,0.0,0.0,1.0,0.0
423.1,0x100,BMS_PackState,31.28,-19.900000000000002,65.82000000000001,,,,,,,,,,,,,,,,,,,
423.2,0x100,BMS_PackState,31.310000000000002,-22.400000000000002,65.84,,,,,,,,,,,,,,,,,,,
423.3,0x100,BMS_PackState,31.27,-18.900000000000002,65.88,,,,,,,,,,,,,,,,,,,
423.4,0x100,BMS_PackState,31.27,-19.200000000000003,65.87,,,,,,,,,,,,,,,,,,,
423.5,0x100,BMS_PackState,31.29,-20.1,65.84,,,,,,,,,,,,,,,,,,,
423.5,0x101,BMS_CellVolt1,,,,3.911,3.9090000000000003,3.91,3.908,,,,,,,,,,,,,,,
423.5,0x102,BMS_CellVolt2,,,,,,,,3.9050000000000002,3.926,3.91,3.908,,,,,,,,,,,
423.6,0x100,BMS_PackState,31.29,-20.700000000000003,65.75,,,,,,,,,,,,,,,,,,,
423.7,0x100,BMS_PackState,31.28,-20.700000000000003,66.02,,,,,,,,,,,,,,,,,,,
423.8,0x100,BMS_PackState,31.29,-21.1,65.98,,,,,,,,,,,,,,,,,,,
423.9,0x100,BMS_PackState,31.28,-20.0,65.87,,,,,,,,,,,,,,,,,,,
424.0,0x100,BMS_PackState,31.29,-21.0,65.95,,,,,,,,,,,,,,,,,,,
424.0,0x101,BMS_CellVolt1,,,,3.911,3.9090000000000003,3.91,3.914,,,,,,,,,,,,,,,
424.0,0x102,BMS_CellVolt2,,,,,,,,3.903,3.9250000000000003,3.906,3.906,,,,,,,,,,,
424.0,0x103,BMS_Temps,,,,,,,,,,,,26.200000000000003,26.3,26.8,26.3,,,,,,,
424.0,0x104,BMS_Status,,,,,,,,,,,,,,,,0.0,0.0,0.0,0.0,0.0,1.0,0.0
424.1,0x100,BMS_PackState,31.3,-22.3,65.83,,,,,,,,,,,,,,,,,,,
424.2,0x100,BMS_PackState,31.310000000000002,-22.6,65.71000000000001,,,,,,,,,,,,,,,,,,,
424.3,0x100,BMS_PackState,31.310000000000002,-22.1,65.92,,,,,,,,,,,,,,,,,,,
424.4,0x100,BMS_PackState,31.29,-20.700000000000003,65.71000000000001,,,,,,,,,,,,,,,,,,,
424.5,0x100,BMS_PackState,31.3,-21.0,66.04,,,,,,,,,,,,,,,,,,,
424.5,0x101,BMS_CellVolt1,,,,3.9130000000000003,3.912,3.9130000000000003,3.9130000000000003,,,,,,,,,,,,,,,
424.5,0x102,BMS_CellVolt2,,,,,,,,3.904,3.927,3.908,3.906,,,,,,,,,,,
424.6,0x100,BMS_PackState,31.29,-20.700000000000003,65.73,,,,,,,,,,,,,,,,,,,
424.7,0x100,BMS_PackState,31.28,-20.200000000000003,65.98,,,,,,,,,,,,,,,,,,,
424.8,0x100,BMS_PackState,31.3,-21.900000000000002,66.03,,,,,,,,,,,,,,,,,,,
424.9,0x100,BMS_PackState,31.26,-18.8,65.71000000000001,,,,,,,,,,,,,,,,,,,
425.0,0x100,BMS_PackState,31.29,-21.400000000000002,65.7,,,,,,,,,,,,,,,,,,,
425.0,0x101,BMS_CellVolt1,,,,3.91,3.908,3.907,3.912,,,,,,,,,,,,,,,
425.0,0x102,BMS_CellVolt2,,,,,,,,3.908,3.9290000000000003,3.911,3.907,,,,,,,,,,,
425.0,0x103,BMS_Temps,,,,,,,,,,,,26.200000000000003,26.3,26.700000000000003,26.3,,,,,,,
425.0,0x104,BMS_Status,,,,,,,,,,,,,,,,0.0,0.0,0.0,0.0,0.0,1.0,0.0
425.1,0x100,BMS_PackState,31.29,-21.700000000000003,65.9,,,,,,,,,,,,,,,,,,,
425.2,0x100,BMS_PackState,31.28,-20.3,66.0,,,,,,,,,,,,,,,,,,,
425.3,0x100,BMS_PackState,31.330000000000002,-23.8,65.92,,,,,,,,,,,,,,,,,,,
425.4,0x100,BMS_PackState,31.310000000000002,-22.200000000000003,65.77,,,,,,,,,,,,,,,,,,,
425.5,0x100,BMS_PackState,31.27,-19.5,66.01,,,,,,,,,,,,,,,,,,,
425.5,0x101,BMS_CellVolt1,,,,3.9090000000000003,3.91,3.9050000000000002,3.906,,,,,,,,,,,,,,,
425.5,0x102,BMS_CellVolt2,,,,,,,,3.908,3.9210000000000003,3.9090000000000003,3.906,,,,,,,,,,,
425.6,0x100,BMS_PackState,31.330000000000002,-23.6,66.08,,,,,,,,,,,,,,,,,,,
425.7,0x100,BMS_PackState,31.28,-19.3,65.76,,,,,,,,,,,,,,,,,,,
425.8,0x100,BMS_PackState,31.26,-18.7,65.9,,,,,,,,,,,,,,,,,,,
425.9,0x100,BMS_PackState,31.3,-21.6,65.92,,,,,,,,,,,,,,,,,,,
426.0,0x100,BMS_PackState,31.3,-20.6,65.83,,,,,,,,,,,,,,,,,,,
426.0,0x101,BMS_CellVolt1,,,,3.912,3.911,3.9090000000000003,3.9130000000000003,,,,,,,,,,,,,,,
426.0,0x102,BMS_CellVolt2,,,,,,,,3.908,3.93,3.9050000000000002,3.908,,,,,,,,,,,
426.0,0x103,BMS_Temps,,,,,,,,,,,,26.200000000000003,26.400000000000002,26.8,26.200000000000003,,,,,,,
426.0,0x104,BMS_Status,,,,,,,,,,,,,,,,0.0,0.0,0.0,0.0,0.0,1.0,0.0
426.1,0x100,BMS_PackState,31.28,-19.3,65.77,,,,,,,,,,,,,,,,,,,
426.2,0x100,BMS_PackState,31.3,-21.700000000000003,65.76,,,,,,,,,,,,,,,,,,,
426.3,0x100,BMS_PackState,31.28,-19.700000000000003,65.69,,,,,,,,,,,,,,,,,,,
426.4,0x100,BMS_PackState,31.310000000000002,-22.0,65.95,,,,,,,,,,,,,,,,,,,
426.5,0x100,BMS_PackState,31.3,-21.700000000000003,65.82000000000001,,,,,,,,,,,,,,,,,,,
426.5,0x101,BMS_CellVolt1,,,,3.9090000000000003,3.914,3.9090000000000003,3.91,,,,,,,,,,,,,,,
426.5,0x102,BMS_CellVolt2,,,,,,,,3.912,3.93,3.9090000000000003,3.904,,,,,,,,,,,
426.6,0x100,BMS_PackState,31.310000000000002,-22.200000000000003,66.03,,,,,,,,,,,,,,,,,,,
426.7,0x100,BMS_PackState,31.3,-20.5,65.92,,,,,,,,,,,,,,,,,,,
426.8,0x100,BMS_PackState,31.27,-19.3,65.86,,,,,,,,,,,,,,,,,,,
426.9,0x100,BMS_PackState,31.3,-21.3,66.02,,,,,,,,,,,,,,,,,,,
427.0,0x100,BMS_PackState,31.32,-22.900000000000002,65.87,,,,,,,,,,,,,,,,,,,
427.0,0x101,BMS_CellVolt1,,,,3.912,3.914,3.912,3.916,,,,,,,,,,,,,,,
427.0,0x102,BMS_CellVolt2,,,,,,,,3.91,3.9330000000000003,3.915,3.911,,,,,,,,,,,
427.0,0x103,BMS_Temps,,,,,,,,,,,,26.200000000000003,26.3,26.8,26.3,,,,,,,
427.0,0x104,BMS_Status,,,,,,,,,,,,,,,,0.0,0.0,0.0,0.0,0.0,1.0,0.0
427.1,0x100,BMS_PackState,31.32,-22.6,65.82000000000001,,,,,,,,,,,,,,,,,,,
427.2,0x100,BMS_PackState,31.28,-20.400000000000002,65.95,,,,,,,,,,,,,,,,,,,
427.3,0x100,BMS_PackState,31.27,-18.2,65.82000000000001,,,,,,,,,,,,,,,,,,,
427.4,0x100,BMS_PackState,31.3,-20.400000000000002,65.89,,,,,,,,,,,,,,,,,,,
427.5,0x100,BMS_PackState,31.310000000000002,-21.6,65.91,,,,,,,,,,,,,,,,,,,
427.5,0x101,BMS_CellVolt1,,,,3.914,3.9130000000000003,3.915,3.91,,,,,,,,,,,,,,,
427.5,0x102,BMS_CellVolt2,,,,,,,,3.908,3.931,3.911,3.911,,,,,,,,,,,
427.6,0x100,BMS_PackState,31.28,-19.900000000000002,65.89,,,,,,,,,,,,,,,,,,,
427.7,0x100,BMS_PackState,31.310000000000002,-21.400000000000002,65.92,,,,,,,,,,,,,,,,,,,
427.8,0x100,BMS_PackState,31.3,-21.6,65.92,,,,,,,,,,,,,,,,,,,
427.9,0x100,BMS_PackState,31.32,-22.400000000000002,65.9,,,,,,,,,,,,,,,,,,,
428.0,0x100,BMS_PackState,31.27,-18.900000000000002,65.83,,,,,,,,,,,,,,,,,,,
428.0,0x101,BMS_CellVolt1,,,,3.907,3.908,3.9090000000000003,3.908,,,,,,,,,,,,,,,
428.0,0x102,BMS_CellVolt2,,,,,,,,3.903,3.923,3.908,3.906,,,,,,,,,,,
428.0,0x103,BMS_Temps,,,,,,,,,,,,26.3,26.3,26.8,26.200000000000003,,,,,,,
428.0,0x104,BMS_Status,,,,,,,,,,,,,,,,0.0,0.0,0.0,0.0,0.0,1.0,0.0
428.1,0x100,BMS_PackState,31.36,-24.8,65.78,,,,,,,,,,,,,,,,,,,
428.2,0x100,BMS_PackState,31.28,-19.8,65.81,,,,,,,,,,,,,,,,,,,
428.3,0x100,BMS_PackState,31.310000000000002,-21.700000000000003,65.82000000000001,,,,,,,,,,,,,,,,,,,
428.4,0x100,BMS_PackState,31.3,-21.6,65.96000000000001,,,,,,,,,,,,,,,,,,,
428.5,0x100,BMS_PackState,31.27,-18.5,66.06,,,,,,,,,,,,,,,,,,,
428.5,0x101,BMS_CellVolt1,,,,3.9050000000000002,3.9130000000000003,3.9050000000000002,3.91,,,,,,,,,,,,,,,
428.5,0x102,BMS_CellVolt2,,,,,,,,3.9050000000000002,3.922,3.903,3.9050000000000002,,,,,,,,,,,
428.6,0x100,BMS_PackState,31.310000000000002,-22.1,65.89,,,,,,,,,,,,,,,,,,,
428.7,0x100,BMS_PackState,31.32,-22.0,66.02,,,,,,,,,,,,,,,,,,,
428.8,0x100,BMS_PackState,31.29,-21.200000000000003,65.82000000000001,,,,,,,,,,,,,,,,,,,
428.9,0x100,BMS_PackState,31.28,-20.400000000000002,65.88,,,,,,,,,,,,,,,,,,,
429.0,0x100,BMS_PackState,31.3,-21.700000000000003,65.88,,,,,,,,,,,,,,,,,,,
429.0,0x101,BMS_CellVolt1,,,,3.911,3.9130000000000003,3.911,3.911,,,,,,,,,,,,,,,
429.0,0x102,BMS_CellVolt2,,,,,,,,3.906,3.927,3.911,3.911,,,,,,,,,,,
429.0,0x103,BMS_Temps,,,,,,,,,,,,26.3,26.3,26.8,26.3,,,,,,,
429.0,0x104,BMS_Status,,,,,,,,,,,,,,,,0.0,0.0,0.0,0.0,0.0,1.0,0.0
429.1,0x100,BMS_PackState,31.330000000000002,-23.400000000000002,65.96000000000001,,,,,,,,,,,,,,,,,,,
429.2,0x100,BMS_PackState,31.32,-22.3,65.84,,,,,,,,,,,,,,,,,,,
429.3,0x100,BMS_PackState,31.28,-19.1,65.98,,,,,,,,,,,,,,,,,,,
429.4,0x100,BMS_PackState,31.310000000000002,-20.900000000000002,65.94,,,,,,,,,,,,,,,,,,,
429.5,0x100,BMS_PackState,31.29,-20.3,65.92,,,,,,,,,,,,,,,,,,,
429.5,0x101,BMS_CellVolt1,,,,3.911,3.911,3.906,3.912,,,,,,,,,,,,,,,
429.5,0x102,BMS_CellVolt2,,,,,,,,3.908,3.924,3.9050000000000002,3.9090000000000003,,,,,,,,,,,
429.6,0x100,BMS_PackState,31.310000000000002,-21.400000000000002,65.85,,,,,,,,,,,,,,,,,,,
429.7,0x100,BMS_PackState,31.310000000000002,-22.0,65.74,,,,,,,,,,,,,,,,,,,
429.8,0x100,BMS_PackState,31.26,-18.5,65.86,,,,,,,,,,,,,,,,,,,
429.9,0x100,BMS_PackState,31.3,-21.3,65.98,,,,,,,,,,,,,,,,,,,
430.0,0x100,BMS_PackState,31.3,-21.700000000000003,65.73,,,,,,,,,,,,,,,,,,,
430.0,0x101,BMS_CellVolt1,,,,3.912,3.914,3.9090000000000003,3.915,,,,,,,,,,,,,,,
430.0,0x102,BMS_CellVolt2,,,,,,,,3.908,3.93,3.907,3.9090000000000003,,,,,,,,,,,
430.0,0x103,BMS_Temps,,,,,,,,,,,,26.3,26.3,26.700000000000003,26.3,,,,,,,
430.0,0x104,BMS_Status,,,,,,,,,,,,,,,,0.0,0.0,0.0,0.0,0.0,1.0,0.0
430.1,0x100,BMS_PackState,31.28,-19.400000000000002,65.75,,,,,,,,,,,,,,,,,,,
430.2,0x100,BMS_PackState,31.310000000000002,-22.1,65.88,,,,,,,,,,,,,,,,,,,
430.3,0x100,BMS_PackState,31.310000000000002,-21.900000000000002,65.83,,,,,,,,,,,,,,,,,,,
430.4,0x100,BMS_PackState,31.3,-21.0,66.24,,,,,,,,,,,,,,,,,,,
430.5,0x100,BMS_PackState,31.3,-21.0,65.94,,,,,,,,,,,,,,,,,,,
430.5,0x101,BMS_CellVolt1,,,,3.914,3.911,3.91,3.9130000000000003,,,,,,,,,,,,,,,
430.5,0x102,BMS_CellVolt2,,,,,,,,3.9050000000000002,3.9290000000000003,3.91,3.907,,,,,,,,,,,
430.6,0x100,BMS_PackState,31.3,-20.6,65.88,,,,,,,,,,,,,,,,,,,
430.7,0x100,BMS_PackState,31.27,-17.900000000000002,66.03,,,,,,,,,,,,,,,,,,,
430.8,0x100,BMS_PackState,31.29,-20.5,65.91,,,,,,,,,,,,,,,,,,,
430.9,0x100,BMS_PackState,31.34,-24.6,65.91,,,,,,,,,,,,,,,,,,,
431.0,0x100,BMS_PackState,31.29,-20.5,66.11,,,,,,,,,,,,,,,,,,,
431.0,0x101,BMS_CellVolt1,,,,3.912,3.9130000000000003,3.9090000000000003,3.9130000000000003,,,,,,,,,,,,,,,
431.0,0x102,BMS_CellVolt2,,,,,,,,3.9050000000000002,3.9290000000000003,3.907,3.904,,,,,,,,,,,
431.0,0x103,BMS_Temps,,,,,,,,,,,,26.3,26.400000000000002,26.8,26.3,,,,,,,
431.0,0x104,BMS_Status,,,,,,,,,,,,,,,,0.0,0.0,0.0,0.0,0.0,1.0,0.0
431.1,0x100,BMS_PackState,31.3,-20.900000000000002,65.72,,,,,,,,,,,,,,,,,,,
431.2,0x100,BMS_PackState,31.3,-20.900000000000002,65.83,,,,,,,,,,,,,,,,,,,
431.3,0x100,BMS_PackState,31.3,-20.6,65.98,,,,,,,,,,,,,,,,,,,
431.4,0x100,BMS_PackState,31.3,-21.0,65.83,,,,,,,,,,,,,,,,,,,
431.5,0x100,BMS_PackState,31.3,-21.1,65.83,,,,,,,,,,,,,,,,,,,
431.5,0x101,BMS_CellVolt1,,,,3.911,3.914,3.912,3.9130000000000003,,,,,,,,,,,,,,,
431.5,0x102,BMS_CellVolt2,,,,,,,,3.9050000000000002,3.9290000000000003,3.9130000000000003,3.906,,,,,,,,,,,
431.6,0x100,BMS_PackState,31.29,-20.1,66.01,,,,,,,,,,,,,,,,,,,
431.7,0x100,BMS_PackState,31.310000000000002,-21.8,65.87,,,,,,,,,,,,,,,,,,,
431.8,0x100,BMS_PackState,31.330000000000002,-22.400000000000002,65.97,,,,,,,,,,,,,,,,,,,
431.9,0x100,BMS_PackState,31.240000000000002,-16.5,65.91,,,,,,,,,,,,,,,,,,,
432.0,0x100,BMS_PackState,31.310000000000002,-22.1,65.97,,,,,,,,,,,,,,,,,,,
432.0,0x101,BMS_CellVolt1,,,,3.912,3.911,3.912,3.9130000000000003,,,,,,,,,,,,,,,
432.0,0x102,BMS_CellVolt2,,,,,,,,3.9090000000000003,3.932,3.9090000000000003,3.908,,,,,,,,,,,
432.0,0x103,BMS_Temps,,,,,,,,,,,,26.200000000000003,26.3,26.8,26.3,,,,,,,
432.0,0x104,BMS_Status,,,,,,,,,,,,,,,,0.0,0.0,0.0,0.0,0.0,1.0,0.0
432.1,0x100,BMS_PackState,31.3,-20.8,65.93,,,,,,,,,,,,,,,,,,,
432.2,0x100,BMS_PackState,31.330000000000002,-23.200000000000003,66.02,,,,,,,,,,,,,,,,,,,
432.3,0x100,BMS_PackState,31.3,-20.8,66.04,,,,,,,,,,,,,,,,,,,
432.4,0x100,BMS_PackState,31.32,-22.400000000000002,65.87,,,,,,,,,,,,,,,,,,,
432.5,0x100,BMS_PackState,31.310000000000002,-21.700000000000003,65.78,,,,,,,,,,,,,,,,,,,
432.5,0x101,BMS_CellVolt1,,,,3.9130000000000003,3.915,3.908,3.914,,,,,,,,,,,,,,,
432.5,0x102,BMS_CellVolt2,,,,,,,,3.9090000000000003,3.935,3.91,3.904,,,,,,,,,,,
432.6,0x100,BMS_PackState,31.28,-19.400000000000002,65.93,,,,,,,,,,,,,,,,,,,
432.7,0x100,BMS_PackState,31.29,-20.3,65.89,,,,,,,,,,,,,,,,,,,
432.8,0x100,BMS_PackState,31.28,-20.1,65.88,,,,,,,,,,,,,,,,,,,
432.9,0x100,BMS_PackState,31.34,-23.700000000000003,65.78,,,,,,,,,,,,,,,,,,,
433.0,0x100,BMS_PackState,31.28,-18.2,65.91,,,,,,,,,,,,,,,,,,,
433.0,0x101,BMS_CellVolt1,,,,3.908,3.912,3.908,3.911,,,,,,,,,,,,,,,
433.0,0x102,BMS_CellVolt2,,,,,,,,3.908,3.923,3.907,3.9050000000000002,,,,,,,,,,,
433.0,0x103,BMS_Temps,,,,,,,,,,,,26.3,26.400000000000002,26.8,26.200000000000003,,,,,,,
433.0,0x104,BMS_Status,,,,,,,,,,,,,,,,0.0,0.0,0.0,0.0,0.0,1.0,0.0
433.1,0x100,BMS_PackState,31.330000000000002,-22.8,65.96000000000001,,,,,,,,,,,,,,,,,,,
433.2,0x100,BMS_PackState,31.27,-18.7,65.89,,,,,,,,,,,,,,,,,,,
433.3,0x100,BMS_PackState,31.29,-19.5,65.95,,,,,,,,,,,,,,,,,,,
433.4,0x100,BMS_PackState,31.3,-20.1,66.02,,,,,,,,,,,,,,,,,,,
433.5,0x100,BMS_PackState,31.32,-22.3,66.1,,,,,,,,,,,,,,,,,,,
433.5,0x101,BMS_CellVolt1,,,,3.915,3.916,3.914,3.914,,,,,,,,,,,,,,,
433.5,0x102,BMS_CellVolt2,,,,,,,,3.908,3.9330000000000003,3.911,3.906,,,,,,,,,,,
433.6,0x100,BMS_PackState,31.3,-20.8,66.11,,,,,,,,,,,,,,,,,,,
433.7,0x100,BMS_PackState,31.310000000000002,-21.700000000000003,65.89,,,,,,,,,,,,,,,,,,,
433.8,0x100,BMS_PackState,31.310000000000002,-21.0,65.89,,,,,,,,,,,,,,,,,,,
433.9,0x100,BMS_PackState,31.310000000000002,-21.400000000000002,65.82000000000001,,,,,,,,,,,,,,,,,,,
434.0,0x100,BMS_PackState,31.330000000000002,-24.1,66.05,,,,,,,,,,,,,,,,,,,
434.0,0x101,BMS_CellVolt1,,,,3.916,3.9170000000000003,3.918,3.9170000000000003,,,,,,,,,,,,,,,
434.0,0x102,BMS_CellVolt2,,,,,,,,3.908,3.936,3.911,3.911,,,,,,,,,,,
434.0,0x103,BMS_Temps,,,,,,,,,,,,26.3,26.3,26.700000000000003,26.200000000000003,,,,,,,
434.0,0x104,BMS_Status,,,,,,,,,,,,,,,,0.0,0.0,0.0,0.0,0.0,1.0,0.0
434.1,0x100,BMS_PackState,31.28,-19.3,65.98,,,,,,,,,,,,,,,,,,,
434.2,0x100,BMS_PackState,31.310000000000002,-21.1,66.11,,,,,,,,,,,,,,,,,,,
434.3,0x100,BMS_PackState,31.310000000000002,-21.700000000000003,65.99,,,,,,,,,,,,,,,,,,,
434.4,0x100,BMS_PackState,31.32,-21.8,65.91,,,,,,,,,,,,,,,,,,,
434.5,0x100,BMS_PackState,31.29,-20.5,65.97,,,,,,,,,,,,,,,,,,,
434.5,0x101,BMS_CellVolt1,,,,3.914,3.9090000000000003,3.9090000000000003,3.912,,,,,,,,,,,,,,,
434.5,0x102,BMS_CellVolt2,,,,,,,,3.906,3.93,3.9050000000000002,3.907,,,,,,,,,,,
434.6,0x100,BMS_PackState,31.330000000000002,-22.3,65.95,,,,,,,,,,,,,,,,,,,
434.7,0x100,BMS_PackState,31.36,-24.400000000000002,65.9,,,,,,,,,,,,,,,,,,,
434.8,0x100,BMS_PackState,31.3,-20.400000000000002,65.98,,,,,,,,,,,,,,,,,,,
434.9,0x100,BMS_PackState,31.3,-20.200000000000003,65.89,,,,,,,,,,,,,,,,,,,
435.0,0x100,BMS_PackState,31.310000000000002,-21.3,66.12,,,,,,,,,,,,,,,,,,,
435.0,0x101,BMS_CellVolt1,,,,3.911,3.914,3.916,3.9130000000000003,,,,,,,,,,,,,,,
435.0,0x102,BMS_CellVolt2,,,,,,,,3.908,3.9290000000000003,3.914,3.907,,,,,,,,,,,
435.0,0x103,BMS_Temps,,,,,,,,,,,,26.200000000000003,26.3,26.700000000000003,26.3,,,,,,,
435.0,0x104,BMS_Status,,,,,,,,,,,,,,,,0.0,0.0,0.0,0.0,0.0,1.0,0.0
435.1,0x100,BMS_PackState,31.32,-22.700000000000003,65.81,,,,,,,,,,,,,,,,,,,
435.2,0x100,BMS_PackState,31.3,-20.900000000000002,66.1,,,,,,,,,,,,,,,,,,,
435.3,0x100,BMS_PackState,31.34,-23.200000000000003,65.93,,,,,,,,,,,,,,,,,,,
435.4,0x100,BMS_PackState,31.32,-22.5,65.69,,,,,,,,,,,,,,,,,,,
435.5,0x100,BMS_PackState,31.32,-22.1,65.81,,,,,,,,,,,,,,,,,,,
435.5,0x101,BMS_CellVolt1,,,,3.914,3.911,3.912,3.918,,,,,,,,,,,,,,,
435.5,0x102,BMS_CellVolt2,,,,,,,,3.91,3.9330000000000003,3.9090000000000003,3.912,,,,,,,,,,,
435.6,0x100,BMS_PackState,31.29,-19.700000000000003,65.98,,,,,,,,,,,,,,,,,,,
435.7,0x100,BMS_PackState,31.310000000000002,-21.5,65.95,,,,,,,,,,,,,,,,,,,
435.8,0x100,BMS_PackState,31.32,-21.700000000000003,66.03,,,,,,,,,,,,,,,,,,,
435.9,0x100,BMS_PackState,31.27,-18.1,65.95,,,,,,,,,,,,,,,,,,,
436.0,0x100,BMS_PackState,31.3,-20.5,66.05,,,,,,,,,,,,,,,,,,,
436.0,0x101,BMS_CellVolt1,,,,3.912,3.9090000000000003,3.908,3.915,,,,,,,,,,,,,,,
436.0,0x102,BMS_CellVolt2,,,,,,,,3.908,3.931,3.9090000000000003,3.908,,,,,,,,,,,
436.0,0x103,BMS_Temps,,,,,,,,,,,,26.3,26.3,26.8,26.200000000000003,,,,,,,
436.0,0x104,BMS_Status,,,,,,,,,,,,,,,,0.0,0.0,0.0,0.0,0.0,1.0,0.0
436.1,0x100,BMS_PackState,31.3,-20.5,65.99,,,,,,,,,,,,,,,,,,,
436.2,0x100,BMS_PackState,31.310000000000002,-21.6,66.06,,,,,,,,,,,,,,,,,,,
436.3,0x100,BMS_PackState,31.32,-21.900000000000002,66.08,,,,,,,,,,,,,,,,,,,
436.4,0x100,BMS_PackState,31.35,-24.3,66.05,,,,,,,,,,,,,,,,,,,
436.5,0x100,BMS_PackState,31.29,-19.5,65.97,,,,,,,,,,,,,,,,,,,
436.5,0x101,BMS_CellVolt1,,,,3.912,3.9130000000000003,3.9090000000000003,3.916,,,,,,,,,,,,,,,
436.5,0x102,BMS_CellVolt2,,,,,,,,3.906,3.926,3.9050000000000002,3.906,,,,,,,,,,,
436.6,0x100,BMS_PackState,31.3,-20.3,66.14,,,,,,,,,,,,,,,,,,,
436.7,0x100,BMS_PackState,31.310000000000002,-21.3,66.0,,,,,,,,,,,,,,,,,,,
436.8,0x100,BMS_PackState,31.310000000000002,-21.200000000000003,65.93,,,,,,,,,,,,,,,,,,,
436.9,0x100,BMS_PackState,31.28,-19.900000000000002,65.96000000000001,,,,,,,,,,,,,,,,,,,
437.0,0x100,BMS_PackState,31.330000000000002,-23.3,66.04,,,,,,,,,,,,,,,,,,,
437.0,0x101,BMS_CellVolt1,,,,3.915,3.9170000000000003,3.915,3.916,,,,,,,,,,,,,,,
437.0,0x102,BMS_CellVolt2,,,,,,,,3.9090000000000003,3.9330000000000003,3.9130000000000003,3.911,,,,,,,,,,,
437.0,0x103,BMS_Temps,,,,,,,,,,,,26.200000000000003,26.3,26.8,26.3,,,,,,,
437.0,0x104,BMS_Status,,,,,,,,,,,,,,,,0.0,0.0,0.0,0.0,0.0,1.0,0.0
437.1,0x100,BMS_PackState,31.32,-21.900000000000002,66.11,,,,,,,,,,,,,,,,,,,
437.2,0x100,BMS_PackState,31.330000000000002,-22.700000000000003,66.08,,,,,,,,,,,,,,,,,,,
437.3,0x100,BMS_PackState,31.27,-18.3,66.08,,,,,,,,,,,,,,,,,,,
437.4,0x100,BMS_PackState,31.29,-19.700000000000003,65.97,,,,,,,,,,,,,,,,,,,
437.5,0x100,BMS_PackState,31.35,-24.3,66.12,,,,,,,,,,,,,,,,,,,
437.5,0x101,BMS_CellVolt1,,,,3.916,3.918,3.9170000000000003,3.922,,,,,,,,,,,,,,,
437.5,0x102,BMS_CellVolt2,,,,,,,,3.9130000000000003,3.935,3.912,3.912,,,,,,,,,,,
437.6,0x100,BMS_PackState,31.34,-23.3,66.02,,,,,,,,,,,,,,,,,,,
437.7,0x100,BMS_PackState,31.310000000000002,-21.200000000000003,65.96000000000001,,,,,,,,,,,,,,,,,,,
437.8,0x100,BMS_PackState,31.310000000000002,-21.700000000000003,65.83,,,,,,,,,,,,,,,,,,,
437.9,0x100,BMS_PackState,31.330000000000002,-23.0,66.08,,,,,,,,,,,,,,,,,,,
438.0,0x100,BMS_PackState,31.27,-18.1,65.96000000000001,,,,,,,,,,,,,,,,,,,
438.0,0x101,BMS_CellVolt1,,,,3.907,3.91,3.911,3.911,,,,,,,,,,,,,,,
438.0,0x102,BMS_CellVolt2,,,,,,,,3.9050000000000002,3.9210000000000003,3.903,3.902,,,,,,,,,,,
438.0,0x103,BMS_Temps,,,,,,,,,,,,26.3,26.400000000000002,26.8,26.200000000000003,,,,,,,
438.0,0x104,BMS_Status,,,,,,,,,,,,,,,,0.0,0.0,0.0,0.0,0.0,1.0,0.0
438.1,0x100,BMS_PackState,31.3,-20.5,65.91,,,,,,,,,,,,,,,,,,,
438.2,0x100,BMS_PackState,31.3,-20.3,65.9,,,,,,,,,,,,,,,,,,,
438.3,0x100,BMS_PackState,31.32,-22.0,66.11,,,,,,,,,,,,,,,,,,,
438.4,0x100,BMS_PackState,31.3,-19.900000000000002,66.04,,,,,,,,,,,,,,,,,,,
438.5,0x100,BMS_PackState,31.32,-21.6,66.08,,,,,,,,,,,,,,,,,,,
438.5,0x101,BMS_CellVolt1,,,,3.915,3.915,3.9130000000000003,3.914,,,,,,,,,,,,,,,
438.5,0x102,BMS_CellVolt2,,,,,,,,3.91,3.9290000000000003,3.912,3.907,,,,,,,,,,,
438.6,0x100,BMS_PackState,31.310000000000002,-21.400000000000002,66.01,,,,,,,,,,,,,,,,,,,
438.7,0x100,BMS_PackState,31.3,-20.1,66.03,,,,,,,,,,,,,,,,,,,
438.8,0x100,BMS_PackState,31.34,-23.400000000000002,66.03,,,,,,,,,,,,,,,,,,,
438.9,0x100,BMS_PackState,31.28,-18.6,65.92,,,,,,,,,,,,,,,,,,,
439.0,0x100,BMS_PackState,31.3,-20.700000000000003,66.12,,,,,,,,,,,,,,,,,,,
439.0,0x101,BMS_CellVolt1,,,,3.914,3.9090000000000003,3.906,3.912,,,,,,,,,,,,,,,
439.0,0x102,BMS_CellVolt2,,,,,,,,3.91,3.932,3.906,3.9050000000000002,,,,,,,,,,,
439.0,0x103,BMS_Temps,,,,,,,,,,,,26.3,26.400000000000002,26.8,26.200000000000003,,,,,,,
439.0,0x104,BMS_Status,,,,,,,,,,,,,,,,0.0,0.0,0.0,0.0,0.0,1.0,0.0
439.1,0x100,BMS_PackState,31.29,-19.1,65.95,,,,,,,,,,,,,,,,,,,
439.2,0x100,BMS_PackState,31.310000000000002,-22.6,65.98,,,,,,,,,,,,,,,,,,,
439.3,0x100,BMS_PackState,31.330000000000002,-22.400000000000002,66.08,,,,,,,,,,,,,,,,,,,
439.4,0x100,BMS_PackState,31.330000000000002,-22.700000000000003,66.14,,,,,,,,,,,,,,,,,,,
439.5,0x100,BMS_PackState,31.310000000000002,-20.6,65.98,,,,,,,,,,,,,,,,,,,
439.5,0x101,BMS_CellVolt1,,,,3.908,3.911,3.914,3.9170000000000003,,,,,,,,,,,,,,,
439.5,0x102,BMS_CellVolt2,,,,,,,,3.9090000000000003,3.928,3.908,3.911,,,,,,,,,,,
439.6,0x100,BMS_PackState,31.310000000000002,-20.900000000000002,66.12,,,,,,,,,,,,,,,,,,,
439.7,0x100,BMS_PackState,31.310000000000002,-21.700000000000003,66.08,,,,,,,,,,,,,,,,,,,
439.8,0x100,BMS_PackState,31.330000000000002,-22.5,66.02,,,,,,,,,,,,,,,,,,,
439.9,0x100,BMS_PackState,31.34,-22.900000000000002,66.04,,,,,,,,,,,,,,,,,,,
440.0,0x100,BMS_PackState,31.3,-21.1,66.04,,,,,,,,,,,,,,,,,,,
440.0,0x101,BMS_CellVolt1,,,,3.9130000000000003,3.911,3.914,3.911,,,,,,,,,,,,,,,
440.0,0x102,BMS_CellVolt2,,,,,,,,3.9010000000000002,3.932,3.911,3.91,,,,,,,,,,,
440.0,0x103,BMS_Temps,,,,,,,,,,,,26.400000000000002,26.3,26.700000000000003,26.200000000000003,,,,,,,
440.0,0x104,BMS_Status,,,,,,,,,,,,,,,,0.0,0.0,0.0,0.0,0.0,1.0,0.0
440.1,0x100,BMS_PackState,31.32,-21.700000000000003,66.07000000000001,,,,,,,,,,,,,,,,,,,
440.2,0x100,BMS_PackState,31.32,-22.0,66.17,,,,,,,,,,,,,,,,,,,
440.3,0x100,BMS_PackState,31.28,-18.7,66.08,,,,,,,,,,,,,,,,,,,
440.4,0x100,BMS_PackState,31.310000000000002,-21.1,66.03,,,,,,,,,,,,,,,,,,,
440.5,0x100,BMS_PackState,31.29,-19.1,66.01,,,,,,,,,,,,,,,,,,,
440.5,0x101,BMS_CellVolt1,,,,3.91,3.911,3.91,3.912,,,,,,,,,,,,,,,
440.5,0x102,BMS_CellVolt2,,,,,,,,3.906,3.926,3.9090000000000003,3.907,,,,,,,,,,,
440.6,0x100,BMS_PackState,31.32,-21.8,66.07000000000001,,,,,,,,,,,,,,,,,,,
440.7,0x100,BMS_PackState,31.310000000000002,-20.6,66.01,,,,,,,,,,,,,,,,,,,
440.8,0x100,BMS_PackState,31.310000000000002,-21.1,65.88,,,,,,,,,,,,,,,,,,,
440.9,0x100,BMS_PackState,31.34,-23.5,66.18,,,,,,,,,,,,,,,,,,,
441.0,0x100,BMS_PackState,31.29,-18.900000000000002,66.05,,,,,,,,,,,,,,,,,,,
441.0,0x101,BMS_CellVolt1,,,,3.91,3.9090000000000003,3.914,3.914,,,,,,,,,,,,,,,
441.0,0x102,BMS_CellVolt2,,,,,,,,3.908,3.924,3.9050000000000002,3.9050000000000002,,,,,,,,,,,
441.0,0x103,BMS_Temps,,,,,,,,,,,,26.3,26.3,26.8,26.1,,,,,,,
441.0,0x104,BMS_Status,,,,,,,,,,,,,,,,0.0,0.0,0.0,0.0,0.0,1.0,0.0
441.1,0x100,BMS_PackState,31.310000000000002,-21.200000000000003,66.05,,,,,,,,,,,,,,,,,,,
441.2,0x100,BMS_PackState,31.29,-19.900000000000002,66.2,,,,,,,,,,,,,,,,,,,
441.3,0x100,BMS_PackState,31.330000000000002,-22.1,66.02,,,,,,,,,,,,,,,,,,,
441.4,0x100,BMS_PackState,31.310000000000002,-21.200000000000003,66.11,,,,,,,,,,,,,,,,,,,
441.5,0x100,BMS_PackState,31.330000000000002,-22.3,66.07000000000001,,,,,,,,,,,,,,,,,,,
441.5,0x101,BMS_CellVolt1,,,,3.918,3.915,3.9130000000000003,3.914,,,,,,,,,,,,,,,
441.5,0x102,BMS_CellVolt2,,,,,,,,3.91,3.936,3.912,3.911,,,,,,,,,,,
441.6,0x100,BMS_PackState,31.3,-19.1,66.11,,,,,,,,,,,,,,,,,,,
441.7,0x100,BMS_PackState,31.3,-20.5,66.01,,,,,,,,,,,,,,,,,,,
441.8,0x100,BMS_PackState,31.310000000000002,-20.400000000000002,66.16,,,,,,,,,,,,,,,,,,,
441.9,0x100,BMS_PackState,31.29,-19.0,66.25,,,,,,,,,,,,,,,,,,,
442.0,0x100,BMS_PackState,31.28,-19.3,65.98,,,,,,,,,,,,,,,,,,,
442.0,0x101,BMS_CellVolt1,,,,3.911,3.91,3.906,3.914,,,,,,,,,,,,,,,
442.0,0x102,BMS_CellVolt2,,,,,,,,3.903,3.926,3.907,3.907,,,,,,,,,,,
442.0,0x103,BMS_Temps,,,,,,,,,,,,26.3,26.3,26.8,26.200000000000003,,,,,,,
442.0,0x104,BMS_Status,,,,,,,,,,,,,,,,0.0,0.0,0.0,0.0,0.0,1.0,0.0
442.1,0x100,BMS_PackState,31.3,-19.900000000000002,66.15,,,,,,,,,,,,,,,,,,,
442.2,0x100,BMS_PackState,31.330000000000002,-23.1,66.09,,,,,,,,,,,,,,,,,,,
442.3,0x100,BMS_PackState,31.32,-22.0,66.12,,,,,,,,,,,,,,,,,,,
442.4,0x100,BMS_PackState,31.330000000000002,-22.5,66.13,,,,,,,,,,,,,,,,,,,
442.5,0x100,BMS_PackState,31.310000000000002,-19.900000000000002,65.96000000000001,,,,,,,,,,,,,,,,,,,
442.5,0x101,BMS_CellVolt1,,,,3.9130000000000003,3.91,3.914,3.919,,,,,,,,,,,,,,,
442.5,0x102,BMS_CellVolt2,,,,,,,,3.906,3.928,3.9050000000000002,3.91,,,,,,,,,,,
442.6,0x100,BMS_PackState,31.3,-20.700000000000003,66.01,,,,,,,,,,,,,,,,,,,
442.7,0x100,BMS_PackState,31.34,-23.1,66.06,,,,,,,,,,,,,,,,,,,
442.8,0x100,BMS_PackState,31.32,-21.3,66.21000000000001,,,,,,,,,,,,,,,,,,,
442.9,0x100,BMS_PackState,31.34,-23.200000000000003,66.06,,,,,,,,,,,,,,,,,,,
443.0,0x100,BMS_PackState,31.310000000000002,-21.1,66.14,,,,,,,,,,,,,,,,,,,
443.0,0x101,BMS_CellVolt1,,,,3.9130000000000003,3.916,3.91,3.914,,,,,,,,,,,,,,,
443.0,0x102,BMS_CellVolt2,,,,,,,,3.9090000000000003,3.934,3.91,3.9090000000000003,,,,,,,,,,,
443.0,0x103,BMS_Temps,,,,,,,,,,,,26.200000000000003,26.200000000000003,26.8,26.3,,,,,,,
443.0,0x104,BMS_Status,,,,,,,,,,,,,,,,0.0,0.0,0.0,0.0,0.0,1.0,0.0
443.1,0x100,BMS_PackState,31.34,-23.5,66.1,,,,,,,,,,,,,,,,,,,
443.2,0x100,BMS_PackState,31.310000000000002,-20.200000000000003,66.1,,,,,,,,,,,,,,,,,,,
443.3,0x100,BMS_PackState,31.29,-20.400000000000002,66.11,,,,,,,,,,,,,,,,,,,
443.4,0x100,BMS_PackState,31.28,-18.1,66.01,,,,,,,,,,,,,,,,,,,
443.5,0x100,BMS_PackState,31.29,-19.700000000000003,66.08,,,,,,,,,,,,,,,,,,,
443.5,0x101,BMS_CellVolt1,,,,3.912,3.911,3.915,3.9130000000000003,,,,,,,,,,,,,,,
443.5,0x102,BMS_CellVolt2,,,,,,,,3.907,3.924,3.907,3.906,,,,,,,,,,,
443.6,0x100,BMS_PackState,31.310000000000002,-21.6,66.06,,,,,,,,,,,,,,,,,,,
443.7,0x100,BMS_PackState,31.3,-19.8,66.09,,,,,,,,,,,,,,,,,,,
443.8,0x100,BMS_PackState,31.34,-23.1,66.03,,,,,,,,,,,,,,,,,,,
443.9,0x100,BMS_PackState,31.330000000000002,-22.400000000000002,66.28,,,,,,,,,,,,,,,,,,,
444.0,0x100,BMS_PackState,31.3,-20.5,65.93,,,,,,,,,,,,,,,,,,,
444.0,0x101,BMS_CellVolt1,,,,3.911,3.9130000000000003,3.912,3.91,,,,,,,,,,,,,,,
444.0,0x102,BMS_CellVolt2,,,,,,,,3.9090000000000003,3.9290000000000003,3.907,3.907,,,,,,,,,,,
444.0,0x103,BMS_Temps,,,,,,,,,,,,26.400000000000002,26.400000000000002,26.8,26.200000000000003,,,,,,,
444.0,0x104,BMS_Status,,,,,,,,,,,,,,,,0.0,0.0,0.0,0.0,0.0,1.0,0.0
444.1,0x100,BMS_PackState,31.35,-24.200000000000003,65.94,,,,,,,,,,,,,,,,,,,
444.2,0x100,BMS_PackState,31.310000000000002,-21.1,66.15,,,,,,,,,,,,,,,,,,,
444.3,0x100,BMS_PackState,31.34,-22.5,66.19,,,,,,,,,,,,,,,,,,,
444.4,0x100,BMS_PackState,31.310000000000002,-20.8,66.27,,,,,,,,,,,,,,,,,,,
444.5,0x100,BMS_PackState,31.32,-22.6,66.09,,,,,,,,,,,,,,,,,,,
444.5,0x101,BMS_CellVolt1,,,,3.914,3.915,3.915,3.915,,,,,,,,,,,,,,,
444.5,0x102,BMS_CellVolt2,,,,,,,,3.9090000000000003,3.936,3.914,3.907,,,,,,,,,,,
444.6,0x100,BMS_PackState,31.310000000000002,-20.400000000000002,66.11,,,,,,,,,,,,,,,,,,,
444.7,0x100,BMS_PackState,31.310000000000002,-21.0,66.16,,,,,,,,,,,,,,,,,,,
444.8,0x100,BMS_PackState,31.28,-18.900000000000002,66.26,,,,,,,,,,,,,,,,,,,
444.9,0x100,BMS_PackState,31.310000000000002,-21.0,65.99,,,,,,,,,,,,,,,,,,,
445.0,0x100,BMS_PackState,31.330000000000002,-22.200000000000003,66.14,,,,,,,,,,,,,,,,,,,
445.0,0x101,BMS_CellVolt1,,,,3.915,3.914,3.916,3.9170000000000003,,,,,,,,,,,,,,,
445.0,0x102,BMS_CellVolt2,,,,,,,,3.912,3.936,3.9130000000000003,3.91,,,,,,,,,,,
445.0,0x103,BMS_Temps,,,,,,,,,,,,26.3,26.3,26.8,26.200000000000003,,,,,,,
445.0,0x104,BMS_Status,,,,,,,,,,,,,,,,0.0,0.0,0.0,0.0,0.0,1.0,0.0
445.1,0x100,BMS_PackState,31.32,-21.400000000000002,66.18,,,,,,,,,,,,,,,,,,,
445.2,0x100,BMS_PackState,31.35,-23.0,66.09,,,,,,,,,,,,,,,,,,,
445.3,0x100,BMS_PackState,31.3,-20.400000000000002,66.17,,,,,,,,,,,,,,,,,,,
445.4,0x100,BMS_PackState,31.3,-20.1,66.06,,,,,,,,,,,,,,,,,,,
445.5,0x100,BMS_PackState,31.27,-17.3,66.25,,,,,,,,,,,,,,,,,,,
445.5,0x101,BMS_CellVolt1,,,,3.907,3.908,3.911,3.907,,,,,,,,,,,,,,,
445.5,0x102,BMS_CellVolt2,,,,,,,,3.9050000000000002,3.9210000000000003,3.9050000000000002,3.9010000000000002,,,,,,,,,,,
445.6,0x100,BMS_PackState,31.32,-21.900000000000002,65.95,,,,,,,,,,,,,,,,,,,
445.7,0x100,BMS_PackState,31.32,-21.400000000000002,66.1,,,,,,,,,,,,,,,,,,,
445.8,0x100,BMS_PackState,31.310000000000002,-21.900000000000002,66.19,,,,,,,,,,,,,,,,,,,
445.9,0x100,BMS_PackState,31.310000000000002,-20.700000000000003,66.1,,,,,,,,,,,,,,,,,,,
446.0,0x100,BMS_PackState,31.3,-20.400000000000002,66.22,,,,,,,,,,,,,,,,,,,
446.0,0x101,BMS_CellVolt1,,,,3.911,3.912,3.91,3.9130000000000003,,,,,,,,,,,,,,,
446.0,0x102,BMS_CellVolt2,,,,,,,,3.91,3.93,3.906,3.91,,,,,,,,,,,
446.0,0x103,BMS_Temps,,,,,,,,,,,,26.3,26.3,26.8,26.200000000000003,,,,,,,
446.0,0x104,BMS_Status,,,,,,,,,,,,,,,,0.0,0.0,0.0,0.0,0.0,1.0,0.0
446.1,0x100,BMS_PackState,31.310000000000002,-21.1,66.14,,,,,,,,,,,,,,,,,,,
446.2,0x100,BMS_PackState,31.29,-19.400000000000002,66.16,,,,,,,,,,,,,,,,,,,
446.3,0x100,BMS_PackState,31.330000000000002,-21.900000000000002,66.19,,,,,,,,,,,,,,,,,,,
446.4,0x100,BMS_PackState,31.310000000000002,-19.5,66.13,,,,,,,,,,,,,,,,,,,
446.5,0x100,BMS_PackState,31.310000000000002,-20.200000000000003,65.97,,,,,,,,,,,,,,,,,,,
446.5,0x101,BMS_CellVolt1,,,,3.916,3.911,3.914,3.915,,,,,,,,,,,,,,,
446.5,0x102,BMS_CellVolt2,,,,,,,,3.907,3.9290000000000003,3.91,3.9090000000000003,,,,,,,,,,,
446.6,0x100,BMS_PackState,31.32,-21.0,66.32000000000001,,,,,,,,,,,,,,,,,,,
446.7,0x100,BMS_PackState,31.330000000000002,-21.5,66.28,,,,,,,,,,,,,,,,,,,
446.8,0x100,BMS_PackState,31.26,-17.400000000000002,66.22,,,,,,,,,,,,,,,,,,,
446.9,0x100,BMS_PackState,31.34,-22.200000000000003,66.11,,,,,,,,,,,,,,,,,,,
447.0,0x100,BMS_PackState,31.32,-20.6,66.19,,,,,,,,,,,,,,,,,,,
447.0,0x101,BMS_CellVolt1,,,,3.914,3.915,3.912,3.9170000000000003,,,,,,,,,,,,,,,
447.0,0x102,BMS_CellVolt2,,,,,,,,3.911,3.9330000000000003,3.908,3.9090000000000003,,,,,,,,,,,
447.0,0x103,BMS_Temps,,,,,,,,,,,,26.3,26.3,26.8,26.3,,,,,,,
447.0,0x104,BMS_Status,,,,,,,,,,,,,,,,0.0,0.0,0.0,0.0,0.0,1.0,0.0
447.1,0x100,BMS_PackState,31.330000000000002,-22.1,65.97,,,,,,,,,,,,,,,,,,,
447.2,0x100,BMS_PackState,31.29,-18.3,65.99,,,,,,,,,,,,,,,,,,,
447.3,0x100,BMS_PackState,31.3,-19.700000000000003,66.39,,,,,,,,,,,,,,,,,,,
447.4,0x100,BMS_PackState,31.330000000000002,-22.0,66.03,,,,,,,,,,,,,,,,,,,
447.5,0x100,BMS_PackState,31.310000000000002,-20.200000000000003,66.12,,,,,,,,,,,,,,,,,,,
447.5,0x101,BMS_CellVolt1,,,,3.9130000000000003,3.9130000000000003,3.912,3.912,,,,,,,,,,,,,,,
447.5,0x102,BMS_CellVolt2,,,,,,,,3.91,3.9290000000000003,3.911,3.911,,,,,,,,,,,
447.6,0x100,BMS_PackState,31.310000000000002,-20.6,66.17,,,,,,,,,,,,,,,,,,,
447.7,0x100,BMS_PackState,31.330000000000002,-21.8,66.19,,,,,,,,,,,,,,,,,,,
447.8,0x100,BMS_PackState,31.310000000000002,-19.900000000000002,66.16,,,,,,,,,,,,,,,,,,,
447.9,0x100,BMS_PackState,31.310000000000002,-20.400000000000002,66.12,,,,,,,,,,,,,,,,,,,
448.0,0x100,BMS_PackState,31.310000000000002,-20.700000000000003,66.15,,,,,,,,,,,,,,,,,,,
448.0,0x101,BMS_CellVolt1,,,,3.914,3.906,3.911,3.9170000000000003,,,,,,,,,,,,,,,
448.0,0x102,BMS_CellVolt2,,,,,,,,3.907,3.932,3.912,3.9090000000000003,,,,,,,,,,,
448.0,0x103,BMS_Temps,,,,,,,,,,,,26.3,26.3,26.700000000000003,26.3,,,,,,,
448.0,0x104,BMS_Status,,,,,,,,,,,,,,,,0.0,0.0,0.0,0.0,0.0,1.0,0.0
448.1,0x100,BMS_PackState,31.310000000000002,-21.1,66.27,,,,,,,,,,,,,,,,,,,
448.2,0x100,BMS_PackState,31.3,-20.400000000000002,66.23,,,,,,,,,,,,,,,,,,,
448.3,0x100,BMS_PackState,31.32,-20.700000000000003,66.23,,,,,,,,,,,,,,,,,,,
448.4,0x100,BMS_PackState,31.310000000000002,-20.900000000000002,65.97,,,,,,,,,,,,,,,,,,,
448.5,0x100,BMS_PackState,31.330000000000002,-22.0,66.22,,,,,,,,,,,,,,,,,,,
448.5,0x101,BMS_CellVolt1,,,,3.9170000000000003,3.915,3.916,3.916,,,,,,,,,,,,,,,
448.5,0x102,BMS_CellVolt2,,,,,,,,3.911,3.934,3.911,3.912,,,,,,,,,,,
448.6,0x100,BMS_PackState,31.29,-18.5,66.18,,,,,,,,,,,,,,,,,,,
448.7,0x100,BMS_PackState,31.34,-22.6,66.11,,,,,,,,,,,,,,,,,,,
448.8,0x100,BMS_PackState,31.310000000000002,-20.400000000000002,66.35,,,,,,,,,,,,,,,,,,,
448.9,0x100,BMS_PackState,31.310000000000002,-21.5,66.02,,,,,,,,,,,,,,,,,,,
449.0,0x100,BMS_PackState,31.28,-18.400000000000002,66.17,,,,,,,,,,,,,,,,,,,
449.0,0x101,BMS_CellVolt1,,,,3.91,3.912,3.912,3.907,,,,,,,,,,,,,,,
449.0,0x102,BMS_CellVolt2,,,,,,,,3.904,3.922,3.906,3.9090000000000003,,,,,,,,,,,
449.0,0x103,BMS_Temps,,,,,,,,,,,,26.3,26.3,26.8,26.200000000000003,,,,,,,
449.0,0x104,BMS_Status,,,,,,,,,,,,,,,,0.0,0.0,0.0,0.0,0.0,1.0,0.0
449.1,0x100,BMS_PackState,31.32,-22.400000000000002,66.29,,,,,,,,,,,,,,,,,,,
449.2,0x100,BMS_PackState,31.32,-22.1,66.19,,,,,,,,,,,,,,,,,,,
449.3,0x100,BMS_PackState,31.35,-22.5,65.98,,,,,,,,,,,,,,,,,,,
449.4,0x100,BMS_PackState,31.32,-20.5,66.32000000000001,,,,,,,,,,,,,,,,,,,
449.5,0x100,BMS_PackState,31.34,-23.1,66.01,,,,,,,,,,,,,,,,,,,
449.5,0x101,BMS_CellVolt1,,,,3.918,3.919,3.914,3.919,,,,,,,,,,,,,,,
449.5,0x102,BMS_CellVolt2,,,,,,,,3.906,3.938,3.912,3.911,,,,,,,,,,,
449.6,0x100,BMS_PackState,31.330000000000002,-21.700000000000003,66.06,,,,,,,,,,,,,,,,,,,
449.7,0x100,BMS_PackState,31.36,-24.200000000000003,66.28,,,,,,,,,,,,,,,,,,,
449.8,0x100,BMS_PackState,31.32,-20.6,66.09,,,,,,,,,,,,,,,,,,,
449.9,0x100,BMS_PackState,31.32,-21.8,66.16,,,,,,,,,,,,,,,,,,,
450.0,0x100,BMS_PackState,31.35,-23.200000000000003,66.09,,,,,,,,,,,,,,,,,,,
450.0,0x101,BMS_CellVolt1,,,,3.92,3.915,3.919,3.919,,,,,,,,,,,,,,,
450.0,0x102,BMS_CellVolt2,,,,,,,,3.9130000000000003,3.934,3.914,3.912,,,,,,,,,,,
450.0,0x103,BMS_Temps,,,,,,,,,,,,26.3,26.3,26.700000000000003,26.200000000000003,,,,,,,
450.0,0x104,BMS_Status,,,,,,,,,,,,,,,,0.0,0.0,0.0,0.0,0.0,1.0,0.0
450.1,0x100,BMS_PackState,31.32,-19.400000000000002,66.2,,,,,,,,,,,,,,,,,,,
450.2,0x100,BMS_PackState,31.34,-23.0,66.31,,,,,,,,,,,,,,,,,,,
450.3,0x100,BMS_PackState,31.3,-19.8,66.03,,,,,,,,,,,,,,,,,,,
450.4,0x100,BMS_PackState,31.330000000000002,-22.1,66.22,,,,,,,,,,,,,,,,,,,
450.5,0x100,BMS_PackState,31.29,-18.6,66.02,,,,,,,,,,,,,,,,,,,
450.5,0x101,BMS_CellVolt1,,,,3.91,3.912,3.911,3.9130000000000003,,,,,,,,,,,,,,,
450.5,0x102,BMS_CellVolt2,,,,,,,,3.907,3.924,3.907,3.906,,,,,,,,,,,
450.6,0x100,BMS_PackState,31.3,-19.900000000000002,66.41,,,,,,,,,,,,,,,,,,,
450.7,0x100,BMS_PackState,31.35,-22.5,66.1,,,,,,,,,,,,,,,,,,,
450.8,0x100,BMS_PackState,31.330000000000002,-22.400000000000002,66.25,,,,,,,,,,,,,,,,,,,
450.9,0x100,BMS_PackState,31.32,-20.1,66.23,,,,,,,,,,,,,,,,,,,
451.0,0x100,BMS_PackState,31.32,-21.400000000000002,66.21000000000001,,,,,,,,,,,,,,,,,,,
451.0,0x101,BMS_CellVolt1,,,,3.914,3.912,3.9130000000000003,3.916,,,,,,,,,,,,,,,
451.0,0x102,BMS_CellVolt2,,,,,,,,3.91,3.932,3.9130000000000003,3.9090000000000003,,,,,,,,,,,
451.0,0x103,BMS_Temps,,,,,,,,,,,,26.200000000000003,26.400000000000002,26.8,26.3,,,,,,,
451.0,0x104,BMS_Status,,,,,,,,,,,,,,,,0.0,0.0,0.0,0.0,0.0,1.0,0.0
451.1,0x100,BMS_PackState,31.32,-21.3,66.16,,,,,,,,,,,,,,,,,,,
451.2,0x100,BMS_PackState,31.29,-19.1,66.07000000000001,,,,,,,,,,,,,,,,,,,
451.3,0x100,BMS_PackState,31.330000000000002,-22.1,66.35,,,,,,,,,,,,,,,,,,,
451.4,0x100,BMS_PackState,31.32,-20.900000000000002,66.11,,,,,,,,,,,,,,,,,,,
451.5,0x100,BMS_PackState,31.310000000000002,-19.6,66.2,,,,,,,,,,,,,,,,,,,
451.5,0x101,BMS_CellVolt1,,,,3.9130000000000003,3.914,3.911,3.916,,,,,,,,,,,,,,,
451.5,0x102,BMS_CellVolt2,,,,,,,,3.908,3.928,3.9090000000000003,3.91,,,,,,,,,,,
451.6,0x100,BMS_PackState,31.310000000000002,-19.8,66.17,,,,,,,,,,,,,,,,,,,
451.7,0x100,BMS_PackState,31.32,-21.200000000000003,66.31,,,,,,,,,,,,,,,,,,,
451.8,0x100,BMS_PackState,31.330000000000002,-21.400000000000002,66.44,,,,,,,,,,,,,,,,,,,
451.9,0x100,BMS_PackState,31.35,-23.6,66.15,,,,,,,,,,,,,,,,,,,
452.0,0x100,BMS_PackState,31.34,-22.6,66.23,,,,,,,,,,,,,,,,,,,
452.0,0x101,BMS_CellVolt1,,,,3.916,3.918,3.915,3.915,,,,,,,,,,,,,,,
452.0,0x102,BMS_CellVolt2,,,,,,,,3.91,3.935,3.914,3.912,,,,,,,,,,,
452.0,0x103,BMS_Temps,,,,,,,,,,,,26.3,26.3,26.8,26.200000000000003,,,,,,,
452.0,0x104,BMS_Status,,,,,,,,,,,,,,,,0.0,0.0,0.0,0.0,0.0,1.0,0.0
452.1,0x100,BMS_PackState,31.310000000000002,-20.5,66.32000000000001,,,,,,,,,,,,,,,,,,,
452.2,0x100,BMS_PackState,31.330000000000002,-21.200000000000003,66.35,,,,,,,,,,,,,,,,,,,
452.3,0x100,BMS_PackState,31.330000000000002,-20.900000000000002,66.2,,,,,,,,,,,,,,,,,,,
452.4,0x100,BMS_PackState,31.3,-19.400000000000002,66.21000000000001,,,,,,,,,,,,,,,,,,,
452.5,0x100,BMS_PackState,31.35,-22.8,66.35,,,,,,,,,,,,,,,,,,,
452.5,0x101,BMS_CellVolt1,,,,3.919,3.916,3.915,3.916,,,,,,,,,,,,,,,
452.5,0x102,BMS_CellVolt2,,,,,,,,3.914,3.9370000000000003,3.916,3.916,,,,,,,,,,,
452.6,0x100,BMS_PackState,31.310000000000002,-21.400000000000002,66.04,,,,,,,,,,,,,,,,,,,
452.7,0x100,BMS_PackState,31.330000000000002,-20.700000000000003,66.32000000000001,,,,,,,,,,,,,,,,,,,
452.8,0x100,BMS_PackState,31.330000000000002,-22.1,66.15,,,,,,,,,,,,,,,,,,,
452.9,0x100,BMS_PackState,31.3,-18.900000000000002,66.24,,,,,,,,,,,,,,,,,,,
453.0,0x100,BMS_PackState,31.3,-19.6,66.24,,,,,,,,,,,,,,,,,,,
453.0,0x101,BMS_CellVolt1,,,,3.91,3.911,3.911,3.9130000000000003,,,,,,,,,,,,,,,
453.0,0x102,BMS_CellVolt2,,,,,,,,3.91,3.924,3.91,3.91,,,,,,,,,,,
453.0,0x103,BMS_Temps,,,,,,,,,,,,26.3,26.3,26.700000000000003,26.3,,,,,,,
453.0,0x104,BMS_Status,,,,,,,,,,,,,,,,0.0,0.0,0.0,0.0,0.0,1.0,0.0
453.1,0x100,BMS_PackState,31.310000000000002,-20.6,66.17,,,,,,,,,,,,,,,,,,,
453.2,0x100,BMS_PackState,31.29,-18.3,66.26,,,,,,,,,,,,,,,,,,,
453.3,0x100,BMS_PackState,31.36,-23.200000000000003,66.2,,,,,,,,,,,,,,,,,,,
453.4,0x100,BMS_PackState,31.330000000000002,-21.0,66.34,,,,,,,,,,,,,,,,,,,
453.5,0x100,BMS_PackState,31.310000000000002,-20.5,66.16,,,,,,,,,,,,,,,,,,,
453.5,0x101,BMS_CellVolt1,,,,3.914,3.914,3.911,3.914,,,,,,,,,,,,,,,
453.5,0x102,BMS_CellVolt2,,,,,,,,3.906,3.9290000000000003,3.915,3.907,,,,,,,,,,,
453.6,0x100,BMS_PackState,31.330000000000002,-22.400000000000002,66.13,,,,,,,,,,,,,,,,,,,
453.7,0x100,BMS_PackState,31.310000000000002,-20.5,66.25,,,,,,,,,,,,,,,,,,,
453.8,0x100,BMS_PackState,31.35,-22.700000000000003,66.23,,,,,,,,,,,,,,,,,,,
453.9,0x100,BMS_PackState,31.310000000000002,-20.0,66.39,,,,,,,,,,,,,,,,,,,
454.0,0x100,BMS_PackState,31.3,-19.400000000000002,66.24,,,,,,,,,,,,,,,,,,,
454.0,0x101,BMS_CellVolt1,,,,3.9130000000000003,3.907,3.9130000000000003,3.914,,,,,,,,,,,,,,,
454.0,0x102,BMS_CellVolt2,,,,,,,,3.907,3.927,3.911,3.907,,,,,,,,,,,
454.0,0x103,BMS_Temps,,,,,,,,,,,,26.400000000000002,26.3,26.8,26.3,,,,,,,
454.0,0x104,BMS_Status,,,,,,,,,,,,,,,,0.0,0.0,0.0,0.0,0.0,1.0,0.0
454.1,0x100,BMS_PackState,31.32,-20.6,66.24,,,,,,,,,,,,,,,,,,,
454.2,0x100,BMS_PackState,31.35,-23.8,66.12,,,,,,,,,,,,,,,,,,,
454.3,0x100,BMS_PackState,31.34,-22.5,66.27,,,,,,,,,,,,,,,,,,,
454.4,0x100,BMS_PackState,31.310000000000002,-20.200000000000003,66.13,,,,,,,,,,,,,,,,,,,
454.5,0x100,BMS_PackState,31.32,-21.0,66.23,,,,,,,,,,,,,,,,,,,
454.5,0x101,BMS_CellVolt1,,,,3.916,3.916,3.915,3.915,,,,,,,,,,,,,,,
454.5,0x102,BMS_CellVolt2,,,,,,,,3.908,3.9330000000000003,3.9130000000000003,3.9090000000000003,,,,,,,,,,,
454.6,0x100,BMS_PackState,31.37,-25.0,66.16,,,,,,,,,,,,,,,,,,,
454.7,0x100,BMS_PackState,31.310000000000002,-19.1,66.3,,,,,,,,,,,,,,,,,,,
454.8,0x100,BMS_PackState,31.32,-20.8,66.24,,,,,,,,,,,,,,,,,,,
454.9,0x100,BMS_PackState,31.34,-22.200000000000003,66.37,,,,,,,,,,,,,,,,,,,
455.0,0x100,BMS_PackState,31.3,-19.5,66.16,,,,,,,,,,,,,,,,,,,
455.0,0x101,BMS_CellVolt1,,,,3.914,3.9090000000000003,3.911,3.915,,,,,,,,,,,,,,,
455.0,0x102,BMS_CellVolt2,,,,,,,,3.912,3.927,3.907,3.9090000000000003,,,,,,,,,,,
455.0,0x103,BMS_Temps,,,,,,,,,,,,26.3,26.3,26.8,26.3,,,,,,,
455.0,0x104,BMS_Status,,,,,,,,,,,,,,,,0.0,0.0,0.0,0.0,0.0,1.0,0.0
455.1,0x100,BMS_PackState,31.34,-22.0,66.26,,,,,,,,,,,,,,,,,,,
455.2,0x100,BMS_PackState,31.34,-22.0,66.27,,,,,,,,,,,,,,,,,,,
455.3,0x100,BMS_PackState,31.310000000000002,-20.5,66.25,,,,,,,,,,,,,,,,,,,
455.4,0x100,BMS_PackState,31.29,-18.3,66.37,,,,,,,,,,,,,,,,,,,
455.5,0x100,BMS_PackState,31.29,-18.6,66.26,,,,,,,,,,,,,,,,,,,
455.5,0x101,BMS_CellVolt1,,,,3.915,3.911,3.911,3.914,,,,,,,,,,,,,,,
455.5,0x102,BMS_CellVolt2,,,,,,,,3.903,3.924,3.904,3.908,,,,,,,,,,,
455.6,0x100,BMS_PackState,31.330000000000002,-20.5,66.16,,,,,,,,,,,,,,,,,,,
455.7,0x100,BMS_PackState,31.310000000000002,-20.3,66.31,,,,,,,,,,,,,,,,,,,
455.8,0x100,BMS_PackState,31.3,-19.8,66.45,,,,,,,,,,,,,,,,,,,
455.9,0x100,BMS_PackState,31.36,-22.900000000000002,66.2,,,,,,,,,,,,,,,,,,,
456.0,0x100,BMS_PackState,31.310000000000002,-20.0,66.26,,,,,,,,,,,,,,,,,,,
456.0,0x101,BMS_CellVolt1,,,,3.9130000000000003,3.916,3.912,3.914,,,,,,,,,,,,,,,
456.0,0x102,BMS_CellVolt2,,,,,,,,3.908,3.928,3.9090000000000003,3.9130000000000003,,,,,,,,,,,
456.0,0x103,BMS_Temps,,,,,,,,,,,,26.200000000000003,26.3,26.700000000000003,26.1,,,,,,,
456.0,0x104,BMS_Status,,,,,,,,,,,,,,,,0.0,0.0,0.0,0.0,0.0,1.0,0.0
456.1,0x100,BMS_PackState,31.35,-22.1,66.29,,,,,,,,,,,,,,,,,,,
456.2,0x100,BMS_PackState,31.32,-20.5,66.37,,,,,,,,,,,,,,,,,,,
456.3,0x100,BMS_PackState,31.32,-21.3,66.35,,,,,,,,,,,,,,,,,,,
456.4,0x100,BMS_PackState,31.310000000000002,-20.200000000000003,66.29,,,,,,,,,,,,,,,,,,,
456.5,0x100,BMS_PackState,31.32,-20.8,66.23,,,,,,,,,,,,,,,,,,,
456.5,0x101,BMS_CellVolt1,,,,3.914,3.914,3.914,3.9210000000000003,,,,,,,,,,,,,,,
456.5,0x102,BMS_CellVolt2,,,,,,,,3.903,3.932,3.914,3.91,,,,,,,,,,,
456.6,0x100,BMS_PackState,31.39,-25.6,66.23,,,,,,,,,,,,,,,,,,,
456.7,0x100,BMS_PackState,31.330000000000002,-20.700000000000003,66.33,,,,,,,,,,,,,,,,,,,
456.8,0x100,BMS_PackState,31.32,-20.0,66.21000000000001,,,,,,,,,,,,,,,,,,,
456.9,0x100,BMS_PackState,31.32,-20.3,66.14,,,,,,,,,,,,,,,,,,,
457.0,0x100,BMS_PackState,31.32,-21.200000000000003,66.26,,,,,,,,,,,,,,,,,,,
457.0,0x101,BMS_CellVolt1,,,,3.9130000000000003,3.914,3.916,3.9170000000000003,,,,,,,,,,,,,,,
457.0,0x102,BMS_CellVolt2,,,,,,,,3.9090000000000003,3.9330000000000003,3.912,3.911,,,,,,,,,,,
457.0,0x103,BMS_Temps,,,,,,,,,,,,26.200000000000003,26.400000000000002,26.8,26.200000000000003,,,,,,,
457.0,0x104,BMS_Status,,,,,,,,,,,,,,,,0.0,0.0,0.0,0.0,0.0,1.0,0.0
457.1,0x100,BMS_PackState,31.29,-18.5,66.23,,,,,,,,,,,,,,,,,,,
457.2,0x100,BMS_PackState,31.32,-20.5,66.25,,,,,,,,,,,,,,,,,,,
457.3,0x100,BMS_PackState,31.330000000000002,-20.3,66.34,,,,,,,,,,,,,,,,,,,
457.4,0x100,BMS_PackState,31.310000000000002,-19.400000000000002,66.3,,,,,,,,,,,,,,,,,,,
457.5,0x100,BMS_PackState,31.32,-20.5,66.27,,,,,,,,,,,,,,,,,,,
457.5,0x101,BMS_CellVolt1,,,,3.914,3.914,3.912,3.9170000000000003,,,,,,,,,,,,,,,
457.5,0x102,BMS_CellVolt2,,,,,,,,3.911,3.932,3.912,3.9090000000000003,,,,,,,,,,,
457.6,0x100,BMS_PackState,31.34,-22.3,66.17,,,,,,,,,,,,,,,,,,,
457.7,0x100,BMS_PackState,31.37,-24.700000000000003,66.25,,,,,,,,,,,,,,,,,,,
457.8,0x100,BMS_PackState,31.34,-21.700000000000003,66.13,,,,,,,,,,,,,,,,,,,
457.9,0x100,BMS_PackState,31.310000000000002,-19.900000000000002,66.22,,,,,,,,,,,,,,,,,,,
458.0,0x100,BMS_PackState,31.330000000000002,-21.5,66.22,,,,,,,,,,,,,,,,,,,
458.0,0x101,BMS_CellVolt1,,,,3.9130000000000003,3.919,3.916,3.919,,,,,,,,,,,,,,,
458.0,0x102,BMS_CellVolt2,,,,,,,,3.9090000000000003,3.934,3.91,3.912,,,,,,,,,,,
458.0,0x103,BMS_Temps,,,,,,,,,,,,26.3,26.400000000000002,26.8,26.1,,,,,,,
458.0,0x104,BMS_Status,,,,,,,,,,,,,,,,0.0,0.0,0.0,0.0,0.0,1.0,0.0
458.1,0x100,BMS_PackState,31.32,-19.8,66.3,,,,,,,,,,,,,,,,,,,
458.2,0x100,BMS_PackState,31.310000000000002,-20.8,66.31,,,,,,,,,,,,,,,,,,,
458.3,0x100,BMS_PackState,31.310000000000002,-19.1,66.28,,,,,,,,,,,,,,,,,,,
458.4,0x100,BMS_PackState,31.34,-21.400000000000002,66.19,,,,,,,,,,,,,,,,,,,
458.5,0x100,BMS_PackState,31.310000000000002,-20.3,66.13,,,,,,,,,,,,,,,,,,,
458.5,0x101,BMS_CellVolt1,,,,3.915,3.9090000000000003,3.9170000000000003,3.918,,,,,,,,,,,,,,,
458.5,0x102,BMS_CellVolt2,,,,,,,,3.906,3.93,3.912,3.908,,,,,,,,,,,
458.6,0x100,BMS_PackState,31.32,-20.200000000000003,66.44,,,,,,,,,,,,,,,,,,,
458.7,0x100,BMS_PackState,31.3,-18.7,66.22,,,,,,,,,,,,,,,,,,,
458.8,0x100,BMS_PackState,31.36,-23.6,66.28,,,,,,,,,,,,,,,,,,,
458.9,0x100,BMS_PackState,31.330000000000002,-21.700000000000003,66.26,,,,,,,,,,,,,,,,,,,
459.0,0x100,BMS_PackState,31.32,-19.700000000000003,66.4,,,,,,,,,,,,,,,,,,,
459.0,0x101,BMS_CellVolt1,,,,3.916,3.916,3.912,3.9130000000000003,,,,,,,,,,,,,,,
459.0,0x102,BMS_CellVolt2,,,,,,,,3.907,3.9290000000000003,3.9130000000000003,3.912,,,,,,,,,,,
459.0,0x103,BMS_Temps,,,,,,,,,,,,26.200000000000003,26.3,26.700000000000003,26.200000000000003,,,,,,,
459.0,0x104,BMS_Status,,,,,,,,,,,,,,,,0.0,0.0,0.0,0.0,0.0,1.0,0.0
459.1,0x100,BMS_PackState,31.3,-18.7,66.34,,,,,,,,,,,,,,,,,,,
459.2,0x100,BMS_PackState,31.330000000000002,-20.6,66.24,,,,,,,,,,,,,,,,,,,
459.3,0x100,BMS_PackState,31.32,-21.400000000000002,66.37,,,,,,,,,,,,,,,,,,,
459.4,0x100,BMS_PackState,31.32,-19.900000000000002,66.18,,,,,,,,,,,,,,,,,,,
459.5,0x100,BMS_PackState,31.310000000000002,-19.700000000000003,66.31,,,,,,,,,,,,,,,,,,,
459.5,0x101,BMS_CellVolt1,,,,3.915,3.914,3.914,3.916,,,,,,,,,,,,,,,
459.5,0x102,BMS_CellVolt2,,,,,,,,3.908,3.931,3.907,3.908,,,,,,,,,,,
459.6,0x100,BMS_PackState,31.34,-21.5,66.02,,,,,,,,,,,,,,,,,,,
459.7,0x100,BMS_PackState,31.310000000000002,-20.5,66.35,,,,,,,,,,,,,,,,,,,
459.8,0x100,BMS_PackState,31.310000000000002,-19.200000000000003,66.28,,,,,,,,,,,,,,,,,,,
459.9,0x100,BMS_PackState,31.29,-18.2,66.3,,,,,,,,,,,,,,,,,,,
460.0,0x100,BMS_PackState,31.32,-19.900000000000002,66.45,,,,,,,,,,,,,,,,,,,
460.0,0x101,BMS_CellVolt1,,,,3.916,3.915,3.914,3.9170000000000003,,,,,,,,,,,,,,,
460.0,0x102,BMS_CellVolt2,,,,,,,,3.91,3.928,3.908,3.9130000000000003,,,,,,,,,,,
460.0,0x103,BMS_Temps,,,,,,,,,,,,26.200000000000003,26.3,26.8,26.3,,,,,,,
460.0,0x104,BMS_Status,,,,,,,,,,,,,,,,0.0,0.0,0.0,0.0,0.0,1.0,0.0
460.1,0x100,BMS_PackState,31.32,-20.900000000000002,66.25,,,,,,,,,,,,,,,,,,,
460.2,0x100,BMS_PackState,31.34,-21.1,66.26,,,,,,,,,,,,,,,,,,,
460.3,0x100,BMS_PackState,31.32,-20.200000000000003,66.18,,,,,,,,,,,,,,,,,,,
460.4,0x100,BMS_PackState,31.34,-21.200000000000003,66.34,,,,,,,,,,,,,,,,,,,
460.5,0x100,BMS_PackState,31.330000000000002,-20.700000000000003,66.33,,,,,,,,,,,,,,,,,,,
460.5,0x101,BMS_CellVolt1,,,,3.9170000000000003,3.914,3.9170000000000003,3.918,,,,,,,,,,,,,,,
460.5,0x102,BMS_CellVolt2,,,,,,,,3.9090000000000003,3.931,3.912,3.9130000000000003,,,,,,,,,,,
460.6,0x100,BMS_PackState,31.35,-22.6,66.41,,,,,,,,,,,,,,,,,,,
460.7,0x100,BMS_PackState,31.310000000000002,-19.1,66.33,,,,,,,,,,,,,,,,,,,
460.8,0x100,BMS_PackState,31.35,-22.700000000000003,66.37,,,,,,,,,,,,,,,,,,,
460.9,0x100,BMS_PackState,31.35,-21.6,66.39,,,,,,,,,,,,,,,,,,,
461.0,0x100,BMS_PackState,31.330000000000002,-20.900000000000002,66.38,,,,,,,,,,,,,,,,,,,
461.0,0x101,BMS_CellVolt1,,,,3.916,3.916,3.914,3.9170000000000003,,,,,,,,,,,,,,,
461.0,0x102,BMS_CellVolt2,,,,,,,,3.912,3.931,3.914,3.914,,,,,,,,,,,
461.0,0x103,BMS_Temps,,,,,,,,,,,,26.3,26.3,26.700000000000003,26.200000000000003,,,,,,,
461.0,0x104,BMS_Status,,,,,,,,,,,,,,,,0.0,0.0,0.0,0.0,0.0,1.0,0.0
461.1,0x100,BMS_PackState,31.3,-18.0,66.33,,,,,,,,,,,,,,,,,,,
461.2,0x100,BMS_PackState,31.330000000000002,-21.6,66.4,,,,,,,,,,,,,,,,,,,
461.3,0x100,BMS_PackState,31.35,-22.0,66.41,,,,,,,,,,,,,,,,,,,
461.4,0x100,BMS_PackState,31.35,-21.8,66.45,,,,,,,,,,,,,,,,,,,
461.5,0x100,BMS_PackState,31.3,-18.5,66.57000000000001,,,,,,,,,,,,,,,,,,,
461.5,0x101,BMS_CellVolt1,,,,3.911,3.907,3.91,3.912,,,,,,,,,,,,,,,
461.5,0x102,BMS_CellVolt2,,,,,,,,3.908,3.9290000000000003,3.9090000000000003,3.912,,,,,,,,,,,
461.6,0x100,BMS_PackState,31.37,-25.200000000000003,66.25,,,,,,,,,,,,,,,,,,,
461.7,0x100,BMS_PackState,31.35,-22.5,66.4,,,,,,,,,,,,,,,,,,,
461.8,0x100,BMS_PackState,31.28,-16.900000000000002,66.35,,,,,,,,,,,,,,,,,,,
461.9,0x100,BMS_PackState,31.32,-20.1,66.37,,,,,,,,,,,,,,,,,,,
462.0,0x100,BMS_PackState,31.35,-22.700000000000003,66.43,,,,,,,,,,,,,,,,,,,
462.0,0x101,BMS_CellVolt1,,,,3.919,3.92,3.918,3.918,,,,,,,,,,,,,,,
462.0,0x102,BMS_CellVolt2,,,,,,,,3.9130000000000003,3.936,3.915,3.9130000000000003,,,,,,,,,,,
462.0,0x103,BMS_Temps,,,,,,,,,,,,26.3,26.3,26.700000000000003,26.3,,,,,,,
462.0,0x104,BMS_Status,,,,,,,,,,,,,,,,0.0,0.0,0.0,0.0,0.0,1.0,0.0
462.1,0x100,BMS_PackState,31.330000000000002,-21.1,66.38,,,,,,,,,,,,,,,,,,,
462.2,0x100,BMS_PackState,31.330000000000002,-20.900000000000002,66.25,,,,,,,,,,,,,,,,,,,
462.3,0x100,BMS_PackState,31.330000000000002,-19.700000000000003,66.31,,,,,,,,,,,,,,,,,,,
462.4,0x100,BMS_PackState,31.3,-18.2,66.42,,,,,,,,,,,,,,,,,,,
462.5,0x100,BMS_PackState,31.34,-20.400000000000002,66.28,,,,,,,,,,,,,,,,,,,
462.5,0x101,BMS_CellVolt1,,,,3.918,3.916,3.918,3.918,,,,,,,,,,,,,,,
462.5,0x102,BMS_CellVolt2,,,,,,,,3.9130000000000003,3.934,3.91,3.91,,,,,,,,,,,
462.6,0x100,BMS_PackState,31.34,-21.8,66.25,,,,,,,,,,,,,,,,,,,
462.7,0x100,BMS_PackState,31.330000000000002,-19.8,66.33,,,,,,,,,,,,,,,,,,,
462.8,0x100,BMS_PackState,31.34,-22.0,66.22,,,,,,,,,,,,,,,,,,,
462.9,0x100,BMS_PackState,31.35,-22.6,66.29,,,,,,,,,,,,,,,,,,,
463.0,0x100,BMS_PackState,31.36,-23.6,66.56,,,,,,,,,,,,,,,,,,,
463.0,0x101,BMS_CellVolt1,,,,3.9210000000000003,3.916,3.915,3.9210000000000003,,,,,,,,,,,,,,,
463.0,0x102,BMS_CellVolt2,,,,,,,,3.915,3.942,3.916,3.916,,,,,,,,,,,
463.0,0x103,BMS_Temps,,,,,,,,,,,,26.200000000000003,26.400000000000002,26.8,26.200000000000003,,,,,,,
463.0,0x104,BMS_Status,,,,,,,,,,,,,,,,0.0,0.0,0.0,0.0,0.0,1.0,0.0
463.1,0x100,BMS_PackState,31.36,-23.3,66.31,,,,,,,,,,,,,,,,,,,
463.2,0x100,BMS_PackState,31.34,-22.3,66.41,,,,,,,,,,,,,,,,,,,
463.3,0x100,BMS_PackState,31.36,-22.8,66.29,,,,,,,,,,,,,,,,,,,
463.4,0x100,BMS_PackState,31.330000000000002,-20.5,66.44,,,,,,,,,,,,,,,,,,,
463.5,0x100,BMS_PackState,31.35,-22.8,66.35,,,,,,,,,,,,,,,,,,,
463.5,0x101,BMS_CellVolt1,,,,3.9170000000000003,3.919,3.919,3.9210000000000003,,,,,,,,,,,,,,,
463.5,0x102,BMS_CellVolt2,,,,,,,,3.915,3.9370000000000003,3.914,3.911,,,,,,,,,,,
463.6,0x100,BMS_PackState,31.38,-25.700000000000003,66.46000000000001,,,,,,,,,,,,,,,,,,,
463.7,0x100,BMS_PackState,31.35,-22.6,66.35,,,,,,,,,,,,,,,,,,,
463.8,0x100,BMS_PackState,31.34,-21.700000000000003,66.33,,,,,,,,,,,,,,,,,,,
463.9,0x100,BMS_PackState,31.34,-21.900000000000002,66.37,,,,,,,,,,,,,,,,,,,
464.0,0x100,BMS_PackState,31.310000000000002,-18.7,66.38,,,,,,,,,,,,,,,,,,,
464.0,0x101,BMS_CellVolt1,,,,3.912,3.914,3.912,3.9130000000000003,,,,,,,,,,,,,,,
464.0,0x102,BMS_CellVolt2,,,,,,,,3.908,3.93,3.912,3.9090000000000003,,,,,,,,,,,
464.0,0x103,BMS_Temps,,,,,,,,,,,,26.200000000000003,26.3,26.700000000000003,26.3,,,,,,,
464.0,0x104,BMS_Status,,,,,,,,,,,,,,,,0.0,0.0,0.0,0.0,0.0,1.0,0.0
464.1,0x100,BMS_PackState,31.35,-21.900000000000002,66.41,,,,,,,,,,,,,,,,,,,
464.2,0x100,BMS_PackState,31.32,-19.700000000000003,66.32000000000001,,,,,,,,,,,,,,,,,,,
464.3,0x100,BMS_PackState,31.330000000000002,-21.0,66.3,,,,,,,,,,,,,,,,,,,
464.4,0x100,BMS_PackState,31.330000000000002,-21.1,66.25,,,,,,,,,,,,,,,,,,,
464.5,0x100,BMS_PackState,31.35,-22.3,66.33,,,,,,,,,,,,,,,,,,,
464.5,0x101,BMS_CellVolt1,,,,3.92,3.918,3.916,3.924,,,,,,,,,,,,,,,
464.5,0x102,BMS_CellVolt2,,,,,,,,3.912,3.935,3.911,3.914,,,,,,,,,,,
464.6,0x100,BMS_PackState,31.330000000000002,-21.1,66.22,,,,,,,,,,,,,,,,,,,
464.7,0x100,BMS_PackState,31.35,-22.1,66.26,,,,,,,,,,,,,,,,,,,
464.8,0x100,BMS_PackState,31.32,-20.700000000000003,66.37,,,,,,,,,,,,,,,,,,,
464.9,0x100,BMS_PackState,31.34,-21.400000000000002,66.45,,,,,,,,,,,,,,,,,,,
465.0,0x100,BMS_PackState,31.35,-22.400000000000002,66.36,,,,,,,,,,,,,,,,,,,
465.0,0x101,BMS_CellVolt1,,,,3.919,3.919,3.918,3.915,,,,,,,,,,,,,,,
465.0,0x102,BMS_CellVolt2,,,,,,,,3.915,3.9370000000000003,3.916,3.907,,,,,,,,,,,
465.0,0x103,BMS_Temps,,,,,,,,,,,,26.200000000000003,26.3,26.8,26.200000000000003,,,,,,,
465.0,0x104,BMS_Status,,,,,,,,,,,,,,,,0.0,0.0,0.0,0.0,0.0,1.0,0.0
465.1,0x100,BMS_PackState,31.32,-19.5,66.6,,,,,,,,,,,,,,,,,,,
465.2,0x100,BMS_PackState,31.32,-20.400000000000002,66.43,,,,,,,,,,,,,,,,,,,
465.3,0x100,BMS_PackState,31.34,-21.700000000000003,66.42,,,,,,,,,,,,,,,,,,,
465.4,0x100,BMS_PackState,31.330000000000002,-20.8,66.29,,,,,,,,,,,,,,,,,,,
465.5,0x100,BMS_PackState,31.330000000000002,-21.1,66.46000000000001,,,,,,,,,,,,,,,,,,,
465.5,0x101,BMS_CellVolt1,,,,3.915,3.914,3.916,3.916,,,,,,,,,,,,,,,
465.5,0x102,BMS_CellVolt2,,,,,,,,3.912,3.934,3.914,3.91,,,,,,,,,,,
465.6,0x100,BMS_PackState,31.34,-22.3,66.46000000000001,,,,,,,,,,,,,,,,,,,
465.7,0x100,BMS_PackState,31.34,-20.900000000000002,66.31,,,,,,,,,,,,,,,,,,,
465.8,0x100,BMS_PackState,31.35,-21.900000000000002,66.41,,,,,,,,,,,,,,,,,,,
465.9,0x100,BMS_PackState,31.35,-22.400000000000002,66.56,,,,,,,,,,,,,,,,,,,
466.0,0x100,BMS_PackState,31.38,-23.400000000000002,66.44,,,,,,,,,,,,,,,,,,,
466.0,0x101,BMS_CellVolt1,,,,3.923,3.9210000000000003,3.9170000000000003,3.924,,,,,,,,,,,,,,,
466.0,0x102,BMS_CellVolt2,,,,,,,,3.914,3.944,3.9170000000000003,3.9170000000000003,,,,,,,,,,,
466.0,0x103,BMS_Temps,,,,,,,,,,,,26.3,26.400000000000002,26.700000000000003,26.200000000000003,,,,,,,
466.0,0x104,BMS_Status,,,,,,,,,,,,,,,,0.0,0.0,0.0,0.0,0.0,1.0,0.0
466.1,0x100,BMS_PackState,31.35,-21.5,66.5,,,,,,,,,,,,,,,,,,,
466.2,0x100,BMS_PackState,31.330000000000002,-20.1,66.38,,,,,,,,,,,,,,,,,,,
466.3,0x100,BMS_PackState,31.35,-22.0,66.24,,,,,,,,,,,,,,,,,,,
466.4,0x100,BMS_PackState,31.29,-17.2,66.46000000000001,,,,,,,,,,,,,,,,,,,
466.5,0x100,BMS_PackState,31.32,-19.700000000000003,66.4,,,,,,,,,,,,,,,,,,,
466.5,0x101,BMS_CellVolt1,,,,3.912,3.918,3.9090000000000003,3.918,,,,,,,,,,,,,,,
466.5,0x102,BMS_CellVolt2,,,,,,,,3.91,3.931,3.91,3.91,,,,,,,,,,,
466.6,0x100,BMS_PackState,31.32,-19.0,66.44,,,,,,,,,,,,,,,,,,,
466.7,0x100,BMS_PackState,31.32,-19.8,66.42,,,,,,,,,,,,,,,,,,,
466.8,0x100,BMS_PackState,31.310000000000002,-18.2,66.34,,,,,,,,,,,,,,,,,,,
466.9,0x100,BMS_PackState,31.36,-22.200000000000003,66.43,,,,,,,,,,,,,,,,,,,
467.0,0x100,BMS_PackState,31.39,-24.8,66.36,,,,,,,,,,,,,,,,,,,
467.0,0x101,BMS_CellVolt1,,,,3.924,3.9210000000000003,3.922,3.928,,,,,,,,,,,,,,,
467.0,0x102,BMS_CellVolt2,,,,,,,,3.918,3.946,3.918,3.9170000000000003,,,,,,,,,,,
467.0,0x103,BMS_Temps,,,,,,,,,,,,26.3,26.400000000000002,26.700000000000003,26.3,,,,,,,
467.0,0x104,BMS_Status,,,,,,,,,,,,,,,,0.0,0.0,0.0,0.0,0.0,1.0,0.0
467.1,0x100,BMS_PackState,31.34,-21.700000000000003,66.32000000000001,,,,,,,,,,,,,,,,,,,
467.2,0x100,BMS_PackState,31.330000000000002,-20.200000000000003,66.5,,,,,,,,,,,,,,,,,,,
467.3,0x100,BMS_PackState,31.34,-20.8,66.34,,,,,,,,,,,,,,,,,,,
467.4,0x100,BMS_PackState,31.34,-20.6,66.41,,,,,,,,,,,,,,,,,,,
467.5,0x100,BMS_PackState,31.310000000000002,-19.0,66.34,,,,,,,,,,,,,,,,,,,
467.5,0x101,BMS_CellVolt1,,,,3.911,3.914,3.911,3.918,,,,,,,,,,,,,,,
467.5,0x102,BMS_CellVolt2,,,,,,,,3.9090000000000003,3.928,3.9130000000000003,3.911,,,,,,,,,,,
467.6,0x100,BMS_PackState,31.330000000000002,-20.400000000000002,66.58,,,,,,,,,,,,,,,,,,,
467.7,0x100,BMS_PackState,31.32,-19.8,66.48,,,,,,,,,,,,,,,,,,,
467.8,0x100,BMS_PackState,31.36,-22.400000000000002,66.34,,,,,,,,,,,,,,,,,,,
467.9,0x100,BMS_PackState,31.36,-22.6,66.44,,,,,,,,,,,,,,,,,,,
468.0,0x100,BMS_PackState,31.310000000000002,-18.6,66.44,,,,,,,,,,,,,,,,,,,
468.0,0x101,BMS_CellVolt1,,,,3.9090000000000003,3.911,3.914,3.914,,,,,,,,,,,,,,,
468.0,0x102,BMS_CellVolt2,,,,,,,,3.914,3.93,3.911,3.912,,,,,,,,,,,
468.0,0x103,BMS_Temps,,,,,,,,,,,,26.3,26.3,26.8,26.1,,,,,,,
468.0,0x104,BMS_Status,,,,,,,,,,,,,,,,0.0,0.0,0.0,0.0,0.0,1.0,0.0
468.1,0x100,BMS_PackState,31.330000000000002,-20.8,66.45,,,,,,,,,,,,,,,,,,,
468.2,0x100,BMS_PackState,31.36,-21.900000000000002,66.38,,,,,,,,,,,,,,,,,,,
468.3,0x100,BMS_PackState,31.35,-21.900000000000002,66.37,,,,,,,,,,,,,,,,,,,
468.4,0x100,BMS_PackState,31.34,-22.0,66.59,,,,,,,,,,,,,,,,,,,
468.5,0x100,BMS_PackState,31.35,-22.1,66.35,,,,,,,,,,,,,,,,,,,
468.5,0x101,BMS_CellVolt1,,,,3.9170000000000003,3.92,3.918,3.922,,,,,,,,,,,,,,,
468.5,0x102,BMS_CellVolt2,,,,,,,,3.9130000000000003,3.935,3.9170000000000003,3.9130000000000003,,,,,,,,,,,
468.6,0x100,BMS_PackState,31.37,-22.900000000000002,66.34,,,,,,,,,,,,,,,,,,,
468.7,0x100,BMS_PackState,31.37,-23.3,66.26,,,,,,,,,,,,,,,,,,,
468.8,0x100,BMS_PackState,31.34,-21.3,66.42,,,,,,,,,,,,,,,,,,,
468.9,0x100,BMS_PackState,31.34,-21.900000000000002,66.32000000000001,,,,,,,,,,,,,,,,,,,
469.0,0x100,BMS_PackState,31.330000000000002,-19.3,66.67,,,,,,,,,,,,,,,,,,,
469.0,0x101,BMS_CellVolt1,,,,3.914,3.918,3.914,3.916,,,,,,,,,,,,,,,
469.0,0x102,BMS_CellVolt2,,,,,,,,3.9090000000000003,3.931,3.911,3.912,,,,,,,,,,,
469.0,0x103,BMS_Temps,,,,,,,,,,,,26.200000000000003,26.3,26.700000000000003,26.200000000000003,,,,,,,
469.0,0x104,BMS_Status,,,,,,,,,,,,,,,,0.0,0.0,0.0,0.0,0.0,1.0,0.0
469.1,0x100,BMS_PackState,31.330000000000002,-20.6,66.32000000000001,,,,,,,,,,,,,,,,,,,
469.2,0x100,BMS_PackState,31.34,-20.6,66.38,,,,,,,,,,,,,,,,,,,
469.3,0x100,BMS_PackState,31.36,-22.1,66.67,,,,,,,,,,,,,,,,,,,
469.4,0x100,BMS_PackState,31.34,-21.200000000000003,66.57000000000001,,,,,,,,,,,,,,,,,,,
469.5,0x100,BMS_PackState,31.34,-20.5,66.28,,,,,,,,,,,,,,,,,,,
469.5,0x101,BMS_CellVolt1,,,,3.919,3.918,3.914,3.918,,,,,,,,,,,,,,,
469.5,0x102,BMS_CellVolt2,,,,,,,,3.914,3.932,3.911,3.914,,,,,,,,,,,
469.6,0x100,BMS_PackState,31.330000000000002,-19.900000000000002,66.46000000000001,,,,,,,,,,,,,,,,,,,
469.7,0x100,BMS_PackState,31.35,-21.1,66.48,,,,,,,,,,,,,,,,,,,
469.8,0x100,BMS_PackState,31.32,-19.400000000000002,66.36,,,,,,,,,,,,,,,,,,,
469.9,0x100,BMS_PackState,31.35,-21.0,66.53,,,,,,,,,,,,,,,,,,,
470.0,0x100,BMS_PackState,31.32,-19.8,66.32000000000001,,,,,,,,,,,,,,,,,,,
470.0,0x101,BMS_CellVolt1,,,,3.916,3.916,3.907,3.915,,,,,,,,,,,,,,,
470.0,0x102,BMS_CellVolt2,,,,,,,,3.912,3.9290000000000003,3.9130000000000003,3.9130000000000003,,,,,,,,,,,
470.0,0x103,BMS_Temps,,,,,,,,,,,,26.200000000000003,26.400000000000002,26.8,26.200000000000003,,,,,,,
470.0,0x104,BMS_Status,,,,,,,,,,,,,,,,0.0,0.0,0.0,0.0,0.0,1.0,0.0
470.1,0x100,BMS_PackState,31.34,-21.700000000000003,66.3,,,,,,,,,,,,,,,,,,,
470.2,0x100,BMS_PackState,31.38,-23.700000000000003,66.56,,,,,,,,,,,,,,,,,,,
470.3,0x100,BMS_PackState,31.330000000000002,-20.6,66.53,,,,,,,,,,,,,,,,,,,
470.4,0x100,BMS_PackState,31.32,-19.900000000000002,66.65,,,,,,,,,,,,,,,,,,,
470.5,0x100,BMS_PackState,31.34,-20.1,66.46000000000001,,,,,,,,,,,,,,,,,,,
470.5,0x101,BMS_CellVolt1,,,,3.915,3.918,3.916,3.9170000000000003,,,,,,,,,,,,,,,
470.5,0x102,BMS_CellVolt2,,,,,,,,3.915,3.932,3.915,3.914,,,,,,,,,,,
470.6,0x100,BMS_PackState,31.34,-20.400000000000002,66.63,,,,,,,,,,,,,,,,,,,
470.7,0x100,BMS_PackState,31.35,-21.5,66.42,,,,,,,,,,,,,,,,,,,
470.8,0x100,BMS_PackState,31.36,-22.200000000000003,66.59,,,,,,,,,,,,,,,,,,,
470.9,0x100,BMS_PackState,31.34,-20.200000000000003,66.66,,,,,,,,,,,,,,,,,,,
471.0,0x100,BMS_PackState,31.330000000000002,-20.400000000000002,66.39,,,,,,,,,,,,,,,,,,,
471.0,0x101,BMS_CellVolt1,,,,3.914,3.916,3.916,3.916,,,,,,,,,,,,,,,
471.0,0x102,BMS_CellVolt2,,,,,,,,3.911,3.932,3.914,3.911,,,,,,,,,,,
471.0,0x103,BMS_Temps,,,,,,,,,,,,26.200000000000003,26.400000000000002,26.8,26.200000000000003,,,,,,,
471.0,0x104,BMS_Status,,,,,,,,,,,,,,,,0.0,0.0,0.0,0.0,0.0,1.0,0.0
471.1,0x100,BMS_PackState,31.34,-21.8,66.3,,,,,,,,,,,,,,,,,,,
471.2,0x100,BMS_PackState,31.32,-19.3,66.5,,,,,,,,,,,,,,,,,,,
471.3,0x100,BMS_PackState,31.36,-22.3,66.5,,,,,,,,,,,,,,,,,,,
471.4,0x100,BMS_PackState,31.35,-21.900000000000002,66.47,,,,,,,,,,,,,,,,,,,
471.5,0x100,BMS_PackState,31.3,-18.5,66.58,,,,,,,,,,,,,,,,,,,
471.5,0x101,BMS_CellVolt1,,,,3.916,3.9130000000000003,3.9130000000000003,3.916,,,,,,,,,,,,,,,
471.5,0x102,BMS_CellVolt2,,,,,,,,3.903,3.928,3.91,3.9050000000000002,,,,,,,,,,,
471.6,0x100,BMS_PackState,31.330000000000002,-19.700000000000003,66.37,,,,,,,,,,,,,,,,,,,
471.7,0x100,BMS_PackState,31.35,-21.5,66.48,,,,,,,,,,,,,,,,,,,
471.8,0x100,BMS_PackState,31.34,-20.6,66.41,,,,,,,,,,,,,,,,,,,
471.9,0x100,BMS_PackState,31.34,-20.8,66.65,,,,,,,,,,,,,,,,,,,
472.0,0x100,BMS_PackState,31.400000000000002,-25.1,66.57000000000001,,,,,,,,,,,,,,,,,,,
472.0,0x101,BMS_CellVolt1,,,,3.922,3.924,3.922,3.9250000000000003,,,,,,,,,,,,,,,
472.0,0x102,BMS_CellVolt2,,,,,,,,3.922,3.9450000000000003,3.9170000000000003,3.92,,,,,,,,,,,
472.0,0x103,BMS_Temps,,,,,,,,,,,,26.3,26.3,26.900000000000002,26.200000000000003,,,,,,,
472.0,0x104,BMS_Status,,,,,,,,,,,,,,,,0.0,0.0,0.0,0.0,0.0,1.0,0.0
472.1,0x100,BMS_PackState,31.36,-22.400000000000002,66.42,,,,,,,,,,,,,,,,,,,
472.2,0x100,BMS_PackState,31.35,-21.1,66.5,,,,,,,,,,,,,,,,,,,
472.3,0x100,BMS_PackState,31.36,-21.5,66.48,,,,,,,,,,,,,,,,,,,
472.4,0x100,BMS_PackState,31.34,-20.6,66.37,,,,,,,,,,,,,,,,,,,
472.5,0x100,BMS_PackState,31.330000000000002,-19.3,66.66,,,,,,,,,,,,,,,,,,,
472.5,0x101,BMS_CellVolt1,,,,3.914,3.914,3.915,3.9170000000000003,,,,,,,,,,,,,,,
472.5,0x102,BMS_CellVolt2,,,,,,,,3.91,3.93,3.911,3.915,,,,,,,,,,,
472.6,0x100,BMS_PackState,31.34,-21.5,66.46000000000001,,,,,,,,,,,,,,,,,,,
472.7,0x100,BMS_PackState,31.36,-22.6,66.81,,,,,,,,,,,,,,,,,,,
472.8,0x100,BMS_PackState,31.34,-20.5,66.51,,,,,,,,,,,,,,,,,,,
472.9,0x100,BMS_PackState,31.34,-21.5,66.63,,,,,,,,,,,,,,,,,,,
473.0,0x100,BMS_PackState,31.35,-21.200000000000003,66.51,,,,,,,,,,,,,,,,,,,
473.0,0x101,BMS_CellVolt1,,,,3.919,3.918,3.9170000000000003,3.92,,,,,,,,,,,,,,,
473.0,0x102,BMS_CellVolt2,,,,,,,,3.9090000000000003,3.935,3.915,3.9130000000000003,,,,,,,,,,,
473.0,0x103,BMS_Temps,,,,,,,,,,,,26.3,26.200000000000003,26.700000000000003,26.200000000000003,,,,,,,
473.0,0x104,BMS_Status,,,,,,,,,,,,,,,,0.0,0.0,0.0,0.0,0.0,1.0,0.0
473.1,0x100,BMS_PackState,31.35,-21.400000000000002,66.54,,,,,,,,,,,,,,,,,,,
473.2,0x100,BMS_PackState,31.3,-17.6,66.47,,,,,,,,,,,,,,,,,,,
473.3,0x100,BMS_PackState,31.39,-24.400000000000002,66.33,,,,,,,,,,,,,,,,,,,
473.4,0x100,BMS_PackState,31.34,-21.6,66.68,,,,,,,,,,,,,,,,,,,
473.5,0x100,BMS_PackState,31.34,-21.0,66.45,,,,,,,,,,,,,,,,,,,
473.5,0x101,BMS_CellVolt1,,,,3.9170000000000003,3.92,3.9170000000000003,3.919,,,,,,,,,,,,,,,
473.5,0x102,BMS_CellVolt2,,,,,,,,3.9130000000000003,3.932,3.916,3.911,,,,,,,,,,,
473.6,0x100,BMS_PackState,31.37,-22.200000000000003,66.66,,,,,,,,,,,,,,,,,,,
473.7,0x100,BMS_PackState,31.330000000000002,-19.700000000000003,66.73,,,,,,,,,,,,,,,,,,,
473.8,0x100,BMS_PackState,31.330000000000002,-19.8,66.45,,,,,,,,,,,,,,,,,,,
473.9,0x100,BMS_PackState,31.34,-21.1,66.43,,,,,,,,,,,,,,,,,,,
474.0,0x100,BMS_PackState,31.35,-21.400000000000002,66.46000000000001,,,,,,,,,,,,,,,,,,,
474.0,0x101,BMS_CellVolt1,,,,3.919,3.92,3.916,3.922,,,,,,,,,,,,,,,
474.0,0x102,BMS_CellVolt2,,,,,,,,3.914,3.9370000000000003,3.9130000000000003,3.915,,,,,,,,,,,
474.0,0x103,BMS_Temps,,,,,,,,,,,,26.200000000000003,26.3,26.8,26.200000000000003,,,,,,,
474.0,0x104,BMS_Status,,,,,,,,,,,,,,,,0.0,0.0,0.0,0.0,0.0,1.0,0.0
474.1,0x100,BMS_PackState,31.35,-21.200000000000003,66.33,,,,,,,,,,,,,,,,,,,
474.2,0x100,BMS_PackState,31.35,-21.200000000000003,66.56,,,,,,,,,,,,,,,,,,,
474.3,0x100,BMS_PackState,31.35,-21.1,66.65,,,,,,,,,,,,,,,,,,,
474.4,0x100,BMS_PackState,31.34,-21.3,66.43,,,,,,,,,,,,,,,,,,,
474.5,0x100,BMS_PackState,31.34,-20.6,66.57000000000001,,,,,,,,,,,,,,,,,,,
474.5,0x101,BMS_CellVolt1,,,,3.9170000000000003,3.9170000000000003,3.916,3.9170000000000003,,,,,,,,,,,,,,,
474.5,0x102,BMS_CellVolt2,,,,,,,,3.911,3.9370000000000003,3.9130000000000003,3.914,,,,,,,,,,,
474.6,0x100,BMS_PackState,31.330000000000002,-19.900000000000002,66.51,,,,,,,,,,,,,,,,,,,
474.7,0x100,BMS_PackState,31.35,-22.8,66.51,,,,,,,,,,,,,,,,,,,
474.8,0x100,BMS_PackState,31.36,-22.6,66.53,,,,,,,,,,,,,,,,,,,
474.9,0x100,BMS_PackState,31.38,-23.6,66.57000000000001,,,,,,,,,,,,,,,,,,,
475.0,0x100,BMS_PackState,31.330000000000002,-19.700000000000003,66.47,,,,,,,,,,,,,,,,,,,
475.0,0x101,BMS_CellVolt1,,,,3.914,3.914,3.9130000000000003,3.9170000000000003,,,,,,,,,,,,,,,
475.0,0x102,BMS_CellVolt2,,,,,,,,3.912,3.934,3.914,3.912,,,,,,,,,,,
475.0,0x103,BMS_Temps,,,,,,,,,,,,26.200000000000003,26.400000000000002,26.8,26.200000000000003,,,,,,,
475.0,0x104,BMS_Status,,,,,,,,,,,,,,,,0.0,0.0,0.0,0.0,0.0,1.0,0.0
475.1,0x100,BMS_PackState,31.34,-20.6,66.54,,,,,,,,,,,,,,,,,,,
475.2,0x100,BMS_PackState,31.330000000000002,-20.200000000000003,66.48,,,,,,,,,,,,,,,,,,,
475.3,0x100,BMS_PackState,31.38,-23.1,66.55,,,,,,,,,,,,,,,,,,,
475.4,0x100,BMS_PackState,31.310000000000002,-18.3,66.45,,,,,,,,,,,,,,,,,,,
475.5,0x100,BMS_PackState,31.36,-21.900000000000002,66.63,,,,,,,,,,,,,,,,,,,
475.5,0x101,BMS_CellVolt1,,,,3.9170000000000003,3.9170000000000003,3.9170000000000003,3.9210000000000003,,,,,,,,,,,,,,,
475.5,0x102,BMS_CellVolt2,,,,,,,,3.916,3.938,3.92,3.9130000000000003,,,,,,,,,,,
475.6,0x100,BMS_PackState,31.35,-20.700000000000003,66.51,,,,,,,,,,,,,,,,,,,
475.7,0x100,BMS_PackState,31.330000000000002,-19.700000000000003,66.42,,,,,,,,,,,,,,,,,,,
475.8,0x100,BMS_PackState,31.37,-22.5,66.52,,,,,,,,,,,,,,,,,,,
475.9,0x100,BMS_PackState,31.36,-21.8,66.54,,,,,,,,,,,,,,,,,,,
476.0,0x100,BMS_PackState,31.35,-20.700000000000003,66.5,,,,,,,,,,,,,,,,,,,
476.0,0x101,BMS_CellVolt1,,,,3.916,3.918,3.9170000000000003,3.919,,,,,,,,,,,,,,,
476.0,0x102,BMS_CellVolt2,,,,,,,,3.915,3.934,3.914,3.916,,,,,,,,,,,
476.0,0x103,BMS_Temps,,,,,,,,,,,,26.200000000000003,26.400000000000002,26.700000000000003,26.3,,,,,,,
476.0,0x104,BMS_Status,,,,,,,,,,,,,,,,0.0,0.0,0.0,0.0,0.0,1.0,0.0
476.1,0x100,BMS_PackState,31.29,-16.7,66.39,,,,,,,,,,,,,,,,,,,
476.2,0x100,BMS_PackState,31.35,-20.5,66.54,,,,,,,,,,,,,,,,,,,
476.3,0x100,BMS_PackState,31.310000000000002,-18.6,66.57000000000001,,,,,,,,,,,,,,,,,,,
476.4,0x100,BMS_PackState,31.32,-19.200000000000003,66.6,,,,,,,,,,,,,,,,,,,
476.5,0x100,BMS_PackState,31.34,-20.400000000000002,66.66,,,,,,,,,,,,,,,,,,,
476.5,0x101,BMS_CellVolt1,,,,3.9170000000000003,3.92,3.914,3.918,,,,,,,,,,,,,,,
476.5,0x102,BMS_CellVolt2,,,,,,,,3.911,3.936,3.9130000000000003,3.911,,,,,,,,,,,
476.6,0x100,BMS_PackState,31.37,-22.5,66.61,,,,,,,,,,,,,,,,,,,
476.7,0x100,BMS_PackState,31.330000000000002,-19.400000000000002,66.59,,,,,,,,,,,,,,,,,,,
476.8,0x100,BMS_PackState,31.38,-23.200000000000003,66.62,,,,,,,,,,,,,,,,,,,
476.9,0x100,BMS_PackState,31.310000000000002,-18.6,66.5,,,,,,,,,,,,,,,,,,,
477.0,0x100,BMS_PackState,31.34,-20.700000000000003,66.66,,,,,,,,,,,,,,,,,,,
477.0,0x101,BMS_CellVolt1,,,,3.92,3.918,3.915,3.9170000000000003,,,,,,,,,,,,,,,
477.0,0x102,BMS_CellVolt2,,,,,,,,3.9090000000000003,3.931,3.916,3.915,,,,,,,,,,,
477.0,0x103,BMS_Temps,,,,,,,,,,,,26.3,26.3,26.6,26.3,,,,,,,
477.0,0x104,BMS_Status,,,,,,,,,,,,,,,,0.0,0.0,0.0,0.0,0.0,1.0,0.0
477.1,0x100,BMS_PackState,31.400000000000002,-25.0,66.56,,,,,,,,,,,,,,,,,,,
477.2,0x100,BMS_PackState,31.35,-21.5,66.55,,,,,,,,,,,,,,,,,,,
477.3,0x100,BMS_PackState,31.34,-20.0,66.44,,,,,,,,,,,,,,,,,,,
477.4,0x100,BMS_PackState,31.36,-21.400000000000002,66.61,,,,,,,,,,,,,,,,,,,
477.5,0x100,BMS_PackState,31.330000000000002,-19.900000000000002,66.6,,,,,,,,,,,,,,,,,,,
477.5,0x101,BMS_CellVolt1,,,,3.916,3.915,3.915,3.9170000000000003,,,,,,,,,,,,,,,
477.5,0x102,BMS_CellVolt2,,,,,,,,3.9130000000000003,3.932,3.912,3.9090000000000003,,,,,,,,,,,
477.6,0x100,BMS_PackState,31.36,-22.3,66.65,,,,,,,,,,,,,,,,,,,
477.7,0x100,BMS_PackState,31.38,-23.0,66.43,,,,,,,,,,,,,,,,,,,
477.8,0x100,BMS_PackState,31.34,-21.1,66.65,,,,,,,,,,,,,,,,,,,
477.9,0x100,BMS_PackState,31.35,-21.0,66.56,,,,,,,,,,,,,,,,,,,
478.0,0x100,BMS_PackState,31.36,-21.5,66.49,,,,,,,,,,,,,,,,,,,
478.0,0x101,BMS_CellVolt1,,,,3.918,3.92,3.918,3.922,,,,,,,,,,,,,,,
478.0,0x102,BMS_CellVolt2,,,,,,,,3.918,3.936,3.915,3.914,,,,,,,,,,,
478.0,0x103,BMS_Temps,,,,,,,,,,,,26.200000000000003,26.400000000000002,26.8,26.3,,,,,,,
478.0,0x104,BMS_Status,,,,,,,,,,,,,,,,0.0,0.0,0.0,0.0,0.0,1.0,0.0
478.1,0x100,BMS_PackState,31.32,-19.200000000000003,66.53,,,,,,,,,,,,,,,,,,,
478.2,0x100,BMS_PackState,31.36,-22.3,66.5,,,,,,,,,,,,,,,,,,,
478.3,0x100,BMS_PackState,31.34,-20.5,66.61,,,,,,,,,,,,,,,,,,,
478.4,0x100,BMS_PackState,31.35,-20.900000000000002,66.54,,,,,,,,,,,,,,,,,,,
478.5,0x100,BMS_PackState,31.38,-23.3,66.58,,,,,,,,,,,,,,,,,,,
478.5,0x101,BMS_CellVolt1,,,,3.923,3.9210000000000003,3.92,3.926,,,,,,,,,,,,,,,
478.5,0x102,BMS_CellVolt2,,,,,,,,3.915,3.94,3.914,3.9170000000000003,,,,,,,,,,,
478.6,0x100,BMS_PackState,31.36,-23.0,66.54,,,,,,,,,,,,,,,,,,,
478.7,0x100,BMS_PackState,31.36,-21.0,66.57000000000001,,,,,,,,,,,,,,,,,,,
478.8,0x100,BMS_PackState,31.310000000000002,-18.0,66.47,,,,,,,,,,,,,,,,,,,
478.9,0x100,BMS_PackState,31.34,-20.1,66.39,,,,,,,,,,,,,,,,,,,
479.0,0x100,BMS_PackState,31.39,-23.6,66.86,,,,,,,,,,,,,,,,,,,
479.0,0x101,BMS_CellVolt1,,,,3.923,3.924,3.9210000000000003,3.926,,,,,,,,,,,,,,,
479.0,0x102,BMS_CellVolt2,,,,,,,,3.915,3.943,3.919,3.9170000000000003,,,,,,,,,,,
479.0,0x103,BMS_Temps,,,,,,,,,,,,26.200000000000003,26.3,26.700000000000003,26.200000000000003,,,,,,,
479.0,0x104,BMS_Status,,,,,,,,,,,,,,,,0.0,0.0,0.0,0.0,0.0,1.0,0.0
479.1,0x100,BMS_PackState,31.41,-25.700000000000003,66.6,,,,,,,,,,,,,,,,,,,
479.2,0x100,BMS_PackState,31.34,-19.900000000000002,66.89,,,,,,,,,,,,,,,,,,,
479.3,0x100,BMS_PackState,31.35,-21.1,66.59,,,,,,,,,,,,,,,,,,,
479.4,0x100,BMS_PackState,31.330000000000002,-19.3,66.59,,,,,,,,,,,,,,,,,,,
479.5,0x100,BMS_PackState,31.37,-22.3,66.57000000000001,,,,,,,,,,,,,,,,,,,
479.5,0x101,BMS_CellVolt1,,,,3.9170000000000003,3.919,3.919,3.922,,,,,,,,,,,,,,,
479.5,0x102,BMS_CellVolt2,,,,,,,,3.918,3.94,3.914,3.923,,,,,,,,,,,
479.6,0x100,BMS_PackState,31.330000000000002,-20.5,66.66,,,,,,,,,,,,,,,,,,,
479.7,0x100,BMS_PackState,31.330000000000002,-19.700000000000003,66.61,,,,,,,,,,,,,,,,,,,
479.8,0x100,BMS_PackState,31.37,-21.700000000000003,66.47,,,,,,,,,,,,,,,,,,,
479.9,0x100,BMS_PackState,31.37,-21.6,66.5,,,,,,,,,,,,,,,,,,,
480.0,0x100,BMS_PackState,31.36,-21.0,66.48,,,,,,,,,,,,,,,,,,,
480.0,0x101,BMS_CellVolt1,,,,3.9210000000000003,3.918,3.919,3.919,,,,,,,,,,,,,,,
480.0,0x102,BMS_CellVolt2,,,,,,,,3.9130000000000003,3.935,3.915,3.9170000000000003,,,,,,,,,,,
480.0,0x103,BMS_Temps,,,,,,,,,,,,26.200000000000003,26.3,26.8,26.200000000000003,,,,,,,
480.0,0x104,BMS_Status,,,,,,,,,,,,,,,,0.0,0.0,0.0,0.0,0.0,1.0,0.0
480.1,0x100,BMS_PackState,31.330000000000002,-20.200000000000003,66.62,,,,,,,,,,,,,,,,,,,
480.2,0x100,BMS_PackState,31.35,-21.0,66.62,,,,,,,,,,,,,,,,,,,
480.3,0x100,BMS_PackState,31.330000000000002,-19.5,66.62,,,,,,,,,,,,,,,,,,,
480.4,0x100,BMS_PackState,31.37,-21.700000000000003,66.54,,,,,,,,,,,,,,,,,,,
480.5,0x100,BMS_PackState,31.37,-23.0,66.49,,,,,,,,,,,,,,,,,,,
480.5,0x101,BMS_CellVolt1,,,,3.919,3.92,3.92,3.922,,,,,,,,,,,,,,,
480.5,0x102,BMS_CellVolt2,,,,,,,,3.916,3.9410000000000003,3.916,3.919,,,,,,,,,,,
480.6,0x100,BMS_PackState,31.32,-18.0,66.73,,,,,,,,,,,,,,,,,,,
480.7,0x100,BMS_PackState,31.37,-21.900000000000002,66.63,,,,,,,,,,,,,,,,,,,
480.8,0x100,BMS_PackState,31.37,-21.900000000000002,66.67,,,,,,,,,,,,,,,,,,,
480.9,0x100,BMS_PackState,31.36,-21.1,66.71000000000001,,,,,,,,,,,,,,,,,,,
481.0,0x100,BMS_PackState,31.35,-20.900000000000002,66.41,,,,,,,,,,,,,,,,,,,
481.0,0x101,BMS_CellVolt1,,,,3.916,3.9170000000000003,3.9170000000000003,3.922,,,,,,,,,,,,,,,
481.0,0x102,BMS_CellVolt2,,,,,,,,3.9130000000000003,3.936,3.9130000000000003,3.9170000000000003,,,,,,,,,,,
481.0,0x103,BMS_Temps,,,,,,,,,,,,26.200000000000003,26.3,26.700000000000003,26.3,,,,,,,
481.0,0x104,BMS_Status,,,,,,,,,,,,,,,,0.0,0.0,0.0,0.0,0.0,1.0,0.0
481.1,0x100,BMS_PackState,31.36,-21.6,66.62,,,,,,,,,,,,,,,,,,,
481.2,0x100,BMS_PackState,31.35,-21.0,66.73,,,,,,,,,,,,,,,,,,,
481.3,0x100,BMS_PackState,31.36,-21.1,66.5,,,,,,,,,,,,,,,,,,,
481.4,0x100,BMS_PackState,31.36,-20.700000000000003,66.51,,,,,,,,,,,,,,,,,,,
481.5,0x100,BMS_PackState,31.400000000000002,-24.5,66.51,,,,,,,,,,,,,,,,,,,
481.5,0x101,BMS_CellVolt1,,,,3.923,3.924,3.922,3.924,,,,,,,,,,,,,,,
481.5,0x102,BMS_CellVolt2,,,,,,,,3.9170000000000003,3.948,3.919,3.9210000000000003,,,,,,,,,,,
481.6,0x100,BMS_PackState,31.310000000000002,-18.2,66.47,,,,,,,,,,,,,,,,,,,
481.7,0x100,BMS_PackState,31.36,-21.200000000000003,66.68,,,,,,,,,,,,,,,,,,,
481.8,0x100,BMS_PackState,31.34,-20.1,66.65,,,,,,,,,,,,,,,,,,,
481.9,0x100,BMS_PackState,31.38,-23.1,66.5,,,,,,,,,,,,,,,,,,,
482.0,0x100,BMS_PackState,31.36,-21.700000000000003,66.45,,,,,,,,,,,,,,,,,,,
482.0,0x101,BMS_CellVolt1,,,,3.919,3.919,3.922,3.922,,,,,,,,,,,,,,,
482.0,0x102,BMS_CellVolt2,,,,,,,,3.911,3.939,3.915,3.9170000000000003,,,,,,,,,,,
482.0,0x103,BMS_Temps,,,,,,,,,,,,26.3,26.400000000000002,26.8,26.1,,,,,,,
482.0,0x104,BMS_Status,,,,,,,,,,,,,,,,0.0,0.0,0.0,0.0,0.0,1.0,0.0
482.1,0x100,BMS_PackState,31.37,-22.0,66.55,,,,,,,,,,,,,,,,,,,
482.2,0x100,BMS_PackState,31.32,-18.8,66.74,,,,,,,,,,,,,,,,,,,
482.3,0x100,BMS_PackState,31.37,-21.900000000000002,66.52,,,,,,,,,,,,,,,,,,,
482.4,0x100,BMS_PackState,31.330000000000002,-19.900000000000002,66.46000000000001,,,,,,,,,,,,,,,,,,,
482.5,0x100,BMS_PackState,31.37,-22.0,66.62,,,,,,,,,,,,,,,,,,,
482.5,0x101,BMS_CellVolt1,,,,3.9170000000000003,3.9210000000000003,3.918,3.923,,,,,,,,,,,,,,,
482.5,0x102,BMS_CellVolt2,,,,,,,,3.916,3.938,3.918,3.919,,,,,,,,,,,
482.6,0x100,BMS_PackState,31.36,-21.700000000000003,66.51,,,,,,,,,,,,,,,,,,,
482.7,0x100,BMS_PackState,31.35,-21.400000000000002,66.8,,,,,,,,,,,,,,,,,,,
482.8,0x100,BMS_PackState,31.32,-19.1,66.65,,,,,,,,,,,,,,,,,,,
482.9,0x100,BMS_PackState,31.38,-23.8,66.6,,,,,,,,,,,,,,,,,,,
483.0,0x100,BMS_PackState,31.38,-23.0,66.6,,,,,,,,,,,,,,,,,,,
483.0,0x101,BMS_CellVolt1,,,,3.922,3.922,3.924,3.9250000000000003,,,,,,,,,,,,,,,
483.0,0x102,BMS_CellVolt2,,,,,,,,3.9170000000000003,3.94,3.916,3.916,,,,,,,,,,,
483.0,0x103,BMS_Temps,,,,,,,,,,,,26.200000000000003,26.3,26.700000000000003,26.3,,,,,,,
483.0,0x104,BMS_Status,,,,,,,,,,,,,,,,0.0,0.0,0.0,0.0,0.0,1.0,0.0
483.1,0x100,BMS_PackState,31.400000000000002,-23.900000000000002,66.58,,,,,,,,,,,,,,,,,,,
483.2,0x100,BMS_PackState,31.38,-22.6,66.59,,,,,,,,,,,,,,,,,,,
483.3,0x100,BMS_PackState,31.37,-22.200000000000003,66.88,,,,,,,,,,,,,,,,,,,
483.4,0x100,BMS_PackState,31.38,-23.400000000000002,66.74,,,,,,,,,,,,,,,,,,,
483.5,0x100,BMS_PackState,31.36,-22.1,66.62,,,,,,,,,,,,,,,,,,,
483.5,0x101,BMS_CellVolt1,,,,3.919,3.919,3.918,3.922,,,,,,,,,,,,,,,
483.5,0x102,BMS_CellVolt2,,,,,,,,3.9170000000000003,3.939,3.915,3.915,,,,,,,,,,,
483.6,0x100,BMS_PackState,31.39,-24.0,66.67,,,,,,,,,,,,,,,,,,,
483.7,0x100,BMS_PackState,31.37,-22.5,66.57000000000001,,,,,,,,,,,,,,,,,,,
483.8,0x100,BMS_PackState,31.32,-19.200000000000003,66.75,,,,,,,,,,,,,,,,,,,
483.9,0x100,BMS_PackState,31.35,-20.400000000000002,66.31,,,,,,,,,,,,,,,,,,,
484.0,0x100,BMS_PackState,31.36,-20.700000000000003,66.59,,,,,,,,,,,,,,,,,,,
484.0,0x101,BMS_CellVolt1,,,,3.9170000000000003,3.919,3.92,3.922,,,,,,,,,,,,,,,
484.0,0x102,BMS_CellVolt2,,,,,,,,3.914,3.935,3.916,3.915,,,,,,,,,,,
484.0,0x103,BMS_Temps,,,,,,,,,,,,26.200000000000003,26.400000000000002,26.8,26.200000000000003,,,,,,,
484.0,0x104,BMS_Status,,,,,,,,,,,,,,,,0.0,0.0,0.0,0.0,0.0,1.0,0.0
484.1,0x100,BMS_PackState,31.38,-22.5,66.54,,,,,,,,,,,,,,,,,,,
484.2,0x100,BMS_PackState,31.39,-23.3,66.74,,,,,,,,,,,,,,,,,,,
484.3,0x100,BMS_PackState,31.38,-22.700000000000003,66.65,,,,,,,,,,,,,,,,,,,
484.4,0x100,BMS_PackState,31.36,-21.1,66.47,,,,,,,,,,,,,,,,,,,
484.5,0x100,BMS_PackState,31.34,-19.700000000000003,66.64,,,,,,,,,,,,,,,,,,,
484.5,0x101,BMS_CellVolt1,,,,3.9130000000000003,3.92,3.915,3.922,,,,,,,,,,,,,,,
484.5,0x102,BMS_CellVolt2,,,,,,,,3.911,3.9330000000000003,3.914,3.911,,,,,,,,,,,
484.6,0x100,BMS_PackState,31.32,-19.6,66.65,,,,,,,,,,,,,,,,,,,
484.7,0x100,BMS_PackState,31.34,-20.1,66.8,,,,,,,,,,,,,,,,,,,
484.8,0x100,BMS_PackState,31.36,-22.1,66.68,,,,,,,,,,,,,,,,,,,
484.9,0x100,BMS_PackState,31.36,-21.0,66.65,,,,,,,,,,,,,,,,,,,
485.0,0x100,BMS_PackState,31.36,-21.5,66.66,,,,,,,,,,,,,,,,,,,
485.0,0x101,BMS_CellVolt1,,,,3.918,3.9170000000000003,3.916,3.923,,,,,,,,,,,,,,,
485.0,0x102,BMS_CellVolt2,,,,,,,,3.92,3.936,3.9170000000000003,3.916,,,,,,,,,,,
485.0,0x103,BMS_Temps,,,,,,,,,,,,26.200000000000003,26.3,26.700000000000003,26.3,,,,,,,
485.0,0x104,BMS_Status,,,,,,,,,,,,,,,,0.0,0.0,0.0,0.0,0.0,1.0,0.0
485.1,0x100,BMS_PackState,31.36,-21.3,66.42,,,,,,,,,,,,,,,,,,,
485.2,0x100,BMS_PackState,31.330000000000002,-17.900000000000002,66.57000000000001,,,,,,,,,,,,,,,,,,,
485.3,0x100,BMS_PackState,31.39,-23.6,66.46000000000001,,,,,,,,,,,,,,,,,,,
485.4,0x100,BMS_PackState,31.36,-21.400000000000002,66.86,,,,,,,,,,,,,,,,,,,
485.5,0x100,BMS_PackState,31.330000000000002,-19.200000000000003,66.61,,,,,,,,,,,,,,,,,,,
485.5,0x101,BMS_CellVolt1,,,,3.919,3.914,3.9130000000000003,3.915,,,,,,,,,,,,,,,
485.5,0x102,BMS_CellVolt2,,,,,,,,3.9130000000000003,3.93,3.914,3.912,,,,,,,,,,,
485.6,0x100,BMS_PackState,31.39,-23.200000000000003,66.73,,,,,,,,,,,,,,,,,,,
485.7,0x100,BMS_PackState,31.38,-22.0,66.56,,,,,,,,,,,,,,,,,,,
485.8,0x100,BMS_PackState,31.37,-21.8,66.62,,,,,,,,,,,,,,,,,,,
485.9,0x100,BMS_PackState,31.37,-21.3,66.63,,,,,,,,,,,,,,,,,,,
486.0,0x100,BMS_PackState,31.38,-23.400000000000002,66.72,,,,,,,,,,,,,,,,,,,
486.0,0x101,BMS_CellVolt1,,,,3.922,3.919,3.923,3.926,,,,,,,,,,,,,,,
486.0,0x102,BMS_CellVolt2,,,,,,,,3.916,3.942,3.915,3.918,,,,,,,,,,,
486.0,0x103,BMS_Temps,,,,,,,,,,,,26.3,26.3,26.8,26.3,,,,,,,
486.0,0x104,BMS_Status,,,,,,,,,,,,,,,,0.0,0.0,0.0,0.0,0.0,1.0,0.0
486.1,0x100,BMS_PackState,31.35,-20.1,66.65,,,,,,,,,,,,,,,,,,,
486.2,0x100,BMS_PackState,31.34,-20.0,66.6,,,,,,,,,,,,,,,,,,,
486.3,0x100,BMS_PackState,31.34,-20.200000000000003,66.46000000000001,,,,,,,,,,,,,,,,,,,
486.4,0x100,BMS_PackState,31.37,-22.3,66.89,,,,,,,,,,,,,,,,,,,
486.5,0x100,BMS_PackState,31.35,-20.900000000000002,66.62,,,,,,,,,,,,,,,,,,,
486.5,0x101,BMS_CellVolt1,,,,3.918,3.92,3.918,3.92,,,,,,,,,,,,,,,
486.5,0x102,BMS_CellVolt2,,,,,,,,3.911,3.934,3.916,3.914,,,,,,,,,,,
486.6,0x100,BMS_PackState,31.38,-22.3,66.63,,,,,,,,,,,,,,,,,,,
486.7,0x100,BMS_PackState,31.37,-21.5,66.62,,,,,,,,,,,,,,,,,,,
486.8,0x100,BMS_PackState,31.32,-17.8,66.82000000000001,,,,,,,,,,,,,,,,,,,
486.9,0x100,BMS_PackState,31.35,-20.900000000000002,66.61,,,,,,,,,,,,,,,,,,,
487.0,0x100,BMS_PackState,31.39,-22.8,66.63,,,,,,,,,,,,,,,,,,,
487.0,0x101,BMS_CellVolt1,,,,3.922,3.923,3.924,3.9250000000000003,,,,,,,,,,,,,,,
487.0,0x102,BMS_CellVolt2,,,,,,,,3.912,3.9410000000000003,3.9210000000000003,3.918,,,,,,,,,,,
487.0,0x103,BMS_Temps,,,,,,,,,,,,26.3,26.3,26.8,26.3,,,,,,,
487.0,0x104,BMS_Status,,,,,,,,,,,,,,,,0.0,0.0,0.0,0.0,0.0,1.0,0.0
487.1,0x100,BMS_PackState,31.36,-20.700000000000003,66.7,,,,,,,,,,,,,,,,,,,
487.2,0x100,BMS_PackState,31.39,-23.0,66.8,,,,,,,,,,,,,,,,,,,
487.3,0x100,BMS_PackState,31.38,-22.8,66.68,,,,,,,,,,,,,,,,,,,
487.4,0x100,BMS_PackState,31.38,-22.6,66.69,,,,,,,,,,,,,,,,,,,
487.5,0x100,BMS_PackState,31.37,-21.700000000000003,66.67,,,,,,,,,,,,,,,,,,,
487.5,0x101,BMS_CellVolt1,,,,3.92,3.92,3.92,3.924,,,,,,,,,,,,,,,
487.5,0x102,BMS_CellVolt2,,,,,,,,3.915,3.935,3.918,3.9170000000000003,,,,,,,,,,,
487.6,0x100,BMS_PackState,31.34,-19.6,66.64,,,,,,,,,,,,,,,,,,,
487.7,0x100,BMS_PackState,31.36,-20.1,66.87,,,,,,,,,,,,,,,,,,,
487.8,0x100,BMS_PackState,31.35,-20.200000000000003,66.61,,,,,,,,,,,,,,,,,,,
487.9,0x100,BMS_PackState,31.38,-22.6,66.73,,,,,,,,,,,,,,,,,,,
488.0,0x100,BMS_PackState,31.38,-21.8,66.64,,,,,,,,,,,,,,,,,,,
488.0,0x101,BMS_CellVolt1,,,,3.9210000000000003,3.922,3.919,3.926,,,,,,,,,,,,,,,
488.0,0x102,BMS_CellVolt2,,,,,,,,3.919,3.9410000000000003,3.919,3.9130000000000003,,,,,,,,,,,
488.0,0x103,BMS_Temps,,,,,,,,,,,,26.200000000000003,26.400000000000002,26.8,26.200000000000003,,,,,,,
488.0,0x104,BMS_Status,,,,,,,,,,,,,,,,0.0,0.0,0.0,0.0,0.0,1.0,0.0
488.1,0x100,BMS_PackState,31.35,-20.6,66.75,,,,,,,,,,,,,,,,,,,
488.2,0x100,BMS_PackState,31.38,-21.900000000000002,66.69,,,,,,,,,,,,,,,,,,,
488.3,0x100,BMS_PackState,31.37,-21.400000000000002,66.72,,,,,,,,,,,,,,,,,,,
488.4,0x100,BMS_PackState,31.34,-20.3,66.71000000000001,,,,,,,,,,,,,,,,,,,
488.5,0x100,BMS_PackState,31.37,-21.5,66.59,,,,,,,,,,,,,,,,,,,
488.5,0x101,BMS_CellVolt1,,,,3.919,3.9210000000000003,3.92,3.92,,,,,,,,,,,,,,,
488.5,0x102,BMS_CellVolt2,,,,,,,,3.9170000000000003,3.9410000000000003,3.918,3.911,,,,,,,,,,,
488.6,0x100,BMS_PackState,31.35,-20.700000000000003,66.69,,,,,,,,,,,,,,,,,,,
488.7,0x100,BMS_PackState,31.32,-18.6,66.52,,,,,,,,,,,,,,,,,,,
488.8,0x100,BMS_PackState,31.36,-21.3,66.73,,,,,,,,,,,,,,,,,,,
488.9,0x100,BMS_PackState,31.34,-19.200000000000003,66.65,,,,,,,,,,,,,,,,,,,
489.0,0x100,BMS_PackState,31.34,-20.200000000000003,66.68,,,,,,,,,,,,,,,,,,,
489.0,0x101,BMS_CellVolt1,,,,3.919,3.918,3.915,3.9170000000000003,,,,,,,,,,,,,,,
489.0,0x102,BMS_CellVolt2,,,,,,,,3.914,3.932,3.914,3.914,,,,,,,,,,,
489.0,0x103,BMS_Temps,,,,,,,,,,,,26.200000000000003,26.3,26.8,26.200000000000003,,,,,,,
489.0,0x104,BMS_Status,,,,,,,,,,,,,,,,0.0,0.0,0.0,0.0,0.0,1.0,0.0
489.1,0x100,BMS_PackState,31.37,-23.200000000000003,66.71000000000001,,,,,,,,,,,,,,,,,,,
489.2,0x100,BMS_PackState,31.38,-22.700000000000003,66.72,,,,,,,,,,,,,,,,,,,
489.3,0x100,BMS_PackState,31.38,-22.3,66.48,,,,,,,,,,,,,,,,,,,
489.4,0x100,BMS_PackState,31.36,-22.3,66.67,,,,,,,,,,,,,,,,,,,
489.5,0x100,BMS_PackState,31.37,-21.1,66.74,,,,,,,,,,,,,,,,,,,
489.5,0x101,BMS_CellVolt1,,,,3.9210000000000003,3.92,3.919,3.919,,,,,,,,,,,,,,,
489.5,0x102,BMS_CellVolt2,,,,,,,,3.915,3.938,3.9210000000000003,3.915,,,,,,,,,,,
489.6,0x100,BMS_PackState,31.35,-20.1,66.87,,,,,,,,,,,,,,,,,,,
489.7,0x100,BMS_PackState,31.35,-19.1,66.97,,,,,,,,,,,,,,,,,,,
489.8,0x100,BMS_PackState,31.36,-20.5,66.92,,,,,,,,,,,,,,,,,,,
489.9,0x100,BMS_PackState,31.37,-21.700000000000003,66.65,,,,,,,,,,,,,,,,,,,
490.0,0x100,BMS_PackState,31.400000000000002,-24.1,66.78,,,,,,,,,,,,,,,,,,,
490.0,0x101,BMS_CellVolt1,,,,3.923,3.9250000000000003,3.926,3.926,,,,,,,,,,,,,,,
490.0,0x102,BMS_CellVolt2,,,,,,,,3.9170000000000003,3.944,3.922,3.92,,,,,,,,,,,
490.0,0x103,BMS_Temps,,,,,,,,,,,,26.3,26.400000000000002,26.700000000000003,26.200000000000003,,,,,,,
490.0,0x104,BMS_Status,,,,,,,,,,,,,,,,0.0,0.0,0.0,0.0,0.0,1.0,0.0
490.1,0x100,BMS_PackState,31.38,-20.900000000000002,66.84,,,,,,,,,,,,,,,,,,,
490.2,0x100,BMS_PackState,31.36,-21.0,66.79,,,,,,,,,,,,,,,,,,,
490.3,0x100,BMS_PackState,31.35,-20.700000000000003,66.72,,,,,,,,,,,,,,,,,,,
490.4,0x100,BMS_PackState,31.32,-17.8,66.76,,,,,,,,,,,,,,,,,,,
490.5,0x100,BMS_PackState,31.330000000000002,-19.1,66.77,,,,,,,,,,,,,,,,,,,
490.5,0x101,BMS_CellVolt1,,,,3.916,3.915,3.915,3.918,,,,,,,,,,,,,,,
490.5,0x102,BMS_CellVolt2,,,,,,,,3.9090000000000003,3.93,3.916,3.9130000000000003,,,,,,,,,,,
490.6,0x100,BMS_PackState,31.36,-19.8,66.67,,,,,,,,,,,,,,,,,,,
490.7,0x100,BMS_PackState,31.38,-22.400000000000002,66.76,,,,,,,,,,,,,,,,,,,
490.8,0x100,BMS_PackState,31.36,-21.8,66.62,,,,,,,,,,,,,,,,,,,
490.9,0x100,BMS_PackState,31.36,-21.1,66.98,,,,,,,,,,,,,,,,,,,
491.0,0x100,BMS_PackState,31.38,-22.200000000000003,66.71000000000001,,,,,,,,,,,,,,,,,,,
491.0,0x101,BMS_CellVolt1,,,,3.922,3.919,3.92,3.922,,,,,,,,,,,,,,,
491.0,0x102,BMS_CellVolt2,,,,,,,,3.916,3.9410000000000003,3.918,3.918,,,,,,,,,,,
491.0,0x103,BMS_Temps,,,,,,,,,,,,26.3,26.3,26.8,26.3,,,,,,,
491.0,0x104,BMS_Status,,,,,,,,,,,,,,,,0.0,0.0,0.0,0.0,0.0,1.0,0.0
491.1,0x100,BMS_PackState,31.36,-20.200000000000003,66.8,,,,,,,,,,,,,,,,,,,
491.2,0x100,BMS_PackState,31.36,-20.5,66.77,,,,,,,,,,,,,,,,,,,
491.3,0x100,BMS_PackState,31.39,-22.6,66.76,,,,,,,,,,,,,,,,,,,
491.4,0x100,BMS_PackState,31.35,-19.200000000000003,66.81,,,,,,,,,,,,,,,,,,,
491.5,0x100,BMS_PackState,31.35,-20.8,66.87,,,,,,,,,,,,,,,,,,,
491.5,0x101,BMS_CellVolt1,,,,3.916,3.9170000000000003,3.9210000000000003,3.922,,,,,,,,,,,,,,,
491.5,0x102,BMS_CellVolt2,,,,,,,,3.9130000000000003,3.9370000000000003,3.918,3.911,,,,,,,,,,,
491.6,0x100,BMS_PackState,31.400000000000002,-23.6,66.77,,,,,,,,,,,,,,,,,,,
491.7,0x100,BMS_PackState,31.37,-21.1,66.84,,,,,,,,,,,,,,,,,,,
491.8,0x100,BMS_PackState,31.37,-20.6,66.81,,,,,,,,,,,,,,,,,,,
491.9,0x100,BMS_PackState,31.34,-19.5,66.63,,,,,,,,,,,,,,,,,,,
492.0,0x100,BMS_PackState,31.37,-21.5,66.77,,,,,,,,,,,,,,,,,,,
492.0,0x101,BMS_CellVolt1,,,,3.918,3.922,3.923,3.926,,,,,,,,,,,,,,,
492.0,0x102,BMS_CellVolt2,,,,,,,,3.9130000000000003,3.9370000000000003,3.9170000000000003,3.918,,,,,,,,,,,
492.0,0x103,BMS_Temps,,,,,,,,,,,,26.200000000000003,26.3,26.700000000000003,26.3,,,,,,,
492.0,0x104,BMS_Status,,,,,,,,,,,,,,,,0.0,0.0,0.0,0.0,0.0,1.0,0.0
492.1,0x100,BMS_PackState,31.34,-19.8,66.74,,,,,,,,,,,,,,,,,,,
492.2,0x100,BMS_PackState,31.37,-20.700000000000003,66.83,,,,,,,,,,,,,,,,,,,
492.3,0x100,BMS_PackState,31.39,-23.0,66.84,,,,,,,,,,,,,,,,,,,
492.4,0x100,BMS_PackState,31.39,-23.1,66.78,,,,,,,,,,,,,,,,,,,
492.5,0x100,BMS_PackState,31.34,-19.3,66.81,,,,,,,,,,,,,,,,,,,
492.5,0x101,BMS_CellVolt1,,,,3.915,3.9170000000000003,3.919,3.92,,,,,,,,,,,,,,,
492.5,0x102,BMS_CellVolt2,,,,,,,,3.915,3.93,3.915,3.908,,,,,,,,,,,
492.6,0x100,BMS_PackState,31.35,-19.200000000000003,66.79,,,,,,,,,,,,,,,,,,,
492.7,0x100,BMS_PackState,31.36,-20.5,66.72,,,,,,,,,,,,,,,,,,,
492.8,0x100,BMS_PackState,31.34,-18.8,66.9,,,,,,,,,,,,,,,,,,,
492.9,0x100,BMS_PackState,31.35,-19.400000000000002,66.84,,,,,,,,,,,,,,,,,,,
493.0,0x100,BMS_PackState,31.34,-20.0,66.97,,,,,,,,,,,,,,,,,,,
493.0,0x101,BMS_CellVolt1,,,,3.918,3.92,3.9170000000000003,3.919,,,,,,,,,,,,,,,
493.0,0x102,BMS_CellVolt2,,,,,,,,3.911,3.931,3.915,3.914,,,,,,,,,,,
493.0,0x103,BMS_Temps,,,,,,,,,,,,26.3,26.400000000000002,26.8,26.200000000000003,,,,,,,
493.0,0x104,BMS_Status,,,,,,,,,,,,,,,,0.0,0.0,0.0,0.0,0.0,1.0,0.0
493.1,0x100,BMS_PackState,31.39,-22.400000000000002,66.76,,,,,,,,,,,,,,,,,,,
493.2,0x100,BMS_PackState,31.330000000000002,-18.400000000000002,66.73,,,,,,,,,,,,,,,,,,,
493.3,0x100,BMS_PackState,31.36,-20.200000000000003,66.58,,,,,,,,,,,,,,,,,,,
493.4,0x100,BMS_PackState,31.36,-21.6,67.02,,,,,,,,,,,,,,,,,,,
493.5,0x100,BMS_PackState,31.38,-22.0,66.84,,,,,,,,,,,,,,,,,,,
493.5,0x101,BMS_CellVolt1,,,,3.9210000000000003,3.9210000000000003,3.922,3.923,,,,,,,,,,,,,,,
493.5,0x102,BMS_CellVolt2,,,,,,,,3.9170000000000003,3.94,3.918,3.918,,,,,,,,,,,
493.6,0x100,BMS_PackState,31.35,-20.6,66.87,,,,,,,,,,,,,,,,,,,
493.7,0x100,BMS_PackState,31.39,-23.5,66.97,,,,,,,,,,,,,,,,,,,
493.8,0x100,BMS_PackState,31.35,-20.0,66.81,,,,,,,,,,,,,,,,,,,
493.9,0x100,BMS_PackState,31.38,-22.400000000000002,66.73,,,,,,,,,,,,,,,,,,,
494.0,0x100,BMS_PackState,31.35,-20.400000000000002,66.89,,,,,,,,,,,,,,,,,,,
494.0,0x101,BMS_CellVolt1,,,,3.916,3.919,3.916,3.918,,,,,,,,,,,,,,,
494.0,0x102,BMS_CellVolt2,,,,,,,,3.911,3.935,3.9170000000000003,3.915,,,,,,,,,,,
494.0,0x103,BMS_Temps,,,,,,,,,,,,26.200000000000003,26.400000000000002,26.8,26.3,,,,,,,
494.0,0x104,BMS_Status,,,,,,,,,,,,,,,,0.0,0.0,0.0,0.0,0.0,1.0,0.0
494.1,0x100,BMS_PackState,31.37,-21.8,66.78,,,,,,,,,,,,,,,,,,,
494.2,0x100,BMS_PackState,31.38,-21.400000000000002,66.62,,,,,,,,,,,,,,,,,,,
494.3,0x100,BMS_PackState,31.38,-22.1,66.95,,,,,,,,,,,,,,,,,,,
494.4,0x100,BMS_PackState,31.37,-21.200000000000003,66.69,,,,,,,,,,,,,,,,,,,
494.5,0x100,BMS_PackState,31.330000000000002,-18.2,66.73,,,,,,,,,,,,,,,,,,,
494.5,0x101,BMS_CellVolt1,,,,3.918,3.914,3.912,3.915,,,,,,,,,,,,,,,
494.5,0x102,BMS_CellVolt2,,,,,,,,3.912,3.928,3.915,3.911,,,,,,,,,,,
494.6,0x100,BMS_PackState,31.330000000000002,-18.900000000000002,66.89,,,,,,,,,,,,,,,,,,,
494.7,0x100,BMS_PackState,31.36,-20.5,66.61,,,,,,,,,,,,,,,,,,,
494.8,0x100,BMS_PackState,31.37,-21.0,66.82000000000001,,,,,,,,,,,,,,,,,,,
494.9,0x100,BMS_PackState,31.34,-19.700000000000003,66.84,,,,,,,,,,,,,,,,,,,
495.0,0x100,BMS_PackState,31.34,-19.3,66.92,,,,,,,,,,,,,,,,,,,
495.0,0x101,BMS_CellVolt1,,,,3.916,3.918,3.9170000000000003,3.9170000000000003,,,,,,,,,,,,,,,
495.0,0x102,BMS_CellVolt2,,,,,,,,3.912,3.934,3.915,3.914,,,,,,,,,,,
495.0,0x103,BMS_Temps,,,,,,,,,,,,26.3,26.3,26.8,26.200000000000003,,,,,,,
495.0,0x104,BMS_Status,,,,,,,,,,,,,,,,0.0,0.0,0.0,0.0,0.0,1.0,0.0
495.1,0x100,BMS_PackState,31.39,-22.200000000000003,66.87,,,,,,,,,,,,,,,,,,,
495.2,0x100,BMS_PackState,31.36,-21.1,66.89,,,,,,,,,,,,,,,,,,,
495.3,0x100,BMS_PackState,31.41,-23.700000000000003,66.91,,,,,,,,,,,,,,,,,,,
495.4,0x100,BMS_PackState,31.35,-19.3,66.96000000000001,,,,,,,,,,,,,,,,,,,
495.5,0x100,BMS_PackState,31.330000000000002,-17.900000000000002,66.77,,,,,,,,,,,,,,,,,,,
495.5,0x101,BMS_CellVolt1,,,,3.916,3.914,3.918,3.916,,,,,,,,,,,,,,,
495.5,0x102,BMS_CellVolt2,,,,,,,,3.911,3.926,3.9170000000000003,3.91,,,,,,,,,,,
495.6,0x100,BMS_PackState,31.36,-20.900000000000002,66.72,,,,,,,,,,,,,,,,,,,
495.7,0x100,BMS_PackState,31.400000000000002,-24.200000000000003,66.73,,,,,,,,,,,,,,,,,,,
495.8,0x100,BMS_PackState,31.35,-20.1,66.89,,,,,,,,,,,,,,,,,,,
495.9,0x100,BMS_PackState,31.38,-22.400000000000002,66.8,,,,,,,,,,,,,,,,,,,
496.0,0x100,BMS_PackState,31.38,-22.0,66.77,,,,,,,,,,,,,,,,,,,
496.0,0x101,BMS_CellVolt1,,,,3.923,3.919,3.9210000000000003,3.9210000000000003,,,,,,,,,,,,,,,
496.0,0x102,BMS_CellVolt2,,,,,,,,3.916,3.942,3.919,3.919,,,,,,,,,,,
496.0,0x103,BMS_Temps,,,,,,,,,,,,26.3,26.400000000000002,26.8,26.3,,,,,,,
496.0,0x104,BMS_Status,,,,,,,,,,,,,,,,0.0,0.0,0.0,0.0,0.0,1.0,0.0
496.1,0x100,BMS_PackState,31.36,-20.1,66.93,,,,,,,,,,,,,,,,,,,
496.2,0x100,BMS_PackState,31.36,-20.6,66.89,,,,,,,,,,,,,,,,,,,
496.3,0x100,BMS_PackState,31.37,-21.700000000000003,66.99,,,,,,,,,,,,,,,,,,,
496.4,0x100,BMS_PackState,31.38,-22.0,66.86,,,,,,,,,,,,,,,,,,,
496.5,0x100,BMS_PackState,31.35,-20.8,66.89,,,,,,,,,,,,,,,,,,,
496.5,0x101,BMS_CellVolt1,,,,3.915,3.92,3.92,3.919,,,,,,,,,,,,,,,
496.5,0x102,BMS_CellVolt2,,,,,,,,3.911,3.936,3.915,3.918,,,,,,,,,,,
496.6,0x100,BMS_PackState,31.38,-21.6,66.79,,,,,,,,,,,,,,,,,,,
496.7,0x100,BMS_PackState,31.39,-22.700000000000003,66.62,,,,,,,,,,,,,,,,,,,
496.8,0x100,BMS_PackState,31.38,-21.5,66.78,,,,,,,,,,,,,,,,,,,
496.9,0x100,BMS_PackState,31.35,-20.5,66.77,,,,,,,,,,,,,,,,,,,
497.0,0x100,BMS_PackState,31.37,-21.3,66.71000000000001,,,,,,,,,,,,,,,,,,,
497.0,0x101,BMS_CellVolt1,,,,3.919,3.924,3.9210000000000003,3.924,,,,,,,,,,,,,,,
497.0,0x102,BMS_CellVolt2,,,,,,,,3.915,3.938,3.9170000000000003,3.9170000000000003,,,,,,,,,,,
497.0,0x103,BMS_Temps,,,,,,,,,,,,26.200000000000003,26.400000000000002,26.8,26.3,,,,,,,
497.0,0x104,BMS_Status,,,,,,,,,,,,,,,,0.0,0.0,0.0,0.0,0.0,1.0,0.0
497.1,0x100,BMS_PackState,31.400000000000002,-23.1,66.86,,,,,,,,,,,,,,,,,,,
497.2,0x100,BMS_PackState,31.36,-19.5,66.94,,,,,,,,,,,,,,,,,,,
497.3,0x100,BMS_PackState,31.43,-25.1,66.8,,,,,,,,,,,,,,,,,,,
497.4,0x100,BMS_PackState,31.36,-21.700000000000003,66.89,,,,,,,,,,,,,,,,,,,
497.5,0x100,BMS_PackState,31.38,-21.900000000000002,66.79,,,,,,,,,,,,,,,,,,,
497.5,0x101,BMS_CellVolt1,,,,3.924,3.915,3.922,3.926,,,,,,,,,,,,,,,
497.5,0x102,BMS_CellVolt2,,,,,,,,3.916,3.943,3.918,3.916,,,,,,,,,,,
497.6,0x100,BMS_PackState,31.36,-20.8,66.83,,,,,,,,,,,,,,,,,,,
497.7,0x100,BMS_PackState,31.36,-20.200000000000003,66.79,,,,,,,,,,,,,,,,,,,
497.8,0x100,BMS_PackState,31.35,-19.3,66.88,,,,,,,,,,,,,,,,,,,
497.9,0x100,BMS_PackState,31.38,-22.1,66.91,,,,,,,,,,,,,,,,,,,
498.0,0x100,BMS_PackState,31.35,-20.1,67.03,,,,,,,,,,,,,,,,,,,
498.0,0x101,BMS_CellVolt1,,,,3.92,3.9170000000000003,3.915,3.923,,,,,,,,,,,,,,,
498.0,0x102,BMS_CellVolt2,,,,,,,,3.91,3.935,3.914,3.9130000000000003,,,,,,,,,,,
498.0,0x103,BMS_Temps,,,,,,,,,,,,26.400000000000002,26.3,26.8,26.200000000000003,,,,,,,
498.0,0x104,BMS_Status,,,,,,,,,,,,,,,,0.0,0.0,0.0,0.0,0.0,1.0,0.0
498.1,0x100,BMS_PackState,31.36,-20.700000000000003,66.8,,,,,,,,,,,,,,,,,,,
498.2,0x100,BMS_PackState,31.400000000000002,-23.6,66.84,,,,,,,,,,,,,,,,,,,
498.3,0x100,BMS_PackState,31.330000000000002,-18.1,66.97,,,,,,,,,,,,,,,,,,,
498.4,0x100,BMS_PackState,31.39,-23.200000000000003,66.83,,,,,,,,,,,,,,,,,,,
498.5,0x100,BMS_PackState,31.36,-20.400000000000002,66.91,,,,,,,,,,,,,,,,,,,
498.5,0x101,BMS_CellVolt1,,,,3.918,3.919,3.92,3.9210000000000003,,,,,,,,,,,,,,,
498.5,0x102,BMS_CellVolt2,,,,,,,,3.918,3.935,3.916,3.916,,,,,,,,,,,
498.6,0x100,BMS_PackState,31.37,-20.400000000000002,66.81,,,,,,,,,,,,,,,,,,,
498.7,0x100,BMS_PackState,31.37,-20.6,66.91,,,,,,,,,,,,,,,,,,,
498.8,0x100,BMS_PackState,31.38,-21.700000000000003,66.93,,,,,,,,,,,,,,,,,,,
498.9,0x100,BMS_PackState,31.36,-19.8,67.0,,,,,,,,,,,,,,,,,,,
499.0,0x100,BMS_PackState,31.400000000000002,-23.3,66.79,,,,,,,,,,,,,,,,,,,
499.0,0x101,BMS_CellVolt1,,,,3.927,3.919,3.923,3.928,,,,,,,,,,,,,,,
499.0,0x102,BMS_CellVolt2,,,,,,,,3.919,3.943,3.9210000000000003,3.922,,,,,,,,,,,
499.0,0x103,BMS_Temps,,,,,,,,,,,,26.200000000000003,26.3,26.8,26.200000000000003,,,,,,,
499.0,0x104,BMS_Status,,,,,,,,,,,,,,,,0.0,0.0,0.0,0.0,0.0,1.0,0.0
499.1,0x100,BMS_PackState,31.37,-21.1,66.92,,,,,,,,,,,,,,,,,,,
499.2,0x100,BMS_PackState,31.38,-21.8,66.86,,,,,,,,,,,,,,,,,,,
499.3,0x100,BMS_PackState,31.38,-22.0,66.71000000000001,,,,,,,,,,,,,,,,,,,
499.4,0x100,BMS_PackState,31.35,-20.400000000000002,66.81,,,,,,,,,,,,,,,,,,,
499.5,0x100,BMS_PackState,31.35,-19.400000000000002,66.8,,,,,,,,,,,,,,,,,,,
499.5,0x101,BMS_CellVolt1,,,,3.92,3.914,3.92,3.919,,,,,,,,,,,,,,,
499.5,0x102,BMS_CellVolt2,,,,,,,,3.912,3.935,3.9130000000000003,3.915,,,,,,,,,,,
499.6,0x100,BMS_PackState,31.37,-21.5,66.92,,,,,,,,,,,,,,,,,,,
499.7,0x100,BMS_PackState,31.36,-19.8,66.79,,,,,,,,,,,,,,,,,,,
499.8,0x100,BMS_PackState,31.38,-20.900000000000002,66.89,,,,,,,,,,,,,,,,,,,
499.9,0x100,BMS_PackState,31.38,-22.3,66.88,,,,,,,,,,,,,,,,,,,
500.0,0x100,BMS_PackState,31.37,-21.400000000000002,66.95,,,,,,,,,,,,,,,,,,,
500.0,0x101,BMS_CellVolt1,,,,3.919,3.919,3.919,3.923,,,,,,,,,,,,,,,
500.0,0x102,BMS_CellVolt2,,,,,,,,3.915,3.938,3.9170000000000003,3.9170000000000003,,,,,,,,,,,
500.0,0x103,BMS_Temps,,,,,,,,,,,,26.3,26.3,26.8,26.3,,,,,,,
500.0,0x104,BMS_Status,,,,,,,,,,,,,,,,0.0,0.0,0.0,0.0,0.0,1.0,0.0
500.1,0x100,BMS_PackState,31.37,-21.400000000000002,66.84,,,,,,,,,,,,,,,,,,,
500.2,0x100,BMS_PackState,31.39,-22.0,66.74,,,,,,,,,,,,,,,,,,,
500.3,0x100,BMS_PackState,31.36,-20.400000000000002,66.98,,,,,,,,,,,,,,,,,,,
500.4,0x100,BMS_PackState,31.37,-20.6,66.83,,,,,,,,,,,,,,,,,,,
500.5,0x100,BMS_PackState,31.400000000000002,-23.400000000000002,67.0,,,,,,,,,,,,,,,,,,,
500.5,0x101,BMS_CellVolt1,,,,3.924,3.924,3.924,3.928,,,,,,,,,,,,,,,
500.5,0x102,BMS_CellVolt2,,,,,,,,3.918,3.942,3.922,3.922,,,,,,,,,,,
500.6,0x100,BMS_PackState,31.400000000000002,-23.5,66.89,,,,,,,,,,,,,,,,,,,
500.7,0x100,BMS_PackState,31.36,-20.400000000000002,66.9,,,,,,,,,,,,,,,,,,,
500.8,0x100,BMS_PackState,31.39,-22.200000000000003,66.96000000000001,,,,,,,,,,,,,,,,,,,
500.9,0x100,BMS_PackState,31.37,-20.5,66.96000000000001,,,,,,,,,,,,,,,,,,,
501.0,0x100,BMS_PackState,31.37,-19.8,66.89,,,,,,,,,,,,,,,,,,,
501.0,0x101,BMS_CellVolt1,,,,3.918,3.92,3.923,3.923,,,,,,,,,,,,,,,
501.0,0x102,BMS_CellVolt2,,,,,,,,3.916,3.936,3.916,3.915,,,,,,,,,,,
501.0,0x103,BMS_Temps,,,,,,,,,,,,26.200000000000003,26.400000000000002,26.8,26.3,,,,,,,
501.0,0x104,BMS_Status,,,,,,,,,,,,,,,,0.0,0.0,0.0,0.0,0.0,1.0,0.0
501.1,0x100,BMS_PackState,31.39,-22.900000000000002,66.86,,,,,,,,,,,,,,,,,,,
501.2,0x100,BMS_PackState,31.400000000000002,-23.1,66.9,,,,,,,,,,,,,,,,,,,
501.3,0x100,BMS_PackState,31.35,-18.5,66.72,,,,,,,,,,,,,,,,,,,
501.4,0x100,BMS_PackState,31.37,-20.5,67.0,,,,,,,,,,,,,,,,,,,
501.5,0x100,BMS_PackState,31.39,-21.6,66.82000000000001,,,,,,,,,,,,,,,,,,,
501.5,0x101,BMS_CellVolt1,,,,3.924,3.922,3.923,3.926,,,,,,,,,,,,,,,
501.5,0x102,BMS_CellVolt2,,,,,,,,3.919,3.9410000000000003,3.9170000000000003,3.919,,,,,,,,,,,
501.6,0x100,BMS_PackState,31.38,-22.400000000000002,66.86,,,,,,,,,,,,,,,,,,,
501.7,0x100,BMS_PackState,31.38,-21.8,66.87,,,,,,,,,,,,,,,,,,,
501.8,0x100,BMS_PackState,31.400000000000002,-22.8,66.95,,,,,,,,,,,,,,,,,,,
501.9,0x100,BMS_PackState,31.36,-19.700000000000003,66.9,,,,,,,,,,,,,,,,,,,
502.0,0x100,BMS_PackState,31.38,-22.200000000000003,66.98,,,,,,,,,,,,,,,,,,,
502.0,0x101,BMS_CellVolt1,,,,3.919,3.922,3.919,3.927,,,,,,,,,,,,,,,
502.0,0x102,BMS_CellVolt2,,,,,,,,3.9170000000000003,3.943,3.918,3.92,,,,,,,,,,,
502.0,0x103,BMS_Temps,,,,,,,,,,,,26.200000000000003,26.3,26.700000000000003,26.3,,,,,,,
502.0,0x104,BMS_Status,,,,,,,,,,,,,,,,0.0,0.0,0.0,0.0,0.0,1.0,0.0
502.1,0x100,BMS_PackState,31.35,-19.400000000000002,66.97,,,,,,,,,,,,,,,,,,,
502.2,0x100,BMS_PackState,31.38,-21.6,66.83,,,,,,,,,,,,,,,,,,,
502.3,0x100,BMS_PackState,31.39,-22.6,66.84,,,,,,,,,,,,,,,,,,,
502.4,0x100,BMS_PackState,31.39,-21.6,66.89,,,,,,,,,,,,,,,,,,,
502.5,0x100,BMS_PackState,31.42,-24.900000000000002,66.99,,,,,,,,,,,,,,,,,,,
502.5,0x101,BMS_CellVolt1,,,,3.9290000000000003,3.9250000000000003,3.928,3.931,,,,,,,,,,,,,,,
502.5,0x102,BMS_CellVolt2,,,,,,,,3.918,3.946,3.924,3.923,,,,,,,,,,,
502.6,0x100,BMS_PackState,31.37,-21.200000000000003,66.97,,,,,,,,,,,,,,,,,,,
502.7,0x100,BMS_PackState,31.38,-21.3,66.99,,,,,,,,,,,,,,,,,,,
502.8,0x100,BMS_PackState,31.36,-19.8,66.9,,,,,,,,,,,,,,,,,,,
502.9,0x100,BMS_PackState,31.42,-23.8,67.03,,,,,,,,,,,,,,,,,,,
503.0,0x100,BMS_PackState,31.35,-19.3,66.96000000000001,,,,,,,,,,,,,,,,,,,
503.0,0x101,BMS_CellVolt1,,,,3.918,3.9170000000000003,3.9170000000000003,3.918,,,,,,,,,,,,,,,
503.0,0x102,BMS_CellVolt2,,,,,,,,3.911,3.9370000000000003,3.916,3.915,,,,,,,,,,,
503.0,0x103,BMS_Temps,,,,,,,,,,,,26.200000000000003,26.400000000000002,26.8,26.200000000000003,,,,,,,
503.0,0x104,BMS_Status,,,,,,,,,,,,,,,,0.0,0.0,0.0,0.0,0.0,1.0,0.0
503.1,0x100,BMS_PackState,31.35,-19.8,66.87,,,,,,,,,,,,,,,,,,,
503.2,0x100,BMS_PackState,31.36,-19.1,66.9,,,,,,,,,,,,,,,,,,,
503.3,0x100,BMS_PackState,31.38,-21.1,67.01,,,,,,,,,,,,,,,,,,,
503.4,0x100,BMS_PackState,31.35,-19.5,67.08,,,,,,,,,,,,,,,,,,,
503.5,0x100,BMS_PackState,31.400000000000002,-23.200000000000003,66.76,,,,,,,,,,,,,,,,,,,
503.5,0x101,BMS_CellVolt1,,,,3.923,3.924,3.923,3.926,,,,,,,,,,,,,,,
503.5,0x102,BMS_CellVolt2,,,,,,,,3.922,3.946,3.919,3.918,,,,,,,,,,,
503.6,0x100,BMS_PackState,31.36,-19.900000000000002,66.96000000000001,,,,,,,,,,,,,,,,,,,
503.7,0x100,BMS_PackState,31.39,-22.200000000000003,66.78,,,,,,,,,,,,,,,,,,,
503.8,0x100,BMS_PackState,31.41,-23.5,66.86,,,,,,,,,,,,,,,,,,,
503.9,0x100,BMS_PackState,31.39,-22.700000000000003,66.99,,,,,,,,,,,,,,,,,,,
504.0,0x100,BMS_PackState,31.38,-21.0,66.95,,,,,,,,,,,,,,,,,,,
504.0,0x101,BMS_CellVolt1,,,,3.92,3.9210000000000003,3.9250000000000003,3.924,,,,,,,,,,,,,,,
504.0,0x102,BMS_CellVolt2,,,,,,,,3.916,3.9330000000000003,3.9210000000000003,3.916,,,,,,,,,,,
504.0,0x103,BMS_Temps,,,,,,,,,,,,26.3,26.400000000000002,26.8,26.3,,,,,,,
504.0,0x104,BMS_Status,,,,,,,,,,,,,,,,0.0,0.0,0.0,0.0,0.0,1.0,0.0
504.1,0x100,BMS_PackState,31.39,-22.200000000000003,66.86,,,,,,,,,,,,,,,,,,,
504.2,0x100,BMS_PackState,31.36,-20.400000000000002,66.9,,,,,,,,,,,,,,,,,,,
504.3,0x100,BMS_PackState,31.400000000000002,-23.700000000000003,67.04,,,,,,,,,,,,,,,,,,,
504.4,0x100,BMS_PackState,31.42,-24.200000000000003,66.95,,,,,,,,,,,,,,,,,,,
504.5,0x100,BMS_PackState,31.34,-18.900000000000002,66.95,,,,,,,,,,,,,,,,,,,
504.5,0x101,BMS_CellVolt1,,,,3.9170000000000003,3.916,3.915,3.92,,,,,,,,,,,,,,,
504.5,0x102,BMS_CellVolt2,,,,,,,,3.911,3.934,3.914,3.9130000000000003,,,,,,,,,,,
504.6,0x100,BMS_PackState,31.36,-19.6,67.05,,,,,,,,,,,,,,,,,,,
504.7,0x100,BMS_PackState,31.39,-22.6,67.03,,,,,,,,,,,,,,,,,,,
504.8,0x100,BMS_PackState,31.38,-21.0,66.91,,,,,,,,,,,,,,,,,,,
504.9,0x100,BMS_PackState,31.36,-19.5,67.01,,,,,,,,,,,,,,,,,,,
505.0,0x100,BMS_PackState,31.37,-20.400000000000002,66.93,,,,,,,,,,,,,,,,,,,
505.0,0x101,BMS_CellVolt1,,,,3.916,3.924,3.9210000000000003,3.923,,,,,,,,,,,,,,,
505.0,0x102,BMS_CellVolt2,,,,,,,,3.9130000000000003,3.9370000000000003,3.918,3.9130000000000003,,,,,,,,,,,
505.0,0x103,BMS_Temps,,,,,,,,,,,,26.3,26.400000000000002,26.700000000000003,26.200000000000003,,,,,,,
505.0,0x104,BMS_Status,,,,,,,,,,,,,,,,0.0,0.0,0.0,0.0,0.0,1.0,0.0
505.1,0x100,BMS_PackState,31.38,-20.8,66.97,,,,,,,,,,,,,,,,,,,
505.2,0x100,BMS_PackState,31.36,-19.400000000000002,66.79,,,,,,,,,,,,,,,,,,,
505.3,0x100,BMS_PackState,31.39,-22.1,66.9,,,,,,,,,,,,,,,,,,,
505.4,0x100,BMS_PackState,31.38,-21.0,66.98,,,,,,,,,,,,,,,,,,,
505.5,0x100,BMS_PackState,31.38,-21.0,66.85,,,,,,,,,,,,,,,,,,,
505.5,0x101,BMS_CellVolt1,,,,3.9210000000000003,3.924,3.918,3.924,,,,,,,,,,,,,,,
505.5,0x102,BMS_CellVolt2,,,,,,,,3.914,3.943,3.918,3.915,,,,,,,,,,,
505.6,0x100,BMS_PackState,31.38,-21.400000000000002,66.93,,,,,,,,,,,,,,,,,,,
505.7,0x100,BMS_PackState,31.39,-21.6,66.8,,,,,,,,,,,,,,,,,,,
505.8,0x100,BMS_PackState,31.37,-20.900000000000002,67.04,,,,,,,,,,,,,,,,,,,
505.9,0x100,BMS_PackState,31.38,-20.900000000000002,67.11,,,,,,,,,,,,,,,,,,,
506.0,0x100,BMS_PackState,31.39,-22.6,66.87,,,,,,,,,,,,,,,,,,,
506.0,0x101,BMS_CellVolt1,,,,3.9210000000000003,3.923,3.9210000000000003,3.9210000000000003,,,,,,,,,,,,,,,
506.0,0x102,BMS_CellVolt2,,,,,,,,3.918,3.947,3.919,3.9210000000000003,,,,,,,,,,,
506.0,0x103,BMS_Temps,,,,,,,,,,,,26.3,26.400000000000002,26.700000000000003,26.200000000000003,,,,,,,
506.0,0x104,BMS_Status,,,,,,,,,,,,,,,,0.0,0.0,0.0,0.0,0.0,1.0,0.0
506.1,0x100,BMS_PackState,31.38,-19.8,66.81,,,,,,,,,,,,,,,,,,,
506.2,0x100,BMS_PackState,31.38,-22.5,67.03,,,,,,,,,,,,,,,,,,,
506.3,0x100,BMS_PackState,31.38,-21.3,67.0,,,,,,,,,,,,,,,,,,,
506.4,0x100,BMS_PackState,31.39,-21.400000000000002,67.02,,,,,,,,,,,,,,,,,,,
506.5,0x100,BMS_PackState,31.37,-20.5,67.05,,,,,,,,,,,,,,,,,,,
506.5,0x101,BMS_CellVolt1,,,,3.919,3.923,3.919,3.9210000000000003,,,,,,,,,,,,,,,
506.5,0x102,BMS_CellVolt2,,,,,,,,3.915,3.9330000000000003,3.92,3.9170000000000003,,,,,,,,,,,
506.6,0x100,BMS_PackState,31.42,-24.200000000000003,66.99,,,,,,,,,,,,,,,,,,,
506.7,0x100,BMS_PackState,31.36,-19.700000000000003,67.12,,,,,,,,,,,,,,,,,,,
506.8,0x100,BMS_PackState,31.39,-22.0,67.13,,,,,,,,,,,,,,,,,,,
506.9,0x100,BMS_PackState,31.35,-19.200000000000003,67.17,,,,,,,,,,,,,,,,,,,
507.0,0x100,BMS_PackState,31.39,-21.700000000000003,67.19,,,,,,,,,,,,,,,,,,,
507.0,0x101,BMS_CellVolt1,,,,3.922,3.9210000000000003,3.9210000000000003,3.9250000000000003,,,,,,,,,,,,,,,
507.0,0x102,BMS_CellVolt2,,,,,,,,3.9170000000000003,3.942,3.92,3.919,,,,,,,,,,,
507.0,0x103,BMS_Temps,,,,,,,,,,,,26.3,26.400000000000002,26.8,26.3,,,,,,,
507.0,0x104,BMS_Status,,,,,,,,,,,,,,,,0.0,0.0,0.0,0.0,0.0,1.0,0.0
507.1,0x100,BMS_PackState,31.38,-21.1,66.91,,,,,,,,,,,,,,,,,,,
507.2,0x100,BMS_PackState,31.34,-18.1,67.09,,,,,,,,,,,,,,,,,,,
507.3,0x100,BMS_PackState,31.38,-21.400000000000002,67.01,,,,,,,,,,,,,,,,,,,
507.4,0x100,BMS_PackState,31.36,-19.1,66.8,,,,,,,,,,,,,,,,,,,
507.5,0x100,BMS_PackState,31.38,-20.900000000000002,67.04,,,,,,,,,,,,,,,,,,,
507.5,0x101,BMS_CellVolt1,,,,3.924,3.922,3.92,3.924,,,,,,,,,,,,,,,
507.5,0x102,BMS_CellVolt2,,,,,,,,3.916,3.944,3.914,3.9170000000000003,,,,,,,,,,,
507.6,0x100,BMS_PackState,31.37,-20.400000000000002,66.92,,,,,,,,,,,,,,,,,,,
507.7,0x100,BMS_PackState,31.38,-20.900000000000002,66.99,,,,,,,,,,,,,,,,,,,
507.8,0x100,BMS_PackState,31.36,-19.700000000000003,66.88,,,,,,,,,,,,,,,,,,,
507.9,0x100,BMS_PackState,31.39,-22.0,67.13,,,,,,,,,,,,,,,,,,,
508.0,0x100,BMS_PackState,31.400000000000002,-22.5,66.91,,,,,,,,,,,,,,,,,,,
508.0,0x101,BMS_CellVolt1,,,,3.923,3.923,3.9250000000000003,3.927,,,,,,,,,,,,,,,
508.0,0x102,BMS_CellVolt2,,,,,,,,3.92,3.943,3.918,3.918,,,,,,,,,,,
508.0,0x103,BMS_Temps,,,,,,,,,,,,26.3,26.3,26.700000000000003,26.3,,,,,,,
508.0,0x104,BMS_Status,,,,,,,,,,,,,,,,0.0,0.0,0.0,0.0,0.0,1.0,0.0
508.1,0x100,BMS_PackState,31.38,-22.0,66.92,,,,,,,,,,,,,,,,,,,
508.2,0x100,BMS_PackState,31.38,-20.900000000000002,67.11,,,,,,,,,,,,,,,,,,,
508.3,0x100,BMS_PackState,31.38,-21.3,67.03,,,,,,,,,,,,,,,,,,,
508.4,0x100,BMS_PackState,31.37,-19.900000000000002,67.18,,,,,,,,,,,,,,,,,,,
508.5,0x100,BMS_PackState,31.35,-19.0,67.09,,,,,,,,,,,,,,,,,,,
508.5,0x101,BMS_CellVolt1,,,,3.92,3.918,3.92,3.9170000000000003,,,,,,,,,,,,,,,
508.5,0x102,BMS_CellVolt2,,,,,,,,3.9130000000000003,3.935,3.914,3.914,,,,,,,,,,,
508.6,0x100,BMS_PackState,31.400000000000002,-22.5,67.11,,,,,,,,,,,,,,,,,,,
508.7,0x100,BMS_PackState,31.400000000000002,-22.1,66.9,,,,,,,,,,,,,,,,,,,
508.8,0x100,BMS_PackState,31.41,-23.200000000000003,67.04,,,,,,,,,,,,,,,,,,,
508.9,0x100,BMS_PackState,31.34,-18.0,67.19,,,,,,,,,,,,,,,,,,,
509.0,0x100,BMS_PackState,31.38,-20.5,66.9,,,,,,,,,,,,,,,,,,,
509.0,0x101,BMS_CellVolt1,,,,3.92,3.922,3.923,3.922,,,,,,,,,,,,,,,
509.0,0x102,BMS_CellVolt2,,,,,,,,3.919,3.939,3.922,3.915,,,,,,,,,,,
509.0,0x103,BMS_Temps,,,,,,,,,,,,26.3,26.400000000000002,26.8,26.200000000000003,,,,,,,
509.0,0x104,BMS_Status,,,,,,,,,,,,,,,,0.0,0.0,0.0,0.0,0.0,1.0,0.0
509.1,0x100,BMS_PackState,31.36,-20.3,67.01,,,,,,,,,,,,,,,,,,,
509.2,0x100,BMS_PackState,31.41,-23.0,67.0,,,,,,,,,,,,,,,,,,,
509.3,0x100,BMS_PackState,31.38,-21.0,67.04,,,,,,,,,,,,,,,,,,,
509.4,0x100,BMS_PackState,31.37,-20.200000000000003,67.09,,,,,,,,,,,,,,,,,,,
509.5,0x100,BMS_PackState,31.38,-21.400000000000002,67.03,,,,,,,,,,,,,,,,,,,
509.5,0x101,BMS_CellVolt1,,,,3.922,3.9210000000000003,3.92,3.923,,,,,,,,,,,,,,,
509.5,0x102,BMS_CellVolt2,,,,,,,,3.916,3.942,3.916,3.919,,,,,,,,,,,
509.6,0x100,BMS_PackState,31.36,-19.400000000000002,67.22,,,,,,,,,,,,,,,,,,,
509.7,0x100,BMS_PackState,31.34,-17.5,66.78,,,,,,,,,,,,,,,,,,,
509.8,0x100,BMS_PackState,31.39,-22.400000000000002,66.75,,,,,,,,,,,,,,,,,,,
509.9,0x100,BMS_PackState,31.39,-22.5,67.0,,,,,,,,,,,,,,,,,,,
510.0,0x100,BMS_PackState,31.400000000000002,-22.3,67.15,,,,,,,,,,,,,,,,,,,
510.0,0x101,BMS_CellVolt1,,,,3.9250000000000003,3.9250000000000003,3.9210000000000003,3.924,,,,,,,,,,,,,,,
510.0,0x102,BMS_CellVolt2,,,,,,,,3.92,3.943,3.922,3.918,,,,,,,,,,,
510.0,0x103,BMS_Temps,,,,,,,,,,,,26.200000000000003,26.3,26.700000000000003,26.200000000000003,,,,,,,
510.0,0x104,BMS_Status,,,,,,,,,,,,,,,,0.0,0.0,0.0,0.0,0.0,1.0,0.0
510.1,0x100,BMS_PackState,31.35,-18.6,67.01,,,,,,,,,,,,,,,,,,,
510.2,0x100,BMS_PackState,31.37,-19.400000000000002,66.98,,,,,,,,,,,,,,,,,,,
510.3,0x100,BMS_PackState,31.37,-21.200000000000003,66.84,,,,,,,,,,,,,,,,,,,
510.4,0x100,BMS_PackState,31.38,-20.900000000000002,67.0,,,,,,,,,,,,,,,,,,,
510.5,0x100,BMS_PackState,31.41,-22.200000000000003,66.98,,,,,,,,,,,,,,,,,,,
510.5,0x101,BMS_CellVolt1,,,,3.924,3.9250000000000003,3.928,3.9250000000000003,,,,,,,,,,,,,,,
510.5,0x102,BMS_CellVolt2,,,,,,,,3.9170000000000003,3.947,3.918,3.922,,,,,,,,,,,
510.6,0x100,BMS_PackState,31.37,-19.700000000000003,67.02,,,,,,,,,,,,,,,,,,,
510.7,0x100,BMS_PackState,31.38,-21.6,67.02,,,,,,,,,,,,,,,,,,,
510.8,0x100,BMS_PackState,31.39,-21.400000000000002,67.1,,,,,,,,,,,,,,,,,,,
510.9,0x100,BMS_PackState,31.37,-20.1,66.99,,,,,,,,,,,,,,,,,,,
511.0,0x100,BMS_PackState,31.38,-21.3,66.95,,,,,,,,,,,,,,,,,,,
511.0,0x101,BMS_CellVolt1,,,,3.922,3.92,3.9210000000000003,3.926,,,,,,,,,,,,,,,
511.0,0x102,BMS_CellVolt2,,,,,,,,3.9170000000000003,3.94,3.9170000000000003,3.92,,,,,,,,,,,
511.0,0x103,BMS_Temps,,,,,,,,,,,,26.3,26.3,26.8,26.200000000000003,,,,,,,
511.0,0x104,BMS_Status,,,,,,,,,,,,,,,,0.0,0.0,0.0,0.0,0.0,1.0,0.0
511.1,0x100,BMS_PackState,31.38,-21.400000000000002,67.04,,,,,,,,,,,,,,,,,,,
511.2,0x100,BMS_PackState,31.38,-21.0,67.04,,,,,,,,,,,,,,,,,,,
511.3,0x100,BMS_PackState,31.37,-19.8,66.92,,,,,,,,,,,,,,,,,,,
511.4,0x100,BMS_PackState,31.35,-18.5,67.08,,,,,,,,,,,,,,,,,,,
511.5,0x100,BMS_PackState,31.38,-20.1,66.92,,,,,,,,,,,,,,,,,,,
511.5,0x101,BMS_CellVolt1,,,,3.922,3.924,3.923,3.9210000000000003,,,,,,,,,,,,,,,
511.5,0x102,BMS_CellVolt2,,,,,,,,3.9170000000000003,3.939,3.918,3.916,,,,,,,,,,,
511.6,0x100,BMS_PackState,31.36,-19.8,67.11,,,,,,,,,,,,,,,,,,,
511.7,0x100,BMS_PackState,31.38,-21.3,66.99,,,,,,,,,,,,,,,,,,,
511.8,0x100,BMS_PackState,31.400000000000002,-22.1,66.93,,,,,,,,,,,,,,,,,,,
511.9,0x100,BMS_PackState,31.37,-20.0,67.33,,,,,,,,,,,,,,,,,,,
512.0,0x100,BMS_PackState,31.38,-20.700000000000003,67.06,,,,,,,,,,,,,,,,,,,
512.0,0x101,BMS_CellVolt1,,,,3.9250000000000003,3.918,3.923,3.927,,,,,,,,,,,,,,,
512.0,0x102,BMS_CellVolt2,,,,,,,,3.9130000000000003,3.938,3.9170000000000003,3.92,,,,,,,,,,,
512.0,0x103,BMS_Temps,,,,,,,,,,,,26.3,26.3,26.900000000000002,26.200000000000003,,,,,,,
512.0,0x104,BMS_Status,,,,,,,,,,,,,,,,0.0,0.0,0.0,0.0,0.0,1.0,0.0
512.1,0x100,BMS_PackState,31.41,-23.1,67.16,,,,,,,,,,,,,,,,,,,
512.2,0x100,BMS_PackState,31.38,-21.5,67.05,,,,,,,,,,,,,,,,,,,
512.3,0x100,BMS_PackState,31.39,-21.1,67.19,,,,,,,,,,,,,,,,,,,
512.4,0x100,BMS_PackState,31.400000000000002,-21.8,67.13,,,,,,,,,,,,,,,,,,,
512.5,0x100,BMS_PackState,31.35,-18.8,67.03,,,,,,,,,,,,,,,,,,,
512.5,0x101,BMS_CellVolt1,,,,3.919,3.92,3.916,3.92,,,,,,,,,,,,,,,
512.5,0x102,BMS_CellVolt2,,,,,,,,3.9130000000000003,3.935,3.9170000000000003,3.914,,,,,,,,,,,
512.6,0x100,BMS_PackState,31.38,-20.3,67.16,,,,,,,,,,,,,,,,,,,
512.7,0x100,BMS_PackState,31.37,-18.900000000000002,67.18,,,,,,,,,,,,,,,,,,,
512.8,0x100,BMS_PackState,31.39,-20.6,67.02,,,,,,,,,,,,,,,,,,,
512.9,0x100,BMS_PackState,31.38,-20.900000000000002,67.06,,,,,,,,,,,,,,,,,,,
513.0,0x100,BMS_PackState,31.39,-22.400000000000002,67.27,,,,,,,,,,,,,,,,,,,
513.0,0x101,BMS_CellVolt1,,,,3.9210000000000003,3.922,3.923,3.927,,,,,,,,,,,,,,,
513.0,0x102,BMS_CellVolt2,,,,,,,,3.9170000000000003,3.942,3.922,3.9210000000000003,,,,,,,,,,,
513.0,0x103,BMS_Temps,,,,,,,,,,,,26.200000000000003,26.400000000000002,26.8,26.1,,,,,,,
513.0,0x104,BMS_Status,,,,,,,,,,,,,,,,0.0,0.0,0.0,0.0,0.0,1.0,0.0
513.1,0x100,BMS_PackState,31.38,-21.0,67.09,,,,,,,,,,,,,,,,,,,
513.2,0x100,BMS_PackState,31.39,-21.0,67.18,,,,,,,,,,,,,,,,,,,
513.3,0x100,BMS_PackState,31.42,-23.1,67.15,,,,,,,,,,,,,,,,,,,
513.4,0x100,BMS_PackState,31.39,-21.8,67.18,,,,,,,,,,,,,,,,,,,
513.5,0x100,BMS_PackState,31.38,-21.5,67.17,,,,,,,,,,,,,,,,,,,
513.5,0x101,BMS_CellVolt1,,,,3.922,3.92,3.924,3.923,,,,,,,,,,,,,,,
513.5,0x102,BMS_CellVolt2,,,,,,,,3.916,3.943,3.918,3.918,,,,,,,,,,,
513.6,0x100,BMS_PackState,31.37,-20.400000000000002,66.8,,,,,,,,,,,,,,,,,,,
513.7,0x100,BMS_PackState,31.38,-20.3,67.02,,,,,,,,,,,,,,,,,,,
513.8,0x100,BMS_PackState,31.400000000000002,-21.900000000000002,67.05,,,,,,,,,,,,,,,,,,,
513.9,0x100,BMS_PackState,31.38,-20.3,67.11,,,,,,,,,,,,,,,,,,,
514.0,0x100,BMS_PackState,31.39,-21.3,66.99,,,,,,,,,,,,,,,,,,,
514.0,0x101,BMS_CellVolt1,,,,3.924,3.923,3.923,3.927,,,,,,,,,,,,,,,
514.0,0x102,BMS_CellVolt2,,,,,,,,3.918,3.939,3.9210000000000003,3.919,,,,,,,,,,,
514.0,0x103,BMS_Temps,,,,,,,,,,,,26.200000000000003,26.400000000000002,26.8,26.200000000000003,,,,,,,
514.0,0x104,BMS_Status,,,,,,,,,,,,,,,,0.0,0.0,0.0,0.0,0.0,1.0,0.0
514.1,0x100,BMS_PackState,31.44,-25.3,67.07000000000001,,,,,,,,,,,,,,,,,,,
514.2,0x100,BMS_PackState,31.39,-21.700000000000003,66.96000000000001,,,,,,,,,,,,,,,,,,,
514.3,0x100,BMS_PackState,31.36,-19.400000000000002,66.88,,,,,,,,,,,,,,,,,,,
514.4,0x100,BMS_PackState,31.42,-23.5,67.35,,,,,,,,,,,,,,,,,,,
514.5,0x100,BMS_PackState,31.39,-20.8,67.04,,,,,,,,,,,,,,,,,,,
514.5,0x101,BMS_CellVolt1,,,,3.922,3.922,3.923,3.922,,,,,,,,,,,,,,,
514.5,0x102,BMS_CellVolt2,,,,,,,,3.919,3.9410000000000003,3.919,3.919,,,,,,,,,,,
514.6,0x100,BMS_PackState,31.36,-18.6,67.22,,,,,,,,,,,,,,,,,,,
514.7,0x100,BMS_PackState,31.400000000000002,-22.1,67.18,,,,,,,,,,,,,,,,,,,
514.8,0x100,BMS_PackState,31.38,-21.0,67.05,,,,,,,,,,,,,,,,,,,
514.9,0x100,BMS_PackState,31.41,-23.0,67.24,,,,,,,,,,,,,,,,,,,
515.0,0x100,BMS_PackState,31.36,-18.6,67.0,,,,,,,,,,,,,,,,,,,
515.0,0x101,BMS_CellVolt1,,,,3.922,3.916,3.9210000000000003,3.9210000000000003,,,,,,,,,,,,,,,
515.0,0x102,BMS_CellVolt2,,,,,,,,3.9130000000000003,3.936,3.919,3.912,,,,,,,,,,,
515.0,0x103,BMS_Temps,,,,,,,,,,,,26.3,26.200000000000003,26.8,26.200000000000003,,,,,,,
515.0,0x104,BMS_Status,,,,,,,,,,,,,,,,0.0,0.0,0.0,0.0,0.0,1.0,0.0
515.1,0x100,BMS_PackState,31.39,-21.1,67.09,,,,,,,,,,,,,,,,,,,
515.2,0x100,BMS_PackState,31.39,-20.900000000000002,67.16,,,,,,,,,,,,,,,,,,,
515.3,0x100,BMS_PackState,31.36,-19.0,67.1,,,,,,,,,,,,,,,,,,,
515.4,0x100,BMS_PackState,31.38,-20.0,67.08,,,,,,,,,,,,,,,,,,,
515.5,0x100,BMS_PackState,31.41,-22.3,66.9,,,,,,,,,,,,,,,,,,,
515.5,0x101,BMS_CellVolt1,,,,3.923,3.927,3.923,3.926,,,,,,,,,,,,,,,
515.5,0x102,BMS_CellVolt2,,,,,,,,3.92,3.944,3.924,3.918,,,,,,,,,,,
515.6,0x100,BMS_PackState,31.41,-22.0,67.18,,,,,,,,,,,,,,,,,,,
515.7,0x100,BMS_PackState,31.38,-20.3,67.19,,,,,,,,,,,,,,,,,,,
515.8,0x100,BMS_PackState,31.400000000000002,-21.900000000000002,67.06,,,,,,,,,,,,,,,,,,,
515.9,0x100,BMS_PackState,31.43,-24.200000000000003,67.2,,,,,,,,,,,,,,,,,,,
516.0,0x100,BMS_PackState,31.38,-21.1,67.13,,,,,,,,,,,,,,,,,,,
516.0,0x101,BMS_CellVolt1,,,,3.922,3.923,3.924,3.924,,,,,,,,,,,,,,,
516.0,0x102,BMS_CellVolt2,,,,,,,,3.916,3.939,3.92,3.915,,,,,,,,,,,
516.0,0x103,BMS_Temps,,,,,,,,,,,,26.3,26.3,26.8,26.200000000000003,,,,,,,
516.0,0x104,BMS_Status,,,,,,,,,,,,,,,,0.0,0.0,0.0,0.0,0.0,1.0,0.0
516.1,0x100,BMS_PackState,31.41,-23.200000000000003,67.22,,,,,,,,,,,,,,,,,,,
516.2,0x100,BMS_PackState,31.36,-18.6,67.19,,,,,,,,,,,,,,,,,,,
516.3,0x100,BMS_PackState,31.38,-20.700000000000003,67.08,,,,,,,,,,,,,,,,,,,
516.4,0x100,BMS_PackState,31.41,-22.400000000000002,67.32000000000001,,,,,,,,,,,,,,,,,,,
516.5,0x100,BMS_PackState,31.39,-22.0,67.03,,,,,,,,,,,,,,,,,,,
516.5,0x101,BMS_CellVolt1,,,,3.923,3.9210000000000003,3.9210000000000003,3.927,,,,,,,,,,,,,,,
516.5,0x102,BMS_CellVolt2,,,,,,,,3.92,3.9450000000000003,3.92,3.9170000000000003,,,,,,,,,,,
516.6,0x100,BMS_PackState,31.42,-23.8,66.81,,,,,,,,,,,,,,,,,,,
516.7,0x100,BMS_PackState,31.400000000000002,-22.6,66.86,,,,,,,,,,,,,,,,,,,
516.8,0x100,BMS_PackState,31.37,-19.5,67.16,,,,,,,,,,,,,,,,,,,
516.9,0x100,BMS_PackState,31.36,-17.7,66.89,,,,,,,,,,,,,,,,,,,
517.0,0x100,BMS_PackState,31.38,-19.900000000000002,67.06,,,,,,,,,,,,,,,,,,,
517.0,0x101,BMS_CellVolt1,,,,3.922,3.922,3.919,3.922,,,,,,,,,,,,,,,
517.0,0x102,BMS_CellVolt2,,,,,,,,3.916,3.94,3.918,3.918,,,,,,,,,,,
517.0,0x103,BMS_Temps,,,,,,,,,,,,26.3,26.400000000000002,26.8,26.200000000000003,,,,,,,
517.0,0x104,BMS_Status,,,,,,,,,,,,,,,,0.0,0.0,0.0,0.0,0.0,1.0,0.0
517.1,0x100,BMS_PackState,31.39,-21.1,67.23,,,,,,,,,,,,,,,,,,,
517.2,0x100,BMS_PackState,31.39,-21.6,66.87,,,,,,,,,,,,,,,,,,,
517.3,0x100,BMS_PackState,31.400000000000002,-22.400000000000002,67.1,,,,,,,,,,,,,,,,,,,
517.4,0x100,BMS_PackState,31.35,-17.900000000000002,67.12,,,,,,,,,,,,,,,,,,,
517.5,0x100,BMS_PackState,31.39,-21.3,66.97,,,,,,,,,,,,,,,,,,,
517.5,0x101,BMS_CellVolt1,,,,3.924,3.922,3.923,3.928,,,,,,,,,,,,,,,
517.5,0x102,BMS_CellVolt2,,,,,,,,3.9170000000000003,3.939,3.918,3.919,,,,,,,,,,,
517.6,0x100,BMS_PackState,31.35,-17.8,67.15,,,,,,,,,,,,,,,,,,,
517.7,0x100,BMS_PackState,31.36,-18.900000000000002,67.11,,,,,,,,,,,,,,,,,,,
517.8,0x100,BMS_PackState,31.42,-23.6,67.19,,,,,,,,,,,,,,,,,,,
517.9,0x100,BMS_PackState,31.400000000000002,-22.0,67.13,,,,,,,,,,,,,,,,,,,
518.0,0x100,BMS_PackState,31.41,-22.0,67.09,,,,,,,,,,,,,,,,,,,
518.0,0x101,BMS_CellVolt1,,,,3.926,3.9290000000000003,3.922,3.927,,,,,,,,,,,,,,,
518.0,0x102,BMS_CellVolt2,,,,,,,,3.92,3.942,3.92,3.9210000000000003,,,,,,,,,,,
518.0,0x103,BMS_Temps,,,,,,,,,,,,26.400000000000002,26.400000000000002,26.700000000000003,26.3,,,,,,,
518.0,0x104,BMS_Status,,,,,,,,,,,,,,,,0.0,0.0,0.0,0.0,0.0,1.0,0.0
518.1,0x100,BMS_PackState,31.38,-21.1,67.17,,,,,,,,,,,,,,,,,,,
518.2,0x100,BMS_PackState,31.38,-21.1,67.26,,,,,,,,,,,,,,,,,,,
518.3,0x100,BMS_PackState,31.32,-16.5,67.28,,,,,,,,,,,,,,,,,,,
518.4,0x100,BMS_PackState,31.41,-22.6,67.2,,,,,,,,,,,,,,,,,,,
518.5,0x100,BMS_PackState,31.39,-20.700000000000003,67.22,,,,,,,,,,,,,,,,,,,
518.5,0x101,BMS_CellVolt1,,,,3.923,3.923,3.9210000000000003,3.9210000000000003,,,,,,,,,,,,,,,
518.5,0x102,BMS_CellVolt2,,,,,,,,3.915,3.942,3.923,3.919,,,,,,,,,,,
518.6,0x100,BMS_PackState,31.37,-20.1,67.08,,,,,,,,,,,,,,,,,,,
518.7,0x100,BMS_PackState,31.39,-21.0,67.12,,,,,,,,,,,,,,,,,,,
518.8,0x100,BMS_PackState,31.39,-20.8,67.19,,,,,,,,,,,,,,,,,,,
518.9,0x100,BMS_PackState,31.42,-22.6,67.17,,,,,,,,,,,,,,,,,,,
519.0,0x100,BMS_PackState,31.400000000000002,-20.8,67.21000000000001,,,,,,,,,,,,,,,,,,,
519.0,0x101,BMS_CellVolt1,,,,3.924,3.922,3.926,3.927,,,,,,,,,,,,,,,
519.0,0x102,BMS_CellVolt2,,,,,,,,3.92,3.939,3.923,3.923,,,,,,,,,,,
519.0,0x103,BMS_Temps,,,,,,,,,,,,26.3,26.3,26.8,26.3,,,,,,,
519.0,0x104,BMS_Status,,,,,,,,,,,,,,,,0.0,0.0,0.0,0.0,0.0,1.0,0.0
519.1,0x100,BMS_PackState,31.38,-20.200000000000003,67.29,,,,,,,,,,,,,,,,,,,
519.2,0x100,BMS_PackState,31.39,-20.5,67.14,,,,,,,,,,,,,,,,,,,
519.3,0x100,BMS_PackState,31.38,-20.1,67.0,,,,,,,,,,,,,,,,,,,
519.4,0x100,BMS_PackState,31.36,-18.900000000000002,67.07000000000001,,,,,,,,,,,,,,,,,,,
519.5,0x100,BMS_PackState,31.37,-19.6,67.18,,,,,,,,,,,,,,,,,,,
519.5,0x101,BMS_CellVolt1,,,,3.9210000000000003,3.922,3.92,3.9210000000000003,,,,,,,,,,,,,,,
519.5,0x102,BMS_CellVolt2,,,,,,,,3.916,3.939,3.9170000000000003,3.9130000000000003,,,,,,,,,,,
519.6,0x100,BMS_PackState,31.39,-20.900000000000002,67.12,,,,,,,,,,,,,,,,,,,
519.7,0x100,BMS_PackState,31.41,-22.8,67.04,,,,,,,,,,,,,,,,,,,
519.8,0x100,BMS_PackState,31.400000000000002,-21.900000000000002,67.16,,,,,,,,,,,,,,,,,,,
519.9,0x100,BMS_PackState,31.400000000000002,-21.3,67.09,,,,,,,,,,,,,,,,,,,
520.0,0x100,BMS_PackState,31.38,-20.6,67.22,,,,,,,,,,,,,,,,,,,
520.0,0x101,BMS_CellVolt1,,,,3.927,3.92,3.919,3.9210000000000003,,,,,,,,,,,,,,,
520.0,0x102,BMS_CellVolt2,,,,,,,,3.918,3.9410000000000003,3.919,3.919,,,,,,,,,,,
520.0,0x103,BMS_Temps,,,,,,,,,,,,26.200000000000003,26.400000000000002,26.8,26.200000000000003,,,,,,,
520.0,0x104,BMS_Status,,,,,,,,,,,,,,,,0.0,0.0,0.0,0.0,0.0,1.0,0.0
520.1,0x100,BMS_PackState,31.400000000000002,-21.700000000000003,67.32000000000001,,,,,,,,,,,,,,,,,,,
520.2,0x100,BMS_PackState,31.41,-22.400000000000002,67.28,,,,,,,,,,,,,,,,,,,
520.3,0x100,BMS_PackState,31.400000000000002,-22.8,67.07000000000001,,,,,,,,,,,,,,,,,,,
520.4,0x100,BMS_PackState,31.43,-23.5,67.11,,,,,,,,,,,,,,,,,,,
520.5,0x100,BMS_PackState,31.400000000000002,-21.400000000000002,67.02,,,,,,,,,,,,,,,,,,,
520.5,0x101,BMS_CellVolt1,,,,3.9250000000000003,3.9250000000000003,3.924,3.927,,,,,,,,,,,,,,,
520.5,0x102,BMS_CellVolt2,,,,,,,,3.916,3.9450000000000003,3.9170000000000003,3.92,,,,,,,,,,,
520.6,0x100,BMS_PackState,31.42,-23.200000000000003,67.28,,,,,,,,,,,,,,,,,,,
520.7,0x100,BMS_PackState,31.41,-22.5,67.19,,,,,,,,,,,,,,,,,,,
520.8,0x100,BMS_PackState,31.400000000000002,-21.6,67.33,,,,,,,,,,,,,,,,,,,
520.9,0x100,BMS_PackState,31.43,-23.0,67.24,,,,,,,,,,,,,,,,,,,
521.0,0x100,BMS_PackState,31.38,-20.400000000000002,67.13,,,,,,,,,,,,,,,,,,,
521.0,0x101,BMS_CellVolt1,,,,3.923,3.924,3.918,3.926,,,,,,,,,,,,,,,
521.0,0x102,BMS_CellVolt2,,,,,,,,3.915,3.9410000000000003,3.918,3.9170000000000003,,,,,,,,,,,
521.0,0x103,BMS_Temps,,,,,,,,,,,,26.3,26.3,26.8,26.200000000000003,,,,,,,
521.0,0x104,BMS_Status,,,,,,,,,,,,,,,,0.0,0.0,0.0,0.0,0.0,1.0,0.0
521.1,0x100,BMS_PackState,31.38,-19.900000000000002,67.0,,,,,,,,,,,,,,,,,,,
521.2,0x100,BMS_PackState,31.400000000000002,-21.8,67.21000000000001,,,,,,,,,,,,,,,,,,,
521.3,0x100,BMS_PackState,31.400000000000002,-21.700000000000003,67.39,,,,,,,,,,,,,,,,,,,
521.4,0x100,BMS_PackState,31.39,-20.200000000000003,67.27,,,,,,,,,,,,,,,,,,,
521.5,0x100,BMS_PackState,31.41,-22.1,67.17,,,,,,,,,,,,,,,,,,,
521.5,0x101,BMS_CellVolt1,,,,3.924,3.926,3.9290000000000003,3.924,,,,,,,,,,,,,,,
521.5,0x102,BMS_CellVolt2,,,,,,,,3.922,3.94,3.922,3.92,,,,,,,,,,,
521.6,0x100,BMS_PackState,31.400000000000002,-22.200000000000003,67.27,,,,,,,,,,,,,,,,,,,
521.7,0x100,BMS_PackState,31.37,-19.200000000000003,67.26,,,,,,,,,,,,,,,,,,,
521.8,0x100,BMS_PackState,31.36,-19.700000000000003,67.32000000000001,,,,,,,,,,,,,,,,,,,
521.9,0x100,BMS_PackState,31.38,-20.1,67.1,,,,,,,,,,,,,,,,,,,
522.0,0x100,BMS_PackState,31.38,-19.6,67.23,,,,,,,,,,,,,,,,,,,
522.0,0x101,BMS_CellVolt1,,,,3.924,3.922,3.9210000000000003,3.92,,,,,,,,,,,,,,,
522.0,0x102,BMS_CellVolt2,,,,,,,,3.915,3.938,3.918,3.9170000000000003,,,,,,,,,,,
522.0,0x103,BMS_Temps,,,,,,,,,,,,26.3,26.400000000000002,26.8,26.1,,,,,,,
522.0,0x104,BMS_Status,,,,,,,,,,,,,,,,0.0,0.0,0.0,0.0,0.0,1.0,0.0
522.1,0x100,BMS_PackState,31.42,-24.0,67.04,,,,,,,,,,,,,,,,,,,
522.2,0x100,BMS_PackState,31.37,-19.0,67.01,,,,,,,,,,,,,,,,,,,
522.3,0x100,BMS_PackState,31.39,-20.400000000000002,67.27,,,,,,,,,,,,,,,,,,,
522.4,0x100,BMS_PackState,31.38,-19.5,67.32000000000001,,,,,,,,,,,,,,,,,,,
522.5,0x100,BMS_PackState,31.38,-20.400000000000002,67.2,,,,,,,,,,,,,,,,,,,
522.5,0x101,BMS_CellVolt1,,,,3.918,3.924,3.9250000000000003,3.919,,,,,,,,,,,,,,,
522.5,0x102,BMS_CellVolt2,,,,,,,,3.918,3.9410000000000003,3.9170000000000003,3.918,,,,,,,,,,,
522.6,0x100,BMS_PackState,31.39,-20.900000000000002,67.19,,,,,,,,,,,,,,,,,,,
522.7,0x100,BMS_PackState,31.41,-21.400000000000002,67.24,,,,,,,,,,,,,,,,,,,
522.8,0x100,BMS_PackState,31.39,-20.400000000000002,67.32000000000001,,,,,,,,,,,,,,,,,,,
522.9,0x100,BMS_PackState,31.400000000000002,-21.5,67.29,,,,,,,,,,,,,,,,,,,
523.0,0x100,BMS_PackState,31.39,-19.700000000000003,67.24,,,,,,,,,,,,,,,,,,,
523.0,0x101,BMS_CellVolt1,,,,3.922,3.923,3.92,3.924,,,,,,,,,,,,,,,
523.0,0x102,BMS_CellVolt2,,,,,,,,3.918,3.9410000000000003,3.92,3.919,,,,,,,,,,,
523.0,0x103,BMS_Temps,,,,,,,,,,,,26.3,26.3,26.700000000000003,26.200000000000003,,,,,,,
523.0,0x104,BMS_Status,,,,,,,,,,,,,,,,0.0,0.0,0.0,0.0,0.0,1.0,0.0
523.1,0x100,BMS_PackState,31.42,-23.400000000000002,67.27,,,,,,,,,,,,,,,,,,,
523.2,0x100,BMS_PackState,31.41,-21.8,67.29,,,,,,,,,,,,,,,,,,,
523.3,0x100,BMS_PackState,31.36,-17.900000000000002,67.1,,,,,,,,,,,,,,,,,,,
523.4,0x100,BMS_PackState,31.400000000000002,-21.900000000000002,67.26,,,,,,,,,,,,,,,,,,,
523.5,0x100,BMS_PackState,31.41,-21.400000000000002,67.08,,,,,,,,,,,,,,,,,,,
523.5,0x101,BMS_CellVolt1,,,,3.9290000000000003,3.927,3.9250000000000003,3.9250000000000003,,,,,,,,,,,,,,,
523.5,0x102,BMS_CellVolt2,,,,,,,,3.919,3.943,3.922,3.919,,,,,,,,,,,
523.6,0x100,BMS_PackState,31.42,-22.3,67.32000000000001,,,,,,,,,,,,,,,,,,,
523.7,0x100,BMS_PackState,31.39,-20.5,67.3,,,,,,,,,,,,,,,,,,,
523.8,0x100,BMS_PackState,31.42,-22.1,67.22,,,,,,,,,,,,,,,,,,,
523.9,0x100,BMS_PackState,31.400000000000002,-21.3,67.2,,,,,,,,,,,,,,,,,,,
524.0,0x100,BMS_PackState,31.38,-19.700000000000003,67.33,,,,,,,,,,,,,,,,,,,
524.0,0x101,BMS_CellVolt1,,,,3.922,3.916,3.92,3.923,,,,,,,,,,,,,,,
524.0,0x102,BMS_CellVolt2,,,,,,,,3.922,3.938,3.919,3.916,,,,,,,,,,,
524.0,0x103,BMS_Temps,,,,,,,,,,,,26.3,26.3,26.8,26.200000000000003,,,,,,,
524.0,0x104,BMS_Status,,,,,,,,,,,,,,,,0.0,0.0,0.0,0.0,0.0,1.0,0.0
524.1,0x100,BMS_PackState,31.42,-22.0,67.25,,,,,,,,,,,,,,,,,,,
524.2,0x100,BMS_PackState,31.37,-19.8,67.25,,,,,,,,,,,,,,,,,,,
524.3,0x100,BMS_PackState,31.38,-19.8,67.26,,,,,,,,,,,,,,,,,,,
524.4,0x100,BMS_PackState,31.37,-19.400000000000002,67.26,,,,,,,,,,,,,,,,,,,
524.5,0x100,BMS_PackState,31.39,-20.8,67.34,,,,,,,,,,,,,,,,,,,
524.5,0x101,BMS_CellVolt1,,,,3.922,3.923,3.923,3.923,,,,,,,,,,,,,,,
524.5,0x102,BMS_CellVolt2,,,,,,,,3.919,3.9410000000000003,3.92,3.918,,,,,,,,,,,
524.6,0x100,BMS_PackState,31.330000000000002,-16.1,67.07000000000001,,,,,,,,,,,,,,,,,,,
524.7,0x100,BMS_PackState,31.37,-19.400000000000002,67.22,,,,,,,,,,,,,,,,,,,
524.8,0x100,BMS_PackState,31.38,-20.5,67.03,,,,,,,,,,,,,,,,,,,
524.9,0x100,BMS_PackState,31.42,-22.3,67.27,,,,,,,,,,,,,,,,,,,
525.0,0x100,BMS_PackState,31.39,-21.1,67.17,,,,,,,,,,,,,,,,,,,
525.0,0x101,BMS_CellVolt1,,,,3.92,3.924,3.923,3.926,,,,,,,,,,,,,,,
525.0,0x102,BMS_CellVolt2,,,,,,,,3.915,3.943,3.92,3.9210000000000003,,,,,,,,,,,
525.0,0x103,BMS_Temps,,,,,,,,,,,,26.200000000000003,26.3,26.700000000000003,26.3,,,,,,,
525.0,0x104,BMS_Status,,,,,,,,,,,,,,,,0.0,0.0,0.0,0.0,0.0,1.0,0.0
525.1,0x100,BMS_PackState,31.37,-18.900000000000002,67.25,,,,,,,,,,,,,,,,,,,
525.2,0x100,BMS_PackState,31.36,-18.400000000000002,67.16,,,,,,,,,,,,,,,,,,,
525.3,0x100,BMS_PackState,31.37,-18.8,67.15,,,,,,,,,,,,,,,,,,,
525.4,0x100,BMS_PackState,31.39,-19.8,67.19,,,,,,,,,,,,,,,,,,,
525.5,0x100,BMS_PackState,31.41,-22.900000000000002,67.25,,,,,,,,,,,,,,,,,,,
525.5,0x101,BMS_CellVolt1,,,,3.9250000000000003,3.927,3.923,3.928,,,,,,,,,,,,,,,
525.5,0x102,BMS_CellVolt2,,,,,,,,3.922,3.947,3.9210000000000003,3.9210000000000003,,,,,,,,,,,
525.6,0x100,BMS_PackState,31.39,-20.3,67.31,,,,,,,,,,,,,,,,,,,
525.7,0x100,BMS_PackState,31.42,-22.900000000000002,67.17,,,,,,,,,,,,,,,,,,,
525.8,0x100,BMS_PackState,31.43,-23.200000000000003,67.26,,,,,,,,,,,,,,,,,,,
525.9,0x100,BMS_PackState,31.400000000000002,-20.6,67.28,,,,,,,,,,,,,,,,,,,
526.0,0x100,BMS_PackState,31.39,-20.200000000000003,67.2,,,,,,,,,,,,,,,,,,,
526.0,0x101,BMS_CellVolt1,,,,3.92,3.9210000000000003,3.926,3.924,,,,,,,,,,,,,,,
526.0,0x102,BMS_CellVolt2,,,,,,,,3.918,3.939,3.923,3.915,,,,,,,,,,,
526.0,0x103,BMS_Temps,,,,,,,,,,,,26.3,26.3,26.700000000000003,26.200000000000003,,,,,,,
526.0,0x104,BMS_Status,,,,,,,,,,,,,,,,0.0,0.0,0.0,0.0,0.0,1.0,0.0
526.1,0x100,BMS_PackState,31.37,-19.6,67.29,,,,,,,,,,,,,,,,,,,
526.2,0x100,BMS_PackState,31.38,-20.3,67.12,,,,,,,,,,,,,,,,,,,
526.3,0x100,BMS_PackState,31.39,-20.200000000000003,67.16,,,,,,,,,,,,,,,,,,,
526.4,0x100,BMS_PackState,31.42,-22.5,67.36,,,,,,,,,,,,,,,,,,,
526.5,0x100,BMS_PackState,31.400000000000002,-21.200000000000003,67.03,,,,,,,,,,,,,,,,,,,
526.5,0x101,BMS_CellVolt1,,,,3.9250000000000003,3.9250000000000003,3.9250000000000003,3.923,,,,,,,,,,,,,,,
526.5,0x102,BMS_CellVolt2,,,,,,,,3.916,3.943,3.9210000000000003,3.919,,,,,,,,,,,
526.6,0x100,BMS_PackState,31.42,-23.3,67.22,,,,,,,,,,,,,,,,,,,
526.7,0x100,BMS_PackState,31.44,-24.0,67.26,,,,,,,,,,,,,,,,,,,
526.8,0x100,BMS_PackState,31.39,-19.900000000000002,67.28,,,,,,,,,,,,,,,,,,,
526.9,0x100,BMS_PackState,31.400000000000002,-22.1,67.29,,,,,,,,,,,,,,,,,,,
527.0,0x100,BMS_PackState,31.38,-19.700000000000003,67.24,,,,,,,,,,,,,,,,,,,
527.0,0x101,BMS_CellVolt1,,,,3.92,3.92,3.923,3.922,,,,,,,,,,,,,,,
527.0,0x102,BMS_CellVolt2,,,,,,,,3.915,3.94,3.9210000000000003,3.919,,,,,,,,,,,
527.0,0x103,BMS_Temps,,,,,,,,,,,,26.3,26.400000000000002,26.700000000000003,26.200000000000003,,,,,,,
527.0,0x104,BMS_Status,,,,,,,,,,,,,,,,0.0,0.0,0.0,0.0,0.0,1.0,0.0
527.1,0x100,BMS_PackState,31.37,-19.3,67.22,,,,,,,,,,,,,,,,,,,
527.2,0x100,BMS_PackState,31.41,-21.900000000000002,67.18,,,,,,,,,,,,,,,,,,,
527.3,0x100,BMS_PackState,31.39,-20.1,67.42,,,,,,,,,,,,,,,,,,,
527.4,0x100,BMS_PackState,31.41,-22.0,67.34,,,,,,,,,,,,,,,,,,,
527.5,0x100,BMS_PackState,31.43,-23.8,67.3,,,,,,,,,,,,,,,,,,,
527.5,0x101,BMS_CellVolt1,,,,3.927,3.93,3.927,3.928,,,,,,,,,,,,,,,
527.5,0x102,BMS_CellVolt2,,,,,,,,3.924,3.947,3.927,3.92,,,,,,,,,,,
527.6,0x100,BMS_PackState,31.39,-20.8,67.26,,,,,,,,,,,,,,,,,,,
527.7,0x100,BMS_PackState,31.41,-21.700000000000003,67.21000000000001,,,,,,,,,,,,,,,,,,,
527.8,0x100,BMS_PackState,31.41,-21.700000000000003,67.27,,,,,,,,,,,,,,,,,,,
527.9,0x100,BMS_PackState,31.35,-18.0,67.18,,,,,,,,,,,,,,,,,,,
528.0,0x100,BMS_PackState,31.43,-23.3,67.41,,,,,,,,,,,,,,,,,,,
528.0,0x101,BMS_CellVolt1,,,,3.93,3.926,3.923,3.927,,,,,,,,,,,,,,,
528.0,0x102,BMS_CellVolt2,,,,,,,,3.927,3.9450000000000003,3.928,3.924,,,,,,,,,,,
528.0,0x103,BMS_Temps,,,,,,,,,,,,26.200000000000003,26.400000000000002,26.8,26.200000000000003,,,,,,,
528.0,0x104,BMS_Status,,,,,,,,,,,,,,,,0.0,0.0,0.0,0.0,0.0,1.0,0.0
528.1,0x100,BMS_PackState,31.39,-20.400000000000002,67.19,,,,,,,,,,,,,,,,,,,
528.2,0x100,BMS_PackState,31.43,-22.5,67.15,,,,,,,,,,,,,,,,,,,
528.3,0x100,BMS_PackState,31.38,-19.6,67.58,,,,,,,,,,,,,,,,,,,
528.4,0x100,BMS_PackState,31.39,-20.6,67.27,,,,,,,,,,,,,,,,,,,
528.5,0x100,BMS_PackState,31.400000000000002,-20.400000000000002,67.19,,,,,,,,,,,,,,,,,,,
528.5,0x101,BMS_CellVolt1,,,,3.9250000000000003,3.924,3.923,3.928,,,,,,,,,,,,,,,
528.5,0x102,BMS_CellVolt2,,,,,,,,3.92,3.9410000000000003,3.92,3.918,,,,,,,,,,,
528.6,0x100,BMS_PackState,31.42,-22.400000000000002,67.36,,,,,,,,,,,,,,,,,,,
528.7,0x100,BMS_PackState,31.41,-22.1,67.15,,,,,,,,,,,,,,,,,,,
528.8,0x100,BMS_PackState,31.37,-19.6,67.22,,,,,,,,,,,,,,,,,,,
528.9,0x100,BMS_PackState,31.37,-18.3,67.37,,,,,,,,,,,,,,,,,,,
529.0,0x100,BMS_PackState,31.39,-20.3,67.5,,,,,,,,,,,,,,,,,,,
529.0,0x101,BMS_CellVolt1,,,,3.924,3.9250000000000003,3.92,3.924,,,,,,,,,,,,,,,
529.0,0x102,BMS_CellVolt2,,,,,,,,3.92,3.939,3.919,3.92,,,,,,,,,,,
529.0,0x103,BMS_Temps,,,,,,,,,,,,26.3,26.400000000000002,26.700000000000003,26.200000000000003,,,,,,,
529.0,0x104,BMS_Status,,,,,,,,,,,,,,,,0.0,0.0,0.0,0.0,0.0,1.0,0.0
529.1,0x100,BMS_PackState,31.43,-22.3,67.39,,,,,,,,,,,,,,,,,,,
529.2,0x100,BMS_PackState,31.39,-20.5,67.36,,,,,,,,,,,,,,,,,,,
529.3,0x100,BMS_PackState,31.36,-17.400000000000002,67.43,,,,,,,,,,,,,,,,,,,
529.4,0x100,BMS_PackState,31.400000000000002,-20.8,67.26,,,,,,,,,,,,,,,,,,,
529.5,0x100,BMS_PackState,31.39,-18.8,67.15,,,,,,,,,,,,,,,,,,,
529.5,0x101,BMS_CellVolt1,,,,3.922,3.9210000000000003,3.923,3.9210000000000003,,,,,,,,,,,,,,,
529.5,0x102,BMS_CellVolt2,,,,,,,,3.919,3.94,3.9210000000000003,3.92,,,,,,,,,,,
529.6,0x100,BMS_PackState,31.42,-22.1,67.23,,,,,,,,,,,,,,,,,,,
529.7,0x100,BMS_PackState,31.400000000000002,-21.1,67.43,,,,,,,,,,,,,,,,,,,
529.8,0x100,BMS_PackState,31.38,-20.1,67.18,,,,,,,,,,,,,,,,,,,
529.9,0x100,BMS_PackState,31.400000000000002,-20.400000000000002,67.29,,,,,,,,,,,,,,,,,,,
530.0,0x100,BMS_PackState,31.41,-22.1,67.31,,,,,,,,,,,,,,,,,,,
530.0,0x101,BMS_CellVolt1,,,,3.928,3.927,3.924,3.924,,,,,,,,,,,,,,,
530.0,0x102,BMS_CellVolt2,,,,,,,,3.9210000000000003,3.948,3.9210000000000003,3.92,,,,,,,,,,,
530.0,0x103,BMS_Temps,,,,,,,,,,,,26.3,26.200000000000003,26.8,26.200000000000003,,,,,,,
530.0,0x104,BMS_Status,,,,,,,,,,,,,,,,0.0,0.0,0.0,0.0,0.0,1.0,0.0
530.1,0x100,BMS_PackState,31.41,-22.200000000000003,67.35,,,,,,,,,,,,,,,,,,,
530.2,0x100,BMS_PackState,31.39,-19.5,67.36,,,,,,,,,,,,,,,,,,,
530.3,0x100,BMS_PackState,31.38,-19.200000000000003,67.37,,,,,,,,,,,,,,,,,,,
530.4,0x100,BMS_PackState,31.38,-18.7,67.6,,,,,,,,,,,,,,,,,,,
530.5,0x100,BMS_PackState,31.37,-18.3,67.38,,,,,,,,,,,,,,,,,,,
530.5,0x101,BMS_CellVolt1,,,,3.916,3.92,3.918,3.9210000000000003,,,,,,,,,,,,,,,
530.5,0x102,BMS_CellVolt2,,,,,,,,3.9170000000000003,3.938,3.916,3.918,,,,,,,,,,,
530.6,0x100,BMS_PackState,31.400000000000002,-20.8,67.45,,,,,,,,,,,,,,,,,,,
530.7,0x100,BMS_PackState,31.41,-21.5,67.32000000000001,,,,,,,,,,,,,,,,,,,
530.8,0x100,BMS_PackState,31.37,-19.0,67.51,,,,,,,,,,,,,,,,,,,
530.9,0x100,BMS_PackState,31.39,-19.900000000000002,67.24,,,,,,,,,,,,,,,,,,,
531.0,0x100,BMS_PackState,31.41,-22.5,67.42,,,,,,,,,,,,,,,,,,,
531.0,0x101,BMS_CellVolt1,,,,3.93,3.924,3.926,3.926,,,,,,,,,,,,,,,
531.0,0x102,BMS_CellVolt2,,,,,,,,3.922,3.946,3.9210000000000003,3.9210000000000003,,,,,,,,,,,
531.0,0x103,BMS_Temps,,,,,,,,,,,,26.200000000000003,26.3,26.8,26.200000000000003,,,,,,,
531.0,0x104,BMS_Status,,,,,,,,,,,,,,,,0.0,0.0,0.0,0.0,0.0,1.0,0.0
531.1,0x100,BMS_PackState,31.42,-22.6,67.31,,,,,,,,,,,,,,,,,,,
531.2,0x100,BMS_PackState,31.39,-20.3,67.42,,,,,,,,,,,,,,,,,,,
531.3,0x100,BMS_PackState,31.400000000000002,-21.3,67.37,,,,,,,,,,,,,,,,,,,
531.4,0x100,BMS_PackState,31.39,-21.0,67.45,,,,,,,,,,,,,,,,,,,
531.5,0x100,BMS_PackState,31.39,-19.400000000000002,67.37,,,,,,,,,,,,,,,,,,,
531.5,0x101,BMS_CellVolt1,,,,3.922,3.923,3.924,3.924,,,,,,,,,,,,,,,
531.5,0x102,BMS_CellVolt2,,,,,,,,3.92,3.942,3.922,3.9170000000000003,,,,,,,,,,,
531.6,0x100,BMS_PackState,31.38,-19.900000000000002,67.32000000000001,,,,,,,,,,,,,,,,,,,
531.7,0x100,BMS_PackState,31.38,-19.0,67.43,,,,,,,,,,,,,,,,,,,
531.8,0x100,BMS_PackState,31.45,-23.900000000000002,67.24,,,,,,,,,,,,,,,,,,,
531.9,0x100,BMS_PackState,31.400000000000002,-20.6,67.15,,,,,,,,,,,,,,,,,,,
532.0,0x100,BMS_PackState,31.39,-20.0,67.11,,,,,,,,,,,,,,,,,,,
532.0,0x101,BMS_CellVolt1,,,,3.922,3.923,3.9210000000000003,3.926,,,,,,,,,,,,,,,
532.0,0x102,BMS_CellVolt2,,,,,,,,3.9170000000000003,3.9410000000000003,3.92,3.918,,,,,,,,,,,
532.0,0x103,BMS_Temps,,,,,,,,,,,,26.3,26.3,26.6,26.3,,,,,,,
532.0,0x104,BMS_Status,,,,,,,,,,,,,,,,0.0,0.0,0.0,0.0,0.0,1.0,0.0
532.1,0x100,BMS_PackState,31.43,-23.3,67.51,,,,,,,,,,,,,,,,,,,
532.2,0x100,BMS_PackState,31.400000000000002,-22.0,67.36,,,,,,,,,,,,,,,,,,,
532.3,0x100,BMS_PackState,31.42,-22.3,67.38,,,,,,,,,,,,,,,,,,,
532.4,0x100,BMS_PackState,31.400000000000002,-21.0,67.3,,,,,,,,,,,,,,,,,,,
532.5,0x100,BMS_PackState,31.36,-18.6,67.37,,,,,,,,,,,,,,,,,,,
532.5,0x101,BMS_CellVolt1,,,,3.922,3.919,3.918,3.919,,,,,,,,,,,,,,,
532.5,0x102,BMS_CellVolt2,,,,,,,,3.9130000000000003,3.932,3.916,3.916,,,,,,,,,,,
532.6,0x100,BMS_PackState,31.37,-18.0,67.27,,,,,,,,,,,,,,,,,,,
532.7,0x100,BMS_PackState,31.42,-22.200000000000003,67.34,,,,,,,,,,,,,,,,,,,
532.8,0x100,BMS_PackState,31.400000000000002,-20.200000000000003,67.16,,,,,,,,,,,,,,,,,,,
532.9,0x100,BMS_PackState,31.39,-20.200000000000003,67.15,,,,,,,,,,,,,,,,,,,
533.0,0x100,BMS_PackState,31.39,-20.400000000000002,67.21000000000001,,,,,,,,,,,,,,,,,,,
533.0,0x101,BMS_CellVolt1,,,,3.923,3.9250000000000003,3.924,3.926,,,,,,,,,,,,,,,
533.0,0x102,BMS_CellVolt2,,,,,,,,3.916,3.939,3.9170000000000003,3.9210000000000003,,,,,,,,,,,
533.0,0x103,BMS_Temps,,,,,,,,,,,,26.200000000000003,26.3,26.700000000000003,26.200000000000003,,,,,,,
533.0,0x104,BMS_Status,,,,,,,,,,,,,,,,0.0,0.0,0.0,0.0,0.0,1.0,0.0
533.1,0x100,BMS_PackState,31.400000000000002,-20.400000000000002,67.26,,,,,,,,,,,,,,,,,,,
533.2,0x100,BMS_PackState,31.400000000000002,-20.5,67.48,,,,,,,,,,,,,,,,,,,
533.3,0x100,BMS_PackState,31.37,-18.5,67.6,,,,,,,,,,,,,,,,,,,
533.4,0x100,BMS_PackState,31.39,-19.3,67.46000000000001,,,,,,,,,,,,,,,,,,,
533.5,0x100,BMS_PackState,31.42,-22.6,67.03,,,,,,,,,,,,,,,,,,,
533.5,0x101,BMS_CellVolt1,,,,3.926,3.924,3.9290000000000003,3.93,,,,,,,,,,,,,,,
533.5,0x102,BMS_CellVolt2,,,,,,,,3.922,3.947,3.924,3.919,,,,,,,,,,,
533.6,0x100,BMS_PackState,31.39,-19.8,67.53,,,,,,,,,,,,,,,,,,,
533.7,0x100,BMS_PackState,31.39,-19.700000000000003,67.31,,,,,,,,,,,,,,,,,,,
533.8,0x100,BMS_PackState,31.41,-20.5,67.2,,,,,,,,,,,,,,,,,,,
533.9,0x100,BMS_PackState,31.39,-19.3,67.55,,,,,,,,,,,,,,,,,,,
534.0,0x100,BMS_PackState,31.400000000000002,-20.700000000000003,67.32000000000001,,,,,,,,,,,,,,,,,,,
534.0,0x101,BMS_CellVolt1,,,,3.9250000000000003,3.923,3.923,3.927,,,,,,,,,,,,,,,
534.0,0x102,BMS_CellVolt2,,,,,,,,3.92,3.9370000000000003,3.9210000000000003,3.92,,,,,,,,,,,
534.0,0x103,BMS_Temps,,,,,,,,,,,,26.3,26.3,26.700000000000003,26.200000000000003,,,,,,,
534.0,0x104,BMS_Status,,,,,,,,,,,,,,,,0.0,0.0,0.0,0.0,0.0,1.0,0.0
534.1,0x100,BMS_PackState,31.41,-20.700000000000003,67.26,,,,,,,,,,,,,,,,,,,
534.2,0x100,BMS_PackState,31.400000000000002,-20.8,67.3,,,,,,,,,,,,,,,,,,,
534.3,0x100,BMS_PackState,31.44,-24.0,67.33,,,,,,,,,,,,,,,,,,,
534.4,0x100,BMS_PackState,31.41,-21.1,67.42,,,,,,,,,,,,,,,,,,,
534.5,0x100,BMS_PackState,31.42,-22.0,67.38,,,,,,,,,,,,,,,,,,,
534.5,0x101,BMS_CellVolt1,,,,3.927,3.924,3.9250000000000003,3.927,,,,,,,,,,,,,,,
534.5,0x102,BMS_CellVolt2,,,,,,,,3.919,3.944,3.9250000000000003,3.924,,,,,,,,,,,
534.6,0x100,BMS_PackState,31.43,-22.8,67.3,,,,,,,,,,,,,,,,,,,
534.7,0x100,BMS_PackState,31.38,-18.8,67.17,,,,,,,,,,,,,,,,,,,
534.8,0x100,BMS_PackState,31.400000000000002,-20.200000000000003,67.29,,,,,,,,,,,,,,,,,,,
534.9,0x100,BMS_PackState,31.400000000000002,-21.0,67.39,,,,,,,,,,,,,,,,,,,
535.0,0x100,BMS_PackState,31.42,-21.8,67.3,,,,,,,,,,,,,,,,,,,
535.0,0x101,BMS_CellVolt1,,,,3.927,3.928,3.926,3.926,,,,,,,,,,,,,,,
535.0,0x102,BMS_CellVolt2,,,,,,,,3.92,3.948,3.924,3.9250000000000003,,,,,,,,,,,
535.0,0x103,BMS_Temps,,,,,,,,,,,,26.3,26.200000000000003,26.700000000000003,26.200000000000003,,,,,,,
535.0,0x104,BMS_Status,,,,,,,,,,,,,,,,0.0,0.0,0.0,0.0,0.0,1.0,0.0
535.1,0x100,BMS_PackState,31.400000000000002,-20.6,67.39,,,,,,,,,,,,,,,,,,,
535.2,0x100,BMS_PackState,31.38,-19.5,67.37,,,,,,,,,,,,,,,,,,,
535.3,0x100,BMS_PackState,31.44,-22.200000000000003,67.49,,,,,,,,,,,,,,,,,,,
535.4,0x100,BMS_PackState,31.41,-21.0,67.4,,,,,,,,,,,,,,,,,,,
535.5,0x100,BMS_PackState,31.39,-19.700000000000003,67.46000000000001,,,,,,,,,,,,,,,,,,,
535.5,0x101,BMS_CellVolt1,,,,3.923,3.924,3.9210000000000003,3.926,,,,,,,,,,,,,,,
535.5,0x102,BMS_CellVolt2,,,,,,,,3.916,3.9410000000000003,3.92,3.919,,,,,,,,,,,
535.6,0x100,BMS_PackState,31.44,-23.900000000000002,67.36,,,,,,,,,,,,,,,,,,,
535.7,0x100,BMS_PackState,31.42,-21.1,67.54,,,,,,,,,,,,,,,,,,,
535.8,0x100,BMS_PackState,31.400000000000002,-21.6,67.34,,,,,,,,,,,,,,,,,,,
535.9,0x100,BMS_PackState,31.42,-21.200000000000003,67.3,,,,,,,,,,,,,,,,,,,
536.0,0x100,BMS_PackState,31.42,-21.8,67.52,,,,,,,,,,,,,,,,,,,
536.0,0x101,BMS_CellVolt1,,,,3.927,3.927,3.928,3.928,,,,,,,,,,,,,,,
536.0,0x102,BMS_CellVolt2,,,,,,,,3.919,3.946,3.923,3.922,,,,,,,,,,,
536.0,0x103,BMS_Temps,,,,,,,,,,,,26.3,26.3,26.8,26.3,,,,,,,
536.0,0x104,BMS_Status,,,,,,,,,,,,,,,,0.0,0.0,0.0,0.0,0.0,1.0,0.0
536.1,0x100,BMS_PackState,31.400000000000002,-20.8,67.32000000000001,,,,,,,,,,,,,,,,,,,
536.2,0x100,BMS_PackState,31.37,-18.1,67.28,,,,,,,,,,,,,,,,,,,
536.3,0x100,BMS_PackState,31.41,-21.5,67.28,,,,,,,,,,,,,,,,,,,
536.4,0x100,BMS_PackState,31.400000000000002,-20.6,67.34,,,,,,,,,,,,,,,,,,,
536.5,0x100,BMS_PackState,31.37,-18.0,67.36,,,,,,,,,,,,,,,,,,,
536.5,0x101,BMS_CellVolt1,,,,3.92,3.9250000000000003,3.922,3.919,,,,,,,,,,,,,,,
536.5,0x102,BMS_CellVolt2,,,,,,,,3.915,3.936,3.9170000000000003,3.918,,,,,,,,,,,
536.6,0x100,BMS_PackState,31.42,-21.8,67.43,,,,,,,,,,,,,,,,,,,
536.7,0x100,BMS_PackState,31.39,-18.3,67.47,,,,,,,,,,,,,,,,,,,
536.8,0x100,BMS_PackState,31.42,-21.0,67.4,,,,,,,,,,,,,,,,,,,
536.9,0x100,BMS_PackState,31.37,-18.3,67.49,,,,,,,,,,,,,,,,,,,
537.0,0x100,BMS_PackState,31.39,-19.900000000000002,67.48,,,,,,,,,,,,,,,,,,,
537.0,0x101,BMS_CellVolt1,,,,3.923,3.923,3.9250000000000003,3.928,,,,,,,,,,,,,,,
537.0,0x102,BMS_CellVolt2,,,,,,,,3.918,3.939,3.92,3.918,,,,,,,,,,,
537.0,0x103,BMS_Temps,,,,,,,,,,,,26.200000000000003,26.400000000000002,26.700000000000003,26.200000000000003,,,,,,,
537.0,0x104,BMS_Status,,,,,,,,,,,,,,,,0.0,0.0,0.0,0.0,0.0,1.0,0.0
537.1,0x100,BMS_PackState,31.400000000000002,-20.5,67.31,,,,,,,,,,,,,,,,,,,
537.2,0x100,BMS_PackState,31.400000000000002,-21.1,67.3,,,,,,,,,,,,,,,,,,,
537.3,0x100,BMS_PackState,31.42,-21.900000000000002,67.36,,,,,,,,,,,,,,,,,,,
537.4,0x100,BMS_PackState,31.400000000000002,-20.900000000000002,67.19,,,,,,,,,,,,,,,,,,,
537.5,0x100,BMS_PackState,31.400000000000002,-19.700000000000003,67.41,,,,,,,,,,,,,,,,,,,
537.5,0x101,BMS_CellVolt1,,,,3.923,3.922,3.923,3.924,,,,,,,,,,,,,,,
537.5,0x102,BMS_CellVolt2,,,,,,,,3.918,3.942,3.922,3.92,,,,,,,,,,,
537.6,0x100,BMS_PackState,31.41,-21.0,67.38,,,,,,,,,,,,,,,,,,,
537.7,0x100,BMS_PackState,31.41,-21.5,67.57000000000001,,,,,,,,,,,,,,,,,,,
537.8,0x100,BMS_PackState,31.42,-21.400000000000002,67.52,,,,,,,,,,,,,,,,,,,
537.9,0x100,BMS_PackState,31.39,-19.5,67.38,,,,,,,,,,,,,,,,,,,
538.0,0x100,BMS_PackState,31.39,-19.200000000000003,67.51,,,,,,,,,,,,,,,,,,,
538.0,0x101,BMS_CellVolt1,,,,3.923,3.9210000000000003,3.923,3.9250000000000003,,,,,,,,,,,,,,,
538.0,0x102,BMS_CellVolt2,,,,,,,,3.918,3.939,3.9210000000000003,3.919,,,,,,,,,,,
538.0,0x103,BMS_Temps,,,,,,,,,,,,26.3,26.400000000000002,26.8,26.3,,,,,,,
538.0,0x104,BMS_Status,,,,,,,,,,,,,,,,0.0,0.0,0.0,0.0,0.0,1.0,0.0
538.1,0x100,BMS_PackState,31.42,-22.0,67.4,,,,,,,,,,,,,,,,,,,
538.2,0x100,BMS_PackState,31.42,-22.0,67.46000000000001,,,,,,,,,,,,,,,,,,,
538.3,0x100,BMS_PackState,31.400000000000002,-20.400000000000002,67.22,,,,,,,,,,,,,,,,,,,
538.4,0x100,BMS_PackState,31.37,-18.7,67.36,,,,,,,,,,,,,,,,,,,
538.5,0x100,BMS_PackState,31.38,-19.3,67.43,,,,,,,,,,,,,,,,,,,
538.5,0x101,BMS_CellVolt1,,,,3.9210000000000003,3.9210000000000003,3.92,3.924,,,,,,,,,,,,,,,
538.5,0x102,BMS_CellVolt2,,,,,,,,3.9170000000000003,3.936,3.919,3.918,,,,,,,,,,,
538.6,0x100,BMS_PackState,31.43,-22.900000000000002,67.39,,,,,,,,,,,,,,,,,,,
538.7,0x100,BMS_PackState,31.41,-21.400000000000002,67.55,,,,,,,,,,,,,,,,,,,
538.8,0x100,BMS_PackState,31.43,-22.400000000000002,67.46000000000001,,,,,,,,,,,,,,,,,,,
538.9,0x100,BMS_PackState,31.41,-21.400000000000002,67.48,,,,,,,,,,,,,,,,,,,
539.0,0x100,BMS_PackState,31.38,-18.6,67.45,,,,,,,,,,,,,,,,,,,
539.0,0x101,BMS_CellVolt1,,,,3.9210000000000003,3.9250000000000003,3.9210000000000003,3.922,,,,,,,,,,,,,,,
539.0,0x102,BMS_CellVolt2,,,,,,,,3.914,3.935,3.9210000000000003,3.9170000000000003,,,,,,,,,,,
539.0,0x103,BMS_Temps,,,,,,,,,,,,26.3,26.200000000000003,26.8,26.200000000000003,,,,,,,
539.0,0x104,BMS_Status,,,,,,,,,,,,,,,,0.0,0.0,0.0,0.0,0.0,1.0,0.0
539.1,0x100,BMS_PackState,31.43,-23.1,67.43,,,,,,,,,,,,,,,,,,,
539.2,0x100,BMS_PackState,31.45,-23.400000000000002,67.52,,,,,,,,,,,,,,,,,,,
539.3,0x100,BMS_PackState,31.43,-22.200000000000003,67.61,,,,,,,,,,,,,,,,,,,
539.4,0x100,BMS_PackState,31.400000000000002,-20.6,67.22,,,,,,,,,,,,,,,,,,,
539.5,0x100,BMS_PackState,31.400000000000002,-20.1,67.33,,,,,,,,,,,,,,,,,,,
539.5,0x101,BMS_CellVolt1,,,,3.924,3.923,3.924,3.926,,,,,,,,,,,,,,,
539.5,0x102,BMS_CellVolt2,,,,,,,,3.919,3.942,3.922,3.922,,,,,,,,,,,
539.6,0x100,BMS_PackState,31.400000000000002,-20.3,67.44,,,,,,,,,,,,,,,,,,,
539.7,0x100,BMS_PackState,31.39,-19.200000000000003,67.57000000000001,,,,,,,,,,,,,,,,,,,
539.8,0x100,BMS_PackState,31.44,-23.6,67.51,,,,,,,,,,,,,,,,,,,
539.9,0x100,BMS_PackState,31.38,-19.200000000000003,67.36,,,,,,,,,,,,,,,,,,,
540.0,0x100,BMS_PackState,31.41,-21.5,67.4,,,,,,,,,,,,,,,,,,,
540.0,0x101,BMS_CellVolt1,,,,3.928,3.927,3.924,3.93,,,,,,,,,,,,,,,
540.0,0x102,BMS_CellVolt2,,,,,,,,3.92,3.943,3.9210000000000003,3.918,,,,,,,,,,,
540.0,0x103,BMS_Temps,,,,,,,,,,,,26.200000000000003,26.3,26.700000000000003,26.3,,,,,,,
540.0,0x104,BMS_Status,,,,,,,,,,,,,,,,0.0,0.0,0.0,0.0,0.0,1.0,0.0
540.1,0x100,BMS_PackState,31.39,-19.900000000000002,67.52,,,,,,,,,,,,,,,,,,,
540.2,0x100,BMS_PackState,31.43,-23.0,67.38,,,,,,,,,,,,,,,,,,,
540.3,0x100,BMS_PackState,31.400000000000002,-21.0,67.47,,,,,,,,,,,,,,,,,,,
540.4,0x100,BMS_PackState,31.41,-20.6,67.38,,,,,,,,,,,,,,,,,,,
540.5,0x100,BMS_PackState,31.400000000000002,-19.3,67.49,,,,,,,,,,,,,,,,,,,
540.5,0x101,BMS_CellVolt1,,,,3.922,3.924,3.9250000000000003,3.927,,,,,,,,,,,,,,,
540.5,0x102,BMS_CellVolt2,,,,,,,,3.918,3.943,3.9210000000000003,3.9170000000000003,,,,,,,,,,,
540.6,0x100,BMS_PackState,31.44,-23.400000000000002,67.51,,,,,,,,,,,,,,,,,,,
540.7,0x100,BMS_PackState,31.42,-21.0,67.18,,,,,,,,,,,,,,,,,,,
540.8,0x100,BMS_PackState,31.43,-22.6,67.63,,,,,,,,,,,,,,,,,,,
540.9,0x100,BMS_PackState,31.41,-20.200000000000003,67.64,,,,,,,,,,,,,,,,,,,
541.0,0x100,BMS_PackState,31.400000000000002,-19.8,67.25,,,,,,,,,,,,,,,,,,,
541.0,0x101,BMS_CellVolt1,,,,3.924,3.9250000000000003,3.922,3.924,,,,,,,,,,,,,,,
541.0,0x102,BMS_CellVolt2,,,,,,,,3.92,3.938,3.923,3.919,,,,,,,,,,,
541.0,0x103,BMS_Temps,,,,,,,,,,,,26.200000000000003,26.400000000000002,26.900000000000002,26.200000000000003,,,,,,,
541.0,0x104,BMS_Status,,,,,,,,,,,,,,,,0.0,0.0,0.0,0.0,0.0,1.0,0.0
541.1,0x100,BMS_PackState,31.39,-19.1,67.43,,,,,,,,,,,,,,,,,,,
541.2,0x100,BMS_PackState,31.42,-21.8,67.29,,,,,,,,,,,,,,,,,,,
541.3,0x100,BMS_PackState,31.39,-19.6,67.24,,,,,,,,,,,,,,,,,,,
541.4,0x100,BMS_PackState,31.39,-19.0,67.54,,,,,,,,,,,,,,,,,,,
541.5,0x100,BMS_PackState,31.44,-23.5,67.64,,,,,,,,,,,,,,,,,,,
541.5,0x101,BMS_CellVolt1,,,,3.93,3.926,3.9290000000000003,3.928,,,,,,,,,,,,,,,
541.5,0x102,BMS_CellVolt2,,,,,,,,3.9250000000000003,3.951,3.927,3.9250000000000003,,,,,,,,,,,
541.6,0x100,BMS_PackState,31.400000000000002,-20.1,67.46000000000001,,,,,,,,,,,,,,,,,,,
541.7,0x100,BMS_PackState,31.39,-19.6,67.62,,,,,,,,,,,,,,,,,,,
541.8,0x100,BMS_PackState,31.42,-21.400000000000002,67.4,,,,,,,,,,,,,,,,,,,
541.9,0x100,BMS_PackState,31.44,-22.8,67.32000000000001,,,,,,,,,,,,,,,,,,,
542.0,0x100,BMS_PackState,31.39,-19.6,67.43,,,,,,,,,,,,,,,,,,,
542.0,0x101,BMS_CellVolt1,,,,3.924,3.9250000000000003,3.923,3.923,,,,,,,,,,,,,,,
542.0,0x102,BMS_CellVolt2,,,,,,,,3.92,3.94,3.919,3.9170000000000003,,,,,,,,,,,
542.0,0x103,BMS_Temps,,,,,,,,,,,,26.3,26.3,26.700000000000003,26.200000000000003,,,,,,,
542.0,0x104,BMS_Status,,,,,,,,,,,,,,,,0.0,0.0,0.0,0.0,0.0,1.0,0.0
542.1,0x100,BMS_PackState,31.44,-22.8,67.39,,,,,,,,,,,,,,,,,,,
542.2,0x100,BMS_PackState,31.41,-21.3,67.51,,,,,,,,,,,,,,,,,,,
542.3,0x100,BMS_PackState,31.41,-21.1,67.58,,,,,,,,,,,,,,,,,,,
542.4,0x100,BMS_PackState,31.39,-19.900000000000002,67.36,,,,,,,,,,,,,,,,,,,
542.5,0x100,BMS_PackState,31.43,-21.900000000000002,67.34,,,,,,,,,,,,,,,,,,,
542.5,0x101,BMS_CellVolt1,,,,3.931,3.926,3.926,3.928,,,,,,,,,,,,,,,
542.5,0x102,BMS_CellVolt2,,,,,,,,3.923,3.946,3.924,3.922,,,,,,,,,,,
542.6,0x100,BMS_PackState,31.42,-22.0,67.56,,,,,,,,,,,,,,,,,,,
542.7,0x100,BMS_PackState,31.400000000000002,-20.900000000000002,67.44,,,,,,,,,,,,,,,,,,,
542.8,0x100,BMS_PackState,31.400000000000002,-19.5,67.56,,,,,,,,,,,,,,,,,,,
542.9,0x100,BMS_PackState,31.38,-17.6,67.4,,,,,,,,,,,,,,,,,,,
543.0,0x100,BMS_PackState,31.45,-23.3,67.41,,,,,,,,,,,,,,,,,,,
543.0,0x101,BMS_CellVolt1,,,,3.931,3.926,3.93,3.9330000000000003,,,,,,,,,,,,,,,
543.0,0x102,BMS_CellVolt2,,,,,,,,3.9250000000000003,3.95,3.927,3.924,,,,,,,,,,,
543.0,0x103,BMS_Temps,,,,,,,,,,,,26.200000000000003,26.3,26.700000000000003,26.3,,,,,,,
543.0,0x104,BMS_Status,,,,,,,,,,,,,,,,0.0,0.0,0.0,0.0,0.0,1.0,0.0
543.1,0x100,BMS_PackState,31.41,-20.5,67.58,,,,,,,,,,,,,,,,,,,
543.2,0x100,BMS_PackState,31.44,-22.6,67.57000000000001,,,,,,,,,,,,,,,,,,,
543.3,0x100,BMS_PackState,31.39,-19.5,67.62,,,,,,,,,,,,,,,,,,,
543.4,0x100,BMS_PackState,31.42,-22.400000000000002,67.46000000000001,,,,,,,,,,,,,,,,,,,
543.5,0x100,BMS_PackState,31.43,-22.0,67.62,,,,,,,,,,,,,,,,,,,
543.5,0x101,BMS_CellVolt1,,,,3.9290000000000003,3.927,3.926,3.926,,,,,,,,,,,,,,,
543.5,0x102,BMS_CellVolt2,,,,,,,,3.924,3.946,3.927,3.926,,,,,,,,,,,
543.6,0x100,BMS_PackState,31.43,-21.900000000000002,67.53,,,,,,,,,,,,,,,,,,,
543.7,0x100,BMS_PackState,31.42,-21.1,67.53,,,,,,,,,,,,,,,,,,,
543.8,0x100,BMS_PackState,31.43,-20.5,67.41,,,,,,,,,,,,,,,,,,,
543.9,0x100,BMS_PackState,31.41,-20.3,67.56,,,,,,,,,,,,,,,,,,,
544.0,0x100,BMS_PackState,31.42,-21.0,67.47,,,,,,,,,,,,,,,,,,,
544.0,0x101,BMS_CellVolt1,,,,3.928,3.93,3.928,3.9250000000000003,,,,,,,,,,,,,,,
544.0,0x102,BMS_CellVolt2,,,,,,,,3.922,3.94,3.923,3.9210000000000003,,,,,,,,,,,
544.0,0x103,BMS_Temps,,,,,,,,,,,,26.200000000000003,26.3,26.700000000000003,26.200000000000003,,,,,,,
544.0,0x104,BMS_Status,,,,,,,,,,,,,,,,0.0,0.0,0.0,0.0,0.0,1.0,0.0
544.1,0x100,BMS_PackState,31.45,-23.0,67.68,,,,,,,,,,,,,,,,,,,
544.2,0x100,BMS_PackState,31.400000000000002,-19.900000000000002,67.5,,,,,,,,,,,,,,,,,,,
544.3,0x100,BMS_PackState,31.42,-21.1,67.48,,,,,,,,,,,,,,,,,,,
544.4,0x100,BMS_PackState,31.39,-19.3,67.63,,,,,,,,,,,,,,,,,,,
544.5,0x100,BMS_PackState,31.42,-22.1,67.51,,,,,,,,,,,,,,,,,,,
544.5,0x101,BMS_CellVolt1,,,,3.927,3.93,3.9290000000000003,3.9250000000000003,,,,,,,,,,,,,,,
544.5,0x102,BMS_CellVolt2,,,,,,,,3.92,3.942,3.924,3.923,,,,,,,,,,,
544.6,0x100,BMS_PackState,31.45,-23.400000000000002,67.42,,,,,,,,,,,,,,,,,,,
544.7,0x100,BMS_PackState,31.42,-21.1,67.35,,,,,,,,,,,,,,,,,,,
544.8,0x100,BMS_PackState,31.39,-19.1,67.42,,,,,,,,,,,,,,,,,,,
544.9,0x100,BMS_PackState,31.41,-20.8,67.32000000000001,,,,,,,,,,,,,,,,,,,
545.0,0x100,BMS_PackState,31.42,-21.3,67.5,,,,,,,,,,,,,,,,,,,
545.0,0x101,BMS_CellVolt1,,,,3.927,3.931,3.9250000000000003,3.927,,,,,,,,,,,,,,,
545.0,0x102,BMS_CellVolt2,,,,,,,,3.923,3.943,3.9250000000000003,3.919,,,,,,,,,,,
545.0,0x103,BMS_Temps,,,,,,,,,,,,26.200000000000003,26.200000000000003,26.700000000000003,26.3,,,,,,,
545.0,0x104,BMS_Status,,,,,,,,,,,,,,,,0.0,0.0,0.0,0.0,0.0,1.0,0.0
545.1,0x100,BMS_PackState,31.43,-22.3,67.6,,,,,,,,,,,,,,,,,,,
545.2,0x100,BMS_PackState,31.38,-18.400000000000002,67.45,,,,,,,,,,,,,,,,,,,
545.3,0x100,BMS_PackState,31.43,-22.5,67.77,,,,,,,,,,,,,,,,,,,
545.4,0x100,BMS_PackState,31.43,-22.1,67.37,,,,,,,,,,,,,,,,,,,
545.5,0x100,BMS_PackState,31.43,-20.1,67.57000000000001,,,,,,,,,,,,,,,,,,,
545.5,0x101,BMS_CellVolt1,,,,3.9290000000000003,3.927,3.926,3.931,,,,,,,,,,,,,,,
545.5,0x102,BMS_CellVolt2,,,,,,,,3.923,3.942,3.922,3.926,,,,,,,,,,,
545.6,0x100,BMS_PackState,31.44,-23.8,67.56,,,,,,,,,,,,,,,,,,,
545.7,0x100,BMS_PackState,31.400000000000002,-19.1,67.48,,,,,,,,,,,,,,,,,,,
545.8,0x100,BMS_PackState,31.41,-20.1,67.5,,,,,,,,,,,,,,,,,,,
545.9,0x100,BMS_PackState,31.400000000000002,-19.700000000000003,67.69,,,,,,,,,,,,,,,,,,,
546.0,0x100,BMS_PackState,31.400000000000002,-20.200000000000003,67.63,,,,,,,,,,,,,,,,,,,
546.0,0x101,BMS_CellVolt1,,,,3.923,3.9250000000000003,3.9250000000000003,3.9250000000000003,,,,,,,,,,,,,,,
546.0,0x102,BMS_CellVolt2,,,,,,,,3.9210000000000003,3.943,3.918,3.923,,,,,,,,,,,
546.0,0x103,BMS_Temps,,,,,,,,,,,,26.3,26.3,26.700000000000003,26.200000000000003,,,,,,,
546.0,0x104,BMS_Status,,,,,,,,,,,,,,,,0.0,0.0,0.0,0.0,0.0,1.0,0.0
546.1,0x100,BMS_PackState,31.43,-21.200000000000003,67.62,,,,,,,,,,,,,,,,,,,
546.2,0x100,BMS_PackState,31.44,-22.6,67.43,,,,,,,,,,,,,,,,,,,
546.3,0x100,BMS_PackState,31.42,-21.200000000000003,67.58,,,,,,,,,,,,,,,,,,,
546.4,0x100,BMS_PackState,31.43,-22.5,67.61,,,,,,,,,,,,,,,,,,,
546.5,0x100,BMS_PackState,31.400000000000002,-20.3,67.62,,,,,,,,,,,,,,,,,,,
546.5,0x101,BMS_CellVolt1,,,,3.923,3.927,3.924,3.9290000000000003,,,,,,,,,,,,,,,
546.5,0x102,BMS_CellVolt2,,,,,,,,3.92,3.9410000000000003,3.919,3.919,,,,,,,,,,,
546.6,0x100,BMS_PackState,31.400000000000002,-19.8,67.39,,,,,,,,,,,,,,,,,,,
546.7,0x100,BMS_PackState,31.400000000000002,-18.8,67.57000000000001,,,,,,,,,,,,,,,,,,,
546.8,0x100,BMS_PackState,31.41,-20.400000000000002,67.57000000000001,,,,,,,,,,,,,,,,,,,
546.9,0x100,BMS_PackState,31.41,-19.6,67.65,,,,,,,,,,,,,,,,,,,
547.0,0x100,BMS_PackState,31.44,-21.400000000000002,67.51,,,,,,,,,,,,,,,,,,,
547.0,0x101,BMS_CellVolt1,,,,3.9290000000000003,3.931,3.926,3.93,,,,,,,,,,,,,,,
547.0,0x102,BMS_CellVolt2,,,,,,,,3.9250000000000003,3.9490000000000003,3.922,3.924,,,,,,,,,,,
547.0,0x103,BMS_Temps,,,,,,,,,,,,26.200000000000003,26.400000000000002,26.700000000000003,26.200000000000003,,,,,,,
547.0,0x104,BMS_Status,,,,,,,,,,,,,,,,0.0,0.0,0.0,0.0,0.0,1.0,0.0
547.1,0x100,BMS_PackState,31.41,-21.700000000000003,67.42,,,,,,,,,,,,,,,,,,,
547.2,0x100,BMS_PackState,31.41,-20.3,67.44,,,,,,,,,,,,,,,,,,,
547.3,0x100,BMS_PackState,31.43,-21.6,67.58,,,,,,,,,,,,,,,,,,,
547.4,0x100,BMS_PackState,31.41,-20.6,67.66,,,,,,,,,,,,,,,,,,,
547.5,0x100,BMS_PackState,31.43,-22.6,67.51,,,,,,,,,,,,,,,,,,,
547.5,0x101,BMS_CellVolt1,,,,3.93,3.931,3.928,3.928,,,,,,,,,,,,,,,
547.5,0x102,BMS_CellVolt2,,,,,,,,3.9210000000000003,3.952,3.922,3.922,,,,,,,,,,,
547.6,0x100,BMS_PackState,31.44,-22.3,67.57000000000001,,,,,,,,,,,,,,,,,,,
547.7,0x100,BMS_PackState,31.400000000000002,-20.0,67.34,,,,,,,,,,,,,,,,,,,
547.8,0x100,BMS_PackState,31.400000000000002,-19.700000000000003,67.33,,,,,,,,,,,,,,,,,,,
547.9,0x100,BMS_PackState,31.44,-22.5,67.6,,,,,,,,,,,,,,,,,,,
548.0,0x100,BMS_PackState,31.400000000000002,-20.0,67.6,,,,,,,,,,,,,,,,,,,
548.0,0x101,BMS_CellVolt1,,,,3.922,3.928,3.923,3.923,,,,,,,,,,,,,,,
548.0,0x102,BMS_CellVolt2,,,,,,,,3.919,3.9410000000000003,3.9210000000000003,3.919,,,,,,,,,,,
548.0,0x103,BMS_Temps,,,,,,,,,,,,26.3,26.3,26.700000000000003,26.3,,,,,,,
548.0,0x104,BMS_Status,,,,,,,,,,,,,,,,0.0,0.0,0.0,0.0,0.0,1.0,0.0
548.1,0x100,BMS_PackState,31.42,-21.8,67.62,,,,,,,,,,,,,,,,,,,
548.2,0x100,BMS_PackState,31.42,-21.0,67.34,,,,,,,,,,,,,,,,,,,
548.3,0x100,BMS_PackState,31.400000000000002,-18.900000000000002,67.7,,,,,,,,,,,,,,,,,,,
548.4,0x100,BMS_PackState,31.41,-19.8,67.5,,,,,,,,,,,,,,,,,,,
548.5,0x100,BMS_PackState,31.400000000000002,-19.8,67.5,,,,,,,,,,,,,,,,,,,
548.5,0x101,BMS_CellVolt1,,,,3.924,3.922,3.924,3.928,,,,,,,,,,,,,,,
548.5,0x102,BMS_CellVolt2,,,,,,,,3.922,3.942,3.9210000000000003,3.9210000000000003,,,,,,,,,,,
548.6,0x100,BMS_PackState,31.38,-18.1,67.62,,,,,,,,,,,,,,,,,,,
548.7,0x100,BMS_PackState,31.43,-22.1,67.57000000000001,,,,,,,,,,,,,,,,,,,
548.8,0x100,BMS_PackState,31.44,-22.5,67.73,,,,,,,,,,,,,,,,,,,
548.9,0x100,BMS_PackState,31.43,-22.1,67.63,,,,,,,,,,,,,,,,,,,
549.0,0x100,BMS_PackState,31.41,-21.400000000000002,67.72,,,,,,,,,,,,,,,,,,,
549.0,0x101,BMS_CellVolt1,,,,3.924,3.927,3.926,3.924,,,,,,,,,,,,,,,
549.0,0x102,BMS_CellVolt2,,,,,,,,3.923,3.947,3.924,3.92,,,,,,,,,,,
549.0,0x103,BMS_Temps,,,,,,,,,,,,26.3,26.3,26.8,26.200000000000003,,,,,,,
549.0,0x104,BMS_Status,,,,,,,,,,,,,,,,0.0,0.0,0.0,0.0,0.0,1.0,0.0
549.1,0x100,BMS_PackState,31.470000000000002,-24.5,67.52,,,,,,,,,,,,,,,,,,,
549.2,0x100,BMS_PackState,31.42,-21.3,67.69,,,,,,,,,,,,,,,,,,,
549.3,0x100,BMS_PackState,31.44,-21.8,67.35,,,,,,,,,,,,,,,,,,,
549.4,0x100,BMS_PackState,31.400000000000002,-19.8,67.56,,,,,,,,,,,,,,,,,,,
549.5,0x100,BMS_PackState,31.42,-20.5,67.44,,,,,,,,,,,,,,,,,,,
549.5,0x101,BMS_CellVolt1,,,,3.927,3.926,3.926,3.93,,,,,,,,,,,,,,,
549.5,0x102,BMS_CellVolt2,,,,,,,,3.9210000000000003,3.9450000000000003,3.9250000000000003,3.922,,,,,,,,,,,
549.6,0x100,BMS_PackState,31.42,-21.900000000000002,67.58,,,,,,,,,,,,,,,,,,,
549.7,0x100,BMS_PackState,31.42,-20.1,67.59,,,,,,,,,,,,,,,,,,,
549.8,0x100,BMS_PackState,31.400000000000002,-19.900000000000002,67.67,,,,,,,,,,,,,,,,,,,
549.9,0x100,BMS_PackState,31.44,-22.200000000000003,67.6,,,,,,,,,,,,,,,,,,,
550.0,0x100,BMS_PackState,31.43,-21.700000000000003,67.5,,,,,,,,,,,,,,,,,,,
550.0,0x101,BMS_CellVolt1,,,,3.931,3.928,3.9250000000000003,3.931,,,,,,,,,,,,,,,
550.0,0x102,BMS_CellVolt2,,,,,,,,3.924,3.946,3.927,3.919,,,,,,,,,,,
550.0,0x103,BMS_Temps,,,,,,,,,,,,26.3,26.3,26.8,26.1,,,,,,,
550.0,0x104,BMS_Status,,,,,,,,,,,,,,,,0.0,0.0,0.0,0.0,0.0,1.0,0.0
550.1,0x100,BMS_PackState,31.470000000000002,-24.3,67.53,,,,,,,,,,,,,,,,,,,
550.2,0x100,BMS_PackState,31.44,-22.6,67.6,,,,,,,,,,,,,,,,,,,
550.3,0x100,BMS_PackState,31.44,-22.1,67.52,,,,,,,,,,,,,,,,,,,
550.4,0x100,BMS_PackState,31.42,-20.900000000000002,67.7,,,,,,,,,,,,,,,,,,,
550.5,0x100,BMS_PackState,31.44,-22.400000000000002,67.55,,,,,,,,,,,,,,,,,,,
550.5,0x101,BMS_CellVolt1,,,,3.932,3.931,3.927,3.928,,,,,,,,,,,,,,,
550.5,0x102,BMS_CellVolt2,,,,,,,,3.9250000000000003,3.948,3.9250000000000003,3.9250000000000003,,,,,,,,,,,
550.6,0x100,BMS_PackState,31.43,-21.8,67.69,,,,,,,,,,,,,,,,,,,
550.7,0x100,BMS_PackState,31.45,-22.8,67.52,,,,,,,,,,,,,,,,,,,
550.8,0x100,BMS_PackState,31.42,-20.700000000000003,67.65,,,,,,,,,,,,,,,,,,,
550.9,0x100,BMS_PackState,31.41,-20.400000000000002,67.57000000000001,,,,,,,,,,,,,,,,,,,
551.0,0x100,BMS_PackState,31.41,-20.400000000000002,67.71000000000001,,,,,,,,,,,,,,,,,,,
551.0,0x101,BMS_CellVolt1,,,,3.924,3.923,3.924,3.928,,,,,,,,,,,,,,,
551.0,0x102,BMS_CellVolt2,,,,,,,,3.9210000000000003,3.942,3.9250000000000003,3.923,,,,,,,,,,,
551.0,0x103,BMS_Temps,,,,,,,,,,,,26.200000000000003,26.3,26.8,26.3,,,,,,,
551.0,0x104,BMS_Status,,,,,,,,,,,,,,,,0.0,0.0,0.0,0.0,0.0,1.0,0.0
551.1,0x100,BMS_PackState,31.42,-21.0,67.78,,,,,,,,,,,,,,,,,,,
551.2,0x100,BMS_PackState,31.45,-23.3,67.62,,,,,,,,,,,,,,,,,,,
551.3,0x100,BMS_PackState,31.44,-21.900000000000002,67.79,,,,,,,,,,,,,,,,,,,
551.4,0x100,BMS_PackState,31.44,-21.6,67.58,,,,,,,,,,,,,,,,,,,
551.5,0x100,BMS_PackState,31.43,-21.6,67.62,,,,,,,,,,,,,,,,,,,
551.5,0x101,BMS_CellVolt1,,,,3.927,3.9250000000000003,3.928,3.928,,,,,,,,,,,,,,,
551.5,0x102,BMS_CellVolt2,,,,,,,,3.923,3.9450000000000003,3.9250000000000003,3.926,,,,,,,,,,,
551.6,0x100,BMS_PackState,31.42,-20.900000000000002,67.59,,,,,,,,,,,,,,,,,,,
551.7,0x100,BMS_PackState,31.400000000000002,-18.900000000000002,67.5,,,,,,,,,,,,,,,,,,,
551.8,0x100,BMS_PackState,31.400000000000002,-19.8,67.75,,,,,,,,,,,,,,,,,,,
551.9,0x100,BMS_PackState,31.44,-22.5,67.62,,,,,,,,,,,,,,,,,,,
552.0,0x100,BMS_PackState,31.41,-20.0,67.56,,,,,,,,,,,,,,,,,,,
552.0,0x101,BMS_CellVolt1,,,,3.9290000000000003,3.926,3.923,3.927,,,,,,,,,,,,,,,
552.0,0x102,BMS_CellVolt2,,,,,,,,3.9170000000000003,3.942,3.926,3.919,,,,,,,,,,,
552.0,0x103,BMS_Temps,,,,,,,,,,,,26.3,26.3,26.8,26.400000000000002,,,,,,,
552.0,0x104,BMS_Status,,,,,,,,,,,,,,,,0.0,0.0,0.0,0.0,0.0,1.0,0.0
552.1,0x100,BMS_PackState,31.400000000000002,-20.0,67.54,,,,,,,,,,,,,,,,,,,
552.2,0x100,BMS_PackState,31.44,-22.200000000000003,67.8,,,,,,,,,,,,,,,,,,,
552.3,0x100,BMS_PackState,31.400000000000002,-19.700000000000003,67.6,,,,,,,,,,,,,,,,,,,
552.4,0x100,BMS_PackState,31.43,-21.200000000000003,67.6,,,,,,,,,,,,,,,,,,,
552.5,0x100,BMS_PackState,31.45,-23.1,67.72,,,,,,,,,,,,,,,,,,,
552.5,0x101,BMS_CellVolt1,,,,3.9290000000000003,3.928,3.9290000000000003,3.9330000000000003,,,,,,,,,,,,,,,
552.5,0x102,BMS_CellVolt2,,,,,,,,3.928,3.95,3.9250000000000003,3.93,,,,,,,,,,,
552.6,0x100,BMS_PackState,31.41,-20.3,67.77,,,,,,,,,,,,,,,,,,,
552.7,0x100,BMS_PackState,31.42,-20.700000000000003,67.56,,,,,,,,,,,,,,,,,,,
552.8,0x100,BMS_PackState,31.43,-21.3,67.68,,,,,,,,,,,,,,,,,,,
552.9,0x100,BMS_PackState,31.43,-21.1,67.68,,,,,,,,,,,,,,,,,,,
553.0,0x100,BMS_PackState,31.45,-22.1,67.6,,,,,,,,,,,,,,,,,,,
553.0,0x101,BMS_CellVolt1,,,,3.931,3.934,3.9290000000000003,3.931,,,,,,,,,,,,,,,
553.0,0x102,BMS_CellVolt2,,,,,,,,3.9250000000000003,3.946,3.927,3.927,,,,,,,,,,,
553.0,0x103,BMS_Temps,,,,,,,,,,,,26.3,26.3,26.8,26.3,,,,,,,
553.0,0x104,BMS_Status,,,,,,,,,,,,,,,,0.0,0.0,0.0,0.0,0.0,1.0,0.0
553.1,0x100,BMS_PackState,31.42,-20.1,67.58,,,,,,,,,,,,,,,,,,,
553.2,0x100,BMS_PackState,31.42,-21.1,67.56,,,,,,,,,,,,,,,,,,,
553.3,0x100,BMS_PackState,31.42,-20.8,67.73,,,,,,,,,,,,,,,,,,,
553.4,0x100,BMS_PackState,31.43,-20.5,67.65,,,,,,,,,,,,,,,,,,,
553.5,0x100,BMS_PackState,31.45,-22.700000000000003,67.63,,,,,,,,,,,,,,,,,,,
553.5,0x101,BMS_CellVolt1,,,,3.9290000000000003,3.9290000000000003,3.931,3.931,,,,,,,,,,,,,,,
553.5,0x102,BMS_CellVolt2,,,,,,,,3.924,3.9490000000000003,3.926,3.926,,,,,,,,,,,
553.6,0x100,BMS_PackState,31.44,-22.3,67.56,,,,,,,,,,,,,,,,,,,
553.7,0x100,BMS_PackState,31.46,-24.3,67.73,,,,,,,,,,,,,,,,,,,
553.8,0x100,BMS_PackState,31.42,-20.200000000000003,67.66,,,,,,,,,,,,,,,,,,,
553.9,0x100,BMS_PackState,31.45,-22.8,67.55,,,,,,,,,,,,,,,,,,,
554.0,0x100,BMS_PackState,31.42,-20.8,67.6,,,,,,,,,,,,,,,,,,,
554.0,0x101,BMS_CellVolt1,,,,3.928,3.928,3.927,3.93,,,,,,,,,,,,,,,
554.0,0x102,BMS_CellVolt2,,,,,,,,3.924,3.942,3.924,3.922,,,,,,,,,,,
554.0,0x103,BMS_Temps,,,,,,,,,,,,26.3,26.3,26.8,26.200000000000003,,,,,,,
554.0,0x104,BMS_Status,,,,,,,,,,,,,,,,0.0,0.0,0.0,0.0,0.0,1.0,0.0
554.1,0x100,BMS_PackState,31.42,-20.400000000000002,67.71000000000001,,,,,,,,,,,,,,,,,,,
554.2,0x100,BMS_PackState,31.41,-20.1,67.46000000000001,,,,,,,,,,,,,,,,,,,
554.3,0x100,BMS_PackState,31.45,-22.8,67.63,,,,,,,,,,,,,,,,,,,
554.4,0x100,BMS_PackState,31.43,-21.1,67.72,,,,,,,,,,,,,,,,,,,
554.5,0x100,BMS_PackState,31.400000000000002,-18.5,67.67,,,,,,,,,,,,,,,,,,,
554.5,0x101,BMS_CellVolt1,,,,3.9250000000000003,3.926,3.924,3.926,,,,,,,,,,,,,,,
554.5,0x102,BMS_CellVolt2,,,,,,,,3.92,3.9410000000000003,3.92,3.9210000000000003,,,,,,,,,,,
554.6,0x100,BMS_PackState,31.39,-18.400000000000002,67.72,,,,,,,,,,,,,,,,,,,
554.7,0x100,BMS_PackState,31.41,-19.5,67.43,,,,,,,,,,,,,,,,,,,
554.8,0x100,BMS_PackState,31.43,-20.5,67.51,,,,,,,,,,,,,,,,,,,
554.9,0x100,BMS_PackState,31.44,-22.5,67.74,,,,,,,,,,,,,,,,,,,
555.0,0x100,BMS_PackState,31.41,-19.900000000000002,67.69,,,,,,,,,,,,,,,,,,,
555.0,0x101,BMS_CellVolt1,,,,3.928,3.927,3.923,3.9250000000000003,,,,,,,,,,,,,,,
555.0,0x102,BMS_CellVolt2,,,,,,,,3.919,3.943,3.9250000000000003,3.9250000000000003,,,,,,,,,,,
555.0,0x103,BMS_Temps,,,,,,,,,,,,26.400000000000002,26.3,26.6,26.3,,,,,,,
555.0,0x104,BMS_Status,,,,,,,,,,,,,,,,0.0,0.0,0.0,0.0,0.0,1.0,0.0
555.1,0x100,BMS_PackState,31.43,-21.200000000000003,67.62,,,,,,,,,,,,,,,,,,,
555.2,0x100,BMS_PackState,31.42,-20.200000000000003,67.68,,,,,,,,,,,,,,,,,,,
555.3,0x100,BMS_PackState,31.45,-21.900000000000002,67.71000000000001,,,,,,,,,,,,,,,,,,,
555.4,0x100,BMS_PackState,31.44,-21.3,67.6,,,,,,,,,,,,,,,,,,,
555.5,0x100,BMS_PackState,31.43,-20.8,67.59,,,,,,,,,,,,,,,,,,,
555.5,0x101,BMS_CellVolt1,,,,3.93,3.9290000000000003,3.928,3.9290000000000003,,,,,,,,,,,,,,,
555.5,0x102,BMS_CellVolt2,,,,,,,,3.923,3.948,3.9250000000000003,3.922,,,,,,,,,,,
555.6,0x100,BMS_PackState,31.42,-20.6,67.52,,,,,,,,,,,,,,,,,,,
555.7,0x100,BMS_PackState,31.43,-20.3,67.8,,,,,,,,,,,,,,,,,,,
555.8,0x100,BMS_PackState,31.44,-21.900000000000002,67.67,,,,,,,,,,,,,,,,,,,
555.9,0x100,BMS_PackState,31.46,-23.0,67.81,,,,,,,,,,,,,,,,,,,
556.0,0x100,BMS_PackState,31.39,-18.6,67.53,,,,,,,,,,,,,,,,,,,
556.0,0x101,BMS_CellVolt1,,,,3.923,3.922,3.9250000000000003,3.923,,,,,,,,,,,,,,,
556.0,0x102,BMS_CellVolt2,,,,,,,,3.918,3.9370000000000003,3.92,3.92,,,,,,,,,,,
556.0,0x103,BMS_Temps,,,,,,,,,,,,26.200000000000003,26.3,26.700000000000003,26.1,,,,,,,
556.0,0x104,BMS_Status,,,,,,,,,,,,,,,,0.0,0.0,0.0,0.0,0.0,1.0,0.0
556.1,0x100,BMS_PackState,31.38,-17.3,67.68,,,,,,,,,,,,,,,,,,,
556.2,0x100,BMS_PackState,31.42,-20.3,67.54,,,,,,,,,,,,,,,,,,,
556.3,0x100,BMS_PackState,31.45,-23.0,67.84,,,,,,,,,,,,,,,,,,,
556.4,0x100,BMS_PackState,31.44,-22.200000000000003,67.94,,,,,,,,,,,,,,,,,,,
556.5,0x100,BMS_PackState,31.43,-20.200000000000003,67.79,,,,,,,,,,,,,,,,,,,
556.5,0x101,BMS_CellVolt1,,,,3.928,3.9250000000000003,3.927,3.93,,,,,,,,,,,,,,,
556.5,0x102,BMS_CellVolt2,,,,,,,,3.922,3.948,3.924,3.926,,,,,,,,,,,
556.6,0x100,BMS_PackState,31.400000000000002,-19.0,67.56,,,,,,,,,,,,,,,,,,,
556.7,0x100,BMS_PackState,31.45,-22.8,67.56,,,,,,,,,,,,,,,,,,,
556.8,0x100,BMS_PackState,31.43,-21.200000000000003,67.66,,,,,,,,,,,,,,,,,,,
556.9,0x100,BMS_PackState,31.43,-20.700000000000003,67.69,,,,,,,,,,,,,,,,,,,
557.0,0x100,BMS_PackState,31.41,-19.700000000000003,67.73,,,,,,,,,,,,,,,,,,,
557.0,0x101,BMS_CellVolt1,,,,3.9250000000000003,3.926,3.924,3.93,,,,,,,,,,,,,,,
557.0,0x102,BMS_CellVolt2,,,,,,,,3.919,3.942,3.9250000000000003,3.92,,,,,,,,,,,
557.0,0x103,BMS_Temps,,,,,,,,,,,,26.3,26.200000000000003,26.700000000000003,26.1,,,,,,,
557.0,0x104,BMS_Status,,,,,,,,,,,,,,,,0.0,0.0,0.0,0.0,0.0,1.0,0.0
557.1,0x100,BMS_PackState,31.44,-21.5,67.72,,,,,,,,,,,,,,,,,,,
557.2,0x100,BMS_PackState,31.46,-23.3,67.68,,,,,,,,,,,,,,,,,,,
557.3,0x100,BMS_PackState,31.42,-20.1,67.66,,,,,,,,,,,,,,,,,,,
557.4,0x100,BMS_PackState,31.400000000000002,-19.3,67.6,,,,,,,,,,,,,,,,,,,
557.5,0x100,BMS_PackState,31.43,-21.1,67.75,,,,,,,,,,,,,,,,,,,
557.5,0x101,BMS_CellVolt1,,,,3.927,3.926,3.928,3.9290000000000003,,,,,,,,,,,,,,,
557.5,0x102,BMS_CellVolt2,,,,,,,,3.923,3.947,3.922,3.9250000000000003,,,,,,,,,,,
557.6,0x100,BMS_PackState,31.42,-20.400000000000002,67.45,,,,,,,,,,,,,,,,,,,
557.7,0x100,BMS_PackState,31.43,-21.700000000000003,67.69,,,,,,,,,,,,,,,,,,,
557.8,0x100,BMS_PackState,31.45,-22.3,67.71000000000001,,,,,,,,,,,,,,,,,,,
557.9,0x100,BMS_PackState,31.42,-19.5,67.67,,,,,,,,,,,,,,,,,,,
558.0,0x100,BMS_PackState,31.42,-20.400000000000002,67.77,,,,,,,,,,,,,,,,,,,
558.0,0x101,BMS_CellVolt1,,,,3.926,3.927,3.927,3.927,,,,,,,,,,,,,,,
558.0,0x102,BMS_CellVolt2,,,,,,,,3.924,3.9450000000000003,3.924,3.924,,,,,,,,,,,
558.0,0x103,BMS_Temps,,,,,,,,,,,,26.3,26.200000000000003,26.8,26.200000000000003,,,,,,,
558.0,0x104,BMS_Status,,,,,,,,,,,,,,,,0.0,0.0,0.0,0.0,0.0,1.0,0.0
558.1,0x100,BMS_PackState,31.41,-20.3,67.79,,,,,,,,,,,,,,,,,,,
558.2,0x100,BMS_PackState,31.400000000000002,-18.7,67.71000000000001,,,,,,,,,,,,,,,,,,,
558.3,0x100,BMS_PackState,31.45,-22.6,67.92,,,,,,,,,,,,,,,,,,,
558.4,0x100,BMS_PackState,31.46,-21.8,67.62,,,,,,,,,,,,,,,,,,,
558.5,0x100,BMS_PackState,31.43,-20.8,67.65,,,,,,,,,,,,,,,,,,,
558.5,0x101,BMS_CellVolt1,,,,3.927,3.927,3.927,3.927,,,,,,,,,,,,,,,
558.5,0x102,BMS_CellVolt2,,,,,,,,3.924,3.948,3.924,3.923,,,,,,,,,,,
558.6,0x100,BMS_PackState,31.44,-21.8,67.66,,,,,,,,,,,,,,,,,,,
558.7,0x100,BMS_PackState,31.42,-19.8,67.81,,,,,,,,,,,,,,,,,,,
558.8,0x100,BMS_PackState,31.44,-21.3,67.74,,,,,,,,,,,,,,,,,,,
558.9,0x100,BMS_PackState,31.45,-22.5,67.51,,,,,,,,,,,,,,,,,,,
559.0,0x100,BMS_PackState,31.43,-20.900000000000002,67.67,,,,,,,,,,,,,,,,,,,
559.0,0x101,BMS_CellVolt1,,,,3.926,3.93,3.93,3.9290000000000003,,,,,,,,,,,,,,,
559.0,0x102,BMS_CellVolt2,,,,,,,,3.922,3.944,3.923,3.922,,,,,,,,,,,
559.0,0x103,BMS_Temps,,,,,,,,,,,,26.200000000000003,26.3,26.700000000000003,26.3,,,,,,,
559.0,0x104,BMS_Status,,,,,,,,,,,,,,,,0.0,0.0,0.0,0.0,0.0,1.0,0.0
559.1,0x100,BMS_PackState,31.42,-20.700000000000003,67.64,,,,,,,,,,,,,,,,,,,
559.2,0x100,BMS_PackState,31.42,-19.6,67.87,,,,,,,,,,,,,,,,,,,
559.3,0x100,BMS_PackState,31.42,-20.400000000000002,67.63,,,,,,,,,,,,,,,,,,,
559.4,0x100,BMS_PackState,31.42,-20.3,67.71000000000001,,,,,,,,,,,,,,,,,,,
559.5,0x100,BMS_PackState,31.42,-20.5,67.55,,,,,,,,,,,,,,,,,,,
559.5,0x101,BMS_CellVolt1,,,,3.9290000000000003,3.926,3.927,3.927,,,,,,,,,,,,,,,
559.5,0x102,BMS_CellVolt2,,,,,,,,3.922,3.939,3.924,3.922,,,,,,,,,,,
559.6,0x100,BMS_PackState,31.44,-21.3,67.73,,,,,,,,,,,,,,,,,,,
559.7,0x100,BMS_PackState,31.45,-22.1,67.9,,,,,,,,,,,,,,,,,,,
559.8,0x100,BMS_PackState,31.43,-20.6,67.63,,,,,,,,,,,,,,,,,,,
559.9,0x100,BMS_PackState,31.43,-21.5,67.81,,,,,,,,,,,,,,,,,,,
560.0,0x100,BMS_PackState,31.39,-18.5,67.7,,,,,,,,,,,,,,,,,,,
560.0,0x101,BMS_CellVolt1,,,,3.927,3.92,3.918,3.9290000000000003,,,,,,,,,,,,,,,
560.0,0x102,BMS_CellVolt2,,,,,,,,3.9170000000000003,3.939,3.918,3.92,,,,,,,,,,,
560.0,0x103,BMS_Temps,,,,,,,,,,,,26.1,26.400000000000002,26.8,26.3,,,,,,,
560.0,0x104,BMS_Status,,,,,,,,,,,,,,,,0.0,0.0,0.0,0.0,0.0,1.0,0.0
560.1,0x100,BMS_PackState,31.400000000000002,-19.0,67.72,,,,,,,,,,,,,,,,,,,
560.2,0x100,BMS_PackState,31.42,-20.1,67.78,,,,,,,,,,,,,,,,,,,
560.3,0x100,BMS_PackState,31.42,-20.400000000000002,67.59,,,,,,,,,,,,,,,,,,,
560.4,0x100,BMS_PackState,31.44,-21.1,67.65,,,,,,,,,,,,,,,,,,,
560.5,0x100,BMS_PackState,31.46,-22.900000000000002,67.63,,,,,,,,,,,,,,,,,,,
560.5,0x101,BMS_CellVolt1,,,,3.931,3.931,3.932,3.932,,,,,,,,,,,,,,,
560.5,0x102,BMS_CellVolt2,,,,,,,,3.922,3.95,3.931,3.928,,,,,,,,,,,
560.6,0x100,BMS_PackState,31.44,-21.3,67.89,,,,,,,,,,,,,,,,,,,
560.7,0x100,BMS_PackState,31.43,-20.8,67.83,,,,,,,,,,,,,,,,,,,
560.8,0x100,BMS_PackState,31.44,-20.700000000000003,67.83,,,,,,,,,,,,,,,,,,,
560.9,0x100,BMS_PackState,31.42,-20.3,67.83,,,,,,,,,,,,,,,,,,,
561.0,0x100,BMS_PackState,31.42,-19.6,67.81,,,,,,,,,,,,,,,,,,,
561.0,0x101,BMS_CellVolt1,,,,3.9250000000000003,3.9290000000000003,3.927,3.927,,,,,,,,,,,,,,,
561.0,0x102,BMS_CellVolt2,,,,,,,,3.9250000000000003,3.943,3.9250000000000003,3.92,,,,,,,,,,,
561.0,0x103,BMS_Temps,,,,,,,,,,,,26.3,26.3,26.700000000000003,26.200000000000003,,,,,,,
561.0,0x104,BMS_Status,,,,,,,,,,,,,,,,0.0,0.0,0.0,0.0,0.0,1.0,0.0
561.1,0x100,BMS_PackState,31.45,-22.0,67.57000000000001,,,,,,,,,,,,,,,,,,,
561.2,0x100,BMS_PackState,31.44,-22.0,67.67,,,,,,,,,,,,,,,,,,,
561.3,0x100,BMS_PackState,31.400000000000002,-18.8,67.71000000000001,,,,,,,,,,,,,,,,,,,
561.4,0x100,BMS_PackState,31.43,-19.8,67.75,,,,,,,,,,,,,,,,,,,
561.5,0x100,BMS_PackState,31.44,-21.6,67.64,,,,,,,,,,,,,,,,,,,
561.5,0x101,BMS_CellVolt1,,,,3.9290000000000003,3.93,3.926,3.932,,,,,,,,,,,,,,,
561.5,0x102,BMS_CellVolt2,,,,,,,,3.9250000000000003,3.947,3.926,3.9250000000000003,,,,,,,,,,,
561.6,0x100,BMS_PackState,31.43,-21.200000000000003,67.6,,,,,,,,,,,,,,,,,,,
561.7,0x100,BMS_PackState,31.44,-21.200000000000003,67.63,,,,,,,,,,,,,,,,,,,
561.8,0x100,BMS_PackState,31.43,-21.0,67.67,,,,,,,,,,,,,,,,,,,
561.9,0x100,BMS_PackState,31.42,-20.3,67.71000000000001,,,,,,,,,,,,,,,,,,,
562.0,0x100,BMS_PackState,31.39,-17.2,67.79,,,,,,,,,,,,,,,,,,,
562.0,0x101,BMS_CellVolt1,,,,3.922,3.922,3.923,3.927,,,,,,,,,,,,,,,
562.0,0x102,BMS_CellVolt2,,,,,,,,3.918,3.935,3.922,3.919,,,,,,,,,,,
562.0,0x103,BMS_Temps,,,,,,,,,,,,26.3,26.3,26.8,26.1,,,,,,,
562.0,0x104,BMS_Status,,,,,,,,,,,,,,,,0.0,0.0,0.0,0.0,0.0,1.0,0.0
562.1,0x100,BMS_PackState,31.44,-20.700000000000003,67.73,,,,,,,,,,,,,,,,,,,
562.2,0x100,BMS_PackState,31.42,-20.0,67.87,,,,,,,,,,,,,,,,,,,
562.3,0x100,BMS_PackState,31.470000000000002,-23.5,67.81,,,,,,,,,,,,,,,,,,,
562.4,0x100,BMS_PackState,31.44,-21.700000000000003,67.72,,,,,,,,,,,,,,,,,,,
562.5,0x100,BMS_PackState,31.41,-19.200000000000003,67.8,,,,,,,,,,,,,,,,,,,
562.5,0x101,BMS_CellVolt1,,,,3.9290000000000003,3.924,3.922,3.928,,,,,,,,,,,,,,,
562.5,0x102,BMS_CellVolt2,,,,,,,,3.922,3.9410000000000003,3.9210000000000003,3.922,,,,,,,,,,,
562.6,0x100,BMS_PackState,31.42,-20.400000000000002,67.74,,,,,,,,,,,,,,,,,,,
562.7,0x100,BMS_PackState,31.51,-27.6,67.69,,,,,,,,,,,,,,,,,,,
562.8,0x100,BMS_PackState,31.42,-20.0,67.76,,,,,,,,,,,,,,,,,,,
562.9,0x100,BMS_PackState,31.39,-18.1,67.8,,,,,,,,,,,,,,,,,,,
563.0,0x100,BMS_PackState,31.470000000000002,-24.0,67.86,,,,,,,,,,,,,,,,,,,
563.0,0x101,BMS_CellVolt1,,,,3.9330000000000003,3.93,3.9330000000000003,3.939,,,,,,,,,,,,,,,
563.0,0x102,BMS_CellVolt2,,,,,,,,3.9290000000000003,3.952,3.9290000000000003,3.927,,,,,,,,,,,
563.0,0x103,BMS_Temps,,,,,,,,,,,,26.200000000000003,26.400000000000002,26.700000000000003,26.3,,,,,,,
563.0,0x104,BMS_Status,,,,,,,,,,,,,,,,0.0,0.0,0.0,0.0,0.0,1.0,0.0
563.1,0x100,BMS_PackState,31.400000000000002,-18.7,67.98,,,,,,,,,,,,,,,,,,,
563.2,0x100,BMS_PackState,31.48,-25.200000000000003,67.89,,,,,,,,,,,,,,,,,,,
563.3,0x100,BMS_PackState,31.42,-19.6,67.66,,,,,,,,,,,,,,,,,,,
563.4,0x100,BMS_PackState,31.43,-21.0,67.6,,,,,,,,,,,,,,,,,,,
563.5,0x100,BMS_PackState,31.48,-24.5,67.89,,,,,,,,,,,,,,,,,,,
563.5,0x101,BMS_CellVolt1,,,,3.931,3.934,3.934,3.939,,,,,,,,,,,,,,,
563.5,0x102,BMS_CellVolt2,,,,,,,,3.928,3.954,3.9330000000000003,3.93,,,,,,,,,,,
563.6,0x100,BMS_PackState,31.43,-20.3,67.75,,,,,,,,,,,,,,,,,,,
563.7,0x100,BMS_PackState,31.41,-19.3,67.7,,,,,,,,,,,,,,,,,,,
563.8,0x100,BMS_PackState,31.43,-20.5,67.93,,,,,,,,,,,,,,,,,,,
563.9,0x100,BMS_PackState,31.43,-20.1,67.75,,,,,,,,,,,,,,,,,,,
564.0,0x100,BMS_PackState,31.44,-21.6,67.76,,,,,,,,,,,,,,,,,,,
564.0,0x101,BMS_CellVolt1,,,,3.927,3.9290000000000003,3.9290000000000003,3.9290000000000003,,,,,,,,,,,,,,,
564.0,0x102,BMS_CellVolt2,,,,,,,,3.924,3.9490000000000003,3.927,3.928,,,,,,,,,,,
564.0,0x103,BMS_Temps,,,,,,,,,,,,26.3,26.3,26.8,26.3,,,,,,,
564.0,0x104,BMS_Status,,,,,,,,,,,,,,,,0.0,0.0,0.0,0.0,0.0,1.0,0.0
564.1,0x100,BMS_PackState,31.46,-23.8,67.71000000000001,,,,,,,,,,,,,,,,,,,
564.2,0x100,BMS_PackState,31.43,-20.0,67.57000000000001,,,,,,,,,,,,,,,,,,,
564.3,0x100,BMS_PackState,31.41,-18.400000000000002,67.68,,,,,,,,,,,,,,,,,,,
564.4,0x100,BMS_PackState,31.41,-19.3,67.71000000000001,,,,,,,,,,,,,,,,,,,
564.5,0x100,BMS_PackState,31.470000000000002,-24.0,67.61,,,,,,,,,,,,,,,,,,,
564.5,0x101,BMS_CellVolt1,,,,3.931,3.934,3.934,3.9330000000000003,,,,,,,,,,,,,,,
564.5,0x102,BMS_CellVolt2,,,,,,,,3.926,3.954,3.928,3.93,,,,,,,,,,,
564.6,0x100,BMS_PackState,31.470000000000002,-23.3,67.79,,,,,,,,,,,,,,,,,,,
564.7,0x100,BMS_PackState,31.45,-22.3,67.81,,,,,,,,,,,,,,,,,,,
564.8,0x100,BMS_PackState,31.46,-23.400000000000002,67.87,,,,,,,,,,,,,,,,,,,
564.9,0x100,BMS_PackState,31.44,-20.900000000000002,67.71000000000001,,,,,,,,,,,,,,,,,,,
565.0,0x100,BMS_PackState,31.43,-20.400000000000002,67.6,,,,,,,,,,,,,,,,,,,
565.0,0x101,BMS_CellVolt1,,,,3.93,3.928,3.93,3.93,,,,,,,,,,,,,,,
565.0,0x102,BMS_CellVolt2,,,,,,,,3.9250000000000003,3.94,3.9250000000000003,3.9250000000000003,,,,,,,,,,,
565.0,0x103,BMS_Temps,,,,,,,,,,,,26.3,26.400000000000002,26.8,26.200000000000003,,,,,,,
565.0,0x104,BMS_Status,,,,,,,,,,,,,,,,0.0,0.0,0.0,0.0,0.0,1.0,0.0
565.1,0x100,BMS_PackState,31.470000000000002,-23.1,67.75,,,,,,,,,,,,,,,,,,,
565.2,0x100,BMS_PackState,31.42,-19.8,67.66,,,,,,,,,,,,,,,,,,,
565.3,0x100,BMS_PackState,31.43,-20.1,67.79,,,,,,,,,,,,,,,,,,,
565.4,0x100,BMS_PackState,31.45,-21.8,67.88,,,,,,,,,,,,,,,,,,,
565.5,0x100,BMS_PackState,31.44,-21.3,67.74,,,,,,,,,,,,,,,,,,,
565.5,0x101,BMS_CellVolt1,,,,3.93,3.93,3.924,3.9290000000000003,,,,,,,,,,,,,,,
565.5,0x102,BMS_CellVolt2,,,,,,,,3.9250000000000003,3.95,3.9290000000000003,3.923,,,,,,,,,,,
565.6,0x100,BMS_PackState,31.470000000000002,-23.900000000000002,67.79,,,,,,,,,,,,,,,,,,,
565.7,0x100,BMS_PackState,31.44,-21.5,67.59,,,,,,,,,,,,,,,,,,,
565.8,0x100,BMS_PackState,31.45,-21.0,67.76,,,,,,,,,,,,,,,,,,,
565.9,0x100,BMS_PackState,31.44,-20.700000000000003,67.96000000000001,,,,,,,,,,,,,,,,,,,
566.0,0x100,BMS_PackState,31.44,-20.400000000000002,67.86,,,,,,,,,,,,,,,,,,,
566.0,0x101,BMS_CellVolt1,,,,3.931,3.9290000000000003,3.9290000000000003,3.9290000000000003,,,,,,,,,,,,,,,
566.0,0x102,BMS_CellVolt2,,,,,,,,3.924,3.943,3.926,3.9250000000000003,,,,,,,,,,,
566.0,0x103,BMS_Temps,,,,,,,,,,,,26.3,26.3,26.8,26.1,,,,,,,
566.0,0x104,BMS_Status,,,,,,,,,,,,,,,,0.0,0.0,0.0,0.0,0.0,1.0,0.0
566.1,0x100,BMS_PackState,31.45,-20.6,67.72,,,,,,,,,,,,,,,,,,,
566.2,0x100,BMS_PackState,31.44,-21.400000000000002,67.69,,,,,,,,,,,,,,,,,,,
566.3,0x100,BMS_PackState,31.43,-20.6,67.8,,,,,,,,,,,,,,,,,,,
566.4,0x100,BMS_PackState,31.43,-19.5,67.86,,,,,,,,,,,,,,,,,,,
566.5,0x100,BMS_PackState,31.44,-21.1,67.73,,,,,,,,,,,,,,,,,,,
566.5,0x101,BMS_CellVolt1,,,,3.931,3.926,3.932,3.9290000000000003,,,,,,,,,,,,,,,
566.5,0x102,BMS_CellVolt2,,,,,,,,3.923,3.946,3.9250000000000003,3.924,,,,,,,,,,,
566.6,0x100,BMS_PackState,31.44,-20.5,67.79,,,,,,,,,,,,,,,,,,,
566.7,0x100,BMS_PackState,31.44,-21.3,67.62,,,,,,,,,,,,,,,,,,,
566.8,0x100,BMS_PackState,31.45,-22.0,67.89,,,,,,,,,,,,,,,,,,,
566.9,0x100,BMS_PackState,31.42,-20.200000000000003,67.73,,,,,,,,,,,,,,,,,,,
567.0,0x100,BMS_PackState,31.45,-21.8,67.88,,,,,,,,,,,,,,,,,,,
567.0,0x101,BMS_CellVolt1,,,,3.93,3.927,3.9290000000000003,3.932,,,,,,,,,,,,,,,
567.0,0x102,BMS_CellVolt2,,,,,,,,3.926,3.9490000000000003,3.931,3.93,,,,,,,,,,,
567.0,0x103,BMS_Temps,,,,,,,,,,,,26.3,26.3,26.700000000000003,26.200000000000003,,,,,,,
567.0,0x104,BMS_Status,,,,,,,,,,,,,,,,0.0,0.0,0.0,0.0,0.0,1.0,0.0
567.1,0x100,BMS_PackState,31.43,-20.400000000000002,67.85,,,,,,,,,,,,,,,,,,,
567.2,0x100,BMS_PackState,31.43,-21.0,67.86,,,,,,,,,,,,,,,,,,,
567.3,0x100,BMS_PackState,31.45,-21.5,67.79,,,,,,,,,,,,,,,,,,,
567.4,0x100,BMS_PackState,31.45,-21.5,67.98,,,,,,,,,,,,,,,,,,,
567.5,0x100,BMS_PackState,31.45,-21.8,67.76,,,,,,,,,,,,,,,,,,,
567.5,0x101,BMS_CellVolt1,,,,3.928,3.9290000000000003,3.9290000000000003,3.9330000000000003,,,,,,,,,,,,,,,
567.5,0x102,BMS_CellVolt2,,,,,,,,3.927,3.9490000000000003,3.928,3.923,,,,,,,,,,,
567.6,0x100,BMS_PackState,31.48,-23.5,67.99,,,,,,,,,,,,,,,,,,,
567.7,0x100,BMS_PackState,31.43,-20.400000000000002,67.85,,,,,,,,,,,,,,,,,,,
567.8,0x100,BMS_PackState,31.43,-20.700000000000003,67.84,,,,,,,,,,,,,,,,,,,
567.9,0x100,BMS_PackState,31.43,-19.700000000000003,67.8,,,,,,,,,,,,,,,,,,,
568.0,0x100,BMS_PackState,31.45,-21.8,67.84,,,,,,,,,,,,,,,,,,,
568.0,0x101,BMS_CellVolt1,,,,3.9290000000000003,3.936,3.926,3.932,,,,,,,,,,,,,,,
568.0,0x102,BMS_CellVolt2,,,,,,,,3.927,3.95,3.927,3.924,,,,,,,,,,,
568.0,0x103,BMS_Temps,,,,,,,,,,,,26.3,26.400000000000002,26.700000000000003,26.200000000000003,,,,,,,
568.0,0x104,BMS_Status,,,,,,,,,,,,,,,,0.0,0.0,0.0,0.0,0.0,1.0,0.0
568.1,0x100,BMS_PackState,31.41,-18.2,67.83,,,,,,,,,,,,,,,,,,,
568.2,0x100,BMS_PackState,31.45,-21.6,68.0,,,,,,,,,,,,,,,,,,,
568.3,0x100,BMS_PackState,31.46,-22.3,67.71000000000001,,,,,,,,,,,,,,,,,,,
568.4,0x100,BMS_PackState,31.46,-22.5,67.81,,,,,,,,,,,,,,,,,,,
568.5,0x100,BMS_PackState,31.46,-23.6,67.74,,,,,,,,,,,,,,,,,,,
568.5,0x101,BMS_CellVolt1,,,,3.93,3.931,3.931,3.931,,,,,,,,,,,,,,,
568.5,0x102,BMS_CellVolt2,,,,,,,,3.926,3.952,3.9290000000000003,3.932,,,,,,,,,,,
568.6,0x100,BMS_PackState,31.42,-18.7,67.78,,,,,,,,,,,,,,,,,,,
568.7,0x100,BMS_PackState,31.42,-18.900000000000002,67.84,,,,,,,,,,,,,,,,,,,
568.8,0x100,BMS_PackState,31.43,-20.1,67.99,,,,,,,,,,,,,,,,,,,
568.9,0x100,BMS_PackState,31.46,-22.3,67.89,,,,,,,,,,,,,,,,,,,
569.0,0x100,BMS_PackState,31.41,-18.3,67.75,,,,,,,,,,,,,,,,,,,
569.0,0x101,BMS_CellVolt1,,,,3.9250000000000003,3.926,3.926,3.927,,,,,,,,,,,,,,,
569.0,0x102,BMS_CellVolt2,,,,,,,,3.9210000000000003,3.94,3.919,3.922,,,,,,,,,,,
569.0,0x103,BMS_Temps,,,,,,,,,,,,26.3,26.400000000000002,26.900000000000002,26.200000000000003,,,,,,,
569.0,0x104,BMS_Status,,,,,,,,,,,,,,,,0.0,0.0,0.0,0.0,0.0,1.0,0.0
569.1,0x100,BMS_PackState,31.44,-21.5,67.81,,,,,,,,,,,,,,,,,,,
569.2,0x100,BMS_PackState,31.45,-21.400000000000002,67.96000000000001,,,,,,,,,,,,,,,,,,,
569.3,0x100,BMS_PackState,31.41,-18.8,67.79,,,,,,,,,,,,,,,,,,,
569.4,0x100,BMS_PackState,31.44,-20.0,67.86,,,,,,,,,,,,,,,,,,,
569.5,0x100,BMS_PackState,31.41,-17.7,67.89,,,,,,,,,,,,,,,,,,,
569.5,0x101,BMS_CellVolt1,,,,3.926,3.9250000000000003,3.927,3.9290000000000003,,,,,,,,,,,,,,,
569.5,0x102,BMS_CellVolt2,,,,,,,,3.918,3.939,3.926,3.9210000000000003,,,,,,,,,,,
569.6,0x100,BMS_PackState,31.44,-20.6,67.83,,,,,,,,,,,,,,,,,,,
569.7,0x100,BMS_PackState,31.45,-21.6,67.76,,,,,,,,,,,,,,,,,,,
569.8,0x100,BMS_PackState,31.45,-21.900000000000002,67.88,,,,,,,,,,,,,,,,,,,
569.9,0x100,BMS_PackState,31.470000000000002,-23.8,68.08,,,,,,,,,,,,,,,,,,,
570.0,0x100,BMS_PackState,31.44,-21.400000000000002,67.81,,,,,,,,,,,,,,,,,,,
570.0,0x101,BMS_CellVolt1,,,,3.93,3.93,3.93,3.928,,,,,,,,,,,,,,,
570.0,0x102,BMS_CellVolt2,,,,,,,,3.928,3.948,3.9210000000000003,3.926,,,,,,,,,,,
570.0,0x103,BMS_Temps,,,,,,,,,,,,26.200000000000003,26.400000000000002,26.6,26.200000000000003,,,,,,,
570.0,0x104,BMS_Status,,,,,,,,,,,,,,,,0.0,0.0,0.0,0.0,0.0,1.0,0.0
570.1,0x100,BMS_PackState,31.42,-19.3,67.8,,,,,,,,,,,,,,,,,,,
570.2,0x100,BMS_PackState,31.43,-20.1,67.93,,,,,,,,,,,,,,,,,,,
570.3,0x100,BMS_PackState,31.43,-21.0,68.1,,,,,,,,,,,,,,,,,,,
570.4,0x100,BMS_PackState,31.470000000000002,-22.5,67.78,,,,,,,,,,,,,,,,,,,
570.5,0x100,BMS_PackState,31.43,-20.700000000000003,67.74,,,,,,,,,,,,,,,,,,,
570.5,0x101,BMS_CellVolt1,,,,3.928,3.9290000000000003,3.928,3.931,,,,,,,,,,,,,,,
570.5,0x102,BMS_CellVolt2,,,,,,,,3.926,3.944,3.924,3.924,,,,,,,,,,,
570.6,0x100,BMS_PackState,31.42,-19.5,67.94,,,,,,,,,,,,,,,,,,,
570.7,0x100,BMS_PackState,31.43,-20.400000000000002,67.95,,,,,,,,,,,,,,,,,,,
570.8,0x100,BMS_PackState,31.44,-20.700000000000003,67.77,,,,,,,,,,,,,,,,,,,
570.9,0x100,BMS_PackState,31.46,-22.200000000000003,67.84,,,,,,,,,,,,,,,,,,,
571.0,0x100,BMS_PackState,31.43,-19.700000000000003,67.75,,,,,,,,,,,,,,,,,,,
571.0,0x101,BMS_CellVolt1,,,,3.926,3.9290000000000003,3.927,3.93,,,,,,,,,,,,,,,
571.0,0x102,BMS_CellVolt2,,,,,,,,3.923,3.948,3.926,3.9250000000000003,,,,,,,,,,,
571.0,0x103,BMS_Temps,,,,,,,,,,,,26.3,26.3,26.8,26.200000000000003,,,,,,,
571.0,0x104,BMS_Status,,,,,,,,,,,,,,,,0.0,0.0,0.0,0.0,0.0,1.0,0.0
571.1,0x100,BMS_PackState,31.51,-25.700000000000003,67.83,,,,,,,,,,,,,,,,,,,
571.2,0x100,BMS_PackState,31.44,-20.400000000000002,67.84,,,,,,,,,,,,,,,,,,,
571.3,0x100,BMS_PackState,31.39,-17.1,67.97,,,,,,,,,,,,,,,,,,,
571.4,0x100,BMS_PackState,31.48,-23.3,68.0,,,,,,,,,,,,,,,,,,,
571.5,0x100,BMS_PackState,31.45,-21.400000000000002,67.87,,,,,,,,,,,,,,,,,,,
571.5,0x101,BMS_CellVolt1,,,,3.931,3.932,3.926,3.932,,,,,,,,,,,,,,,
571.5,0x102,BMS_CellVolt2,,,,,,,,3.9250000000000003,3.9490000000000003,3.928,3.926,,,,,,,,,,,
571.6,0x100,BMS_PackState,31.44,-21.0,68.03,,,,,,,,,,,,,,,,,,,
571.7,0x100,BMS_PackState,31.46,-21.700000000000003,67.97,,,,,,,,,,,,,,,,,,,
571.8,0x100,BMS_PackState,31.43,-19.400000000000002,67.75,,,,,,,,,,,,,,,,,,,
571.9,0x100,BMS_PackState,31.44,-20.3,67.99,,,,,,,,,,,,,,,,,,,
572.0,0x100,BMS_PackState,31.43,-20.8,67.96000000000001,,,,,,,,,,,,,,,,,,,
572.0,0x101,BMS_CellVolt1,,,,3.927,3.922,3.926,3.93,,,,,,,,,,,,,,,
572.0,0x102,BMS_CellVolt2,,,,,,,,3.924,3.948,3.927,3.93,,,,,,,,,,,
572.0,0x103,BMS_Temps,,,,,,,,,,,,26.200000000000003,26.3,26.900000000000002,26.3,,,,,,,
572.0,0x104,BMS_Status,,,,,,,,,,,,,,,,0.0,0.0,0.0,0.0,0.0,1.0,0.0
572.1,0x100,BMS_PackState,31.43,-19.8,68.08,,,,,,,,,,,,,,,,,,,
572.2,0x100,BMS_PackState,31.45,-21.0,67.91,,,,,,,,,,,,,,,,,,,
572.3,0x100,BMS_PackState,31.38,-16.2,68.06,,,,,,,,,,,,,,,,,,,
572.4,0x100,BMS_PackState,31.44,-20.8,67.71000000000001,,,,,,,,,,,,,,,,,,,
572.5,0x100,BMS_PackState,31.44,-20.700000000000003,67.85,,,,,,,,,,,,,,,,,,,
572.5,0x101,BMS_CellVolt1,,,,3.9290000000000003,3.93,3.927,3.927,,,,,,,,,,,,,,,
572.5,0x102,BMS_CellVolt2,,,,,,,,3.922,3.947,3.926,3.926,,,,,,,,,,,
572.6,0x100,BMS_PackState,31.470000000000002,-23.6,67.69,,,,,,,,,,,,,,,,,,,
572.7,0x100,BMS_PackState,31.46,-21.8,67.86,,,,,,,,,,,,,,,,,,,
572.8,0x100,BMS_PackState,31.41,-19.3,67.91,,,,,,,,,,,,,,,,,,,
572.9,0x100,BMS_PackState,31.470000000000002,-23.0,67.89,,,,,,,,,,,,,,,,,,,
573.0,0x100,BMS_PackState,31.48,-24.200000000000003,67.99,,,,,,,,,,,,,,,,,,,
573.0,0x101,BMS_CellVolt1,,,,3.932,3.934,3.93,3.9370000000000003,,,,,,,,,,,,,,,
573.0,0x102,BMS_CellVolt2,,,,,,,,3.927,3.9570000000000003,3.931,3.93,,,,,,,,,,,
573.0,0x103,BMS_Temps,,,,,,,,,,,,26.3,26.3,26.700000000000003,26.3,,,,,,,
573.0,0x104,BMS_Status,,,,,,,,,,,,,,,,0.0,0.0,0.0,0.0,0.0,1.0,0.0
573.1,0x100,BMS_PackState,31.44,-21.0,68.15,,,,,,,,,,,,,,,,,,,
573.2,0x100,BMS_PackState,31.42,-18.900000000000002,67.86,,,,,,,,,,,,,,,,,,,
573.3,0x100,BMS_PackState,31.44,-20.900000000000002,68.03,,,,,,,,,,,,,,,,,,,
573.4,0x100,BMS_PackState,31.46,-21.5,67.97,,,,,,,,,,,,,,,,,,,
573.5,0x100,BMS_PackState,31.48,-23.8,67.94,,,,,,,,,,,,,,,,,,,
573.5,0x101,BMS_CellVolt1,,,,3.9330000000000003,3.934,3.9290000000000003,3.938,,,,,,,,,,,,,,,
573.5,0x102,BMS_CellVolt2,,,,,,,,3.928,3.9570000000000003,3.93,3.93,,,,,,,,,,,
573.6,0x100,BMS_PackState,31.44,-20.3,67.99,,,,,,,,,,,,,,,,,,,
573.7,0x100,BMS_PackState,31.44,-20.0,67.87,,,,,,,,,,,,,,,,,,,
573.8,0x100,BMS_PackState,31.490000000000002,-23.700000000000003,68.01,,,,,,,,,,,,,,,,,,,
573.9,0x100,BMS_PackState,31.42,-19.3,67.77,,,,,,,,,,,,,,,,,,,
574.0,0x100,BMS_PackState,31.43,-19.900000000000002,67.93,,,,,,,,,,,,,,,,,,,
574.0,0x101,BMS_CellVolt1,,,,3.927,3.9290000000000003,3.928,3.926,,,,,,,,,,,,,,,
574.0,0x102,BMS_CellVolt2,,,,,,,,3.9250000000000003,3.9450000000000003,3.923,3.923,,,,,,,,,,,
574.0,0x103,BMS_Temps,,,,,,,,,,,,26.200000000000003,26.3,26.700000000000003,26.1,,,,,,,
574.0,0x104,BMS_Status,,,,,,,,,,,,,,,,0.0,0.0,0.0,0.0,0.0,1.0,0.0
574.1,0x100,BMS_PackState,31.43,-19.3,67.88,,,,,,,,,,,,,,,,,,,
574.2,0x100,BMS_PackState,31.44,-20.1,68.16,,,,,,,,,,,,,,,,,,,
574.3,0x100,BMS_PackState,31.44,-20.0,67.81,,,,,,,,,,,,,,,,,,,
574.4,0x100,BMS_PackState,31.44,-20.200000000000003,67.97,,,,,,,,,,,,,,,,,,,
574.5,0x100,BMS_PackState,31.43,-19.700000000000003,68.04,,,,,,,,,,,,,,,,,,,
574.5,0x101,BMS_CellVolt1,,,,3.9290000000000003,3.927,3.927,3.93,,,,,,,,,,,,,,,
574.5,0x102,BMS_CellVolt2,,,,,,,,3.924,3.944,3.928,3.924,,,,,,,,,,,
574.6,0x100,BMS_PackState,31.490000000000002,-23.700000000000003,67.86,,,,,,,,,,,,,,,,,,,
574.7,0x100,BMS_PackState,31.470000000000002,-23.3,67.92,,,,,,,,,,,,,,,,,,,
574.8,0x100,BMS_PackState,31.46,-22.1,67.87,,,,,,,,,,,,,,,,,,,
574.9,0x100,BMS_PackState,31.45,-21.200000000000003,67.88,,,,,,,,,,,,,,,,,,,
575.0,0x100,BMS_PackState,31.44,-20.400000000000002,68.09,,,,,,,,,,,,,,,,,,,
575.0,0x101,BMS_CellVolt1,,,,3.9290000000000003,3.93,3.927,3.932,,,,,,,,,,,,,,,
575.0,0x102,BMS_CellVolt2,,,,,,,,3.9250000000000003,3.944,3.9250000000000003,3.922,,,,,,,,,,,
575.0,0x103,BMS_Temps,,,,,,,,,,,,26.3,26.400000000000002,26.700000000000003,26.3,,,,,,,
575.0,0x104,BMS_Status,,,,,,,,,,,,,,,,0.0,0.0,0.0,0.0,0.0,1.0,0.0
575.1,0x100,BMS_PackState,31.45,-20.5,67.74,,,,,,,,,,,,,,,,,,,
575.2,0x100,BMS_PackState,31.42,-19.3,67.96000000000001,,,,,,,,,,,,,,,,,,,
575.3,0x100,BMS_PackState,31.42,-19.3,67.72,,,,,,,,,,,,,,,,,,,
575.4,0x100,BMS_PackState,31.46,-22.3,68.03,,,,,,,,,,,,,,,,,,,
575.5,0x100,BMS_PackState,31.45,-20.6,67.89,,,,,,,,,,,,,,,,,,,
575.5,0x101,BMS_CellVolt1,,,,3.93,3.9290000000000003,3.927,3.93,,,,,,,,,,,,,,,
575.5,0x102,BMS_CellVolt2,,,,,,,,3.927,3.952,3.927,3.927,,,,,,,,,,,
575.6,0x100,BMS_PackState,31.46,-22.3,67.76,,,,,,,,,,,,,,,,,,,
575.7,0x100,BMS_PackState,31.45,-21.3,67.92,,,,,,,,,,,,,,,,,,,
575.8,0x100,BMS_PackState,31.44,-20.5,67.82000000000001,,,,,,,,,,,,,,,,,,,
575.9,0x100,BMS_PackState,31.51,-26.1,68.04,,,,,,,,,,,,,,,,,,,
576.0,0x100,BMS_PackState,31.41,-17.400000000000002,68.04,,,,,,,,,,,,,,,,,,,
576.0,0x101,BMS_CellVolt1,,,,3.927,3.9290000000000003,3.923,3.927,,,,,,,,,,,,,,,
576.0,0x102,BMS_CellVolt2,,,,,,,,3.916,3.9410000000000003,3.924,3.922,,,,,,,,,,,
576.0,0x103,BMS_Temps,,,,,,,,,,,,26.200000000000003,26.3,26.8,26.3,,,,,,,
576.0,0x104,BMS_Status,,,,,,,,,,,,,,,,0.0,0.0,0.0,0.0,0.0,1.0,0.0
576.1,0x100,BMS_PackState,31.44,-20.200000000000003,67.83,,,,,,,,,,,,,,,,,,,
576.2,0x100,BMS_PackState,31.46,-21.900000000000002,68.0,,,,,,,,,,,,,,,,,,,
576.3,0x100,BMS_PackState,31.42,-18.1,67.88,,,,,,,,,,,,,,,,,,,
576.4,0x100,BMS_PackState,31.45,-21.5,67.92,,,,,,,,,,,,,,,,,,,
576.5,0x100,BMS_PackState,31.44,-20.8,68.15,,,,,,,,,,,,,,,,,,,
576.5,0x101,BMS_CellVolt1,,,,3.932,3.93,3.928,3.931,,,,,,,,,,,,,,,
576.5,0x102,BMS_CellVolt2,,,,,,,,3.9250000000000003,3.948,3.9250000000000003,3.923,,,,,,,,,,,
576.6,0x100,BMS_PackState,31.46,-21.700000000000003,67.91,,,,,,,,,,,,,,,,,,,
576.7,0x100,BMS_PackState,31.42,-18.5,68.1,,,,,,,,,,,,,,,,,,,
576.8,0x100,BMS_PackState,31.46,-21.200000000000003,68.13,,,,,,,,,,,,,,,,,,,
576.9,0x100,BMS_PackState,31.44,-20.8,67.92,,,,,,,,,,,,,,,,,,,
577.0,0x100,BMS_PackState,31.42,-19.200000000000003,67.98,,,,,,,,,,,,,,,,,,,
577.0,0x101,BMS_CellVolt1,,,,3.927,3.9250000000000003,3.923,3.9290000000000003,,,,,,,,,,,,,,,
577.0,0x102,BMS_CellVolt2,,,,,,,,3.9250000000000003,3.9450000000000003,3.927,3.923,,,,,,,,,,,
577.0,0x103,BMS_Temps,,,,,,,,,,,,26.200000000000003,26.3,26.8,26.200000000000003,,,,,,,
577.0,0x104,BMS_Status,,,,,,,,,,,,,,,,0.0,0.0,0.0,0.0,0.0,1.0,0.0
577.1,0x100,BMS_PackState,31.44,-20.1,67.91,,,,,,,,,,,,,,,,,,,
577.2,0x100,BMS_PackState,31.45,-21.1,67.96000000000001,,,,,,,,,,,,,,,,,,,
577.3,0x100,BMS_PackState,31.42,-19.3,68.02,,,,,,,,,,,,,,,,,,,
577.4,0x100,BMS_PackState,31.41,-17.2,67.95,,,,,,,,,,,,,,,,,,,
577.5,0x100,BMS_PackState,31.44,-20.5,68.0,,,,,,,,,,,,,,,,,,,
577.5,0x101,BMS_CellVolt1,,,,3.9290000000000003,3.928,3.928,3.931,,,,,,,,,,,,,,,
577.5,0x102,BMS_CellVolt2,,,,,,,,3.9250000000000003,3.944,3.928,3.926,,,,,,,,,,,
577.6,0x100,BMS_PackState,31.44,-20.8,67.89,,,,,,,,,,,,,,,,,,,
577.7,0x100,BMS_PackState,31.44,-20.700000000000003,67.87,,,,,,,,,,,,,,,,,,,
577.8,0x100,BMS_PackState,31.43,-19.0,67.93,,,,,,,,,,,,,,,,,,,
577.9,0x100,BMS_PackState,31.46,-21.900000000000002,67.98,,,,,,,,,,,,,,,,,,,
578.0,0x100,BMS_PackState,31.470000000000002,-21.400000000000002,68.1,,,,,,,,,,,,,,,,,,,
578.0,0x101,BMS_CellVolt1,,,,3.934,3.9330000000000003,3.93,3.9330000000000003,,,,,,,,,,,,,,,
578.0,0x102,BMS_CellVolt2,,,,,,,,3.927,3.951,3.931,3.9290000000000003,,,,,,,,,,,
578.0,0x103,BMS_Temps,,,,,,,,,,,,26.3,26.3,26.8,26.3,,,,,,,
578.0,0x104,BMS_Status,,,,,,,,,,,,,,,,0.0,0.0,0.0,0.0,0.0,1.0,0.0
578.1,0x100,BMS_PackState,31.470000000000002,-23.3,67.95,,,,,,,,,,,,,,,,,,,
578.2,0x100,BMS_PackState,31.470000000000002,-22.8,68.01,,,,,,,,,,,,,,,,,,,
578.3,0x100,BMS_PackState,31.470000000000002,-21.8,67.88,,,,,,,,,,,,,,,,,,,
578.4,0x100,BMS_PackState,31.46,-21.1,68.06,,,,,,,,,,,,,,,,,,,
578.5,0x100,BMS_PackState,31.41,-18.3,67.94,,,,,,,,,,,,,,,,,,,
578.5,0x101,BMS_CellVolt1,,,,3.927,3.928,3.923,3.927,,,,,,,,,,,,,,,
578.5,0x102,BMS_CellVolt2,,,,,,,,3.9210000000000003,3.9410000000000003,3.9250000000000003,3.922,,,,,,,,,,,
578.6,0x100,BMS_PackState,31.44,-20.200000000000003,67.95,,,,,,,,,,,,,,,,,,,
578.7,0x100,BMS_PackState,31.48,-22.400000000000002,67.98,,,,,,,,,,,,,,,,,,,
578.8,0x100,BMS_PackState,31.470000000000002,-22.1,67.92,,,,,,,,,,,,,,,,,,,
578.9,0x100,BMS_PackState,31.42,-18.900000000000002,67.87,,,,,,,,,,,,,,,,,,,
579.0,0x100,BMS_PackState,31.43,-19.3,68.03,,,,,,,,,,,,,,,,,,,
579.0,0x101,BMS_CellVolt1,,,,3.926,3.926,3.926,3.932,,,,,,,,,,,,,,,
579.0,0x102,BMS_CellVolt2,,,,,,,,3.923,3.943,3.926,3.9250000000000003,,,,,,,,,,,
579.0,0x103,BMS_Temps,,,,,,,,,,,,26.3,26.3,26.8,26.200000000000003,,,,,,,
579.0,0x104,BMS_Status,,,,,,,,,,,,,,,,0.0,0.0,0.0,0.0,0.0,1.0,0.0
579.1,0x100,BMS_PackState,31.46,-21.0,68.07000000000001,,,,,,,,,,,,,,,,,,,
579.2,0x100,BMS_PackState,31.46,-21.700000000000003,67.85,,,,,,,,,,,,,,,,,,,
579.3,0x100,BMS_PackState,31.42,-19.3,68.01,,,,,,,,,,,,,,,,,,,
579.4,0x100,BMS_PackState,31.470000000000002,-22.5,68.01,,,,,,,,,,,,,,,,,,,
579.5,0x100,BMS_PackState,31.45,-20.400000000000002,67.95,,,,,,,,,,,,,,,,,,,
579.5,0x101,BMS_CellVolt1,,,,3.928,3.9330000000000003,3.93,3.932,,,,,,,,,,,,,,,
579.5,0x102,BMS_CellVolt2,,,,,,,,3.926,3.9450000000000003,3.93,3.9250000000000003,,,,,,,,,,,
579.6,0x100,BMS_PackState,31.400000000000002,-17.6,67.95,,,,,,,,,,,,,,,,,,,
579.7,0x100,BMS_PackState,31.45,-20.700000000000003,68.1,,,,,,,,,,,,,,,,,,,
579.8,0x100,BMS_PackState,31.46,-22.200000000000003,68.21000000000001,,,,,,,,,,,,,,,,,,,
579.9,0x100,BMS_PackState,31.44,-20.400000000000002,68.12,,,,,,,,,,,,,,,,,,,
580.0,0x100,BMS_PackState,31.150000000000002,3.3000000000000003,68.05,,,,,,,,,,,,,,,,,,,
580.0,0x101,BMS_CellVolt1,,,,3.895,3.892,3.892,3.8930000000000002,,,,,,,,,,,,,,,
580.0,0x102,BMS_CellVolt2,,,,,,,,3.896,3.887,3.8970000000000002,3.895,,,,,,,,,,,
580.0,0x103,BMS_Temps,,,,,,,,,,,,26.200000000000003,26.3,26.8,26.200000000000003,,,,,,,
580.0,0x104,BMS_Status,,,,,,,,,,,,,,,,0.0,0.0,0.0,0.0,0.0,1.0,0.0
580.1,0x100,BMS_PackState,31.17,1.9000000000000001,68.11,,,,,,,,,,,,,,,,,,,
580.2,0x100,BMS_PackState,31.12,5.1000000000000005,68.04,,,,,,,,,,,,,,,,,,,
580.3,0x100,BMS_PackState,31.12,5.7,67.92,,,,,,,,,,,,,,,,,,,
580.4,0x100,BMS_PackState,31.14,3.5,68.03,,,,,,,,,,,,,,,,,,,
580.5,0x100,BMS_PackState,31.150000000000002,3.4000000000000004,67.86,,,,,,,,,,,,,,,,,,,
580.5,0x101,BMS_CellVolt1,,,,3.89,3.896,3.891,3.898,,,,,,,,,,,,,,,
580.5,0x102,BMS_CellVolt2,,,,,,,,3.8930000000000002,3.892,3.896,3.892,,,,,,,,,,,
580.6,0x100,BMS_PackState,31.16,2.6,67.92,,,,,,,,,,,,,,,,,,,
580.7,0x100,BMS_PackState,31.14,3.8000000000000003,68.09,,,,,,,,,,,,,,,,,,,
580.8,0x100,BMS_PackState,31.150000000000002,3.2,67.97,,,,,,,,,,,,,,,,,,,
580.9,0x100,BMS_PackState,31.16,2.5,67.91,,,,,,,,,,,,,,,,,,,
581.0,0x100,BMS_PackState,31.1,6.800000000000001,67.93,,,,,,,,,,,,,,,,,,,
581.0,0x101,BMS_CellVolt1,,,,3.887,3.89,3.886,3.888,,,,,,,,,,,,,,,
581.0,0x102,BMS_CellVolt2,,,,,,,,3.8890000000000002,3.88,3.886,3.8890000000000002,,,,,,,,,,,
581.0,0x103,BMS_Temps,,,,,,,,,,,,26.1,26.200000000000003,26.5,26.1,,,,,,,
581.0,0x104,BMS_Status,,,,,,,,,,,,,,,,0.0,0.0,0.0,0.0,0.0,1.0,0.0
581.1,0x100,BMS_PackState,31.14,4.7,67.87,,,,,,,,,,,,,,,,,,,
581.2,0x100,BMS_PackState,31.13,4.9,68.02,,,,,,,,,,,,,,,,,,,
581.3,0x100,BMS_PackState,31.11,5.300000000000001,67.95,,,,,,,,,,,,,,,,,,,
581.4,0x100,BMS_PackState,31.12,5.2,67.97,,,,,,,,,,,,,,,,,,,
581.5,0x100,BMS_PackState,31.14,3.4000000000000004,68.03,,,,,,,,,,,,,,,,,,,
581.5,0x101,BMS_CellVolt1,,,,3.888,3.896,3.892,3.8930000000000002,,,,,,,,,,,,,,,
581.5,0x102,BMS_CellVolt2,,,,,,,,3.899,3.89,3.892,3.895,,,,,,,,,,,
581.6,0x100,BMS_PackState,31.13,4.4,68.03,,,,,,,,,,,,,,,,,,,
581.7,0x100,BMS_PackState,31.14,3.6,67.87,,,,,,,,,,,,,,,,,,,
581.8,0x100,BMS_PackState,31.13,4.7,67.88,,,,,,,,,,,,,,,,,,,
581.9,0x100,BMS_PackState,31.13,4.5,67.98,,,,,,,,,,,,,,,,,,,
582.0,0x100,BMS_PackState,31.14,3.4000000000000004,68.06,,,,,,,,,,,,,,,,,,,
582.0,0x101,BMS_CellVolt1,,,,3.8930000000000002,3.891,3.892,3.894,,,,,,,,,,,,,,,
582.0,0x102,BMS_CellVolt2,,,,,,,,3.895,3.888,3.8930000000000002,3.892,,,,,,,,,,,
582.0,0x103,BMS_Temps,,,,,,,,,,,,26.0,26.1,26.5,26.1,,,,,,,
582.0,0x104,BMS_Status,,,,,,,,,,,,,,,,0.0,0.0,0.0,0.0,0.0,1.0,0.0
582.1,0x100,BMS_PackState,31.150000000000002,2.0,67.92,,,,,,,,,,,,,,,,,,,
582.2,0x100,BMS_PackState,31.13,4.2,67.94,,,,,,,,,,,,,,,,,,,
582.3,0x100,BMS_PackState,31.14,3.7,68.01,,,,,,,,,,,,,,,,,,,
582.4,0x100,BMS_PackState,31.18,1.2000000000000002,68.0,,,,,,,,,,,,,,,,,,,
582.5,0x100,BMS_PackState,31.12,4.800000000000001,67.99,,,,,,,,,,,,,,,,,,,
582.5,0x101,BMS_CellVolt1,,,,3.887,3.892,3.887,3.891,,,,,,,,,,,,,,,
582.5,0x102,BMS_CellVolt2,,,,,,,,3.8930000000000002,3.8850000000000002,3.892,3.891,,,,,,,,,,,
582.6,0x100,BMS_PackState,31.12,5.4,68.03,,,,,,,,,,,,,,,,,,,
582.7,0x100,BMS_PackState,31.1,7.800000000000001,67.9,,,,,,,,,,,,,,,,,,,
582.8,0x100,BMS_PackState,31.14,3.4000000000000004,68.14,,,,,,,,,,,,,,,,,,,
582.9,0x100,BMS_PackState,31.14,3.2,67.96000000000001,,,,,,,,,,,,,,,,,,,
583.0,0x100,BMS_PackState,31.16,2.3000000000000003,68.16,,,,,,,,,,,,,,,,,,,
583.0,0x101,BMS_CellVolt1,,,,3.8930000000000002,3.892,3.896,3.8970000000000002,,,,,,,,,,,,,,,
583.0,0x102,BMS_CellVolt2,,,,,,,,3.8970000000000002,3.892,3.895,3.894,,,,,,,,,,,
583.0,0x103,BMS_Temps,,,,,,,,,,,,26.0,26.0,26.3,26.0,,,,,,,
583.0,0x104,BMS_Status,,,,,,,,,,,,,,,,0.0,0.0,0.0,0.0,0.0,1.0,0.0
583.1,0x100,BMS_PackState,31.13,4.3,67.77,,,,,,,,,,,,,,,,,,,
583.2,0x100,BMS_PackState,31.13,4.3,67.82000000000001,,,,,,,,,,,,,,,,,,,
583.3,0x100,BMS_PackState,31.14,2.8000000000000003,67.98,,,,,,,,,,,,,,,,,,,
583.4,0x100,BMS_PackState,31.13,3.7,68.09,,,,,,,,,,,,,,,,,,,
583.5,0x100,BMS_PackState,31.17,1.0,68.02,,,,,,,,,,,,,,,,,,,
583.5,0x101,BMS_CellVolt1,,,,3.9,3.899,3.895,3.896,,,,,,,,,,,,,,,
583.5,0x102,BMS_CellVolt2,,,,,,,,3.8970000000000002,3.892,3.896,3.895,,,,,,,,,,,
583.6,0x100,BMS_PackState,31.12,5.4,67.98,,,,,,,,,,,,,,,,,,,
583.7,0x100,BMS_PackState,31.16,2.8000000000000003,68.02,,,,,,,,,,,,,,,,,,,
583.8,0x100,BMS_PackState,31.14,3.9000000000000004,67.99,,,,,,,,,,,,,,,,,,,
583.9,0x100,BMS_PackState,31.150000000000002,1.9000000000000001,68.19,,,,,,,,,,,,,,,,,,,
584.0,0x100,BMS_PackState,31.150000000000002,3.1,67.94,,,,,,,,,,,,,,,,,,,
584.0,0x101,BMS_CellVolt1,,,,3.8890000000000002,3.8970000000000002,3.892,3.891,,,,,,,,,,,,,,,
584.0,0x102,BMS_CellVolt2,,,,,,,,3.898,3.892,3.896,3.8930000000000002,,,,,,,,,,,
584.0,0x103,BMS_Temps,,,,,,,,,,,,25.900000000000002,26.0,26.3,26.0,,,,,,,
584.0,0x104,BMS_Status,,,,,,,,,,,,,,,,0.0,0.0,0.0,0.0,0.0,1.0,0.0
584.1,0x100,BMS_PackState,31.14,3.6,68.12,,,,,,,,,,,,,,,,,,,
584.2,0x100,BMS_PackState,31.14,4.0,67.92,,,,,,,,,,,,,,,,,,,
584.3,0x100,BMS_PackState,31.13,4.7,67.96000000000001,,,,,,,,,,,,,,,,,,,
584.4,0x100,BMS_PackState,31.1,6.2,67.89,,,,,,,,,,,,,,,,,,,
584.5,0x100,BMS_PackState,31.12,5.1000000000000005,68.08,,,,,,,,,,,,,,,,,,,
584.5,0x101,BMS_CellVolt1,,,,3.892,3.8890000000000002,3.89,3.892,,,,,,,,,,,,,,,
584.5,0x102,BMS_CellVolt2,,,,,,,,3.8930000000000002,3.883,3.89,3.8890000000000002,,,,,,,,,,,
584.6,0x100,BMS_PackState,31.11,5.4,68.11,,,,,,,,,,,,,,,,,,,
584.7,0x100,BMS_PackState,31.11,6.2,67.97,,,,,,,,,,,,,,,,,,,
584.8,0x100,BMS_PackState,31.13,4.9,68.05,,,,,,,,,,,,,,,,,,,
584.9,0x100,BMS_PackState,31.150000000000002,3.9000000000000004,68.0,,,,,,,,,,,,,,,,,,,
585.0,0x100,BMS_PackState,31.12,5.5,68.05,,,,,,,,,,,,,,,,,,,
585.0,0x101,BMS_CellVolt1,,,,3.8890000000000002,3.888,3.89,3.894,,,,,,,,,,,,,,,
585.0,0x102,BMS_CellVolt2,,,,,,,,3.8930000000000002,3.884,3.8930000000000002,3.891,,,,,,,,,,,
585.0,0x103,BMS_Temps,,,,,,,,,,,,25.8,25.900000000000002,26.200000000000003,25.900000000000002,,,,,,,
585.0,0x104,BMS_Status,,,,,,,,,,,,,,,,0.0,0.0,0.0,0.0,0.0,1.0,0.0
585.1,0x100,BMS_PackState,31.12,5.6000000000000005,68.11,,,,,,,,,,,,,,,,,,,
585.2,0x100,BMS_PackState,31.13,5.0,67.88,,,,,,,,,,,,,,,,,,,
585.3,0x100,BMS_PackState,31.16,1.8,67.89,,,,,,,,,,,,,,,,,,,
585.4,0x100,BMS_PackState,31.150000000000002,2.7,67.94,,,,,,,,,,,,,,,,,,,
585.5,0x100,BMS_PackState,31.14,3.6,67.95,,,,,,,,,,,,,,,,,,,
585.5,0x101,BMS_CellVolt1,,,,3.8930000000000002,3.894,3.8890000000000002,3.895,,,,,,,,,,,,,,,
585.5,0x102,BMS_CellVolt2,,,,,,,,3.892,3.8890000000000002,3.894,3.8930000000000002,,,,,,,,,,,
585.6,0x100,BMS_PackState,31.12,5.2,68.01,,,,,,,,,,,,,,,,,,,
585.7,0x100,BMS_PackState,31.13,4.0,67.99,,,,,,,,,,,,,,,,,,,
585.8,0x100,BMS_PackState,31.12,5.7,67.97,,,,,,,,,,,,,,,,,,,
585.9,0x100,BMS_PackState,31.12,6.0,67.98,,,,,,,,,,,,,,,,,,,
586.0,0x100,BMS_PackState,31.11,5.800000000000001,68.01,,,,,,,,,,,,,,,,,,,
586.0,0x101,BMS_CellVolt1,,,,3.8890000000000002,3.89,3.8850000000000002,3.89,,,,,,,,,,,,,,,
586.0,0x102,BMS_CellVolt2,,,,,,,,3.891,3.882,3.892,3.891,,,,,,,,,,,
586.0,0x103,BMS_Temps,,,,,,,,,,,,25.900000000000002,25.900000000000002,26.1,25.8,,,,,,,
586.0,0x104,BMS_Status,,,,,,,,,,,,,,,,0.0,0.0,0.0,0.0,0.0,1.0,0.0
586.1,0x100,BMS_PackState,31.12,5.800000000000001,67.91,,,,,,,,,,,,,,,,,,,
586.2,0x100,BMS_PackState,31.150000000000002,2.4000000000000004,67.78,,,,,,,,,,,,,,,,,,,
586.3,0x100,BMS_PackState,31.13,4.7,67.9,,,,,,,,,,,,,,,,,,,
586.4,0x100,BMS_PackState,31.14,3.1,68.1,,,,,,,,,,,,,,,,,,,
586.5,0x100,BMS_PackState,31.16,1.5,67.73,,,,,,,,,,,,,,,,,,,
586.5,0x101,BMS_CellVolt1,,,,3.896,3.8970000000000002,3.891,3.896,,,,,,,,,,,,,,,
586.5,0x102,BMS_CellVolt2,,,,,,,,3.9,3.8930000000000002,3.8970000000000002,3.896,,,,,,,,,,,
586.6,0x100,BMS_PackState,31.14,3.6,68.1,,,,,,,,,,,,,,,,,,,
586.7,0x100,BMS_PackState,31.11,6.0,67.93,,,,,,,,,,,,,,,,,,,
586.8,0x100,BMS_PackState,31.14,4.7,68.08,,,,,,,,,,,,,,,,,,,
586.9,0x100,BMS_PackState,31.09,7.0,67.89,,,,,,,,,,,,,,,,,,,
587.0,0x100,BMS_PackState,31.13,4.3,67.74,,,,,,,,,,,,,,,,,,,
587.0,0x101,BMS_CellVolt1,,,,3.888,3.891,3.8930000000000002,3.895,,,,,,,,,,,,,,,
587.0,0x102,BMS_CellVolt2,,,,,,,,3.892,3.8850000000000002,3.8930000000000002,3.887,,,,,,,,,,,
587.0,0x103,BMS_Temps,,,,,,,,,,,,25.700000000000003,25.8,25.900000000000002,25.8,,,,,,,
587.0,0x104,BMS_Status,,,,,,,,,,,,,,,,0.0,0.0,0.0,0.0,0.0,1.0,0.0
587.1,0x100,BMS_PackState,31.080000000000002,7.7,67.91,,,,,,,,,,,,,,,,,,,
587.2,0x100,BMS_PackState,31.13,4.3,67.98,,,,,,,,,,,,,,,,,,,
587.3,0x100,BMS_PackState,31.13,4.0,68.03,,,,,,,,,,,,,,,,,,,
587.4,0x100,BMS_PackState,31.16,2.1,67.85,,,,,,,,,,,,,,,,,,,
587.5,0x100,BMS_PackState,31.11,5.7,68.03,,,,,,,,,,,,,,,,,,,
587.5,0x101,BMS_CellVolt1,,,,3.8930000000000002,3.89,3.888,3.89,,,,,,,,,,,,,,,
587.5,0x102,BMS_CellVolt2,,,,,,,,3.89,3.8810000000000002,3.887,3.8930000000000002,,,,,,,,,,,
587.6,0x100,BMS_PackState,31.14,3.2,67.99,,,,,,,,,,,,,,,,,,,
587.7,0x100,BMS_PackState,31.14,3.0,67.93,,,,,,,,,,,,,,,,,,,
587.8,0x100,BMS_PackState,31.11,5.9,68.0,,,,,,,,,,,,,,,,,,,
587.9,0x100,BMS_PackState,31.11,5.7,68.0,,,,,,,,,,,,,,,,,,,
588.0,0x100,BMS_PackState,31.12,5.7,68.04,,,,,,,,,,,,,,,,,,,
588.0,0x101,BMS_CellVolt1,,,,3.892,3.8930000000000002,3.8890000000000002,3.8930000000000002,,,,,,,,,,,,,,,
588.0,0x102,BMS_CellVolt2,,,,,,,,3.894,3.884,3.89,3.89,,,,,,,,,,,
588.0,0x103,BMS_Temps,,,,,,,,,,,,25.700000000000003,25.700000000000003,25.900000000000002,25.6,,,,,,,
588.0,0x104,BMS_Status,,,,,,,,,,,,,,,,0.0,0.0,0.0,0.0,0.0,1.0,0.0
588.1,0x100,BMS_PackState,31.150000000000002,3.5,68.01,,,,,,,,,,,,,,,,,,,
588.2,0x100,BMS_PackState,31.14,3.9000000000000004,68.0,,,,,,,,,,,,,,,,,,,
588.3,0x100,BMS_PackState,31.14,3.9000000000000004,68.19,,,,,,,,,,,,,,,,,,,
588.4,0x100,BMS_PackState,31.12,5.2,67.8,,,,,,,,,,,,,,,,,,,
588.5,0x100,BMS_PackState,31.1,6.300000000000001,67.86,,,,,,,,,,,,,,,,,,,
588.5,0x101,BMS_CellVolt1,,,,3.886,3.891,3.884,3.89,,,,,,,,,,,,,,,
588.5,0x102,BMS_CellVolt2,,,,,,,,3.891,3.883,3.887,3.887,,,,,,,,,,,
588.6,0x100,BMS_PackState,31.13,4.6000000000000005,68.1,,,,,,,,,,,,,,,,,,,
588.7,0x100,BMS_PackState,31.09,7.0,67.84,,,,,,,,,,,,,,,,,,,
588.8,0x100,BMS_PackState,31.13,5.300000000000001,68.08,,,,,,,,,,,,,,,,,,,
588.9,0x100,BMS_PackState,31.13,3.6,68.02,,,,,,,,,,,,,,,,,,,
589.0,0x100,BMS_PackState,31.12,5.2,67.86,,,,,,,,,,,,,,,,,,,
589.0,0x101,BMS_CellVolt1,,,,3.8890000000000002,3.892,3.89,3.891,,,,,,,,,,,,,,,
589.0,0x102,BMS_CellVolt2,,,,,,,,3.8930000000000002,3.8850000000000002,3.89,3.89,,,,,,,,,,,
589.0,0x103,BMS_Temps,,,,,,,,,,,,25.6,25.8,25.900000000000002,25.5,,,,,,,
589.0,0x104,BMS_Status,,,,,,,,,,,,,,,,0.0,0.0,0.0,0.0,0.0,1.0,0.0
589.1,0x100,BMS_PackState,31.1,6.6000000000000005,68.09,,,,,,,,,,,,,,,,,,,
589.2,0x100,BMS_PackState,31.09,7.0,68.11,,,,,,,,,,,,,,,,,,,
589.3,0x100,BMS_PackState,31.11,5.800000000000001,67.99,,,,,,,,,,,,,,,,,,,
589.4,0x100,BMS_PackState,31.13,4.0,67.98,,,,,,,,,,,,,,,,,,,
589.5,0x100,BMS_PackState,31.14,3.7,68.12,,,,,,,,,,,,,,,,,,,
589.5,0x101,BMS_CellVolt1,,,,3.892,3.894,3.892,3.894,,,,,,,,,,,,,,,
589.5,0x102,BMS_CellVolt2,,,,,,,,3.8930000000000002,3.8930000000000002,3.891,3.89,,,,,,,,,,,
589.6,0x100,BMS_PackState,31.13,4.9,67.82000000000001,,,,,,,,,,,,,,,,,,,
589.7,0x100,BMS_PackState,31.1,6.5,68.06,,,,,,,,,,,,,,,,,,,
589.8,0x100,BMS_PackState,31.13,4.7,67.85,,,,,,,,,,,,,,,,,,,
589.9,0x100,BMS_PackState,31.13,4.7,68.05,,,,,,,,,,,,,,,,,,,
590.0,0x100,BMS_PackState,31.13,4.1000000000000005,67.98,,,,,,,,,,,,,,,,,,,
590.0,0x101,BMS_CellVolt1,,,,3.8930000000000002,3.8930000000000002,3.887,3.8930000000000002,,,,,,,,,,,,,,,
590.0,0x102,BMS_CellVolt2,,,,,,,,3.891,3.888,3.892,3.8930000000000002,,,,,,,,,,,
590.0,0x103,BMS_Temps,,,,,,,,,,,,25.6,25.5,25.900000000000002,25.5,,,,,,,
590.0,0x104,BMS_Status,,,,,,,,,,,,,,,,0.0,0.0,0.0,0.0,0.0,1.0,0.0
590.1,0x100,BMS_PackState,31.14,3.5,67.99,,,,,,,,,,,,,,,,,,,
590.2,0x100,BMS_PackState,31.14,3.8000000000000003,68.15,,,,,,,,,,,,,,,,,,,
590.3,0x100,BMS_PackState,31.13,4.2,67.83,,,,,,,,,,,,,,,,,,,
590.4,0x100,BMS_PackState,31.11,6.6000000000000005,68.06,,,,,,,,,,,,,,,,,,,
590.5,0x100,BMS_PackState,31.150000000000002,3.6,67.98,,,,,,,,,,,,,,,,,,,
590.5,0x101,BMS_CellVolt1,,,,3.8930000000000002,3.895,3.895,3.8970000000000002,,,,,,,,,,,,,,,
590.5,0x102,BMS_CellVolt2,,,,,,,,3.894,3.89,3.89,3.892,,,,,,,,,,,
590.6,0x100,BMS_PackState,31.14,4.1000000000000005,68.0,,,,,,,,,,,,,,,,,,,
590.7,0x100,BMS_PackState,31.150000000000002,2.7,68.08,,,,,,,,,,,,,,,,,,,
590.8,0x100,BMS_PackState,31.12,5.1000000000000005,68.07000000000001,,,,,,,,,,,,,,,,,,,
590.9,0x100,BMS_PackState,31.11,6.1000000000000005,68.05,,,,,,,,,,,,,,,,,,,
591.0,0x100,BMS_PackState,31.11,6.4,67.9,,,,,,,,,,,,,,,,,,,
591.0,0x101,BMS_CellVolt1,,,,3.89,3.892,3.886,3.886,,,,,,,,,,,,,,,
591.0,0x102,BMS_CellVolt2,,,,,,,,3.891,3.883,3.892,3.886,,,,,,,,,,,
591.0,0x103,BMS_Temps,,,,,,,,,,,,25.5,25.5,25.700000000000003,25.5,,,,,,,
591.0,0x104,BMS_Status,,,,,,,,,,,,,,,,0.0,0.0,0.0,0.0,0.0,1.0,0.0
591.1,0x100,BMS_PackState,31.13,4.3,68.05,,,,,,,,,,,,,,,,,,,
591.2,0x100,BMS_PackState,31.12,4.9,68.07000000000001,,,,,,,,,,,,,,,,,,,
591.3,0x100,BMS_PackState,31.14,3.8000000000000003,68.04,,,,,,,,,,,,,,,,,,,
591.4,0x100,BMS_PackState,31.13,4.800000000000001,68.05,,,,,,,,,,,,,,,,,,,
591.5,0x100,BMS_PackState,31.12,4.5,68.0,,,,,,,,,,,,,,,,,,,
591.5,0x101,BMS_CellVolt1,,,,3.891,3.894,3.89,3.8890000000000002,,,,,,,,,,,,,,,
591.5,0x102,BMS_CellVolt2,,,,,,,,3.886,3.884,3.89,3.891,,,,,,,,,,,
591.6,0x100,BMS_PackState,31.13,4.1000000000000005,67.87,,,,,,,,,,,,,,,,,,,
591.7,0x100,BMS_PackState,31.13,4.2,67.95,,,,,,,,,,,,,,,,,,,
591.8,0x100,BMS_PackState,31.12,4.7,67.94,,,,,,,,,,,,,,,,,,,
591.9,0x100,BMS_PackState,31.14,3.6,67.99,,,,,,,,,,,,,,,,,,,
592.0,0x100,BMS_PackState,31.14,3.6,67.95,,,,,,,,,,,,,,,,,,,
592.0,0x101,BMS_CellVolt1,,,,3.892,3.895,3.89,3.892,,,,,,,,,,,,,,,
592.0,0x102,BMS_CellVolt2,,,,,,,,3.895,3.8850000000000002,3.892,3.894,,,,,,,,,,,
592.0,0x103,BMS_Temps,,,,,,,,,,,,25.5,25.5,25.700000000000003,25.5,,,,,,,
592.0,0x104,BMS_Status,,,,,,,,,,,,,,,,0.0,0.0,0.0,0.0,0.0,1.0,0.0
592.1,0x100,BMS_PackState,31.1,6.6000000000000005,68.17,,,,,,,,,,,,,,,,,,,
592.2,0x100,BMS_PackState,31.080000000000002,8.1,68.03,,,,,,,,,,,,,,,,,,,
592.3,0x100,BMS_PackState,31.16,2.2,67.98,,,,,,,,,,,,,,,,,,,
592.4,0x100,BMS_PackState,31.150000000000002,2.1,68.02,,,,,,,,,,,,,,,,,,,
592.5,0x100,BMS_PackState,31.150000000000002,2.6,68.03,,,,,,,,,,,,,,,,,,,
592.5,0x101,BMS_CellVolt1,,,,3.898,3.896,3.896,3.896,,,,,,,,,,,,,,,
592.5,0x102,BMS_CellVolt2,,,,,,,,3.894,3.887,3.892,3.8930000000000002,,,,,,,,,,,
592.6,0x100,BMS_PackState,31.12,3.8000000000000003,68.21000000000001,,,,,,,,,,,,,,,,,,,
592.7,0x100,BMS_PackState,31.12,5.300000000000001,68.03,,,,,,,,,,,,,,,,,,,
592.8,0x100,BMS_PackState,31.13,4.9,67.95,,,,,,,,,,,,,,,,,,,
592.9,0x100,BMS_PackState,31.13,4.3,67.89,,,,,,,,,,,,,,,,,,,
593.0,0x100,BMS_PackState,31.12,4.800000000000001,68.01,,,,,,,,,,,,,,,,,,,
593.0,0x101,BMS_CellVolt1,,,,3.89,3.895,3.892,3.891,,,,,,,,,,,,,,,
593.0,0x102,BMS_CellVolt2,,,,,,,,3.89,3.887,3.892,3.887,,,,,,,,,,,
593.0,0x103,BMS_Temps,,,,,,,,,,,,25.5,25.5,25.700000000000003,25.400000000000002,,,,,,,
593.0,0x104,BMS_Status,,,,,,,,,,,,,,,,0.0,0.0,0.0,0.0,0.0,1.0,0.0
593.1,0x100,BMS_PackState,31.150000000000002,3.0,68.19,,,,,,,,,,,,,,,,,,,
593.2,0x100,BMS_PackState,31.13,3.6,67.97,,,,,,,,,,,,,,,,,,,
593.3,0x100,BMS_PackState,31.13,4.0,67.9,,,,,,,,,,,,,,,,,,,
593.4,0x100,BMS_PackState,31.17,1.6,68.09,,,,,,,,,,,,,,,,,,,
593.5,0x100,BMS_PackState,31.150000000000002,2.3000000000000003,68.0,,,,,,,,,,,,,,,,,,,
593.5,0x101,BMS_CellVolt1,,,,3.894,3.896,3.894,3.895,,,,,,,,,,,,,,,
593.5,0x102,BMS_CellVolt2,,,,,,,,3.891,3.892,3.892,3.8930000000000002,,,,,,,,,,,
593.6,0x100,BMS_PackState,31.150000000000002,2.3000000000000003,67.83,,,,,,,,,,,,,,,,,,,
593.7,0x100,BMS_PackState,31.11,5.1000000000000005,68.01,,,,,,,,,,,,,,,,,,,
593.8,0x100,BMS_PackState,31.13,4.4,68.1,,,,,,,,,,,,,,,,,,,
593.9,0x100,BMS_PackState,31.13,4.9,67.78,,,,,,,,,,,,,,,,,,,
594.0,0x100,BMS_PackState,31.18,1.2000000000000002,68.06,,,,,,,,,,,,,,,,,,,
594.0,0x101,BMS_CellVolt1,,,,3.8970000000000002,3.899,3.892,3.902,,,,,,,,,,,,,,,
594.0,0x102,BMS_CellVolt2,,,,,,,,3.899,3.896,3.8970000000000002,3.894,,,,,,,,,,,
594.0,0x103,BMS_Temps,,,,,,,,,,,,25.400000000000002,25.400000000000002,25.5,25.5,,,,,,,
594.0,0x104,BMS_Status,,,,,,,,,,,,,,,,0.0,0.0,0.0,0.0,0.0,1.0,0.0
594.1,0x100,BMS_PackState,31.17,1.8,67.86,,,,,,,,,,,,,,,,,,,
594.2,0x100,BMS_PackState,31.12,5.0,67.97,,,,,,,,,,,,,,,,,,,
594.3,0x100,BMS_PackState,31.18,-0.2,67.94,,,,,,,,,,,,,,,,,,,
594.4,0x100,BMS_PackState,31.1,5.800000000000001,68.1,,,,,,,,,,,,,,,,,,,
594.5,0x100,BMS_PackState,31.19,1.3,68.09,,,,,,,,,,,,,,,,,,,
594.5,0x101,BMS_CellVolt1,,,,3.902,3.9,3.9,3.899,,,,,,,,,,,,,,,
594.5,0x102,BMS_CellVolt2,,,,,,,,3.9,3.896,3.894,3.895,,,,,,,,,,,
594.6,0x100,BMS_PackState,31.12,5.300000000000001,67.85,,,,,,,,,,,,,,,,,,,
594.7,0x100,BMS_PackState,31.150000000000002,2.7,67.79,,,,,,,,,,,,,,,,,,,
594.8,0x100,BMS_PackState,31.11,5.6000000000000005,67.84,,,,,,,,,,,,,,,,,,,
594.9,0x100,BMS_PackState,31.080000000000002,8.8,68.03,,,,,,,,,,,,,,,,,,,
595.0,0x100,BMS_PackState,31.18,0.6000000000000001,67.76,,,,,,,,,,,,,,,,,,,
595.0,0x101,BMS_CellVolt1,,,,3.899,3.898,3.896,3.9,,,,,,,,,,,,,,,
595.0,0x102,BMS_CellVolt2,,,,,,,,3.898,3.895,3.895,3.898,,,,,,,,,,,
595.0,0x103,BMS_Temps,,,,,,,,,,,,25.400000000000002,25.5,25.5,25.400000000000002,,,,,,,
595.0,0x104,BMS_Status,,,,,,,,,,,,,,,,0.0,0.0,0.0,0.0,0.0,1.0,0.0
595.1,0x100,BMS_PackState,31.12,5.0,67.93,,,,,,,,,,,,,,,,,,,
595.2,0x100,BMS_PackState,31.17,1.3,68.08,,,,,,,,,,,,,,,,,,,
595.3,0x100,BMS_PackState,31.12,4.6000000000000005,68.05,,,,,,,,,,,,,,,,,,,
595.4,0x100,BMS_PackState,31.14,3.7,67.82000000000001,,,,,,,,,,,,,,,,,,,
595.5,0x100,BMS_PackState,31.13,4.2,68.01,,,,,,,,,,,,,,,,,,,
595.5,0x101,BMS_CellVolt1,,,,3.8930000000000002,3.896,3.888,3.891,,,,,,,,,,,,,,,
595.5,0x102,BMS_CellVolt2,,,,,,,,3.8930000000000002,3.883,3.896,3.8930000000000002,,,,,,,,,,,
595.6,0x100,BMS_PackState,31.150000000000002,2.6,67.89,,,,,,,,,,,,,,,,,,,
595.7,0x100,BMS_PackState,31.12,5.2,67.93,,,,,,,,,,,,,,,,,,,
595.8,0x100,BMS_PackState,31.17,1.8,67.93,,,,,,,,,,,,,,,,,,,
595.9,0x100,BMS_PackState,31.1,5.9,67.94,,,,,,,,,,,,,,,,,,,
596.0,0x100,BMS_PackState,31.14,3.4000000000000004,67.98,,,,,,,,,,,,,,,,,,,
596.0,0x101,BMS_CellVolt1,,,,3.8930000000000002,3.891,3.892,3.895,,,,,,,,,,,,,,,
596.0,0x102,BMS_CellVolt2,,,,,,,,3.8930000000000002,3.888,3.8930000000000002,3.8930000000000002,,,,,,,,,,,
596.0,0x103,BMS_Temps,,,,,,,,,,,,25.400000000000002,25.400000000000002,25.6,25.400000000000002,,,,,,,
596.0,0x104,BMS_Status,,,,,,,,,,,,,,,,0.0,0.0,0.0,0.0,0.0,1.0,0.0
596.1,0x100,BMS_PackState,31.16,1.9000000000000001,67.92,,,,,,,,,,,,,,,,,,,
596.2,0x100,BMS_PackState,31.11,6.4,67.92,,,,,,,,,,,,,,,,,,,
596.3,0x100,BMS_PackState,31.150000000000002,3.9000000000000004,68.08,,,,,,,,,,,,,,,,,,,
596.4,0x100,BMS_PackState,31.1,6.9,67.99,,,,,,,,,,,,,,,,,,,
596.5,0x100,BMS_PackState,31.12,5.800000000000001,67.88,,,,,,,,,,,,,,,,,,,
596.5,0x101,BMS_CellVolt1,,,,3.895,3.891,3.888,3.891,,,,,,,,,,,,,,,
596.5,0x102,BMS_CellVolt2,,,,,,,,3.894,3.8850000000000002,3.8890000000000002,3.892,,,,,,,,,,,
596.6,0x100,BMS_PackState,31.16,2.8000000000000003,68.0,,,,,,,,,,,,,,,,,,,
596.7,0x100,BMS_PackState,31.13,3.9000000000000004,67.84,,,,,,,,,,,,,,,,,,,
596.8,0x100,BMS_PackState,31.13,4.2,68.0,,,,,,,,,,,,,,,,,,,
596.9,0x100,BMS_PackState,31.1,6.300000000000001,68.05,,,,,,,,,,,,,,,,,,,
597.0,0x100,BMS_PackState,31.13,4.7,68.07000000000001,,,,,,,,,,,,,,,,,,,
597.0,0x101,BMS_CellVolt1,,,,3.888,3.894,3.89,3.895,,,,,,,,,,,,,,,
597.0,0x102,BMS_CellVolt2,,,,,,,,3.894,3.887,3.8930000000000002,3.891,,,,,,,,,,,
597.0,0x103,BMS_Temps,,,,,,,,,,,,25.5,25.3,25.5,25.5,,,,,,,
597.0,0x104,BMS_Status,,,,,,,,,,,,,,,,0.0,0.0,0.0,0.0,0.0,1.0,0.0
597.1,0x100,BMS_PackState,31.14,4.3,68.03,,,,,,,,,,,,,,,,,,,
597.2,0x100,BMS_PackState,31.14,3.7,67.88,,,,,,,,,,,,,,,,,,,
597.3,0x100,BMS_PackState,31.14,3.9000000000000004,67.93,,,,,,,,,,,,,,,,,,,
597.4,0x100,BMS_PackState,31.12,6.0,68.1,,,,,,,,,,,,,,,,,,,
597.5,0x100,BMS_PackState,31.13,4.0,67.96000000000001,,,,,,,,,,,,,,,,,,,
597.5,0x101,BMS_CellVolt1,,,,3.892,3.894,3.892,3.894,,,,,,,,,,,,,,,
597.5,0x102,BMS_CellVolt2,,,,,,,,3.891,3.8850000000000002,3.8930000000000002,3.8890000000000002,,,,,,,,,,,
597.6,0x100,BMS_PackState,31.14,3.4000000000000004,67.98,,,,,,,,,,,,,,,,,,,
597.7,0x100,BMS_PackState,31.14,3.2,68.06,,,,,,,,,,,,,,,,,,,
597.8,0x100,BMS_PackState,31.150000000000002,3.2,68.14,,,,,,,,,,,,,,,,,,,
597.9,0x100,BMS_PackState,31.16,1.9000000000000001,67.98,,,,,,,,,,,,,,,,,,,
598.0,0x100,BMS_PackState,31.14,2.9000000000000004,67.95,,,,,,,,,,,,,,,,,,,
598.0,0x101,BMS_CellVolt1,,,,3.89,3.8970000000000002,3.892,3.895,,,,,,,,,,,,,,,
598.0,0x102,BMS_CellVolt2,,,,,,,,3.894,3.89,3.8930000000000002,3.89,,,,,,,,,,,
598.0,0x103,BMS_Temps,,,,,,,,,,,,25.3,25.3,25.5,25.400000000000002,,,,,,,
598.0,0x104,BMS_Status,,,,,,,,,,,,,,,,0.0,0.0,0.0,0.0,0.0,1.0,0.0
598.1,0x100,BMS_PackState,31.11,6.2,68.18,,,,,,,,,,,,,,,,,,,
598.2,0x100,BMS_PackState,31.14,3.7,68.19,,,,,,,,,,,,,,,,,,,
598.3,0x100,BMS_PackState,31.13,5.1000000000000005,67.99,,,,,,,,,,,,,,,,,,,
598.4,0x100,BMS_PackState,31.17,0.30000000000000004,67.99,,,,,,,,,,,,,,,,,,,
598.5,0x100,BMS_PackState,31.12,4.9,68.08,,,,,,,,,,,,,,,,,,,
598.5,0x101,BMS_CellVolt1,,,,3.89,3.892,3.888,3.89,,,,,,,,,,,,,,,
598.5,0x102,BMS_CellVolt2,,,,,,,,3.894,3.883,3.888,3.892,,,,,,,,,,,
598.6,0x100,BMS_PackState,31.13,3.8000000000000003,68.03,,,,,,,,,,,,,,,,,,,
598.7,0x100,BMS_PackState,31.14,3.3000000000000003,67.99,,,,,,,,,,,,,,,,,,,
598.8,0x100,BMS_PackState,31.13,4.3,68.06,,,,,,,,,,,,,,,,,,,
598.9,0x100,BMS_PackState,31.14,3.3000000000000003,67.92,,,,,,,,,,,,,,,,,,,
599.0,0x100,BMS_PackState,31.18,0.8,68.1,,,,,,,,,,,,,,,,,,,
599.0,0x101,BMS_CellVolt1,,,,3.895,3.9,3.8970000000000002,3.898,,,,,,,,,,,,,,,
599.0,0x102,BMS_CellVolt2,,,,,,,,3.899,3.896,3.895,3.9,,,,,,,,,,,
599.0,0x103,BMS_Temps,,,,,,,,,,,,25.200000000000003,25.400000000000002,25.400000000000002,25.200000000000003,,,,,,,
599.0,0x104,BMS_Status,,,,,,,,,,,,,,,,0.0,0.0,0.0,0.0,0.0,1.0,0.0
599.1,0x100,BMS_PackState,31.11,5.4,68.06,,,,,,,,,,,,,,,,,,,
599.2,0x100,BMS_PackState,31.13,4.4,68.03,,,,,,,,,,,,,,,,,,,
599.3,0x100,BMS_PackState,31.14,3.5,67.98,,,,,,,,,,,,,,,,,,,
599.4,0x100,BMS_PackState,31.16,2.6,67.93,,,,,,,,,,,,,,,,,,,
599.5,0x100,BMS_PackState,31.17,1.8,67.81,,,,,,,,,,,,,,,,,,,
599.5,0x101,BMS_CellVolt1,,,,3.899,3.9,3.896,3.8970000000000002,,,,,,,,,,,,,,,
599.5,0x102,BMS_CellVolt2,,,,,,,,3.896,3.8930000000000002,3.895,3.894,,,,,,,,,,,
599.6,0x100,BMS_PackState,31.13,4.3,67.81,,,,,,,,,,,,,,,,,,,
599.7,0x100,BMS_PackState,31.1,6.4,67.82000000000001,,,,,,,,,,,,,,,,,,,
599.8,0x100,BMS_PackState,31.13,4.3,68.11,,,,,,,,,,,,,,,,,,,
599.9,0x100,BMS_PackState,31.16,1.9000000000000001,67.92,,,,,,,,,,,,,,,,,,,
