timestamp,arbitration_id,data
0.0,0x100,7D0C2D00421F0000
0.0,0x101,9F0F9A0F9F0F9D0F
0.0,0x102,9D0F990F9D0F9E0F
0.0,0x103,F900FB00FA00FA00
0.0,0x104,0000000000000000
0.1,0x100,800C18003E1F0000
0.2,0x100,7D0C3300491F0000
0.3,0x100,7D0C3600301F0000
0.4,0x100,820C0B004B1F0000
0.5,0x100,800C1400431F0000
0.5,0x101,A00F9F0FA00FA30F
0.5,0x102,9F0FA10FA10FA10F
0.6,0x100,7E0C2A004C1F0000
0.7,0x100,7F0C2300401F0000
0.8,0x100,7D0C28003E1F0000
0.9,0x100,800C1B00391F0000
1.0,0x100,7D0C35003C1F0000
1.0,0x101,9E0F9A0F9E0F9C0F
1.0,0x102,9B0F990F9B0F9F0F
1.0,0x103,FA00F900FA00FA00
1.0,0x104,0000000000000000
1.1,0x100,7D0C34002C1F0000
1.2,0x100,7E0C29003E1F0000
1.3,0x100,7D0C39003B1F0000
1.4,0x100,7E0C2F00411F0000
1.5,0x100,800C1B00391F0000
1.5,0x101,9E0F9C0FA00FA30F
1.5,0x102,A30FA20FA40F9F0F
1.6,0x100,7D0C2E00431F0000
1.7,0x100,800C1A003F1F0000
1.8,0x100,7C0C35002E1F0000
1.9,0x100,7F0C2700401F0000
2.0,0x100,7D0C2500481F0000
2.0,0x101,9D0F9E0F990F9C0F
2.0,0x102,9E0FA00F9A0F9D0F
2.0,0x103,FA00FB00F900FA00
2.0,0x104,0000000000000000
2.1,0x100,800C1E00491F0000
2.2,0x100,7C0C3A00371F0000
2.3,0x100,7E0C2600311F0000
2.4,0x100,800C22004B1F0000
2.5,0x100,7F0C2300441F0000
2.5,0x101,9F0F9D0FA00F9D0F
2.5,0x102,A10F9E0F9F0FA00F
2.6,0x100,7D0C3000361F0000
2.7,0x100,7D0C2D00381F0000
2.8,0x100,7E0C2E00401F0000
2.9,0x100,7E0C2E00491F0000
3.0,0x100,790C48003D1F0000
3.0,0x101,970F990F970F970F
3.0,0x102,990F970F990F980F
3.0,0x103,FA00FA00F900FA00
3.0,0x104,0000000000000000
3.1,0x100,7F0C2200311F0000
3.2,0x100,800C20002D1F0000
3.3,0x100,800C1C00381F0000
3.4,0x100,7C0C3100381F0000
3.5,0x100,7C0C3900351F0000
3.5,0x101,990F9B0F9D0F9A0F
3.5,0x102,9F0F980F9B0F990F
3.6,0x100,7F0C26004E1F0000
3.7,0x100,810C1B00301F0000
3.8,0x100,800C1C00391F0000
3.9,0x100,7C0C3200551F0000
4.0,0x100,7D0C3300381F0000
4.0,0x101,9D0F990F9F0F9C0F
4.0,0x102,9C0F990F9D0F9B0F
4.0,0x103,FA00FA00FA00FB00
4.0,0x104,0000000000000000
4.1,0x100,7D0C3000401F0000
4.2,0x100,800C1E004E1F0000
4.3,0x100,7E0C2B003F1F0000
4.4,0x100,7F0C2A00441F0000
4.5,0x100,7D0C2B00391F0000
4.5,0x101,9A0F9F0F9E0F9D0F
4.5,0x102,9D0F9B0F9F0F9B0F
4.6,0x100,7D0C3500371F0000
4.7,0x100,7E0C2B00301F0000
4.8,0x100,7D0C32003E1F0000
4.9,0x100,7D0C2900441F0000
5.0,0x100,7E0C2C00531F0000
5.0,0x101,A00F9D0FA10F9D0F
5.0,0x102,9D0F9E0F980F9E0F
5.0,0x103,FA00FB00FA00FA00
5.0,0x104,0000000000000000
5.1,0x100,7D0C31003B1F0000
5.2,0x100,820C12004C1F0000
5.3,0x100,800C2300491F0000
5.4,0x100,7F0C2100391F0000
5.5,0x100,800C1E00401F0000
5.5,0x101,9F0FA00F9F0FA10F
5.5,0x102,A20FA20F9F0FA10F
5.6,0x100,800C2400401F0000
5.7,0x100,7A0C3E00321F0000
5.8,0x100,800C1B003D1F0000
5.9,0x100,7C0C3700381F0000
6.0,0x100,830C0F003E1F0000
6.0,0x101,A20FA30FA30FA60F
6.0,0x102,A30FA70FA70FA30F
6.0,0x103,FA00FA00F900FA00
6.0,0x104,0000000000000000
6.1,0x100,7F0C23003E1F0000
6.2,0x100,7D0C2A003F1F0000
6.3,0x100,7E0C31003A1F0000
6.4,0x100,7D0C3300351F0000
6.5,0x100,7C0C34002E1F0000
6.5,0x101,9A0F9A0F9B0F9B0F
6.5,0x102,990F9C0F9D0F9E0F
6.6,0x100,7E0C2300491F0000
6.7,0x100,7F0C2100401F0000
6.8,0x100,7D0C35004A1F0000
6.9,0x100,7E0C25003E1F0000
7.0,0x100,800C1500401F0000
7.0,0x101,A20F9D0F9E0FA20F
7.0,0x102,9C0FA20FA10FA10F
7.0,0x103,FA00FA00F900FA00
7.0,0x104,0000000000000000
7.1,0x100,810C17003D1F0000
7.2,0x100,800C1A003C1F0000
7.3,0x100,7D0C2F00421F0000
7.4,0x100,7E0C2A003D1F0000
7.5,0x100,7D0C32004A1F0000
7.5,0x101,9C0F9C0F9E0F9B0F
7.5,0x102,9C0F990F9F0F9D0F
7.6,0x100,7F0C22004E1F0000
7.7,0x100,7E0C2A004D1F0000
7.8,0x100,7D0C31004F1F0000
7.9,0x100,7E0C2300341F0000
8.0,0x100,7D0C2F004C1F0000
8.0,0x101,9C0F9C0F9F0F990F
8.0,0x102,A10FA10F970F9D0F
8.0,0x103,FA00FB00FB00FA00
8.0,0x104,0000000000000000
8.1,0x100,7F0C1E00411F0000
8.2,0x100,7F0C2300411F0000
8.3,0x100,7E0C2200391F0000
8.4,0x100,810C16003C1F0000
8.5,0x100,7E0C2F002A1F0000
8.5,0x101,9C0F9C0F9C0F9F0F
8.5,0x102,9B0F9F0F9A0FA00F
8.6,0x100,7F0C2100461F0000
8.7,0x100,7D0C28003E1F0000
8.8,0x100,7D0C2F003B1F0000
8.9,0x100,7D0C2F004D1F0000
9.0,0x100,7D0C3200401F0000
9.0,0x101,A00F9E0F9B0F9A0F
9.0,0x102,9A0F9E0F9B0F9F0F
9.0,0x103,F800FA00FA00FA00
9.0,0x104,0000000000000000
9.1,0x100,7F0C2700371F0000
9.2,0x100,7F0C2200401F0000
9.3,0x100,7F0C2700511F0000
9.4,0x100,820C0F003F1F0000
9.5,0x100,810C1200481F0000
9.5,0x101,A00FA10F9F0FA40F
9.5,0x102,A30FA30F9F0FA40F
9.6,0x100,800C1400391F0000
9.7,0x100,800C1900451F0000
9.8,0x100,7E0C2E00421F0000
9.9,0x100,800C1A00401F0000
10.0,0x100,7F0C22003B1F0000
10.0,0x101,9E0F9F0F9F0F9D0F
10.0,0x102,9E0F9D0FA30FA10F
10.0,0x103,FA00F900FA00F900
10.0,0x104,0000000000000000
10.1,0x100,7B0C3B003D1F0000
10.2,0x100,7F0C23002D1F0000
10.3,0x100,7D0C3300301F0000
10.4,0x100,800C1A00301F0000
10.5,0x100,7F0C2500311F0000
10.5,0x101,9C0FA20FA30F9F0F
10.5,0x102,9E0F9C0FA10F9E0F
10.6,0x100,800C1A003D1F0000
10.7,0x100,7E0C23003B1F0000
10.8,0x100,7C0C3500351F0000
10.9,0x100,810C0E004C1F0000
11.0,0x100,7D0C2F003D1F0000
11.0,0x101,9D0F9A0F9B0F9A0F
11.0,0x102,9B0F9F0F9B0F9E0F
11.0,0x103,F900FA00FA00FA00
11.0,0x104,0000000000000000
11.1,0x100,7E0C2C00491F0000
11.2,0x100,7F0C1F00311F0000
11.3,0x100,810C1200441F0000
11.4,0x100,7E0C29004A1F0000
11.5,0x100,7E0C2000441F0000
11.5,0x101,9E0F9E0F9F0F9F0F
11.5,0x102,9D0F9C0F9E0FA00F
11.6,0x100,800C2B003C1F0000
11.7,0x100,7E0C28003D1F0000
11.8,0x100,7B0C4000431F0000
11.9,0x100,7F0C2400411F0000
12.0,0x100,800C19004B1F0000
12.0,0x101,A10FA10FA40F9D0F
12.0,0x102,A30FA00F9F0F9D0F
12.0,0x103,FA00FA00FA00FA00
12.0,0x104,0000000000000000
12.1,0x100,7D0C2B00371F0000
12.2,0x100,7E0C2B004A1F0000
12.3,0x100,7A0C3C00431F0000
12.4,0x100,7C0C3500421F0000
12.5,0x100,7E0C2D003E1F0000
12.5,0x101,A00F9E0F9B0F9D0F
12.5,0x102,9D0F9F0F9C0F9F0F
12.6,0x100,7C0C3E004B1F0000
12.7,0x100,800C1600371F0000
12.8,0x100,800C1E00341F0000
12.9,0x100,810C1A00401F0000
13.0,0x100,800C2200391F0000
13.0,0x101,A40F9D0FA20F9F0F
13.0,0x102,A10F9E0FA00F9E0F
13.0,0x103,FA00FA00FA00FB00
13.0,0x104,0000000000000000
13.1,0x100,810C1300431F0000
13.2,0x100,7D0C3200531F0000
13.3,0x100,7F0C2500411F0000
13.4,0x100,810C1200421F0000
13.5,0x100,800C1900501F0000
13.5,0x101,9D0FA00FA00FA10F
13.5,0x102,A20F9F0FA10FA20F
13.6,0x100,7E0C2D00441F0000
13.7,0x100,7C0C35004B1F0000
13.8,0x100,7A0C46003D1F0000
13.9,0x100,790C54003F1F0000
14.0,0x100,7E0C2E00391F0000
14.0,0x101,9B0F9C0FA30F9E0F
14.0,0x102,9A0F9E0F9B0F9F0F
14.0,0x103,FA00FA00FB00FA00
14.0,0x104,0000000000000000
14.1,0x100,810C1900451F0000
14.2,0x100,830C0800451F0000
14.3,0x100,7E0C2C00471F0000
14.4,0x100,800C1C00441F0000
14.5,0x100,7F0C22003F1F0000
14.5,0x101,A00F9E0FA00F9F0F
14.5,0x102,9E0FA00F9E0F9F0F
14.6,0x100,7F0C1F00461F0000
14.7,0x100,7E0C26004F1F0000
14.8,0x100,7D0C3800411F0000
14.9,0x100,7D0C2A00331F0000
15.0,0x100,7E0C2600361F0000
15.0,0x101,9B0F9D0F9E0F9C0F
15.0,0x102,9F0F9E0F9F0F9E0F
15.0,0x103,F900FA00FA00FA00
15.0,0x104,0001000000000000
15.1,0x100,800C1800421F0000
15.2,0x100,820C0F00371F0000
15.3,0x100,7E0C21003B1F0000
15.4,0x100,7E0C27003B1F0000
15.5,0x100,7C0C4300441F0000
15.5,0x101,9D0F980F9C0F980F
15.5,0x102,9B0F9A0F9C0F990F
15.6,0x100,7F0C2A00501F0000
15.7,0x100,7C0C3700311F0000
15.8,0x100,7F0C21004A1F0000
15.9,0x100,810C16004A1F0000
16.0,0x100,800C1A00431F0000
16.0,0x101,A00F9F0FA00FA00F
16.0,0x102,A00FA00F9F0FA00F
16.0,0x103,F900FA00FA00FA00
16.0,0x104,0001000000000000
16.1,0x100,7F0C1D003E1F0000
16.2,0x100,7A0C4800481F0000
16.3,0x100,800C1C00411F0000
16.4,0x100,7E0C35003E1F0000
16.5,0x100,800C1A002E1F0000
16.5,0x101,A30F9E0F9F0F9E0F
16.5,0x102,9D0FA20F9F0FA00F
16.6,0x100,7D0C3600451F0000
16.7,0x100,7D0C2E004E1F0000
16.8,0x100,7E0C2600321F0000
16.9,0x100,7E0C2700371F0000
17.0,0x100,7E0C1E003B1F0000
17.0,0x101,9D0F9B0F9D0F9F0F
17.0,0x102,9F0F9F0F9F0F9E0F
17.0,0x103,FA00FA00FA00F900
17.0,0x104,0001000000000000
17.1,0x100,7D0C2F003D1F0000
17.2,0x100,7F0C2100391F0000
17.3,0x100,800C16004D1F0000
17.4,0x100,800C1500541F0000
17.5,0x100,7E0C2B00421F0000
17.5,0x101,9D0F9C0F9D0F9B0F
17.5,0x102,9E0F9D0F9F0F9E0F
17.6,0x100,7B0C4000391F0000
17.7,0x100,7E0C2A00421F0000
17.8,0x100,7F0C2600351F0000
17.9,0x100,7D0C2C003E1F0000
18.0,0x100,7C0C3C00461F0000
18.0,0x101,9E0F9A0F990F9B0F
18.0,0x102,9C0F990F9D0F990F
18.0,0x103,FA00FA00F900F900
18.0,0x104,0001000000000000
18.1,0x100,7E0C2B00471F0000
18.2,0x100,7E0C2200461F0000
18.3,0x100,7C0C39003B1F0000
18.4,0x100,7C0C2E00411F0000
18.5,0x100,7A0C3F003C1F0000
18.5,0x101,9A0F9B0F990F970F
18.5,0x102,9D0F940F990F9A0F
18.6,0x100,7D0C2B00491F0000
18.7,0x100,810C1600441F0000
18.8,0x100,810C1300511F0000
18.9,0x100,7C0C4100431F0000
19.0,0x100,7B0C4200371F0000
19.0,0x101,A00F9B0F970F990F
19.0,0x102,990F970F990F990F
19.0,0x103,FA00FA00F900FA00
19.0,0x104,0001000000000000
19.1,0x100,7F0C2500341F0000
19.2,0x100,800C2200421F0000
19.3,0x100,7B0C3E00291F0000
19.4,0x100,800C17003C1F0000
19.5,0x100,800C1B003A1F0000
19.5,0x101,A00FA00FA30FA00F
19.5,0x102,A20FA30FA10F9C0F
19.6,0x100,7D0C3200381F0000
19.7,0x100,7F0C2200411F0000
19.8,0x100,7E0C2800361F0000
19.9,0x100,7E0C2600301F0000
20.0,0x100,B10C9DFE451F0000
20.0,0x101,DC0FDB0FDB0FDE0F
20.0,0x102,D20FFF0FD60FD50F
20.0,0x103,FB00FA00FA00FA00
20.0,0x104,0001000000000000
20.1,0x100,AE0CADFE3D1F0000
20.2,0x100,B10C99FE441F0000
20.3,0x100,B00CA2FE431F0000
20.4,0x100,B40C79FE461F0000
20.5,0x100,B10C97FE431F0000
20.5,0x101,D80FD90FDD0FDC0F
20.5,0x102,CF0F0210D60FD40F
20.6,0x100,B40C8BFE471F0000
20.7,0x100,B30C86FE531F0000
20.8,0x100,B20C8BFE451F0000
20.9,0x100,B20C93FE481F0000
21.0,0x100,AF0CA6FE441F0000
21.0,0x101,D70FDA0FD90FDB0F
21.0,0x102,CE0FFD0FD00FD30F
21.0,0x103,FB00FD00FE00FB00
21.0,0x104,0001000000000000
21.1,0x100,B40C84FE301F0000
21.2,0x100,B10C98FE421F0000
21.3,0x100,B20C91FE511F0000
21.4,0x100,B10C93FE481F0000
21.5,0x100,300C93023E1F0000
21.5,0x101,420F410F3D0F3F0F
21.5,0x102,4E0F070F420F490F
21.6,0x100,300C8D02461F0000
21.7,0x100,2E0C9902371F0000
21.8,0x100,320C8302491F0000
21.9,0x100,330C7B023D1F0000
22.0,0x100,320C8202431F0000
22.0,0x101,480F420F400F420F
22.0,0x102,520F090F480F4A0F
22.0,0x103,0101010104010101
22.0,0x104,0003000000000000
22.1,0x100,310C8902371F0000
22.2,0x100,310C8902431F0000
22.3,0x100,330C7602281F0000
22.4,0x100,300C88023C1F0000
22.5,0x100,320C8A02381F0000
22.5,0x101,420F400F3F0F420F
22.5,0x102,500F090F470F4C0F
22.6,0x100,2D0CAD02381F0000
22.7,0x100,2E0CA4021D1F0000
22.8,0x100,330C7B02381F0000
22.9,0x100,320C8402411F0000
23.0,0x100,330C7302351F0000
23.0,0x101,450F460F410F450F
23.0,0x102,510F0B0F480F4B0F
23.0,0x103,060105010A010601
23.0,0x104,0003000000000000
23.1,0x100,320C8002421F0000
23.2,0x100,300C8E02461F0000
23.3,0x100,2E0C9C02401F0000
23.4,0x100,320C7F02401F0000
23.5,0x100,320C81023F1F0000
23.5,0x101,400F450F3F0F450F
23.5,0x102,500F0B0F4A0F490F
23.6,0x100,340C6B02411F0000
23.7,0x100,300C8902351F0000
23.8,0x100,310C7C02331F0000
23.9,0x100,310C8502331F0000
24.0,0x100,320C8002411F0000
24.0,0x101,410F440F410F420F
24.0,0x102,510F0A0F490F4A0F
24.0,0x103,0A010B0110010901
24.0,0x104,0003000000000000
24.1,0x100,300C8D02321F0000
24.2,0x100,330C7502371F0000
24.3,0x100,320C7A02351F0000
24.4,0x100,2C0CB1023B1F0000
24.5,0x100,320C7E023F1F0000
24.5,0x101,460F420F410F420F
24.5,0x102,4F0F0A0F480F480F
24.6,0x100,310C82023F1F0000
24.7,0x100,2C0CB002261F0000
24.8,0x100,290CC1023B1F0000
24.9,0x100,300C8502371F0000
25.0,0x100,300C9302391F0000
25.0,0x101,400F430F3F0F3C0F
25.0,0x102,510F010F460F460F
25.0,0x103,0F010F0117010F01
25.0,0x104,0003000000000000
25.1,0x100,2E0C9F02331F0000
25.2,0x100,2B0CB6022E1F0000
25.3,0x100,2E0C8F02401F0000
25.4,0x100,2F0C9C02341F0000
25.5,0x100,2C0CAE02421F0000
25.5,0x101,3A0F3F0F3B0F3C0F
25.5,0x102,4A0FFC0E430F440F
25.6,0x100,2D0CAB02351F0000
25.7,0x100,2E0CA102351F0000
25.8,0x100,2C0CA7022D1F0000
25.9,0x100,2F0C9702341F0000
26.0,0x100,2C0CAB023D1F0000
26.0,0x101,3B0F3B0F380F3D0F
26.0,0x102,4D0FFE0E3F0F460F
26.0,0x103,130115011D011201
26.0,0x104,0003000000000000
26.1,0x100,2B0CAE02321F0000
26.2,0x100,2A0CB802351F0000
26.3,0x100,2C0CB002431F0000
26.4,0x100,280CC302261F0000
26.5,0x100,280CCF02281F0000
26.5,0x101,340F380F330F370F
26.5,0x102,470FF70E3D0F400F
26.6,0x100,280CC602341F0000
26.7,0x100,270CCD02201F0000
26.8,0x100,280CCC02361F0000
26.9,0x100,260CD002281F0000
27.0,0x100,280CC9022B1F0000
27.0,0x101,350F370F330F380F
27.0,0x102,470FF30E3D0F400F
27.0,0x103,1801180123011701
27.0,0x104,0003000000000000
27.1,0x100,260CDE02381F0000
27.2,0x100,250CDC02231F0000
27.3,0x100,200C02031B1F0000
27.4,0x100,210CFF02191F0000
27.5,0x100,220CF302311F0000
27.5,0x101,2E0F2F0F2E0F2F0F
27.5,0x102,3F0FEB0E350F3C0F
27.6,0x100,240CE702361F0000
27.7,0x100,240CE702221F0000
27.8,0x100,1E0C0F03371F0000
27.9,0x100,200C07032C1F0000
28.0,0x100,1E0C10032C1F0000
28.0,0x101,2C0F2B0F280F2A0F
28.0,0x102,3A0FE50E320F350F
28.0,0x103,1D011E012C011C01
28.0,0x104,0003000000000000
28.1,0x100,220CF502351F0000
28.2,0x100,1D0C2303191F0000
28.3,0x100,1C0C2203311F0000
28.4,0x100,1E0C1103181F0000
28.5,0x100,1C0C2103191F0000
28.5,0x101,280F2A0F240F250F
28.5,0x102,3D0FDF0E310F330F
28.6,0x100,190C32031B1F0000
28.7,0x100,1A0C36032F1F0000
28.8,0x100,190C37032F1F0000
28.9,0x100,190C4103301F0000
29.0,0x100,180C4503271F0000
29.0,0x101,250F240F1C0F240F
29.0,0x102,380FD70E280F2B0F
29.0,0x103,2201250134012301
29.0,0x104,0003000000000000
29.1,0x100,150C5203231F0000
29.2,0x100,120C6D032B1F0000
29.3,0x100,190C3703241F0000
29.4,0x100,140C6003271F0000
29.5,0x100,120C6D03241F0000
29.5,0x101,190F1D0F190F1E0F
29.5,0x102,2D0FCD0E270F250F
29.6,0x100,120C7603241F0000
29.7,0x100,110C7303381F0000
29.8,0x100,130C65032C1F0000
29.9,0x100,0F0C8A03281F0000
30.0,0x100,0C0CA6031F1F0000
30.0,0x101,160F150F110F120F
30.0,0x102,2A0FBE0E1C0F210F
30.0,0x103,2A012D013D012901
30.0,0x104,0003000000000000
30.1,0x100,110C7C03231F0000
30.2,0x100,0B0CA6032B1F0000
30.3,0x100,0D0C9A03231F0000
30.4,0x100,0B0CA5031C1F0000
30.5,0x100,0C0C9C030F1F0000
30.5,0x101,170F160F0F0F130F
30.5,0x102,290FC10E1B0F1F0F
30.6,0x100,0A0CAC031C1F0000
30.7,0x100,060CCB03261F0000
30.8,0x100,070CC603121F0000
30.9,0x100,040CDC032D1F0000
31.0,0x100,050CD903201F0000
31.0,0x101,0D0F120F0A0F0A0F
31.0,0x102,220FB20E130F140F
31.0,0x103,3201350149013201
31.0,0x104,0003000000000000
31.1,0x100,040CD3032B1F0000
31.2,0x100,010CEC031C1F0000
31.3,0x100,040CDD03061F0000
31.4,0x100,020CE703171F0000
31.5,0x100,050CDB03141F0000
31.5,0x101,0C0F110F090F090F
31.5,0x102,240FAF0E130F190F
31.6,0x100,030CE503121F0000
31.7,0x100,030CDD031E1F0000
31.8,0x100,000CFA03101F0000
31.9,0x100,020CDD030A1F0000
32.0,0x100,FF0BFD03121F0000
32.0,0x101,020F080F040F060F
32.0,0x102,1A0FA90E0D0F0F0F
32.0,0x103,3D013F0156013A01
32.0,0x104,0003000000000000
32.1,0x100,000CF203201F0000
32.2,0x100,FE0B0904141F0000
32.3,0x100,FE0B05040D1F0000
32.4,0x100,FC0B1704121F0000
32.5,0x100,FD0B0804201F0000
32.5,0x101,030FFF0EFF0E010F
32.5,0x102,1E0FA80E0C0F120F
32.6,0x100,020CE703191F0000
32.7,0x100,FF0BFF03191F0000
32.8,0x100,010CEF03181F0000
32.9,0x100,FF0BFA03021F0000
33.0,0x100,FB0B1904111F0000
33.0,0x101,FF0E000FFD0E000F
33.0,0x102,190FA20E0B0F0F0F
33.0,0x103,4501490164014301
33.0,0x104,0003000000000000
33.1,0x100,FD0B0C041C1F0000
33.2,0x100,FF0BF703FB1E0000
33.3,0x100,010CF203FD1E0000
33.4,0x100,FE0B0104051F0000
33.5,0x100,000CED03081F0000
33.5,0x101,0A0F090F050F020F
33.5,0x102,1C0FA90E100F160F
33.6,0x100,FF0BF4030F1F0000
33.7,0x100,FF0B0104011F0000
33.8,0x100,FD0B0C04131F0000
33.9,0x100,FE0B0204241F0000
34.0,0x100,040CD403071F0000
34.0,0x101,0D0F100F050F090F
34.0,0x102,230FB20E110F140F
34.0,0x103,4E0152016F014B01
34.0,0x104,0003000000000000
34.1,0x100,FE0BF803FE1E0000
34.2,0x100,000CF203071F0000
34.3,0x100,000CF403111F0000
34.4,0x100,FD0B02040C1F0000
34.5,0x100,050CC803111F0000
34.5,0x101,0E0F0C0F090F0A0F
34.5,0x102,230FB50E150F130F
34.6,0x100,030CDA03071F0000
34.7,0x100,020CE8030C1F0000
34.8,0x100,060CC303221F0000
34.9,0x100,010CEC03041F0000
35.0,0x100,020CD703071F0000
35.0,0x101,0A0F0A0F050F040F
35.0,0x102,220FB10E120F150F
35.0,0x103,55015A0179015301
35.0,0x104,0003000000000000
35.1,0x100,020CD9030B1F0000
35.2,0x100,050CBF031F1F0000
35.3,0x100,030CCF030E1F0000
35.4,0x100,040CCD03061F0000
35.5,0x100,060CBB03001F0000
35.5,0x101,0C0F120F090F090F
35.5,0x102,270FB80E160F170F
35.6,0x100,080CB603121F0000
35.7,0x100,070CB103031F0000
35.8,0x100,0B0C9A03131F0000
35.9,0x100,0A0C9F03001F0000
36.0,0x100,0B0C9903FC1E0000
36.0,0x101,150F180F0F0F0F0F
36.0,0x102,2D0FBC0E180F1F0F
36.0,0x103,5A015F0180015801
36.0,0x104,0003000000000000
36.1,0x100,0A0C9B03F31E0000
36.2,0x100,0A0C9E03071F0000
36.3,0x100,0F0C7903EF1E0000
36.4,0x100,0D0C81030D1F0000
36.5,0x100,0B0C9303F21E0000
36.5,0x101,110F180F120F0F0F
36.5,0x102,240FC00E1E0F220F
36.6,0x100,100C6B03ED1E0000
36.7,0x100,100C6403FF1E0000
36.8,0x100,100C6D03081F0000
36.9,0x100,0F0C7003FD1E0000
37.0,0x100,110C5D03051F0000
37.0,0x101,1C0F1E0F140F180F
37.0,0x102,300FCE0E1F0F260F
37.0,0x103,5E01620185015B01
37.0,0x104,0003000000000000
37.1,0x100,0F0C6B03001F0000
37.2,0x100,120C5E03041F0000
37.3,0x100,130C58030C1F0000
37.4,0x100,130C4D03F51E0000
37.5,0x100,110C6203FD1E0000
37.5,0x101,1A0F1D0F150F170F
37.5,0x102,300FCD0E270F260F
37.6,0x100,170C3603E71E0000
37.7,0x100,1B0C1603081F0000
37.8,0x100,150C4603F71E0000
37.9,0x100,180C2203FA1E0000
38.0,0x100,1A0C2503F61E0000
38.0,0x101,280F240F200F230F
38.0,0x102,380FDE0E2C0F2F0F
38.0,0x103,5F01650189015D01
38.0,0x104,0003000000000000
38.1,0x100,170C3103F21E0000
38.2,0x100,1D0C0003001F0000
38.3,0x100,1D0C0103FE1E0000
38.4,0x100,1D0CF702F21E0000
38.5,0x100,1E0CFE02091F0000
38.5,0x101,290F2D0F250F280F
38.5,0x102,3E0FE50E2F0F330F
38.6,0x100,1C0C0C03FF1E0000
38.7,0x100,1B0C0903061F0000
38.8,0x100,1C0C0003E31E0000
38.9,0x100,210CE302EF1E0000
39.0,0x100,220CD102FF1E0000
39.0,0x101,2F0F310F2B0F2B0F
39.0,0x102,420FF10E330F390F
39.0,0x103,6001640189015F01
39.0,0x104,0003000000000000
39.1,0x100,1F0CF102E91E0000
39.2,0x100,210CE502F01E0000
39.3,0x100,1F0CF002EA1E0000
39.4,0x100,1F0CF002F81E0000
39.5,0x100,210CE402F01E0000
39.5,0x101,2D0F310F290F2D0F
39.5,0x102,3B0FE90E360F390F
39.6,0x100,1F0CEB02E91E0000
39.7,0x100,200CE002041F0000
39.8,0x100,210CE202F91E0000
39.9,0x100,230CCC02F81E0000
40.0,0x100,220CD202F31E0000
40.0,0x101,2D0F340F2D0F2D0F
40.0,0x102,3F0FEF0E360F360F
40.0,0x103,6001640189015D01
40.0,0x104,0003000000000000
40.1,0x100,210CD502FA1E0000
40.2,0x100,210CDC02F61E0000
40.3,0x100,230CC802DE1E0000
40.4,0x100,230CD402041F0000
40.5,0x100,240CC702011F0000
40.5,0x101,310F340F2B0F2E0F
40.5,0x102,430FF10E3A0F370F
40.6,0x100,230CC702EB1E0000
40.7,0x100,210CD402DF1E0000
40.8,0x100,270CA802E41E0000
40.9,0x100,260CB202E41E0000
41.0,0x100,270CAE02F11E0000
41.0,0x101,350F380F300F340F
41.0,0x102,440FF50E3C0F3D0F
41.0,0x103,5E01640188015C01
41.0,0x104,0003000000000000
41.1,0x100,280CA002EA1E0000
41.2,0x100,250CB802E71E0000
41.3,0x100,230CCD02F31E0000
41.4,0x100,240CBD02EC1E0000
41.5,0x100,230CC302F61E0000
41.5,0x101,320F310F2D0F300F
41.5,0x102,3F0FF20E370F380F
41.6,0x100,220CD002EC1E0000
41.7,0x100,210CD302FD1E0000
41.8,0x100,240CBE02021F0000
41.9,0x100,220CD302ED1E0000
42.0,0x100,250CC002E81E0000
42.0,0x101,310F330F330F310F
42.0,0x102,440FF40E380F3A0F
42.0,0x103,5E01630186015C01
42.0,0x104,0003000000000000
42.1,0x100,270CB202EA1E0000
42.2,0x100,250CB602F51E0000
42.3,0x100,260CA802F21E0000
42.4,0x100,260CB102D61E0000
42.5,0x100,250CB902EE1E0000
42.5,0x101,320F340F310F320F
42.5,0x102,410FF30E380F3C0F
42.6,0x100,220CCB02E51E0000
42.7,0x100,210CD902EB1E0000
42.8,0x100,260CAA02E81E0000
42.9,0x100,240CC502E31E0000
43.0,0x100,270CB002D61E0000
43.0,0x101,330F370F300F360F
43.0,0x102,450FF70E3A0F3F0F
43.0,0x103,5D01630185015B01
43.0,0x104,0003000000000000
43.1,0x100,220CC702D71E0000
43.2,0x100,250CBE02E41E0000
43.3,0x100,270CA502E51E0000
43.4,0x100,220CCE02E51E0000
43.5,0x100,250CB802E81E0000
43.5,0x101,320F380F320F2F0F
43.5,0x102,3F0FF30E360F3E0F
43.6,0x100,250CB902DD1E0000
43.7,0x100,250CB102D71E0000
43.8,0x100,250CB802EE1E0000
43.9,0x100,220CC802E91E0000
44.0,0x100,240CBF02DC1E0000
44.0,0x101,310F340F330F300F
44.0,0x102,400FF10E370F380F
44.0,0x103,5C01610183015A01
44.0,0x104,0003000000000000
44.1,0x100,230CC702EC1E0000
44.2,0x100,220CC802D91E0000
44.3,0x100,200CD702E51E0000
44.4,0x100,240CBE02E41E0000
44.5,0x100,260CAD02DB1E0000
44.5,0x101,350F380F300F350F
44.5,0x102,410FF40E3B0F390F
44.6,0x100,210CD402E61E0000
44.7,0x100,230CBF02D41E0000
44.8,0x100,220CD502E01E0000
44.9,0x100,230CCA02E01E0000
45.0,0x100,230CC302D51E0000
45.0,0x101,320F320F2A0F2F0F
45.0,0x102,400FF10E370F3A0F
45.0,0x103,5C01600182015901
45.0,0x104,0003000000000000
45.1,0x100,230CCA02E61E0000
45.2,0x100,1F0CE302EA1E0000
45.3,0x100,1E0CE502DE1E0000
45.4,0x100,230CC702DF1E0000
45.5,0x100,220CC902DB1E0000
45.5,0x101,2E0F330F2B0F300F
45.5,0x102,400FEF0E350F370F
45.6,0x100,200CD702DD1E0000
45.7,0x100,250CBB02D81E0000
45.8,0x100,210CCD02DD1E0000
45.9,0x100,230CC902DA1E0000
46.0,0x100,220CCE02EC1E0000
46.0,0x101,2E0F320F2B0F300F
46.0,0x102,3E0FF10E360F370F
46.0,0x103,5A01600181015901
46.0,0x104,0003000000000000
46.1,0x100,230CBE02D91E0000
46.2,0x100,250CB302D21E0000
46.3,0x100,250CAD02C91E0000
46.4,0x100,230CBC02E41E0000
46.5,0x100,230CC702E81E0000
46.5,0x101,350F300F2B0F2F0F
46.5,0x102,430FF20E330F380F
46.6,0x100,210CCB02CE1E0000
46.7,0x100,1E0CEE02DF1E0000
46.8,0x100,1E0CE202DE1E0000
46.9,0x100,230CC502D91E0000
47.0,0x100,1F0CDA02CD1E0000
47.0,0x101,2A0F2F0F260F270F
47.0,0x102,3D0FEA0E330F340F
47.0,0x103,5B015F0182015801
47.0,0x104,0003000000000000
47.1,0x100,220CD002DD1E0000
47.2,0x100,200CD402E41E0000
47.3,0x100,1F0CDD02E51E0000
47.4,0x100,1D0CE502DC1E0000
47.5,0x100,1F0CD902DF1E0000
47.5,0x101,2E0F2E0F280F280F
47.5,0x102,3C0FE80E310F350F
47.6,0x100,1D0CF102C41E0000
47.7,0x100,200CD202DB1E0000
47.8,0x100,1E0CE602DB1E0000
47.9,0x100,190C0F03D11E0000
48.0,0x100,1C0CEF02D51E0000
48.0,0x101,260F2B0F240F270F
48.0,0x102,3A0FE10E300F330F
48.0,0x103,5B015F0181015A01
48.0,0x104,0003000000000000
48.1,0x100,1A0C0403CF1E0000
48.2,0x100,1C0CF302C41E0000
48.3,0x100,1B0CFD02D91E0000
48.4,0x100,1C0CF702E61E0000
48.5,0x100,1C0CF902CA1E0000
48.5,0x101,270F290F270F240F
48.5,0x102,360FE30E300F310F
48.6,0x100,1B0CF402D31E0000
48.7,0x100,190C0A03C41E0000
48.8,0x100,1C0CFB02D31E0000
48.9,0x100,180C1603CA1E0000
49.0,0x100,150C2103CF1E0000
49.0,0x101,210F240F1D0F1C0F
49.0,0x102,350FD70E250F280F
49.0,0x103,5C01600182015A01
49.0,0x104,0003000000000000
49.1,0x100,170C1B03DA1E0000
49.2,0x100,180C1603D21E0000
49.3,0x100,160C2603CE1E0000
49.4,0x100,160C1F03C51E0000
49.5,0x100,130C3703D51E0000
49.5,0x101,1D0F1E0F190F190F
49.5,0x102,2E0FD50E230F270F
49.6,0x100,180C1303C31E0000
49.7,0x100,150C2F03DB1E0000
49.8,0x100,170C1C03CE1E0000
49.9,0x100,150C2903C21E0000
50.0,0x100,0E0C5A03BD1E0000
50.0,0x101,180F1C0F120F150F
50.0,0x102,2B0FCB0E1F0F210F
50.0,0x103,5D01620184015A01
50.0,0x104,0003000000000000
50.1,0x100,0F0C5903C81E0000
50.2,0x100,110C4703C81E0000
50.3,0x100,120C4103CF1E0000
50.4,0x100,130C3203C01E0000
50.5,0x100,0D0C5C03D21E0000
50.5,0x101,160F170F120F160F
50.5,0x102,2C0FC70E1A0F220F
50.6,0x100,080C8F03B01E0000
50.7,0x100,0A0C7803CA1E0000
50.8,0x100,0B0C7003C11E0000
50.9,0x100,080C8603C91E0000
51.0,0x100,0C0C6E03D41E0000
51.0,0x101,170F160F160F110F
51.0,0x102,270FC20E1C0F1B0F
51.0,0x103,6001650189015D01
51.0,0x104,0003000000000000
51.1,0x100,080C8803D01E0000
51.2,0x100,070C9403CA1E0000
51.3,0x100,050C9803D31E0000
51.4,0x100,040CAC03D31E0000
51.5,0x100,040CAC03D41E0000
51.5,0x101,090F0D0F070F090F
51.5,0x102,230FB70E130F150F
51.6,0x100,030CB803BF1E0000
51.7,0x100,050CAA03CC1E0000
51.8,0x100,FF0BC903CB1E0000
51.9,0x100,FD0BDA03C31E0000
52.0,0x100,020CBA03CD1E0000
52.0,0x101,080F0A0F050F030F
52.0,0x102,1E0FB10E130F140F
52.0,0x103,650169018F016201
52.0,0x104,0003000000000000
52.1,0x100,010CC103C21E0000
52.2,0x100,FC0BE903B31E0000
52.3,0x100,FE0BD903CE1E0000
52.4,0x100,F90BF703BA1E0000
52.5,0x100,FD0BE103AE1E0000
52.5,0x101,020F010FFF0E000F
52.5,0x102,1D0FA70E090F0E0F
52.6,0x100,F80B0304DF1E0000
52.7,0x100,FB0BF503B41E0000
52.8,0x100,F90BFD03C51E0000
52.9,0x100,F60B1604B31E0000
53.0,0x100,F90BFE03B91E0000
53.0,0x101,FD0E040FFA0EFA0E
53.0,0x102,130FA10E070F070F
53.0,0x103,6A01700197016801
53.0,0x104,0003000000000000
53.1,0x100,F90BFB03B61E0000
53.2,0x100,F80B0704B21E0000
53.3,0x100,F50B1904C41E0000
53.4,0x100,F90B0004D21E0000
53.5,0x100,F30B2504BA1E0000
53.5,0x101,F70EF80EF10EF40E
53.5,0x102,120F990EFE0E030F
53.6,0x100,F50B1704A81E0000
53.7,0x100,F20B3404AF1E0000
53.8,0x100,F80B0304B01E0000
53.9,0x100,F40B1E04B91E0000
54.0,0x100,F50B1404B31E0000
54.0,0x101,F90EFD0EF50EF40E
54.0,0x102,140F990E060F030F
54.0,0x103,71017701A0016E01
54.0,0x104,0003000000000000
54.1,0x100,F30B2404CC1E0000
54.2,0x100,F10B3604B61E0000
54.3,0x100,F10B3204BE1E0000
54.4,0x100,F20B3304B41E0000
54.5,0x100,F10B3604B41E0000
54.5,0x101,F50EF50EF10EEF0E
54.5,0x102,0A0F900E020F050F
54.6,0x100,F00B3D04B11E0000
54.7,0x100,F30B2C04B41E0000
54.8,0x100,EE0B4704AE1E0000
54.9,0x100,EF0B4704B31E0000
55.0,0x100,EF0B4304AC1E0000
55.0,0x101,EF0EF40EE80EF30E
55.0,0x102,0D0F8D0EFA0E010F
55.0,0x103,78017E01AA017601
55.0,0x104,0003000000000000
55.1,0x100,EF0B4604C81E0000
55.2,0x100,EE0B4204B51E0000
55.3,0x100,EC0B5B04B61E0000
55.4,0x100,F00B3B04AE1E0000
55.5,0x100,F20B3604A01E0000
55.5,0x101,F60EF70EF10EF40E
55.5,0x102,0E0F900E000F020F
55.6,0x100,F30B2E04A11E0000
55.7,0x100,F30B2804AC1E0000
55.8,0x100,F30B2304AB1E0000
55.9,0x100,F30B2604B11E0000
56.0,0x100,F10B3004AE1E0000
56.0,0x101,F40EF70EF40EEE0E
56.0,0x102,0F0F920EFD0E010F
56.0,0x103,7E018501B3017C01
56.0,0x104,0003000000000000
56.1,0x100,F20B3404A71E0000
56.2,0x100,F10B2C04C51E0000
56.3,0x100,F40B1D04AE1E0000
56.4,0x100,F10B3304A51E0000
56.5,0x100,F10B2D04A51E0000
56.5,0x101,F30EF70EEF0EF10E
56.5,0x102,0E0F900EFE0E030F
56.6,0x100,F30B1B04B01E0000
56.7,0x100,F50B1004A61E0000
56.8,0x100,F30B1D04B11E0000
56.9,0x100,F40B1404A61E0000
57.0,0x100,F90BF603A31E0000
57.0,0x101,000F000FF80EFB0E
57.0,0x102,160FA10E050F0C0F
57.0,0x103,84018A01BA018001
57.0,0x104,0003000000000000
57.1,0x100,F60B0604981E0000
57.2,0x100,F60B0604B01E0000
57.3,0x100,FA0BF0039A1E0000
57.4,0x100,F80BFB03AC1E0000
57.5,0x100,FB0BDC039E1E0000
57.5,0x101,FE0E010FFF0EFF0E
57.5,0x102,170FA60E0C0F0E0F
57.6,0x100,F70B0104AC1E0000
57.7,0x100,F90BFA03AF1E0000
57.8,0x100,FC0BDD039B1E0000
57.9,0x100,FA0BE103991E0000
58.0,0x100,010CB103B71E0000
58.0,0x101,080F0D0F040F050F
58.0,0x102,1D0FAE0E110F0D0F
58.0,0x103,86018E01C0018401
58.0,0x104,0003000000000000
58.1,0x100,FF0BBE03A51E0000
58.2,0x100,FE0BC503A71E0000
58.3,0x100,000CB303921E0000
58.4,0x100,FE0BC803951E0000
58.5,0x100,FC0BD503A11E0000
58.5,0x101,030F040FFE0E030F
58.5,0x102,170FA60E080F0F0F
58.6,0x100,020C9F039A1E0000
58.7,0x100,030C9E03931E0000
58.8,0x100,020CA703A01E0000
58.9,0x100,FF0BB6038B1E0000
59.0,0x100,050C85039F1E0000
59.0,0x101,0E0F0C0F060F090F
59.0,0x102,220FBB0E160F190F
59.0,0x103,89019001C2018601
59.0,0x104,0003000000000000
59.1,0x100,030C9503931E0000
59.2,0x100,020CA703A21E0000
59.3,0x100,090C6C039C1E0000
59.4,0x100,0A0C6C039F1E0000
59.5,0x100,070C7303A71E0000
59.5,0x101,0F0F0F0F0D0F0D0F
59.5,0x102,220FC00E1A0F170F
59.6,0x100,090C6C03931E0000
59.7,0x100,070C7A038F1E0000
59.8,0x100,080C6C03A41E0000
59.9,0x100,0E0C4803A91E0000
60.0,0x100,0A0C6503A41E0000
60.0,0x101,100F110F100F0F0F
60.0,0x102,260FC60E190F1D0F
60.0,0x103,88019001C3018601
60.0,0x104,0003000000000000
60.1,0x100,0C0C4F03801E0000
60.2,0x100,090C66039C1E0000
60.3,0x100,0D0C44038D1E0000
60.4,0x100,0F0C3F039F1E0000
60.5,0x100,0D0C4C03931E0000
60.5,0x101,160F180F0F0F140F
60.5,0x102,290FC90E1B0F220F
60.6,0x100,0C0C4B03911E0000
60.7,0x100,0E0C4203901E0000
60.8,0x100,120C1D038E1E0000
60.9,0x100,0F0C3A03871E0000
61.0,0x100,120C1F038F1E0000
61.0,0x101,1B0F1D0F180F180F
61.0,0x102,2E0FD50E210F250F
61.0,0x103,87018E01C1018401
61.0,0x104,0003000000000000
61.1,0x100,100C2E03941E0000
61.2,0x100,150C1103A11E0000
61.3,0x100,110C2A03971E0000
61.4,0x100,130C14038E1E0000
61.5,0x100,150C09038D1E0000
61.5,0x101,1E0F200F1C0F210F
61.5,0x102,2D0FDD0E250F290F
61.6,0x100,110C2403731E0000
61.7,0x100,130C1A038C1E0000
61.8,0x100,140C0B03911E0000
61.9,0x100,120C2703891E0000
62.0,0x100,150C08038A1E0000
62.0,0x101,220F210F170F1D0F
62.0,0x102,320FD80E250F260F
62.0,0x103,86018D01BD018301
62.0,0x104,0003000000000000
62.1,0x100,150C0D03761E0000
62.2,0x100,150C0E03801E0000
62.3,0x100,160CFF02831E0000
62.4,0x100,140C0E03861E0000
62.5,0x100,170CFD026E1E0000
62.5,0x101,210F220F1F0F210F
62.5,0x102,350FDB0E260F2D0F
62.6,0x100,170CFD028A1E0000
62.7,0x100,130C16038B1E0000
62.8,0x100,180CF102901E0000
62.9,0x100,1B0CDB02871E0000
63.0,0x100,130C1603931E0000
63.0,0x101,1D0F200F160F1B0F
63.0,0x102,2D0FD50E2A0F260F
63.0,0x103,83018A01BA018001
63.0,0x104,0003000000000000
63.1,0x100,110C23039C1E0000
63.2,0x100,170CF6027C1E0000
63.3,0x100,1A0CDF027D1E0000
63.4,0x100,160CF6028C1E0000
63.5,0x100,180CF6028F1E0000
63.5,0x101,220F250F210F220F
63.5,0x102,350FDC0E270F2A0F
63.6,0x100,170CF7027C1E0000
63.7,0x100,180CE902991E0000
63.8,0x100,150C02037E1E0000
63.9,0x100,140C0103851E0000
64.0,0x100,1A0CE2028D1E0000
64.0,0x101,210F250F250F230F
64.0,0x102,340FE10E2B0F300F
64.0,0x103,81018701B6017E01
64.0,0x104,0003000000000000
64.1,0x100,140C0303951E0000
64.2,0x100,120C17037C1E0000
64.3,0x100,160CFB028D1E0000
64.4,0x100,170CF302841E0000
64.5,0x100,160CF602761E0000
64.5,0x101,210F240F200F1F0F
64.5,0x102,320FDA0E280F290F
64.6,0x100,140C02037E1E0000
64.7,0x100,190CDF02781E0000
64.8,0x100,150CFB028A1E0000
64.9,0x100,170CF302751E0000
65.0,0x100,120C1503871E0000
65.0,0x101,200F210F160F190F
65.0,0x102,2E0FD70E200F210F
65.0,0x103,7F018501B4017B01
65.0,0x104,0003000000000000
65.1,0x100,160CF702821E0000
65.2,0x100,110C1303851E0000
65.3,0x100,170CE902811E0000
65.4,0x100,150C0303781E0000
65.5,0x100,150CFF02841E0000
65.5,0x101,1C0F200F1B0F200F
65.5,0x102,300FDA0E260F2A0F
65.6,0x100,170CEE02821E0000
65.7,0x100,160CFE027B1E0000
65.8,0x100,130C0D03991E0000
65.9,0x100,160CF702731E0000
66.0,0x100,180CE202841E0000
66.0,0x101,230F230F1D0F240F
66.0,0x102,360FE30E2B0F270F
66.0,0x103,7C018401B2017B01
66.0,0x104,0003000000000000
66.1,0x100,150CFC02841E0000
66.2,0x100,160CEF027B1E0000
66.3,0x100,160CF702801E0000
66.4,0x100,150CFB02811E0000
66.5,0x100,180CE3027C1E0000
66.5,0x101,210F270F1F0F220F
66.5,0x102,320FE00E270F2C0F
66.6,0x100,180CE502771E0000
66.7,0x100,130C05037B1E0000
66.8,0x100,150CF602751E0000
66.9,0x100,180CD802891E0000
67.0,0x100,140C0A03831E0000
67.0,0x101,1C0F210F180F1E0F
67.0,0x102,2D0FD70E260F270F
67.0,0x103,7B018101AE017701
67.0,0x104,0003000000000000
67.1,0x100,140C03037B1E0000
67.2,0x100,150CF402721E0000
67.3,0x100,160CEC02761E0000
67.4,0x100,120C0C03731E0000
67.5,0x100,130C0503781E0000
67.5,0x101,1A0F1E0F1A0F1F0F
67.5,0x102,310FD60E270F240F
67.6,0x100,100C2403681E0000
67.7,0x100,140C0803721E0000
67.8,0x100,130C08036C1E0000
67.9,0x100,140C0003701E0000
68.0,0x100,120C0F03891E0000
68.0,0x101,1B0F200F190F180F
68.0,0x102,2C0FD70E230F220F
68.0,0x103,79018001AB017501
68.0,0x104,0003000000000000
68.1,0x100,110C0D03731E0000
68.2,0x100,120C1703781E0000
68.3,0x100,140CFE02731E0000
68.4,0x100,150C00037B1E0000
68.5,0x100,140C0003711E0000
68.5,0x101,1E0F1F0F1E0F1C0F
68.5,0x102,300FD90E250F250F
68.6,0x100,120C14036F1E0000
68.7,0x100,100C20036D1E0000
68.8,0x100,140C04036C1E0000
68.9,0x100,140C0603821E0000
69.0,0x100,130C1303761E0000
69.0,0x101,1B0F1B0F160F1C0F
69.0,0x102,310FD50E250F270F
69.0,0x103,78017E01AA017501
69.0,0x104,0003000000000000
69.1,0x100,130C0C036C1E0000
69.2,0x100,0F0C20037A1E0000
69.3,0x100,160CF2027D1E0000
69.4,0x100,130C09036A1E0000
69.5,0x100,120C0C036E1E0000
69.5,0x101,1D0F1D0F180F1A0F
69.5,0x102,2C0FD60E1F0F290F
69.6,0x100,160CF702701E0000
69.7,0x100,120C0E03681E0000
69.8,0x100,100C11036A1E0000
69.9,0x100,100C1E036A1E0000
70.0,0x100,0D0C35036D1E0000
70.0,0x101,180F180F110F140F
70.0,0x102,290FCA0E1A0F220F
70.0,0x103,76017E01A9017501
70.0,0x104,0003000000000000
70.1,0x100,0E0C24038D1E0000
70.2,0x100,100C1B03651E0000
70.3,0x100,0D0C2D035E1E0000
70.4,0x100,0A0C4103761E0000
70.5,0x100,0F0C26036E1E0000
70.5,0x101,180F1A0F140F150F
70.5,0x102,280FCD0E1E0F250F
70.6,0x100,0E0C2B03691E0000
70.7,0x100,0B0C4503741E0000
70.8,0x100,0B0C3E035F1E0000
70.9,0x100,0B0C4F036E1E0000
71.0,0x100,0A0C4A03681E0000
71.0,0x101,130F140F0E0F0F0F
71.0,0x102,240FC80E170F1D0F
71.0,0x103,76017D01A8017401
71.0,0x104,0003000000000000
71.1,0x100,070C59036A1E0000
71.2,0x100,0B0C44036A1E0000
71.3,0x100,070C5803811E0000
71.4,0x100,080C5A03631E0000
71.5,0x100,0A0C50035F1E0000
71.5,0x101,120F150F100F0F0F
71.5,0x102,280FC50E190F1B0F
71.6,0x100,080C50036D1E0000
71.7,0x100,040C7803711E0000
71.8,0x100,050C6E03591E0000
71.9,0x100,050C69036A1E0000
72.0,0x100,040C7D035A1E0000
72.0,0x101,0B0F0C0F060F0A0F
72.0,0x102,210FB50E130F150F
72.0,0x103,77017D01A9017401
72.0,0x104,0003000000000000
72.1,0x100,FF0B9503571E0000
72.2,0x100,060C6803621E0000
72.3,0x100,030C7A035D1E0000
72.4,0x100,030C8903571E0000
72.5,0x100,FC0BB3035B1E0000
72.5,0x101,FF0E070FFA0E000F
72.5,0x102,170FAA0E070F0F0F
72.6,0x100,FD0BA8035D1E0000
72.7,0x100,FB0BB603681E0000
72.8,0x100,FE0BA003581E0000
72.9,0x100,FD0BA703621E0000
73.0,0x100,FA0BC5034E1E0000
73.0,0x101,010F010FFA0EFC0E
73.0,0x102,120FA70E070F0C0F
73.0,0x103,7A018001AE017701
73.0,0x104,0003000000000000
73.1,0x100,FA0BC6035E1E0000
73.2,0x100,F80BD403671E0000
73.3,0x100,F90BD0035A1E0000
73.4,0x100,F70BDD03641E0000
73.5,0x100,F70BE2034B1E0000
73.5,0x101,F90EFC0EF70EF60E
73.5,0x102,130F9F0E070F060F
73.6,0x100,F30BF203521E0000
73.7,0x100,F20BF903621E0000
73.8,0x100,F70BDC03631E0000
73.9,0x100,F60BD9036E1E0000
74.0,0x100,F10B1004621E0000
74.0,0x101,F20EF70EEE0EF30E
74.0,0x102,0C0F940E000FFF0E
74.0,0x103,7E018401B2017A01
74.0,0x104,0003000000000000
74.1,0x100,EF0B1904661E0000
74.2,0x100,F20BFF03511E0000
74.3,0x100,F30BF8035A1E0000
74.4,0x100,EE0B1C044B1E0000
74.5,0x100,EB0B2E04631E0000
74.5,0x101,EE0EF20EE50EE80E
74.5,0x102,090F8E0EF50EFB0E
74.6,0x100,E80B4104551E0000
74.7,0x100,EB0B34045C1E0000
74.8,0x100,EB0B2C04401E0000
74.9,0x100,EC0B29043D1E0000
75.0,0x100,EA0B3C04671E0000
75.0,0x101,EC0EEA0EE60EE60E
75.0,0x102,050F870EF60EFA0E
75.0,0x103,82018A01BA018101
75.0,0x104,0003000000000000
75.1,0x100,EA0B3D04781E0000
75.2,0x100,EA0B3704581E0000
75.3,0x100,E40B6904631E0000
75.4,0x100,E40B6A044C1E0000
75.5,0x100,E50B6504431E0000
75.5,0x101,E70EE70EDF0EE20E
75.5,0x102,010F7B0EF10EF20E
75.6,0x100,E70B4A04631E0000
75.7,0x100,E50B6804501E0000
75.8,0x100,E30B68044F1E0000
75.9,0x100,E30B6904611E0000
76.0,0x100,E10B78044C1E0000
76.0,0x101,E00EE50EDE0EDD0E
76.0,0x102,FD0E780EE90EF00E
76.0,0x103,8A019001C4018701
76.0,0x104,0003000000000000
76.1,0x100,E30B7204431E0000
76.2,0x100,E20B7604411E0000
76.3,0x100,E30B76044E1E0000
76.4,0x100,E20B7404561E0000
76.5,0x100,E60B56044A1E0000
76.5,0x101,E70EEA0EE10EE00E
76.5,0x102,020F810EEF0EF50E
76.6,0x100,E10B73044B1E0000
76.7,0x100,E30B6B04441E0000
76.8,0x100,E40B6104461E0000
76.9,0x100,DE0B8E045A1E0000
77.0,0x100,DE0B8F04481E0000
77.0,0x101,DD0EDE0EDB0EDD0E
77.0,0x102,F50E6F0EE90EEB0E
77.0,0x103,92019801CD018E01
77.0,0x104,0003000000000000
77.1,0x100,E00B8904411E0000
77.2,0x100,E10B7804591E0000
77.3,0x100,DF0B8804451E0000
77.4,0x100,E10B7304451E0000
77.5,0x100,E10B7504441E0000
77.5,0x101,E10EE40EDB0EDD0E
77.5,0x102,FD0E7A0EEC0EEE0E
77.6,0x100,E30B6004361E0000
77.7,0x100,E20B7504411E0000
77.8,0x100,E30B6E04471E0000
77.9,0x100,E50B5704401E0000
78.0,0x100,E30B68044D1E0000
78.0,0x101,E20EE70EE20EE00E
78.0,0x102,FF0E7B0EED0EF00E
78.0,0x103,98019F01D6019401
78.0,0x104,0003000000000000
78.1,0x100,E40B6404391E0000
78.2,0x100,E00B7E04451E0000
78.3,0x100,E20B6D043C1E0000
78.4,0x100,E50B5C044A1E0000
78.5,0x100,E50B5C04501E0000
78.5,0x101,E30EE90EE00EE30E
78.5,0x102,FF0E820EEE0EF50E
78.6,0x100,E60B55044C1E0000
78.7,0x100,E60B4D04401E0000
78.8,0x100,E90B3C043E1E0000
78.9,0x100,E80B45043D1E0000
79.0,0x100,E80B3704331E0000
79.0,0x101,EB0EEC0EE40EEA0E
79.0,0x102,020F840EF50EF40E
79.0,0x103,9D01A601DE019A01
79.0,0x104,0003000000000000
79.1,0x100,EA0B2B04461E0000
79.2,0x100,E70B4004271E0000
79.3,0x100,E80B3904381E0000
79.4,0x100,ED0B13044B1E0000
79.5,0x100,EB0B27042A1E0000
79.5,0x101,EE0EF00EE90EE90E
79.5,0x102,050F890EF60EF80E
79.6,0x100,EA0B32043F1E0000
79.7,0x100,E90B2D04411E0000
79.8,0x100,EB0B2704331E0000
79.9,0x100,EC0B12042E1E0000
80.0,0x100,EF0BFF03271E0000
80.0,0x101,F20EF70EED0EF00E
80.0,0x102,060F950EFB0EFD0E
80.0,0x103,A101A901E2019E01
80.0,0x104,0003000000000000
80.1,0x100,F10BF503321E0000
80.2,0x100,EF0B05042F1E0000
80.3,0x100,EF0BFF03271E0000
80.4,0x100,EE0B06043F1E0000
80.5,0x100,F00BFD032C1E0000
80.5,0x101,F00EF60EED0EEE0E
80.5,0x102,090F930EFC0E040F
80.6,0x100,F30BE403391E0000
80.7,0x100,F60BCE032B1E0000
80.8,0x100,F40BD503391E0000
80.9,0x100,F40BD703351E0000
81.0,0x100,F60BCA033D1E0000
81.0,0x101,F90EFB0EF20EF70E
81.0,0x102,120FA00E040F060F
81.0,0x103,A201A901E4019F01
81.0,0x104,0003000000000000
81.1,0x100,F70BBF03221E0000
81.2,0x100,F60BC5032A1E0000
81.3,0x100,F80BB4033A1E0000
81.4,0x100,FB0BAC032A1E0000
81.5,0x100,F80BB4032C1E0000
81.5,0x101,FC0EFF0EF90EFB0E
81.5,0x102,140FA70E050F020F
81.6,0x100,FA0BA303351E0000
81.7,0x100,FB0BA7032C1E0000
81.8,0x100,FA0BA2032F1E0000
81.9,0x100,FE0B87032D1E0000
82.0,0x100,FF0B8C032A1E0000
82.0,0x101,060F040FFF0E020F
82.0,0x102,180FB20E0D0F100F
82.0,0x103,A101AA01E3019D01
82.0,0x104,0003000000000000
82.1,0x100,FC0BA3031F1E0000
82.2,0x100,000C7703281E0000
82.3,0x100,A20C78FE321E0000
82.4,0x100,A10C7CFE2A1E0000
82.5,0x100,9E0C98FE321E0000
82.5,0x101,C60FC10FC50FC40F
82.5,0x102,BB0FE60FC30FBB0F
82.6,0x100,9F0C98FE2A1E0000
82.7,0x100,9E0C96FE321E0000
82.8,0x100,9C0CAAFE271E0000
82.9,0x100,A30C70FE221E0000
83.0,0x100,9E0C9EFE371E0000
83.0,0x101,C40FC00FC20FC30F
83.0,0x102,BC0FE70FBE0FC00F
83.0,0x103,9901A101D8019601
83.0,0x104,0001000000000000
83.1,0x100,9C0CAFFE231E0000
83.2,0x100,A00C87FE281E0000
83.3,0x100,9F0C92FE2F1E0000
83.4,0x100,9F0C8DFE1D1E0000
83.5,0x100,A00C8BFE291E0000
83.5,0x101,C40FC40FC30FC60F
83.5,0x102,BE0FED0FC10FC10F
83.6,0x100,A00C93FE291E0000
83.7,0x100,9C0CADFE2D1E0000
83.8,0x100,9C0CB4FE2D1E0000
83.9,0x100,9E0C93FE2B1E0000
84.0,0x100,9B0CB5FE2F1E0000
84.0,0x101,C30FBD0FC40FC00F
84.0,0x102,B30FE40FBE0FB90F
84.0,0x103,90019701CB018C01
84.0,0x104,0001000000000000
84.1,0x100,9E0C99FE3F1E0000
84.2,0x100,9B0CB2FE481E0000
84.3,0x100,9F0C97FE361E0000
84.4,0x100,9F0C9AFE2E1E0000
84.5,0x100,9F0C9DFE281E0000
84.5,0x101,C20FC20FC60FC60F
84.5,0x102,BB0FE70FC40FBD0F
84.6,0x100,980CC8FE2A1E0000
84.7,0x100,9D0CA5FE2F1E0000
84.8,0x100,A00C8DFE3D1E0000
84.9,0x100,9D0CA7FE281E0000
85.0,0x100,9E0C93FE361E0000
85.0,0x101,C50FC20FC50FC40F
85.0,0x102,B80FEA0FC20FBC0F
85.0,0x103,88018E01BF018501
85.0,0x104,0001000000000000
85.1,0x100,9F0C91FE2D1E0000
85.2,0x100,9C0CA6FE3C1E0000
85.3,0x100,9E0C98FE2F1E0000
85.4,0x100,9F0C9CFE2C1E0000
85.5,0x100,9D0C98FE2D1E0000
85.5,0x101,C50FC20FC40FC50F
85.5,0x102,B90FE60FBC0FBB0F
85.6,0x100,9F0C9DFE451E0000
85.7,0x100,9E0C9EFE331E0000
85.8,0x100,A20C7BFE3F1E0000
85.9,0x100,9E0CA2FE381E0000
86.0,0x100,A00C89FE3B1E0000
86.0,0x101,C70FC50FC70FC70F
86.0,0x102,BC0FEB0FC40FBD0F
86.0,0x103,7F018601B4017C01
86.0,0x104,0001000000000000
86.1,0x100,A10C82FE311E0000
86.2,0x100,9E0C97FE341E0000
86.3,0x100,9D0C99FE2B1E0000
86.4,0x100,9F0C8EFE2B1E0000
86.5,0x100,9D0CA4FE331E0000
86.5,0x101,C30FC30FC50FC00F
86.5,0x102,B90FE50FBE0FBD0F
86.6,0x100,A10C84FE331E0000
86.7,0x100,9F0C92FE351E0000
86.8,0x100,A00C8FFE3E1E0000
86.9,0x100,9E0C97FE491E0000
87.0,0x100,9E0C9CFE2D1E0000
87.0,0x101,C40FC20FC30FC30F
87.0,0x102,BA0FE70FC30FBE0F
87.0,0x103,79017E01AA017501
87.0,0x104,0001000000000000
87.1,0x100,A10C89FE3B1E0000
87.2,0x100,9E0CA3FE311E0000
87.3,0x100,A00C99FE271E0000
87.4,0x100,A20C7CFE4F1E0000
87.5,0x100,A30C7BFE371E0000
87.5,0x101,C90FC60FCA0FCA0F
87.5,0x102,BD0FF10FC30FC80F
87.6,0x100,9E0C98FE341E0000
87.7,0x100,A00C95FE411E0000
87.8,0x100,9F0C96FE511E0000
87.9,0x100,9E0C98FE3C1E0000
88.0,0x100,9F0C9BFE521E0000
88.0,0x101,C40FC30FC50FC60F
88.0,0x102,B90FEA0FBF0FBE0F
88.0,0x103,71017801A1016F01
88.0,0x104,0001000000000000
88.1,0x100,9D0CA6FE391E0000
88.2,0x100,A20C87FE441E0000
88.3,0x100,A20C86FE321E0000
88.4,0x100,A20C88FE321E0000
88.5,0x100,9E0C9CFE3D1E0000
88.5,0x101,C30FC10FC40FC50F
88.5,0x102,BB0FE40FBF0FBF0F
88.6,0x100,9D0CABFE481E0000
88.7,0x100,A00C92FE361E0000
88.8,0x100,A40C72FE441E0000
88.9,0x100,A30C7EFE3F1E0000
89.0,0x100,A10C8CFE391E0000
89.0,0x101,C30FC70FC80FC90F
89.0,0x102,BA0FF00FC40FC00F
89.0,0x103,6B01700198016801
89.0,0x104,0003000000000000
89.1,0x100,A10C90FE431E0000
89.2,0x100,A10C92FE341E0000
89.3,0x100,9F0C99FE471E0000
89.4,0x100,A00C93FE3A1E0000
89.5,0x100,9D0CA8FE441E0000
89.5,0x101,C20FC20FC30FC10F
89.5,0x102,B70FE40FBD0FC00F
89.6,0x100,A10C8EFE3F1E0000
89.7,0x100,A00C8BFE3E1E0000
89.8,0x100,9F0C9FFE1C1E0000
89.9,0x100,A30C81FE381E0000
90.0,0x100,9F0C9EFE341E0000
90.0,0x101,C60FC20FC50FC40F
90.0,0x102,B70FEB0FC10FBE0F
90.0,0x103,64016B0190016301
90.0,0x104,0003000000000000
90.1,0x100,9F0C9AFE441E0000
90.2,0x100,A00C96FE3C1E0000
90.3,0x100,9C0CB0FE2E1E0000
90.4,0x100,A10C8FFE441E0000
90.5,0x100,9B0CB7FE3D1E0000
90.5,0x101,C10FBE0FC40FC20F
90.5,0x102,B50FE10FBB0FBC0F
90.6,0x100,090C39033E1E0000
90.7,0x100,0B0C2B03431E0000
90.8,0x100,080C4003401E0000
90.9,0x100,0A0C3003511E0000
91.0,0x100,0A0C3703461E0000
91.0,0x101,100F0F0F0F0F0E0F
91.0,0x102,2A0FC40E1C0F1C0F
91.0,0x103,630167018D016101
91.0,0x104,0003000000000000
91.1,0x100,070C49033D1E0000
91.2,0x100,050C4E033F1E0000
91.3,0x100,080C3E03391E0000
91.4,0x100,050C5803361E0000
91.5,0x100,030C5D03431E0000
91.5,0x101,090F090F080F080F
91.5,0x102,1E0FBC0E130F120F
91.6,0x100,030C63034A1E0000
91.7,0x100,030C5803381E0000
91.8,0x100,030C67033F1E0000
91.9,0x100,090C3903301E0000
92.0,0x100,060C53033F1E0000
92.0,0x101,0E0F100F070F0F0F
92.0,0x102,210FBA0E140F150F
92.0,0x103,65016B018E016301
92.0,0x104,0003000000000000
92.1,0x100,070C4E032F1E0000
92.2,0x100,020C6003391E0000
92.3,0x100,030C59033B1E0000
92.4,0x100,030C6303441E0000
92.5,0x100,FF0B8503211E0000
92.5,0x101,030F070F050F010F
92.5,0x102,1A0FAF0E0F0F110F
92.6,0x100,030C6A03461E0000
92.7,0x100,010C7703411E0000
92.8,0x100,030C71033A1E0000
92.9,0x100,000C7A03311E0000
93.0,0x100,000C7D033E1E0000
93.0,0x101,040F090F010F010F
93.0,0x102,1D0FB60E100F100F
93.0,0x103,68016C0194016601
93.0,0x104,0003000000000000
93.1,0x100,FE0B8903461E0000
93.2,0x100,FC0B9803301E0000
93.3,0x100,FB0BA403411E0000
93.4,0x100,FC0B95033C1E0000
93.5,0x100,FC0B9F033E1E0000
93.5,0x101,010F020FFD0EFF0E
93.5,0x102,150FAD0E090F0B0F
93.6,0x100,FE0B8A03391E0000
93.7,0x100,FA0B9F03311E0000
93.8,0x100,F90BB403241E0000
93.9,0x100,F90BB9032B1E0000
94.0,0x100,F80BB503361E0000
94.0,0x101,FE0EFD0EF70EFC0E
94.0,0x102,130FA60E020F090F
94.0,0x103,6B01700198016901
94.0,0x104,0003000000000000
94.1,0x100,F60BC5032C1E0000
94.2,0x100,F60BC5031B1E0000
94.3,0x100,F40BD603271E0000
94.4,0x100,F40BCF03221E0000
94.5,0x100,F50BCB032F1E0000
94.5,0x101,F80EFC0EF30EF50E
94.5,0x102,110FA20EFF0E050F
94.6,0x100,F20BDC03341E0000
94.7,0x100,F90BB2032D1E0000
94.8,0x100,F20BEA031C1E0000
94.9,0x100,F70BB403261E0000
95.0,0x100,F40BD8031F1E0000
95.0,0x101,F40EF80EF10EF70E
95.0,0x102,0D0F9D0E000F040F
95.0,0x103,6F0175019E016D01
95.0,0x104,0003000000000000
95.1,0x100,EE0BFF03281E0000
95.2,0x100,EE0B0604301E0000
95.3,0x100,F00BF403291E0000
95.4,0x100,EE0B0204281E0000
95.5,0x100,E90B2704371E0000
95.5,0x101,E90EE90EE50EE50E
95.5,0x102,040F8B0EF80EF70E
95.6,0x100,EC0B12041D1E0000
95.7,0x100,E60B4204311E0000
95.8,0x100,EA0B2704221E0000
95.9,0x100,E70B33043E1E0000
96.0,0x100,E40B4C04271E0000
96.0,0x101,E50EE70EE00EE00E
96.0,0x102,FC0E7C0EF10EF00E
96.0,0x103,76017C01A7017401
96.0,0x104,0003000000000000
96.1,0x100,E70B3C04121E0000
96.2,0x100,E80B31041F1E0000
96.3,0x100,E50B4504161E0000
96.4,0x100,E40B4C04371E0000
96.5,0x100,E60B3E041A1E0000
96.5,0x101,E40EE70EE30EE70E
96.5,0x102,FF0E840EF10EF30E
96.6,0x100,E40B55042D1E0000
96.7,0x100,E30B53042A1E0000
96.8,0x100,E00B7204141E0000
96.9,0x100,E20B6A04101E0000
97.0,0x100,E00B6A04281E0000
97.0,0x101,DC0EE30ED90EE10E
97.0,0x102,FB0E760EE90EEC0E
97.0,0x103,7D018301B1017B01
97.0,0x104,0003000000000000
97.1,0x100,DF0B72041A1E0000
97.2,0x100,E00B7C041D1E0000
97.3,0x100,DC0B86041E1E0000
97.4,0x100,DF0B7204FE1D0000
97.5,0x100,DF0B76041A1E0000
97.5,0x101,DB0EE10ED90ED90E
97.5,0x102,FB0E780EE60EEE0E
97.6,0x100,D90B9A04261E0000
97.7,0x100,DD0B8704081E0000
97.8,0x100,DD0B7C04211E0000
97.9,0x100,DA0B9B04161E0000
98.0,0x100,DA0B9E040C1E0000
98.0,0x101,D80ED70ED30ED60E
98.0,0x102,F40E6B0EE20EE70E
98.0,0x103,85018D01BE018401
98.0,0x104,0003000000000000
98.1,0x100,DC0B83041B1E0000
98.2,0x100,D90BA004161E0000
98.3,0x100,D70BA904241E0000
98.4,0x100,D80BA604101E0000
98.5,0x100,D70BAB04221E0000
98.5,0x101,D50ED70ECE0ED30E
98.5,0x102,F40E690EE10EE00E
98.6,0x100,DB0B8E04141E0000
98.7,0x100,D80BA904181E0000
98.8,0x100,D90BA1040F1E0000
98.9,0x100,D90B9F04091E0000
99.0,0x100,D70BB3041B1E0000
99.0,0x101,D50ED90ED10ED00E
99.0,0x102,F10E660EDC0EE00E
99.0,0x103,8E019701C9018D01
99.0,0x104,0003000000000000
99.1,0x100,D50BBC04101E0000
99.2,0x100,D40BC1040D1E0000
99.3,0x100,D60BB904191E0000
99.4,0x100,D70BA2041E1E0000
99.5,0x100,D70BA804091E0000
99.5,0x101,D60EDA0ECF0ECE0E
99.5,0x102,F00E690EE00EE00E
99.6,0x100,D70BAD041E1E0000
99.7,0x100,D80BA204051E0000
99.8,0x100,D90BA0040E1E0000
99.9,0x100,D70BA804141E0000
100.0,0x100,D90B9804E91D0000
100.0,0x101,D90EDA0ED00ED40E
100.0,0x102,F40E6B0EE20EE50E
100.0,0x103,97019F01D6019401
100.0,0x104,0003000000000000
100.1,0x100,DB0B8B04011E0000
100.2,0x100,D90B8D04061E0000
100.3,0x100,D80B99040C1E0000
100.4,0x100,DA0B8C04091E0000
100.5,0x100,DB0B8E04EF1D0000
100.5,0x101,DC0EDC0ED30ED70E
100.5,0x102,F40E6C0EE50EE40E
100.6,0x100,DA0B8F04031E0000
100.7,0x100,DB0B7B04F71D0000
100.8,0x100,DB0B8704001E0000
100.9,0x100,DC0B7D04021E0000
101.0,0x100,DF0B6004071E0000
101.0,0x101,DC0EE40ED80ED90E
101.0,0x102,F70E780EE70EED0E
101.0,0x103,9E01A601E0019B01
101.0,0x104,0003000000000000
101.1,0x100,DB0B8304001E0000
101.2,0x100,DF0B6104041E0000
101.3,0x100,E20B4B04FE1D0000
101.4,0x100,E20B4E04061E0000
101.5,0x100,E20B4904F51D0000
101.5,0x101,E10EE60EDC0EDE0E
101.5,0x102,FE0E7E0EE70EEF0E
101.6,0x100,DF0B5404001E0000
101.7,0x100,E20B4904F51D0000
101.8,0x100,E30B4204FC1D0000
101.9,0x100,E20B4B04011E0000
102.0,0x100,E30B4004F61D0000
102.0,0x101,E30EE60EE00EE20E
102.0,0x102,FB0E7D0EED0EF10E
102.0,0x103,A201AB01E6019E01
102.0,0x104,0003000000000000
102.1,0x100,E40B3A04FD1D0000
102.2,0x100,E50B3504FA1D0000
102.3,0x100,E40B3204121E0000
102.4,0x100,EA0B0304001E0000
102.5,0x100,E80B1704011E0000
102.5,0x101,E90EEC0EE50EEA0E
102.5,0x102,FF0E8A0EEE0EF90E
102.6,0x100,ED0BF503F31D0000
102.7,0x100,E90B1004E21D0000
102.8,0x100,EA0B0904F41D0000
102.9,0x100,E80B1304E91D0000
103.0,0x100,EA0B0F04FB1D0000
103.0,0x101,ED0EEC0EE90EE60E
103.0,0x102,030F8D0EF30EF70E
103.0,0x103,A301AD01EA01A201
103.0,0x104,0003000000000000
103.1,0x100,EC0BFA03FB1D0000
103.2,0x100,ED0BE903FA1D0000
103.3,0x100,ED0BF203F71D0000
103.4,0x100,EF0BDC03EE1D0000
103.5,0x100,EF0BDE03EF1D0000
103.5,0x101,F10EF00EEC0EF00E
103.5,0x102,070F9A0EFC0EFA0E
103.6,0x100,EE0BE703FA1D0000
103.7,0x100,F20BCA03091E0000
103.8,0x100,F00BD903F71D0000
103.9,0x100,F10BD203F81D0000
104.0,0x100,F50BB403071E0000
104.0,0x101,F80EFC0EF40EF80E
104.0,0x102,100F9F0E000F040F
104.0,0x103,A501AE01EA01A201
104.0,0x104,0003000000000000
104.1,0x100,F10BCB03F31D0000
104.2,0x100,F30BC203E91D0000
104.3,0x100,F40BB403F61D0000
104.4,0x100,F70BA203021E0000
104.5,0x100,F70B9C03FA1D0000
104.5,0x101,FD0EF80EFC0EF50E
104.5,0x102,100FA40E020F070F
104.6,0x100,F60B9C03F31D0000
104.7,0x100,F50BA803DD1D0000
104.8,0x100,F90B8D03E11D0000
104.9,0x100,F80B9D03F31D0000
105.0,0x100,FB0B8003EC1D0000
105.0,0x101,000F000FFA0EFB0E
105.0,0x102,160FAE0E070F0A0F
105.0,0x103,A501AE01E801A101
105.0,0x104,0003000000000000
105.1,0x100,F80B8C03EE1D0000
105.2,0x100,F90B8D03F81D0000
105.3,0x100,F50BAC03E11D0000
105.4,0x100,FD0B6F03E71D0000
105.5,0x100,F70B9703F91D0000
105.5,0x101,FB0EFC0EF40EFA0E
105.5,0x102,100FA70E000F080F
105.6,0x100,FB0B8003E01D0000
105.7,0x100,FB0B8103F71D0000
105.8,0x100,FB0B7A03EF1D0000
105.9,0x100,FB0B7C03EA1D0000
106.0,0x100,FB0B7103EC1D0000
106.0,0x101,000F010FFA0E040F
106.0,0x102,140FAD0E090F080F
106.0,0x103,A301AB01E7019F01
106.0,0x104,0003000000000000
106.1,0x100,F90B8603EE1D0000
106.2,0x100,FD0B6803F01D0000
106.3,0x100,FB0B7D03D51D0000
106.4,0x100,000C6103F51D0000
106.5,0x100,FE0B6803EA1D0000
106.5,0x101,040F060F020FFE0E
106.5,0x102,180FB10E0B0F0C0F
106.6,0x100,000C5703F31D0000
106.7,0x100,FD0B6C03EC1D0000
106.8,0x100,FA0B7A03FC1D0000
106.9,0x100,FF0B6203DF1D0000
107.0,0x100,FE0B5F03F61D0000
107.0,0x101,040F040FFF0E010F
107.0,0x102,170FB50E0B0F0F0F
107.0,0x103,A101AA01E4019E01
107.0,0x104,0003000000000000
107.1,0x100,010C5003DD1D0000
107.2,0x100,FE0B5D03EA1D0000
107.3,0x100,020C4703EF1D0000
107.4,0x100,000C5103E41D0000
107.5,0x100,FD0B6103D01D0000
107.5,0x101,000F080FFC0E000F
107.5,0x102,160FB30E090F0E0F
107.6,0x100,FC0B7103E41D0000
107.7,0x100,FA0B8703DE1D0000
107.8,0x100,000C5403EB1D0000
107.9,0x100,FB0B7203D91D0000
108.0,0x100,FE0B6003DC1D0000
108.0,0x101,070F040FFA0E040F
108.0,0x102,180FB30E0A0F0B0F
108.0,0x103,9F01A701E1019B01
108.0,0x104,0003000000000000
108.1,0x100,FE0B5A03DA1D0000
108.2,0x100,FD0B6203DD1D0000
108.3,0x100,FE0B5C03E11D0000
108.4,0x100,FF0B5D03E51D0000
108.5,0x100,000C5503E41D0000
108.5,0x101,070F060F020F040F
108.5,0x102,160FB70E0E0F0E0F
108.6,0x100,000C4703D21D0000
108.7,0x100,000C4403D51D0000
108.8,0x100,FD0B6603D81D0000
108.9,0x100,000C5803DA1D0000
109.0,0x100,FF0B5303D41D0000
109.0,0x101,090F060F000FFE0E
109.0,0x102,190FB40E0D0F0C0F
109.0,0x103,9D01A501DD019A01
109.0,0x104,0003000000000000
109.1,0x100,FE0B5C03D51D0000
109.2,0x100,FC0B6803E91D0000
109.3,0x100,FD0B5F03DE1D0000
109.4,0x100,FF0B5303D01D0000
109.5,0x100,FB0B6F03DE1D0000
109.5,0x101,010F040FFD0EFD0E
109.5,0x102,110FAD0E060F090F
109.6,0x100,FC0B7503D61D0000
109.7,0x100,FC0B6503EC1D0000
109.8,0x100,FB0B6C03D31D0000
109.9,0x100,FB0B7003D31D0000
110.0,0x100,FB0B6F03D51D0000
110.0,0x101,010F040FFE0EFD0E
110.0,0x102,110FAC0E070F0D0F
110.0,0x103,9A01A201DB019701
110.0,0x104,0003000000000000
110.1,0x100,FC0B6703CC1D0000
110.2,0x100,FC0B6703DC1D0000
110.3,0x100,FC0B6603D71D0000
110.4,0x100,000C4E03DA1D0000
110.5,0x100,FC0B6903D61D0000
110.5,0x101,000F050FFD0EFE0E
110.5,0x102,150FB00E080F0A0F
110.6,0x100,000C4B03D71D0000
110.7,0x100,FE0B5303E51D0000
110.8,0x100,FA0B7303DA1D0000
110.9,0x100,FB0B6C03C21D0000
111.0,0x100,FA0B7603D61D0000
111.0,0x101,FF0EFE0EF80EFC0E
111.0,0x102,150FAA0E080F080F
111.0,0x103,9801A201D9019601
111.0,0x104,0003000000000000
111.1,0x100,FD0B5C03DF1D0000
111.2,0x100,FF0B4F03BB1D0000
111.3,0x100,FE0B5D03C61D0000
111.4,0x100,FD0B6203D81D0000
111.5,0x100,FB0B6203DB1D0000
111.5,0x101,010F050FFB0EFA0E
111.5,0x102,120FAF0E070F0C0F
111.6,0x100,F90B7303D21D0000
111.7,0x100,FD0B5D03D51D0000
111.8,0x100,FB0B6803DD1D0000
111.9,0x100,FD0B5403CA1D0000
112.0,0x100,FB0B6B03C51D0000
112.0,0x101,000F000FFC0EFB0E
112.0,0x102,160FB00E070F0C0F
112.0,0x103,98019E01D6019401
112.0,0x104,0003000000000000
112.1,0x100,FC0B6503CC1D0000
112.2,0x100,FD0B5A03D01D0000
112.3,0x100,FD0B6203D11D0000
112.4,0x100,FC0B6403D51D0000
112.5,0x100,FC0B6403DD1D0000
112.5,0x101,030F040FFF0EFF0E
112.5,0x102,120FB00E090F0A0F
112.6,0x100,F70B8403CE1D0000
112.7,0x100,FC0B6903BF1D0000
112.8,0x100,FB0B6803C31D0000
112.9,0x100,FE0B4D03CC1D0000
113.0,0x100,FC0B6103D91D0000
113.0,0x101,030F040FFA0EFF0E
113.0,0x102,130FB10E060F0D0F
113.0,0x103,95019D01D5019201
113.0,0x104,0003000000000000
113.1,0x100,FB0B6C03D01D0000
113.2,0x100,FC0B6703C01D0000
113.3,0x100,F70B8803C21D0000
113.4,0x100,F90B7303C51D0000
113.5,0x100,F70B8B03C91D0000
113.5,0x101,FA0EFC0EF50EF90E
113.5,0x102,110FAA0E040F080F
113.6,0x100,F80B7B03C51D0000
113.7,0x100,F80B7D03BE1D0000
113.8,0x100,F80B7D03BF1D0000
113.9,0x100,F80B8103C51D0000
114.0,0x100,F40B9E03C81D0000
114.0,0x101,FA0EF90EF10EF30E
114.0,0x102,0B0FA20E010F040F
114.0,0x103,96019D01D3019101
114.0,0x104,0003000000000000
114.1,0x100,FB0B6403BB1D0000
114.2,0x100,FA0B6C03C81D0000
114.3,0x100,F60B8503D61D0000
114.4,0x100,F60B9103C61D0000
114.5,0x100,F40B9F03C61D0000
114.5,0x101,F60EF80EED0EF20E
114.5,0x102,0E0FA30E020F020F
114.6,0x100,F30BA003B51D0000
114.7,0x100,F50B9703C91D0000
114.8,0x100,F10BB003BC1D0000
114.9,0x100,F10BB403CC1D0000
115.0,0x100,F10BAC03D31D0000
115.0,0x101,F40EF60EEF0EF60E
115.0,0x102,070F9E0EFC0EFD0E
115.0,0x103,96019D01D3019301
115.0,0x104,0003000000000000
115.1,0x100,EF0BBC03B91D0000
115.2,0x100,F10BB703B91D0000
115.3,0x100,F20BAF03C41D0000
115.4,0x100,EF0BC703B21D0000
115.5,0x100,EE0BC303BF1D0000
115.5,0x101,F20EF50EEA0EEE0E
115.5,0x102,070F970EF60EFC0E
115.6,0x100,EE0BC703BB1D0000
115.7,0x100,EB0BE203BC1D0000
115.8,0x100,F10BAD03A81D0000
115.9,0x100,EE0BC203C11D0000
116.0,0x100,ED0BCC03D41D0000
116.0,0x101,ED0EF10EE60EEF0E
116.0,0x102,060F970EF90EFC0E
116.0,0x103,96019F01D5019401
116.0,0x104,0003000000000000
116.1,0x100,EB0BDE03B71D0000
116.2,0x100,E90BE603AC1D0000
116.3,0x100,ED0BD903C21D0000
116.4,0x100,EA0BE703B11D0000
116.5,0x100,E80BEF03B91D0000
116.5,0x101,E60EEB0EE00EE50E
116.5,0x102,060F8C0EF00EF50E
116.6,0x100,E20B2704B11D0000
116.7,0x100,E10B2404A91D0000
116.8,0x100,E60B0904BA1D0000
116.9,0x100,E50B1104B01D0000
117.0,0x100,E50B0B04A61D0000
117.0,0x101,E40EE60EE20EE30E
117.0,0x102,FD0E850EEF0EF10E
117.0,0x103,9901A001D7019601
117.0,0x104,0003000000000000
117.1,0x100,E70B0704B81D0000
117.2,0x100,E10B2804D21D0000
117.3,0x100,E20B2204BE1D0000
117.4,0x100,DF0B3604B31D0000
117.5,0x100,E20B2604D11D0000
117.5,0x101,E40EE10EDB0EE10E
117.5,0x102,FE0E7C0EE90EEE0E
117.6,0x100,DF0B3904A11D0000
117.7,0x100,DD0B4D04B81D0000
117.8,0x100,DA0B5704C41D0000
117.9,0x100,DA0B5E04A71D0000
118.0,0x100,DD0B4B04B31D0000
118.0,0x101,DC0EDC0ED60ED60E
118.0,0x102,F40E780EE70EE90E
118.0,0x103,9D01A501DE019A01
118.0,0x104,0003000000000000
118.1,0x100,D70B7204A91D0000
118.2,0x100,D90B5F04AC1D0000
118.3,0x100,D70B7B04B21D0000
118.4,0x100,D70B77049C1D0000
118.5,0x100,D90B6904A31D0000
118.5,0x101,D70EDA0ED00ED50E
118.5,0x102,F30E6F0EE10EE50E
118.6,0x100,D60B7E04AD1D0000
118.7,0x100,D30B8E049A1D0000
118.8,0x100,D30B9704A81D0000
118.9,0x100,D30B91049B1D0000
119.0,0x100,CF0BB0049B1D0000
119.0,0x101,CB0ECC0EC30ECA0E
119.0,0x102,E60E580ED70EDA0E
119.0,0x103,A301AC01E701A001
119.0,0x104,0003000000000000
119.1,0x100,CF0BAD04B31D0000
119.2,0x100,D20B9F04AA1D0000
119.3,0x100,CE0BB204A61D0000
119.4,0x100,CC0BC804A31D0000
119.5,0x100,CC0BCD04AA1D0000
119.5,0x101,C30ECC0EC40EC50E
119.5,0x102,E30E570ED10ED40E
119.6,0x100,D00BA104A11D0000
119.7,0x100,D00BA9049E1D0000
119.8,0x100,CA0BD104AF1D0000
119.9,0x100,CF0BAE049E1D0000
120.0,0x100,CF0BAD04B11D0000
120.0,0x101,C90ECC0EC80EC90E
120.0,0x102,E90E590ED70ED70E
120.0,0x103,AB01B401F101A701
120.0,0x104,0003000000000000
120.1,0x100,CD0BBC049D1D0000
120.2,0x100,CB0BCC04AA1D0000
120.3,0x100,CC0BC604A41D0000
120.4,0x100,CC0BC004A71D0000
120.5,0x100,CD0BC104A31D0000
120.5,0x101,C70EC80EC20EC40E
120.5,0x102,E60E550ED40ED90E
120.6,0x100,CD0BC204A71D0000
120.7,0x100,CC0BC004AE1D0000
120.8,0x100,C60BF104951D0000
120.9,0x100,CA0BD304AD1D0000
121.0,0x100,C90BDC049A1D0000
121.0,0x101,C30EC60EBD0EC10E
121.0,0x102,E10E4D0ECE0ED30E
121.0,0x103,B301BB01FB01B001
121.0,0x104,0003000000000000
121.1,0x100,CB0BC8048A1D0000
121.2,0x100,CC0BCC04A21D0000
121.3,0x100,CB0BC304A31D0000
121.4,0x100,D00BA5049F1D0000
121.5,0x100,CD0BB704961D0000
121.5,0x101,C80ECB0EC10EC50E
121.5,0x102,E40E580ED50ED80E
121.6,0x100,CF0BAF04901D0000
121.7,0x100,CF0BA704931D0000
121.8,0x100,CE0BB404991D0000
121.9,0x100,C70BD804941D0000
122.0,0x100,CC0BC1048C1D0000
122.0,0x101,C50EC90EC00EC50E
122.0,0x102,E60E570ED40ED70E
122.0,0x103,B901C2010602B501
122.0,0x104,0003000000000000
122.1,0x100,C90BD204931D0000
122.2,0x100,CB0BC2048D1D0000
122.3,0x100,CB0BC4048E1D0000
122.4,0x100,CE0BA7049B1D0000
122.5,0x100,CC0BB804871D0000
122.5,0x101,C50ECB0EC20EC10E
122.5,0x102,E40E550ED20ED90E
122.6,0x100,CD0BB804961D0000
122.7,0x100,D00BA0048C1D0000
122.8,0x100,CE0BAC04941D0000
122.9,0x100,CF0BA804871D0000
123.0,0x100,D20B92048E1D0000
123.0,0x101,CF0ED00ECA0ECC0E
123.0,0x102,E70E630EDA0EDC0E
123.0,0x103,BF01C9010D02BB01
123.0,0x104,0003000000000000
123.1,0x100,D30B8504871D0000
123.2,0x100,D30B7F04921D0000
123.3,0x100,D20B8C047C1D0000
123.4,0x100,D20B8A048D1D0000
123.5,0x100,D50B7404801D0000
123.5,0x101,D10ED30ECC0ECF0E
123.5,0x102,ED0E670EDA0EE00E
123.6,0x100,D50B7B04861D0000
123.7,0x100,D30B7D04881D0000
123.8,0x100,D30B7804921D0000
123.9,0x100,D30B8004791D0000
124.0,0x100,D60B7604771D0000
124.0,0x101,D40ED40ECF0ECE0E
124.0,0x102,ED0E690EDE0EE10E
124.0,0x103,C201CD011202BE01
124.0,0x104,0003000000000000
124.1,0x100,DA0B4D04941D0000
124.2,0x100,D50B6F04851D0000
124.3,0x100,DA0B4804761D0000
124.4,0x100,D70B5904831D0000
124.5,0x100,DB0B4404821D0000
124.5,0x101,D80EDD0ED20ED60E
124.5,0x102,F30E730EE30EE60E
124.6,0x100,DB0B3704801D0000
124.7,0x100,DF0B1B04881D0000
124.8,0x100,DD0B2E04741D0000
124.9,0x100,E10B1204851D0000
125.0,0x100,DC0B32047F1D0000
125.0,0x101,DB0EDE0ED50EDA0E
125.0,0x102,F50E760EE10EEA0E
125.0,0x103,C301CD011402BF01
125.0,0x104,0003000000000000
125.1,0x100,DD0B3404831D0000
125.2,0x100,E20B0B048C1D0000
125.3,0x100,DF0B16048C1D0000
125.4,0x100,E30B0004911D0000
125.5,0x100,E20BFC036E1D0000
125.5,0x101,DF0EE30EDD0EDF0E
125.5,0x102,F80E860EEC0EEF0E
125.6,0x100,E10B0B04841D0000
125.7,0x100,E30BF903881D0000
125.8,0x100,E20B0E04791D0000
125.9,0x100,E60BE7037E1D0000
126.0,0x100,E40BF7038B1D0000
126.0,0x101,E30EE80EDD0EE20E
126.0,0x102,FB0E870EED0EED0E
126.0,0x103,C401CD011402BF01
126.0,0x104,0003000000000000
126.1,0x100,E70BE4037C1D0000
126.2,0x100,E50BEA038A1D0000
126.3,0x100,E80BD2037C1D0000
126.4,0x100,E70BD303811D0000
126.5,0x100,E90BCD03851D0000
126.5,0x101,EA0EEE0EE60EE90E
126.5,0x102,000F900EF20EF40E
126.6,0x100,EA0BBE03701D0000
126.7,0x100,E90BCF037F1D0000
126.8,0x100,E90BCB03751D0000
126.9,0x100,EA0BC603861D0000
127.0,0x100,E80BD003761D0000
127.0,0x101,EA0EED0EE30EE80E
127.0,0x102,FC0E8E0EF10EF70E
127.0,0x103,C101CC011102BC01
127.0,0x104,0003000000000000
127.1,0x100,E90BCB03751D0000
127.2,0x100,EC0BAB03701D0000
127.3,0x100,EC0BB303771D0000
127.4,0x100,EE0BA1037D1D0000
127.5,0x100,ED0BA703771D0000
127.5,0x101,ED0EF40EEA0EED0E
127.5,0x102,020F970EF80EF70E
127.6,0x100,EF0B9B038C1D0000
127.7,0x100,EB0BB903711D0000
127.8,0x100,EE0BA3036D1D0000
127.9,0x100,F00B9803731D0000
128.0,0x100,ED0BAB03781D0000
128.0,0x101,F10EF00EEA0EED0E
128.0,0x102,040F950EF50EFB0E
128.0,0x103,BE01C8010C02BA01
128.0,0x104,0003000000000000
128.1,0x100,F40B7603671D0000
128.2,0x100,F20B7603801D0000
128.3,0x100,EE0B9E03701D0000
128.4,0x100,EF0B9103831D0000
128.5,0x100,EF0B92037F1D0000
128.5,0x101,F10EF20EEC0EF10E
128.5,0x102,070F9F0EF60EFC0E
128.6,0x100,F20B7903781D0000
128.7,0x100,F10B8B03711D0000
128.8,0x100,ED0BA803661D0000
128.9,0x100,F00B95036A1D0000
129.0,0x100,F10B8A03651D0000
129.0,0x101,F20EF80EEB0EEF0E
129.0,0x102,0A0F9E0EFA0EFF0E
129.0,0x103,BB01C5010902B701
129.0,0x104,0003000000000000
129.1,0x100,F10B8003641D0000
129.2,0x100,F20B7F03711D0000
129.3,0x100,F60B6503711D0000
129.4,0x100,F10B88035E1D0000
129.5,0x100,F00B9003681D0000
129.5,0x101,F30EF40EEB0EF20E
129.5,0x102,080F9D0EF80EFD0E
129.6,0x100,F40B6B03651D0000
129.7,0x100,F20B78037B1D0000
129.8,0x100,F30B7003571D0000
129.9,0x100,F40B73037E1D0000
130.0,0x100,F10B8203711D0000
130.0,0x101,F30EF50EEE0EF10E
130.0,0x102,090F9F0EFC0EFE0E
130.0,0x103,B801C2010402B401
130.0,0x104,0003000000000000
130.1,0x100,F50B6203511D0000
130.2,0x100,F00B8A03631D0000
130.3,0x100,F00B8C036E1D0000
130.4,0x100,F10B7D03621D0000
130.5,0x100,F50B5B03661D0000
130.5,0x101,F80EFB0EF20EF60E
130.5,0x102,100FA60E000F010F
130.6,0x100,F30B71037F1D0000
130.7,0x100,F00B9303631D0000
130.8,0x100,F60B57035C1D0000
130.9,0x100,F20B7B03701D0000
131.0,0x100,F30B6F03581D0000
131.0,0x101,F60EF80EF20EF10E
131.0,0x102,0A0FA70E000F000F
131.0,0x103,B501BE010002B001
131.0,0x104,0003000000000000
131.1,0x100,F00B8D036D1D0000
131.2,0x100,F20B77036B1D0000
131.3,0x100,F10B8703771D0000
131.4,0x100,EF0B8A03681D0000
131.5,0x100,EC0B9D03611D0000
131.5,0x101,EC0EEF0EE70EEA0E
131.5,0x102,030F9B0EF60EFA0E
131.6,0x100,F20B7E03631D0000
131.7,0x100,F00B8703781D0000
131.8,0x100,F30B6B03631D0000
131.9,0x100,EF0B9403601D0000
132.0,0x100,F20B7703611D0000
132.0,0x101,F50EF40EEE0EF60E
132.0,0x102,080FA30EFA0E010F
132.0,0x103,B101BB01F901AF01
132.0,0x104,0003000000000000
132.1,0x100,F10B7A03661D0000
132.2,0x100,F10B82035D1D0000
132.3,0x100,F30B6B03561D0000
132.4,0x100,EF0B8603591D0000
132.5,0x100,EF0B9103561D0000
132.5,0x101,F10EF10EEE0EEF0E
132.5,0x102,050F9E0EFB0EFC0E
132.6,0x100,EE0B87035D1D0000
132.7,0x100,F20B6B03581D0000
132.8,0x100,F00B81035C1D0000
132.9,0x100,EF0B8E035C1D0000
133.0,0x100,F40B67035F1D0000
133.0,0x101,F60EF80EF20EF80E
133.0,0x102,0B0FA40EFB0E040F
133.0,0x103,AF01B701F701AB01
133.0,0x104,0003000000000000
133.1,0x100,F20B7403521D0000
133.2,0x100,ED0B91036D1D0000
133.3,0x100,F00B8803681D0000
133.4,0x100,EF0B8B03601D0000
133.5,0x100,EC0BA103621D0000
133.5,0x101,EB0EF00EE40EEB0E
133.5,0x102,020F990EF40EFA0E
133.6,0x100,EF0B8C034E1D0000
133.7,0x100,EF0B9003531D0000
133.8,0x100,EA0BAF03541D0000
133.9,0x100,EF0B83034A1D0000
134.0,0x100,F30B7B03541D0000
134.0,0x101,F50EF70EF20EF30E
134.0,0x102,0B0FA30EFD0EFD0E
134.0,0x103,AD01B501F501A801
134.0,0x104,0003000000000000
134.1,0x100,EE0B8E036E1D0000
134.2,0x100,EF0B8F03581D0000
134.3,0x100,F00B8103661D0000
134.4,0x100,F00B7B03641D0000
134.5,0x100,EB0BAE034C1D0000
134.5,0x101,EC0EF00EE60EE90E
134.5,0x102,010F940EF60EF50E
134.6,0x100,ED0B9103551D0000
134.7,0x100,EF0B8203501D0000
134.8,0x100,ED0B9C035D1D0000
134.9,0x100,EE0B8E03581D0000
135.0,0x100,EE0B8D03641D0000
135.0,0x101,EF0EF40EEB0EEB0E
135.0,0x102,080F9B0EFA0EF70E
135.0,0x103,AC01B401F101A801
135.0,0x104,0003000000000000
135.1,0x100,EC0B9B03541D0000
135.2,0x100,F00B81035A1D0000
135.3,0x100,ED0B9C034B1D0000
135.4,0x100,E90BB503421D0000
135.5,0x100,EC0BA103571D0000
135.5,0x101,EC0EF10EEA0EEB0E
135.5,0x102,010F990EF00EF80E
135.6,0x100,ED0B9703511D0000
135.7,0x100,EC0B9703551D0000
135.8,0x100,EC0B9B035D1D0000
135.9,0x100,EC0BA003521D0000
136.0,0x100,EC0BA103561D0000
136.0,0x101,ED0EEE0EE70EEC0E
136.0,0x102,040F960EF80EF70E
136.0,0x103,A901B201F001A601
136.0,0x104,0003000000000000
136.1,0x100,E70BB803581D0000
136.2,0x100,ED0B93034C1D0000
136.3,0x100,E80BBD03461D0000
136.4,0x100,EA0BAE03601D0000
136.5,0x100,E90BBD034F1D0000
136.5,0x101,E80EED0EE40EEB0E
136.5,0x102,FE0E910EEF0EF60E
136.6,0x100,EA0BAA034E1D0000
136.7,0x100,E50BD303411D0000
136.8,0x100,E40BD6034C1D0000
136.9,0x100,E50BD5034D1D0000
137.0,0x100,E90BB503401D0000
137.0,0x101,E90EEB0EE60EE50E
137.0,0x102,030F930EF10EF70E
137.0,0x103,AA01B301EF01A501
137.0,0x104,0003000000000000
137.1,0x100,E30BDC03501D0000
137.2,0x100,E40BDB03451D0000
137.3,0x100,E70BC103311D0000
137.4,0x100,E40BDE03421D0000
137.5,0x100,E20BE903501D0000
137.5,0x101,DC0EE60EDC0EDE0E
137.5,0x102,FA0E870EEC0EEE0E
137.6,0x100,E00BF1033D1D0000
137.7,0x100,E00BF1035D1D0000
137.8,0x100,DF0BF803491D0000
137.9,0x100,DD0B10045A1D0000
138.0,0x100,DC0B1204391D0000
138.0,0x101,D90ED70ED30EDD0E
138.0,0x102,F40E7C0EE30EE20E
138.0,0x103,A901B201F001A601
138.0,0x104,0003000000000000
138.1,0x100,E30BDA03371D0000
138.2,0x100,DE0B0704401D0000
138.3,0x100,DD0B0F04351D0000
138.4,0x100,DF0BFD033D1D0000
138.5,0x100,DB0B1F04511D0000
138.5,0x101,D70EDD0ED40ED80E
138.5,0x102,F10E750EE10EE30E
138.6,0x100,D80B37043D1D0000
138.7,0x100,DA0B1A04301D0000
138.8,0x100,D80B3604421D0000
138.9,0x100,D90B2A044C1D0000
139.0,0x100,D80B34042B1D0000
139.0,0x101,D10EDA0ED30ED20E
139.0,0x102,EF0E720EDB0EE30E
139.0,0x103,AC01B401F401A801
139.0,0x104,0003000000000000
139.1,0x100,D30B5B04301D0000
139.2,0x100,D50B43043D1D0000
139.3,0x100,D30B5904301D0000
139.4,0x100,D50B3D043A1D0000
139.5,0x100,CE0B7B04491D0000
139.5,0x101,CA0ECD0EC40EC60E
139.5,0x102,E30E5E0ED20ED70E
139.6,0x100,CF0B6F04371D0000
139.7,0x100,D10B6A043E1D0000
139.8,0x100,CE0B7C043E1D0000
139.9,0x100,D10B6404311D0000
140.0,0x100,CB0B91042D1D0000
140.0,0x101,C40EC90EC10EC20E
140.0,0x102,DF0E5B0ED20ED00E
140.0,0x103,B001B801F801AC01
140.0,0x104,0003000000000000
140.1,0x100,CE0B8104411D0000
140.2,0x100,CC0B8904371D0000
140.3,0x100,CC0B8B04381D0000
140.4,0x100,CB0B9004351D0000
140.5,0x100,C90BA904331D0000
140.5,0x101,C20EC40EBE0EC10E
140.5,0x102,E10E530ECF0ECF0E
140.6,0x100,C80BA804361D0000
140.7,0x100,C60BB304281D0000
140.8,0x100,C80BAF04371D0000
140.9,0x100,C50BBC04281D0000
141.0,0x100,C70BB304491D0000
141.0,0x101,C10EC40EBB0EB80E
141.0,0x102,E30E520ECA0ECD0E
141.0,0x103,B501C0010102B101
141.0,0x104,0003000000000000
141.1,0x100,C10BE004371D0000
141.2,0x100,C70BAB04331D0000
141.3,0x100,C10BDA04251D0000
141.4,0x100,C00BE0043A1D0000
141.5,0x100,C40BC3042A1D0000
141.5,0x101,C10EC20EB70EBC0E
141.5,0x102,D90E470EC70ECD0E
141.6,0x100,BD0BF504341D0000
141.7,0x100,C00BE604261D0000
141.8,0x100,BF0BE904191D0000
141.9,0x100,C00BDE043B1D0000
142.0,0x100,C20BDD04311D0000
142.0,0x101,BB0EC00EB80EB70E
142.0,0x102,D40E460EC70EC70E
142.0,0x103,BC01C6010B02B901
142.0,0x104,0003000000000000
142.1,0x100,BF0BE004261D0000
142.2,0x100,BF0BEB043D1D0000
142.3,0x100,BD0BFC04291D0000
142.4,0x100,BE0BEC04341D0000
142.5,0x100,BF0BDD04171D0000
142.5,0x101,BA0EB80EAF0EB60E
142.5,0x102,D40E450EC40EC70E
142.6,0x100,BE0BF804241D0000
142.7,0x100,BD0BFB04231D0000
142.8,0x100,BD0BF7041C1D0000
142.9,0x100,BC0BF9041C1D0000
143.0,0x100,BE0BEA04261D0000
143.0,0x101,B60EB90EB00EB60E
143.0,0x102,D30E410EC20EC60E
143.0,0x103,C501D0011502C101
143.0,0x104,0003000000000000
143.1,0x100,C00BE004221D0000
143.2,0x100,BF0BE004211D0000
143.3,0x100,C10BD4041D1D0000
143.4,0x100,BE0BEF042C1D0000
143.5,0x100,C00BE904141D0000
143.5,0x101,B80EB90EB00EB80E
143.5,0x102,D30E440EC40EC60E
143.6,0x100,BF0BE204211D0000
143.7,0x100,C40BBB041B1D0000
143.8,0x100,C10BD204191D0000
143.9,0x100,BD0BF304081D0000
144.0,0x100,C00BD6041D1D0000
144.0,0x101,B70EBB0EB30EB60E
144.0,0x102,D50E450EC50EC50E
144.0,0x103,CB01D5011E02C701
144.0,0x104,0003000000000000
144.1,0x100,C00BE204171D0000
144.2,0x100,C30BC5041F1D0000
144.3,0x100,BF0BEC043A1D0000
144.4,0x100,C10BD0041C1D0000
144.5,0x100,C20BD3041F1D0000
144.5,0x101,B70EBF0EB20EBA0E
144.5,0x102,D70E480EC50ECA0E
144.6,0x100,BE0BED04121D0000
144.7,0x100,BF0BDD041A1D0000
144.8,0x100,C30BBD04171D0000
144.9,0x100,C50BB4040F1D0000
145.0,0x100,C50BB3040E1D0000
145.0,0x101,BD0EC40EBA0EBC0E
145.0,0x102,DA0E4B0EC90ECE0E
145.0,0x103,D101DB012602CC01
145.0,0x104,0403000000000000
145.1,0x100,C30BBB041B1D0000
145.2,0x100,C60BAC040F1D0000
145.3,0x100,C60BA3040B1D0000
145.4,0x100,C30BB904211D0000
145.5,0x100,C90B9C04231D0000
145.5,0x101,C10EC60EBC0EC10E
145.5,0x102,DF0E560ECE0ED20E
145.6,0x100,C40BBA040A1D0000
145.7,0x100,C80B93041D1D0000
145.8,0x100,C60BA604011D0000
145.9,0x100,C90B8B04071D0000
146.0,0x100,C90B8E04041D0000
146.0,0x101,C50EC40EBE0EBF0E
146.0,0x102,DD0E5A0ECB0ECE0E
146.0,0x103,D401DF012B02D001
146.0,0x104,0403000000000000
146.1,0x100,CE0B6E040B1D0000
146.2,0x100,CE0B66040F1D0000
146.3,0x100,CC0B7404021D0000
146.4,0x100,CC0B75040A1D0000
146.5,0x100,CF0B6104041D0000
146.5,0x101,CB0ECC0EC30ECA0E
146.5,0x102,E60E610ED50ED50E
146.6,0x100,D20B46040F1D0000
146.7,0x100,D20B3F040D1D0000
146.8,0x100,D30B3704191D0000
146.9,0x100,D50B2C04FA1C0000
147.0,0x100,D10B4204161D0000
147.0,0x101,CF0ED10EC40ECB0E
147.0,0x102,E60E670ED50EDB0E
147.0,0x103,D401DF012C02D001
147.0,0x104,0403000000000000
147.1,0x100,D10B4B04151D0000
147.2,0x100,D30B3304041D0000
147.3,0x100,D80B0C04051D0000
147.4,0x100,D60B24040B1D0000
147.5,0x100,D60B1F04121D0000
147.5,0x101,D50ED60ECC0ED20E
147.5,0x102,EB0E6F0EDA0EE00E
147.6,0x100,D30B3B04F21C0000
147.7,0x100,D90B0004021D0000
147.8,0x100,D90B0A040A1D0000
147.9,0x100,D60B2404061D0000
148.0,0x100,D80B0B04051D0000
148.0,0x101,D50ED50ED00ED30E
148.0,0x102,EB0E750EE00EE50E
148.0,0x103,D301DF012C02CF01
148.0,0x104,0403000000000000
148.1,0x100,D90B0804F41C0000
148.2,0x100,DA0BFC03FF1C0000
148.3,0x100,DB0BFA03FF1C0000
148.4,0x100,DA0BFB03FA1C0000
148.5,0x100,DF0BDF030D1D0000
148.5,0x101,DD0EE00EDB0EDB0E
148.5,0x102,F30E810EE30EEA0E
148.6,0x100,DB0BF303FE1C0000
148.7,0x100,E10BCD03F81C0000
148.8,0x100,DD0BE203141D0000
148.9,0x100,DE0BDB03041D0000
149.0,0x100,E10BCB03011D0000
149.0,0x101,DD0EE50ED70EE10E
149.0,0x102,F70E860EE90EEB0E
149.0,0x103,D101DC012702CD01
149.0,0x104,0403000000000000
149.1,0x100,DF0BD003FE1C0000
149.2,0x100,E40BC303F81C0000
149.3,0x100,E20BB903F61C0000
149.4,0x100,E20BC003F21C0000
149.5,0x100,E30BB203FA1C0000
149.5,0x101,E00EE60EDF0EE30E
149.5,0x102,F60E870EEA0EF00E
149.6,0x100,E00BC403ED1C0000
149.7,0x100,E40BAB03051D0000
149.8,0x100,E10BC403F51C0000
149.9,0x100,E40BA503031D0000
150.0,0x100,E50BAC03F21C0000
150.0,0x101,E40EE80EDF0EE10E
150.0,0x102,FC0E8C0EED0EF00E
150.0,0x103,CD01D9012202CA01
150.0,0x104,0003000000000000
150.1,0x100,E40BA803FE1C0000
150.2,0x100,E10BC303EB1C0000
150.3,0x100,E30BB203F21C0000
150.4,0x100,E40BA803F31C0000
150.5,0x100,E30BB103FA1C0000
150.5,0x101,E30EE70EDA0EE00E
150.5,0x102,F90E8B0EE70EED0E
150.6,0x100,E90B8803EB1C0000
150.7,0x100,E60BA603051D0000
150.8,0x100,E20BC303F61C0000
150.9,0x100,E50BA603F51C0000
151.0,0x100,E50BA303E71C0000
151.0,0x101,E60EE80EDD0EE40E
151.0,0x102,FE0E8D0EEF0EED0E
151.0,0x103,CB01D5011F02C701
151.0,0x104,0003000000000000
151.1,0x100,E50BAA03F81C0000
151.2,0x100,E40BAE03FF1C0000
151.3,0x100,E90B8103EB1C0000
151.4,0x100,8C0C7FFEEE1C0000
151.5,0x100,870C9BFEF21C0000
151.5,0x101,A60FA60FA40FA70F
151.5,0x102,A00FCB0FA10FA30F
151.6,0x100,8A0C8DFEF11C0000
151.7,0x100,860CACFEEB1C0000
151.8,0x100,890C93FEF91C0000
151.9,0x100,8B0C7BFE011D0000
152.0,0x100,8B0C85FEF51C0000
152.0,0x101,AC0FA80FAD0FAD0F
152.0,0x102,A00FD10FA50FA70F
152.0,0x103,C101C9010F02BD01
152.0,0x104,0001000000000000
152.1,0x100,8D0C6FFEED1C0000
152.2,0x100,890C94FEEB1C0000
152.3,0x100,880C95FE0E1D0000
152.4,0x100,890C92FEF21C0000
152.5,0x100,870CA8FEFC1C0000
152.5,0x101,A50FA60FA60FAA0F
152.5,0x102,9D0FC80FA10FA00F
152.6,0x100,860CAAFEE61C0000
152.7,0x100,880C95FEEF1C0000
152.8,0x100,8C0C78FE021D0000
152.9,0x100,880CA1FEEF1C0000
153.0,0x100,880CA0FEEF1C0000
153.0,0x101,A80FA60FA70FAB0F
153.0,0x102,9F0FCA0FA40FA40F
153.0,0x103,B501BE01FF01B101
153.0,0x104,0001000000000000
153.1,0x100,890C9DFEFC1C0000
153.2,0x100,870CA7FEF21C0000
153.3,0x100,8B0C87FEFE1C0000
153.4,0x100,840CB6FEF21C0000
153.5,0x100,8A0C8AFEF81C0000
153.5,0x101,AA0FA70FAB0FAE0F
153.5,0x102,A20FCF0FA30FA40F
153.6,0x100,880CA3FE001D0000
153.7,0x100,8C0C7FFEF51C0000
153.8,0x100,8A0C8AFEED1C0000
153.9,0x100,860CAFFEF51C0000
154.0,0x100,890C94FEF01C0000
154.0,0x101,AB0FA90FA70FAC0F
154.0,0x102,9E0FCA0FA20FA60F
154.0,0x103,AA01B201EF01A501
154.0,0x104,0001000000000000
154.1,0x100,870CA5FEF51C0000
154.2,0x100,880C9CFEFA1C0000
154.3,0x100,890C96FEFB1C0000
154.4,0x100,860CACFE041D0000
154.5,0x100,880C94FEF31C0000
154.5,0x101,AA0FA70FA70FA90F
154.5,0x102,9F0FCB0FA50FA50F
154.6,0x100,8C0C7DFEFB1C0000
154.7,0x100,8B0C8CFE091D0000
154.8,0x100,880CA0FEFF1C0000
154.9,0x100,880C9EFE051D0000
155.0,0x100,8C0C80FEFC1C0000
155.0,0x101,AE0FA90FAF0FAF0F
155.0,0x102,A00FD10FAC0FA70F
155.0,0x103,9F01A701E0019B01
155.0,0x104,0001000000000000
155.1,0x100,890C8DFE041D0000
155.2,0x100,8A0C8FFEFB1C0000
155.3,0x100,890C93FEEF1C0000
155.4,0x100,8B0C83FE041D0000
155.5,0x100,8A0C8FFE011D0000
155.5,0x101,AA0FA70FAE0FAC0F
155.5,0x102,A20FCF0FA40FA50F
155.6,0x100,8B0C8DFEFE1C0000
155.7,0x100,870CA4FEF41C0000
155.8,0x100,870CA4FE0E1D0000
155.9,0x100,8A0C96FE061D0000
156.0,0x100,8A0C92FEF81C0000
156.0,0x101,A90FA70FAB0FAA0F
156.0,0x102,A20FCF0FA40FA50F
156.0,0x103,95019D01D3019201
156.0,0x104,0001000000000000
156.1,0x100,880C9AFE0D1D0000
156.2,0x100,8A0C8CFE0D1D0000
156.3,0x100,8C0C87FEFD1C0000
156.4,0x100,8A0C8AFEF71C0000
156.5,0x100,8B0C8EFE041D0000
156.5,0x101,AD0FA70FAC0FAE0F
156.5,0x102,A10FCC0FA90FA50F
156.6,0x100,8B0C87FEFE1C0000
156.7,0x100,890C9AFE1B1D0000
156.8,0x100,870CA3FEF61C0000
156.9,0x100,8C0C80FE101D0000
157.0,0x100,890C98FEFD1C0000
157.0,0x101,A90FAB0FA90FAA0F
157.0,0x102,9D0FCD0FA40FA20F
157.0,0x103,8C019401C6018A01
157.0,0x104,0001000000000000
157.1,0x100,890C95FEFF1C0000
157.2,0x100,890C9DFEF91C0000
157.3,0x100,8A0C98FE031D0000
157.4,0x100,8C0C82FEF91C0000
157.5,0x100,8D0C85FE001D0000
157.5,0x101,AF0FAE0FAC0FAB0F
157.5,0x102,A40FD40FAB0FA70F
157.6,0x100,890C98FEF51C0000
157.7,0x100,870CA7FEEE1C0000
157.8,0x100,8D0C77FE001D0000
157.9,0x100,880C9DFE101D0000
158.0,0x100,870CAAFE051D0000
158.0,0x101,A50FA40FA50FAA0F
158.0,0x102,A00FC80FA30F9F0F
158.0,0x103,83018C01BB018101
158.0,0x104,0001000000000000
158.1,0x100,8A0C96FE011D0000
158.2,0x100,890CA0FE1D1D0000
158.3,0x100,8B0C8DFEEC1C0000
158.4,0x100,8A0C96FE071D0000
158.5,0x100,8C0C80FEFB1C0000
158.5,0x101,A90FAA0FAF0FB00F
158.5,0x102,A40FD50FAA0FA60F
158.6,0x100,8E0C75FE051D0000
158.7,0x100,880CA6FEFD1C0000
158.8,0x100,8B0C89FEFE1C0000
158.9,0x100,8B0C91FE081D0000
159.0,0x100,8D0C83FE031D0000
159.0,0x101,B10FAD0FB00FAE0F
159.0,0x102,A30FD10FA80FA80F
159.0,0x103,7C018201B0017A01
159.0,0x104,0001000000000000
159.1,0x100,8C0C83FEFE1C0000
159.2,0x100,8A0C95FEF81C0000
159.3,0x100,8A0C8DFE0D1D0000
159.4,0x100,890C9EFE041D0000
159.5,0x100,880C9FFEFA1C0000
159.5,0x101,A70FA70FAB0FAC0F
159.5,0x102,9B0FCC0FA40F9F0F
159.6,0x100,890C9DFEF51C0000
159.7,0x100,D90B0904091D0000
159.8,0x100,D60B2304021D0000
159.9,0x100,DA0B0104061D0000
160.0,0x100,D80B16041E1D0000
160.0,0x101,D80ED70ECD0ECF0E
160.0,0x102,F10E710EE10EE10E
160.0,0x103,7B018101AD017901
160.0,0x104,0003000000000000
160.1,0x100,D40B2D040C1D0000
160.2,0x100,D30B3504031D0000
160.3,0x100,D90B1304F21C0000
160.4,0x100,D50B2A04121D0000
160.5,0x100,D00B4904021D0000
160.5,0x101,CA0ECD0EC90ECC0E
160.5,0x102,E60E660ED60ED60E
160.6,0x100,D20B4304191D0000
160.7,0x100,D10B4404F81C0000
160.8,0x100,D20B4504F31C0000
160.9,0x100,D00B48040D1D0000
161.0,0x100,CF0B5904011D0000
161.0,0x101,CC0ECF0EC00EC40E
161.0,0x102,EA0E630ED30ED60E
161.0,0x103,81018801B6017E01
161.0,0x104,0003000000000000
161.1,0x100,CE0B58040A1D0000
161.2,0x100,CD0B6104F11C0000
161.3,0x100,CC0B6A04F01C0000
161.4,0x100,CD0B6504F21C0000
161.5,0x100,CA0B7E04E01C0000
161.5,0x101,C60EC60EBE0EC00E
161.5,0x102,E10E550ECF0ED10E
161.6,0x100,C40BA804F61C0000
161.7,0x100,CC0B6804E81C0000
161.8,0x100,C80B8E04FA1C0000
161.9,0x100,C80B8404F81C0000
162.0,0x100,C50B9E04EF1C0000
162.0,0x101,BF0EC10EB70EBC0E
162.0,0x102,DA0E510EC60ECB0E
162.0,0x103,89018F01C3018601
162.0,0x104,0003000000000000
162.1,0x100,C50B9D04FD1C0000
162.2,0x100,C30BAD04F91C0000
162.3,0x100,C20BBA04041D0000
162.4,0x100,C40BB104081D0000
162.5,0x100,C00BC504F61C0000
162.5,0x101,B50EB90EB50EB60E
162.5,0x102,D40E450EC20EC80E
162.6,0x100,C60B9604F91C0000
162.7,0x100,BE0BD704FA1C0000
162.8,0x100,BF0BCA04061D0000
162.9,0x100,BD0BDA04E41C0000
163.0,0x100,C00BBC04EC1C0000
163.0,0x101,BB0EBE0EB20EB50E
163.0,0x102,D30E440EC30EC70E
163.0,0x103,91019A01D0018F01
163.0,0x104,0003000000000000
163.1,0x100,BF0BC704E31C0000
163.2,0x100,BD0BDA04EA1C0000
163.3,0x100,BD0BDC04EC1C0000
163.4,0x100,BB0BE504E61C0000
163.5,0x100,BA0BF504F31C0000
163.5,0x101,AD0EAF0EAC0EAC0E
163.5,0x102,D30E3D0EBA0EC40E
163.6,0x100,BE0BCE04F31C0000
163.7,0x100,B80BFB04ED1C0000
163.8,0x100,BA0BEF04F01C0000
163.9,0x100,BA0BEF04FE1C0000
164.0,0x100,BD0BDF04EF1C0000
164.0,0x101,B10EB90EAC0EB40E
164.0,0x102,D20E3F0EBD0EC50E
164.0,0x103,9D01A401DD019901
164.0,0x104,0003000000000000
164.1,0x100,B90BFF04DD1C0000
164.2,0x100,BD0BD604E21C0000
164.3,0x100,B80B0605E01C0000
164.4,0x100,B90BE704F71C0000
164.5,0x100,B70B0005E31C0000
164.5,0x101,AD0EAF0EA80EAC0E
164.5,0x102,CC0E390EB90EBB0E
164.6,0x100,B80BFE04DD1C0000
164.7,0x100,B50B1305DB1C0000
164.8,0x100,B80BFF04E01C0000
164.9,0x100,B80BF804DF1C0000
165.0,0x100,B80BFA04DD1C0000
165.0,0x101,AF0EB10EA80EAB0E
165.0,0x102,D00E370EBA0EBE0E
165.0,0x103,A601B001EC01A301
165.0,0x104,0003000000000000
165.1,0x100,B50B1505EC1C0000
165.2,0x100,B50B0905E01C0000
165.3,0x100,B80BFB04E11C0000
165.4,0x100,B70BFC04E91C0000
165.5,0x100,BA0BE604E91C0000
165.5,0x101,B40EB20EAC0EAF0E
165.5,0x102,CF0E3A0EBC0EBE0E
165.6,0x100,B70B0205DA1C0000
165.7,0x100,BC0BE004EC1C0000
165.8,0x100,B60B0305DF1C0000
165.9,0x100,B80BF704D81C0000
166.0,0x100,B40B1705E71C0000
166.0,0x101,A80EAF0EA20EA70E
166.0,0x102,C90E300EB30EBA0E
166.0,0x103,B001B901FB01AC01
166.0,0x104,0003000000000000
166.1,0x100,BB0BDF04E11C0000
166.2,0x100,BA0BEB04DF1C0000
166.3,0x100,B60B0405D81C0000
166.4,0x100,B90BF704DB1C0000
166.5,0x100,BC0BD704D31C0000
166.5,0x101,B40EBC0EAD0EB10E
166.5,0x102,CF0E3B0EBD0EC20E
166.6,0x100,BA0BE104D71C0000
166.7,0x100,BC0BD904D41C0000
166.8,0x100,BB0BD804DA1C0000
166.9,0x100,BE0BC504E71C0000
167.0,0x100,BE0BC904D51C0000
167.0,0x101,B50EBD0EB00EB50E
167.0,0x102,D50E420EBF0EC30E
167.0,0x103,B801C2010502B401
167.0,0x104,0003000000000000
167.1,0x100,C10BAD04DE1C0000
167.2,0x100,BE0BC204D71C0000
167.3,0x100,BE0BC104E01C0000
167.4,0x100,C00BB204E51C0000
167.5,0x100,C30B9704CE1C0000
167.5,0x101,BD0EBD0EBA0EB60E
167.5,0x102,D90E4F0EC80EC80E
167.6,0x100,BF0BB804C21C0000
167.7,0x100,C10BA904C61C0000
167.8,0x100,C40B9304DB1C0000
167.9,0x100,C30B9304D41C0000
168.0,0x100,C70B7B04C71C0000
168.0,0x101,C20EC30EBD0EC00E
168.0,0x102,DA0E560EC80ECE0E
168.0,0x103,BE01C8010D02BA01
168.0,0x104,0003000000000000
168.1,0x100,C60B7C04E01C0000
168.2,0x100,C60B7D04CC1C0000
168.3,0x100,C40B9104CB1C0000
168.4,0x100,C80B6E04CB1C0000
168.5,0x100,C70B7B04DA1C0000
168.5,0x101,C00EC30EB90EBF0E
168.5,0x102,D90E530ECB0ECF0E
168.6,0x100,C90B6304C51C0000
168.7,0x100,C90B6804D91C0000
168.8,0x100,CA0B5C04D11C0000
168.9,0x100,CA0B6504D91C0000
169.0,0x100,CC0B4904D21C0000
169.0,0x101,C70ECA0EBB0EC20E
169.0,0x102,E20E630ED20ED40E
169.0,0x103,C001CB011102BD01
169.0,0x104,0003000000000000
169.1,0x100,CF0B3304CD1C0000
169.2,0x100,CF0B3004D01C0000
169.3,0x100,CF0B3604C91C0000
169.4,0x100,D10B2604C11C0000
169.5,0x100,CF0B3804CE1C0000
169.5,0x101,C70ECF0EC60EC70E
169.5,0x102,E40E650ED80ED80E
169.6,0x100,D10B2504C61C0000
169.7,0x100,CB0B4A04D31C0000
169.8,0x100,D50B0604D21C0000
169.9,0x100,D20B1E04CB1C0000
170.0,0x100,D50B0404CE1C0000
170.0,0x101,CF0ED30EC80ED00E
170.0,0x102,EC0E730EDC0EDF0E
170.0,0x103,C201CC011102BE01
170.0,0x104,0003000000000000
170.1,0x100,D40B0804C91C0000
170.2,0x100,D40B0D04C81C0000
170.3,0x100,DA0BE203BD1C0000
170.4,0x100,D50B0404C51C0000
170.5,0x100,D20B1804C61C0000
170.5,0x101,CC0ED30ECC0ECB0E
170.5,0x102,E70E6C0ED50ED90E
170.6,0x100,D80BF003C51C0000
170.7,0x100,D80BF603C31C0000
170.8,0x100,D60BFD03C21C0000
170.9,0x100,D80BE703D41C0000
171.0,0x100,DA0BDC03C01C0000
171.0,0x101,D60ED80ED40ED50E
171.0,0x102,EE0E7C0EE10EE00E
171.0,0x103,C001CB011102BE01
171.0,0x104,0003000000000000
171.1,0x100,DD0BBF03C61C0000
171.2,0x100,D80BE703BE1C0000
171.3,0x100,DA0BD803C11C0000
171.4,0x100,DC0BC703B51C0000
171.5,0x100,DA0BD403B71C0000
171.5,0x101,D60EDB0ED20ED50E
171.5,0x102,F20E7C0EDF0EE20E
171.6,0x100,DC0BC603B71C0000
171.7,0x100,DE0BC403AE1C0000
171.8,0x100,DB0BD203BC1C0000
171.9,0x100,E00BB203B21C0000
172.0,0x100,DB0BD403AF1C0000
172.0,0x101,D90ED80ED00ED50E
172.0,0x102,F00E7D0EE40EE40E
172.0,0x103,BF01C9010F02BB01
172.0,0x104,0003000000000000
172.1,0x100,DF0BAD03CF1C0000
172.2,0x100,DD0BB503C51C0000
172.3,0x100,DB0BDA03CD1C0000
172.4,0x100,DB0BCC03B81C0000
172.5,0x100,DD0BBB03B51C0000
172.5,0x101,DE0ED80EDA0ED60E
172.5,0x102,F30E820EE60EE50E
172.6,0x100,DE0BA903BB1C0000
172.7,0x100,DF0BAE03BB1C0000
172.8,0x100,DE0BB603B31C0000
172.9,0x100,DE0BB403AE1C0000
173.0,0x100,DF0BB003BB1C0000
173.0,0x101,DB0EDE0EDB0EDD0E
173.0,0x102,F40E870EE30EEC0E
173.0,0x103,BE01C7010B02B901
173.0,0x104,0003000000000000
173.1,0x100,DF0BB003A51C0000
173.2,0x100,DF0BAC03BA1C0000
173.3,0x100,E10B9903B11C0000
173.4,0x100,E00BA603BB1C0000
173.5,0x100,DE0BBB03BE1C0000
173.5,0x101,DD0EDD0ED50EDE0E
173.5,0x102,EF0E830EE40EE60E
173.6,0x100,E20B9803B81C0000
173.7,0x100,DF0BA903A61C0000
173.8,0x100,E10B9F03A21C0000
173.9,0x100,DF0BAD03A11C0000
174.0,0x100,E00BA503AB1C0000
174.0,0x101,DF0EDF0EDE0EE10E
174.0,0x102,F40E870EE60EE80E
174.0,0x103,BB01C5010802B701
174.0,0x104,0003000000000000
174.1,0x100,DC0BC003A11C0000
174.2,0x100,DF0BB203AF1C0000
174.3,0x100,E20B9603A61C0000
174.4,0x100,DD0BB403A81C0000
174.5,0x100,E10B9E03AE1C0000
174.5,0x101,E10EE40EDB0EDD0E
174.5,0x102,FA0E850EE60EE90E
174.6,0x100,E10BA103B11C0000
174.7,0x100,DF0BAE03A51C0000
174.8,0x100,E00BA203A81C0000
174.9,0x100,DD0BB703AF1C0000
175.0,0x100,E10B9E03AA1C0000
175.0,0x101,DC0EDE0EDB0EDC0E
175.0,0x102,F70E880EED0EE80E
175.0,0x103,B801C2010402B401
175.0,0x104,0003000000000000
175.1,0x100,E00BA003A91C0000
175.2,0x100,E00B9F03B11C0000
175.3,0x100,E10BA103A11C0000
175.4,0x100,DD0BBA03B11C0000
175.5,0x100,DD0BB303BF1C0000
175.5,0x101,DE0EDA0ED30ED90E
175.5,0x102,F20E800EE40EE60E
175.6,0x100,DC0BC303AB1C0000
175.7,0x100,D90BCB03A31C0000
175.8,0x100,E00B9A03981C0000
175.9,0x100,DE0BAB03A11C0000
176.0,0x100,E20B9803AA1C0000
176.0,0x101,E00EE00EDB0EE30E
176.0,0x102,F40E8E0EE80EE80E
176.0,0x103,B601C0010102B201
176.0,0x104,0003000000000000
176.1,0x100,E00B9E03A41C0000
176.2,0x100,DF0BA003A41C0000
176.3,0x100,E00B9A03A31C0000
176.4,0x100,E00B9A039F1C0000
176.5,0x100,DE0BA803A31C0000
176.5,0x101,DE0EE10ED90EDA0E
176.5,0x102,F40E830EE40EE50E
176.6,0x100,E00B97039B1C0000
176.7,0x100,DC0BB603A31C0000
176.8,0x100,E10B9C03A41C0000
176.9,0x100,DA0BD403AF1C0000
177.0,0x100,DF0BA303991C0000
177.0,0x101,DD0EE20ED70EDE0E
177.0,0x102,F30E860EE40EE80E
177.0,0x103,B301BE01FF01B101
177.0,0x104,0003000000000000
177.1,0x100,DD0BAB03A81C0000
177.2,0x100,E00B9703A81C0000
177.3,0x100,DB0BC4039D1C0000
177.4,0x100,DB0BBB03981C0000
177.5,0x100,DD0BAF03AC1C0000
177.5,0x101,DA0EDB0ED60ED80E
177.5,0x102,F30E800EE30EEA0E
177.6,0x100,E00B9703911C0000
177.7,0x100,DD0BAF03951C0000
177.8,0x100,E10B9B03921C0000
177.9,0x100,DA0BC203961C0000
178.0,0x100,DC0BB9039A1C0000
178.0,0x101,D90EDF0ED60ED80E
178.0,0x102,F00E7F0EDE0EE50E
178.0,0x103,B201BB01FD01AE01
178.0,0x104,0003000000000000
178.1,0x100,DD0BAF03AA1C0000
178.2,0x100,E20B8903971C0000
178.3,0x100,DE0BA003B01C0000
178.4,0x100,DB0BBA03A31C0000
178.5,0x100,DA0BC203941C0000
178.5,0x101,D70EDA0ED10ED90E
178.5,0x102,EC0E7C0EE00EE20E
178.6,0x100,DA0BC203941C0000
178.7,0x100,DE0B9A039A1C0000
178.8,0x100,DC0BB803991C0000
178.9,0x100,DB0BC4038C1C0000
179.0,0x100,DE0B9D03901C0000
179.0,0x101,DC0EE10ED70EDA0E
179.0,0x102,F30E830EE50EE70E
179.0,0x103,B101BA01FA01AE01
179.0,0x104,0003000000000000
179.1,0x100,DB0BB703871C0000
179.2,0x100,DA0BBD03A81C0000
179.3,0x100,DC0BB603971C0000
179.4,0x100,DD0BA103921C0000
179.5,0x100,DB0BBA038E1C0000
179.5,0x101,D90EDB0ED40ED70E
179.5,0x102,F10E7E0EE10EE30E
179.6,0x100,DC0BBC038E1C0000
179.7,0x100,DB0BC103851C0000
179.8,0x100,DA0BBD03951C0000
179.9,0x100,D90BC1039A1C0000
180.0,0x100,D90BCA03A21C0000
180.0,0x101,D50ED90ED00ED10E
180.0,0x102,EC0E7C0EDE0EE10E
180.0,0x103,B001B901F801AC01
180.0,0x104,0003000000000000
180.1,0x100,D70BD403991C0000
180.2,0x100,D90BCC03981C0000
180.3,0x100,D80BCE039C1C0000
180.4,0x100,D60BD8038E1C0000
180.5,0x100,DB0BBE03821C0000
180.5,0x101,DA0EDC0ED20ED60E
180.5,0x102,ED0E7E0EDD0EE60E
180.6,0x100,D50BE503971C0000
180.7,0x100,D70BE203871C0000
180.8,0x100,D50BE7038D1C0000
180.9,0x100,D30BF903831C0000
181.0,0x100,D80BD103981C0000
181.0,0x101,D40ED70ECF0ECE0E
181.0,0x102,EF0E770EDB0EE20E
181.0,0x103,B001B801F801AC01
181.0,0x104,0003000000000000
181.1,0x100,D70BD503951C0000
181.2,0x100,D10BFC037E1C0000
181.3,0x100,D10BFC038C1C0000
181.4,0x100,D10B0404951C0000
181.5,0x100,D10BFF03891C0000
181.5,0x101,CC0ED00EC70ECC0E
181.5,0x102,E50E6C0ED30ED90E
181.6,0x100,CE0B1504891C0000
181.7,0x100,CD0B1F04921C0000
181.8,0x100,CD0B1E04861C0000
181.9,0x100,CD0B1804871C0000
182.0,0x100,D10B02048F1C0000
182.0,0x101,CD0ECE0EC50ECC0E
182.0,0x102,E40E6E0ED40ED80E
182.0,0x103,B001BB01F901AD01
182.0,0x104,0003000000000000
182.1,0x100,CB0B33047C1C0000
182.2,0x100,C90B40047F1C0000
182.3,0x100,C90B3D04741C0000
182.4,0x100,CB0B2C04991C0000
182.5,0x100,C70B4A04851C0000
182.5,0x101,C00EC60EBB0EBE0E
182.5,0x102,DA0E590EC90ECF0E
182.6,0x100,C60B53048E1C0000
182.7,0x100,C40B6404771C0000
182.8,0x100,C80B45048F1C0000
182.9,0x100,C60B56047F1C0000
183.0,0x100,C30B6B048F1C0000
183.0,0x101,BB0EC00EB70EBA0E
183.0,0x102,D70E500EC30EC70E
183.0,0x103,B301BC01FD01AF01
183.0,0x104,0003000000000000
183.1,0x100,C40B67047F1C0000
183.2,0x100,C40B5C04751C0000
183.3,0x100,C10B79048A1C0000
183.4,0x100,C00B82047F1C0000
183.5,0x100,BF0B8104721C0000
183.5,0x101,B60EBB0EB00EB50E
183.5,0x102,D00E4B0EC10EC70E
183.6,0x100,BE0B8A046D1C0000
183.7,0x100,BF0B8904811C0000
183.8,0x100,BB0BA9047C1C0000
183.9,0x100,BE0B8C047E1C0000
184.0,0x100,BE0B97047D1C0000
184.0,0x101,B60EB70EAF0EB40E
184.0,0x102,D00E460EC10EC20E
184.0,0x103,B901C3010502B501
184.0,0x104,0003000000000000
184.1,0x100,BB0BA604791C0000
184.2,0x100,B90BB9047E1C0000
184.3,0x100,BC0B9C04801C0000
184.4,0x100,BB0BA404771C0000
184.5,0x100,BB0B9F047D1C0000
184.5,0x101,B30EB50EAE0EB00E
184.5,0x102,CE0E440EBA0EC10E
184.6,0x100,B70BC4047D1C0000
184.7,0x100,B80BB804811C0000
184.8,0x100,B70BC804601C0000
184.9,0x100,B30BDD04711C0000
185.0,0x100,B60BCE047A1C0000
185.0,0x101,AD0EB00EA50EA90E
185.0,0x102,C90E380EB80EBB0E
185.0,0x103,BE01C8010D02B901
185.0,0x104,0003000000000000
185.1,0x100,B30BE004891C0000
185.2,0x100,B40BDD047F1C0000
185.3,0x100,B30BF0047F1C0000
185.4,0x100,B00BF1048C1C0000
185.5,0x100,B20BE304701C0000
185.5,0x101,A30EA90EA20EA60E
185.5,0x102,C70E330EB20EB50E
185.6,0x100,B20BEF04851C0000
185.7,0x100,AF0B0505771C0000
185.8,0x100,B00BFE04651C0000
185.9,0x100,B20BE6045D1C0000
186.0,0x100,AE0B08056B1C0000
186.0,0x101,A10EA50E9A0EA00E
186.0,0x102,C10E280EAD0EB10E
186.0,0x103,C601D0011802C001
186.0,0x104,0003000000000000
186.1,0x100,B20BF004741C0000
186.2,0x100,AC0B18056A1C0000
186.3,0x100,AB0B14056D1C0000
186.4,0x100,AD0B0A057E1C0000
186.5,0x100,AD0B0A056B1C0000
186.5,0x101,9F0EA40E9B0E9F0E
186.5,0x102,C20E2C0EA90EB00E
186.6,0x100,AF0B05057D1C0000
186.7,0x100,AC0B1305711C0000
186.8,0x100,AD0B0405731C0000
186.9,0x100,AD0B0D05651C0000
187.0,0x100,AB0B1705661C0000
187.0,0x101,9E0EA40E990E9B0E
187.0,0x102,BD0E260EAD0EAB0E
187.0,0x103,CD01D9012202CA01
187.0,0x104,0003000000000000
187.1,0x100,AE0B0105661C0000
187.2,0x100,AE0B0005651C0000
187.3,0x100,B00BF6046B1C0000
187.4,0x100,AF0BF704711C0000
187.5,0x100,B00BEA047C1C0000
187.5,0x101,A30EAD0E9C0EA30E
187.5,0x102,C00E300EAF0EB60E
187.6,0x100,AB0B0E055C1C0000
187.7,0x100,AA0B1D05621C0000
187.8,0x100,AC0B15056B1C0000
187.9,0x100,B20BE404611C0000
188.0,0x100,AE0B0505531C0000
188.0,0x101,9F0EA40E9B0E9F0E
188.0,0x102,C00E290EAF0EB30E
188.0,0x103,D401E0012C02D101
188.0,0x104,0403000000000000
188.1,0x100,AD0B0C05671C0000
188.2,0x100,AF0BED04571C0000
188.3,0x100,B00BF104601C0000
188.4,0x100,B40BCE046E1C0000
188.5,0x100,B00BEC04641C0000
188.5,0x101,A60EA60E9C0E9F0E
188.5,0x102,C20E2E0EB10EB40E
188.6,0x100,B30BD404621C0000
188.7,0x100,B00BE2046A1C0000
188.8,0x100,B50BC304591C0000
188.9,0x100,B20BDE045D1C0000
189.0,0x100,B10BE004571C0000
189.0,0x101,AB0EA90EA10EA40E
189.0,0x102,C50E310EAF0EAF0E
189.0,0x103,D901E5013302D501
189.0,0x104,0403000000000000
189.1,0x100,B60BC004601C0000
189.2,0x100,B70BB5044B1C0000
189.3,0x100,B90BA0044E1C0000
189.4,0x100,B70BB704571C0000
189.5,0x100,B80BAD045C1C0000
189.5,0x101,AF0EAD0EAA0EA60E
189.5,0x102,CD0E3C0EBA0EBD0E
189.6,0x100,BA0B9804681C0000
189.7,0x100,B70BB0044C1C0000
189.8,0x100,BA0B9D04531C0000
189.9,0x100,BB0B8D04561C0000
190.0,0x100,BC0B8F04471C0000
190.0,0x101,B50EB90EAE0EB00E
190.0,0x102,D20E450EBB0EBE0E
190.0,0x103,DD01E9013802D901
190.0,0x104,0403000000000000
190.1,0x100,B90BA1044B1C0000
190.2,0x100,BA0B9304401C0000
190.3,0x100,BD0B8204561C0000
190.4,0x100,BC0B8604481C0000
190.5,0x100,C10B65045C1C0000
190.5,0x101,BA0EBA0EB50EB60E
190.5,0x102,D50E4C0EC00EC50E
190.6,0x100,BE0B7104531C0000
190.7,0x100,BF0B6C044D1C0000
190.8,0x100,C10B5C04461C0000
190.9,0x100,C10B6304511C0000
191.0,0x100,C30B4B044A1C0000
191.0,0x101,BD0EBF0EB80EBC0E
191.0,0x102,D50E520EC00EC80E
191.0,0x103,DE01E9013902D901
191.0,0x104,0403000000000000
191.1,0x100,C20B5804511C0000
191.2,0x100,C30B5204571C0000
191.3,0x100,CB0B1804431C0000
191.4,0x100,C20B4F04461C0000
191.5,0x100,CD0B0904571C0000
191.5,0x101,C80ECC0EBF0EC40E
191.5,0x102,DF0E650ECF0ED40E
191.6,0x100,C70B2804571C0000
191.7,0x100,C50B3A043F1C0000
191.8,0x100,C80B2004401C0000
191.9,0x100,CC0B09043F1C0000
192.0,0x100,CB0B0904491C0000
192.0,0x101,C30EC90EC30EC20E
192.0,0x102,E00E620ECE0ECF0E
192.0,0x103,DD01E8013802D801
192.0,0x104,0403000000000000
192.1,0x100,C80B2404391C0000
192.2,0x100,CE0BF203461C0000
192.3,0x100,C90B1B04451C0000
192.4,0x100,CC0B04043F1C0000
192.5,0x100,CF0BEE03451C0000
192.5,0x101,CA0ECC0EC50EC70E
192.5,0x102,E20E690ECF0ED50E
192.6,0x100,CD0BF203451C0000
192.7,0x100,CF0BE703401C0000
192.8,0x100,CC0BFF03531C0000
192.9,0x100,CC0BF8033E1C0000
193.0,0x100,D20BCF03421C0000
193.0,0x101,CD0ECE0EC70ECD0E
193.0,0x102,E40E6E0ED80EDA0E
193.0,0x103,DA01E6013402D501
193.0,0x104,0403000000000000
193.1,0x100,CF0BDF033B1C0000
193.2,0x100,D30BD4034A1C0000
193.3,0x100,CE0BF103351C0000
193.4,0x100,D30BC603411C0000
193.5,0x100,D00BEE03361C0000
193.5,0x101,CA0ECC0EC60EC90E
193.5,0x102,E10E6F0ED10ED60E
193.6,0x100,D20BD3032D1C0000
193.7,0x100,D50BBF03371C0000
193.8,0x100,D30BC303371C0000
193.9,0x100,D30BBE03421C0000
194.0,0x100,D60BB503341C0000
194.0,0x101,D00ED50ECB0ECE0E
194.0,0x102,EC0E780EDB0EDD0E
194.0,0x103,D701E1012F02D201
194.0,0x104,0403000000000000
194.1,0x100,D30BC703271C0000
194.2,0x100,D60BB003271C0000
194.3,0x100,D80BA0033C1C0000
194.4,0x100,D40BB9033F1C0000
194.5,0x100,D70BA2033C1C0000
194.5,0x101,D60ED50ECE0ED40E
194.5,0x102,E50E7E0EDA0EDD0E
194.6,0x100,D70BB003351C0000
194.7,0x100,D60BAC033C1C0000
194.8,0x100,D70BAB03261C0000
194.9,0x100,D10BD403241C0000
195.0,0x100,D50BB603291C0000
195.0,0x101,D30ED00ECB0ECF0E
195.0,0x102,E60E780EDC0EDD0E
195.0,0x103,D201DD012A02CE01
195.0,0x104,0403000000000000
195.1,0x100,D50BB803351C0000
195.2,0x100,D90B98033E1C0000
195.3,0x100,D60BA8032C1C0000
195.4,0x100,D50BB4032C1C0000
195.5,0x100,D70BA1033B1C0000
195.5,0x101,D10ED40ECF0ED10E
195.5,0x102,EF0E7D0ED90EDB0E
195.6,0x100,D30BBD03301C0000
195.7,0x100,D80B9D03361C0000
195.8,0x100,D60BAA03341C0000
195.9,0x100,D60BA503261C0000
196.0,0x100,D50BB003441C0000
196.0,0x101,D20ED50ECB0ECD0E
196.0,0x102,E60E790ED90EDB0E
196.0,0x103,CE01D9012302CB01
196.0,0x104,0003000000000000
196.1,0x100,D70BA303291C0000
196.2,0x100,D50BA903441C0000
196.3,0x100,D60BA903361C0000
196.4,0x100,D70BA103331C0000
196.5,0x100,D40BB303211C0000
196.5,0x101,CD0ED00ECC0ED00E
196.5,0x102,EB0E770ED60EDB0E
196.6,0x100,D50BAF03331C0000
196.7,0x100,D60BAA032E1C0000
196.8,0x100,D70BA5032C1C0000
196.9,0x100,D40BB703211C0000
197.0,0x100,D50BA803361C0000
197.0,0x101,D10ED50ECB0ECF0E
197.0,0x102,E70E790ED90EDE0E
197.0,0x103,CB01D5011E02C701
197.0,0x104,0003000000000000
197.1,0x100,D70BA703361C0000
197.2,0x100,D40BAD031B1C0000
197.3,0x100,D20BC503261C0000
197.4,0x100,D70B9703281C0000
197.5,0x100,D40BB7032E1C0000
197.5,0x101,CD0ED30ECC0ED00E
197.5,0x102,E80E740ED80EDB0E
197.6,0x100,D90B8F032C1C0000
197.7,0x100,D50BAF03291C0000
197.8,0x100,D20BC3032E1C0000
197.9,0x100,D40BB3033B1C0000
198.0,0x100,D50BAE03251C0000
198.0,0x101,CE0ED40ECA0ECE0E
198.0,0x102,E60E790ED90EDC0E
198.0,0x103,C701D3011A02C401
198.0,0x104,0003000000000000
198.1,0x100,D60BA303321C0000
198.2,0x100,D40BAC03391C0000
198.3,0x100,D50BA703361C0000
198.4,0x100,D60B9F032D1C0000
198.5,0x100,D60BA7032C1C0000
198.5,0x101,D10ED40ECE0ECD0E
198.5,0x102,E60E7B0EDA0EDD0E
198.6,0x100,D50BAE032A1C0000
198.7,0x100,D60BA003361C0000
198.8,0x100,D70B9F03201C0000
198.9,0x100,D80B9703201C0000
199.0,0x100,D40BB1031D1C0000
199.0,0x101,D20ED30ECA0ECE0E
199.0,0x102,E50E770ED70EDC0E
199.0,0x103,C501CE011402C001
199.0,0x104,0003000000000000
199.1,0x100,D40BB3033B1C0000
199.2,0x100,D50BAF03321C0000
199.3,0x100,D30BBA031C1C0000
199.4,0x100,D40BAD03151C0000
199.5,0x100,D40BB2031F1C0000
199.5,0x101,CD0ECE0ECA0ECE0E
199.5,0x102,E80E750ED90EDB0E
199.6,0x100,D30BB003211C0000
199.7,0x100,D50BAB03221C0000
199.8,0x100,D50BA503101C0000
199.9,0x100,CF0BCE03171C0000
200.0,0x100,D60BA7032A1C0000
200.0,0x101,D20ED60ECA0ECF0E
200.0,0x102,EA0E790ED90EDA0E
200.0,0x103,C101CB011102BD01
200.0,0x104,0003000000000000
200.1,0x100,D50BA403241C0000
200.2,0x100,D30BB503161C0000
200.3,0x100,D40BB303271C0000
200.4,0x100,D60B9B03261C0000
200.5,0x100,D10BC103321C0000
200.5,0x101,CD0ECC0EC50ECC0E
200.5,0x102,E30E710ED40ED90E
200.6,0x100,D30BB003191C0000
200.7,0x100,D50BA203141C0000
200.8,0x100,D20BC503191C0000
200.9,0x100,D20BBE03231C0000
201.0,0x100,D50BA3030D1C0000
201.0,0x101,CE0ED50ECB0ED20E
201.0,0x102,E60E7A0ED80ED80E
201.0,0x103,BF01C8010D02BA01
201.0,0x104,0003000000000000
201.1,0x100,CE0BD203191C0000
201.2,0x100,D00BC303191C0000
201.3,0x100,D20BBA03251C0000
201.4,0x100,CE0BD403121C0000
201.5,0x100,D10BC103151C0000
201.5,0x101,CD0ECD0EC40ECB0E
201.5,0x102,E20E720ED50ED60E
201.6,0x100,D20BC0031B1C0000
201.7,0x100,D30BB903101C0000
201.8,0x100,CE0BCE030D1C0000
201.9,0x100,D00BCF03271C0000
202.0,0x100,D00BCA031A1C0000
202.0,0x101,CF0ECC0EC80EC90E
202.0,0x102,E30E6C0ED30ED30E
202.0,0x103,BD01C6010B02BA01
202.0,0x104,0003000000000000
202.1,0x100,D00BC103201C0000
202.2,0x100,CF0BD2031A1C0000
202.3,0x100,CF0BD203111C0000
202.4,0x100,D00BC3030C1C0000
202.5,0x100,D00BC4030C1C0000
202.5,0x101,CA0ECC0EC30EC80E
202.5,0x102,E30E700ED40ED50E
202.6,0x100,CC0BE6030A1C0000
202.7,0x100,D30BBA03091C0000
202.8,0x100,CB0BE803081C0000
202.9,0x100,CD0BE203171C0000
203.0,0x100,C80B0104051C0000
203.0,0x101,C40EC40EBE0EBE0E
203.0,0x102,DC0E600EC70ECE0E
203.0,0x103,BC01C5010902B801
203.0,0x104,0003000000000000
203.1,0x100,CB0BEB031C1C0000
203.2,0x100,C80B0104151C0000
203.3,0x100,CA0BF503141C0000
203.4,0x100,C80B02040F1C0000
203.5,0x100,C60B1004101C0000
203.5,0x101,C00EC30EBA0EBD0E
203.5,0x102,D90E5A0EC80EC90E
203.6,0x100,C80B0404071C0000
203.7,0x100,C40B1F04031C0000
203.8,0x100,C70B0604061C0000
203.9,0x100,C40B1F04FD1B0000
204.0,0x100,C20B2E040E1C0000
204.0,0x101,BC0EBA0EB40EB50E
204.0,0x102,D20E580EC50EC90E
204.0,0x103,BB01C5010902B901
204.0,0x104,0003000000000000
204.1,0x100,C20B3004FF1B0000
204.2,0x100,BF0B49040F1C0000
204.3,0x100,C30B27040E1C0000
204.4,0x100,C40B23040A1C0000
204.5,0x100,C30B2F04011C0000
204.5,0x101,BC0EBD0EB30EBA0E
204.5,0x102,D40E550EC50EC70E
204.6,0x100,BF0B4E04FD1B0000
204.7,0x100,BE0B5204FE1B0000
204.8,0x100,BD0B5204FC1B0000
204.9,0x100,BF0B4604041C0000
205.0,0x100,BA0B6904021C0000
205.0,0x101,AF0EB00EAB0EAC0E
205.0,0x102,CD0E450EB90EBF0E
205.0,0x103,BE01C7010D02BA01
205.0,0x104,0003000000000000
205.1,0x100,BD0B5204161C0000
205.2,0x100,B80B7C04151C0000
205.3,0x100,B40B9C04111C0000
205.4,0x100,B70B7D04FF1B0000
205.5,0x100,B70B8704F21B0000
205.5,0x101,AC0EB10EA30EAE0E
205.5,0x102,C80E3F0EB60EB60E
205.6,0x100,B70B7D04021C0000
205.7,0x100,B90B7004FD1B0000
205.8,0x100,B60B8804FF1B0000
205.9,0x100,B60B8704021C0000
206.0,0x100,B70B8804041C0000
206.0,0x101,AE0EAE0EA80EA70E
206.0,0x102,CA0E3C0EBB0EB70E
206.0,0x103,C201CC011102BD01
206.0,0x104,0003000000000000
206.1,0x100,AF0BBD04EB1B0000
206.2,0x100,B10BAE04091C0000
206.3,0x100,B00BB504051C0000
206.4,0x100,B20BB104F51B0000
206.5,0x100,B00BB804031C0000
206.5,0x101,A20EA90EA00E9E0E
206.5,0x102,C20E310EAE0EB10E
206.6,0x100,AC0BCF04F71B0000
206.7,0x100,AE0BC504F91B0000
206.8,0x100,AC0BD304F71B0000
206.9,0x100,AC0BCD04F01B0000
207.0,0x100,AD0BD004EA1B0000
207.0,0x101,A30EA50E950EA20E
207.0,0x102,BB0E290EAC0EAF0E
207.0,0x103,C701D3011902C301
207.0,0x104,0003000000000000
207.1,0x100,AE0BC504121C0000
207.2,0x100,AE0BC104FC1B0000
207.3,0x100,AA0BDF04F61B0000
207.4,0x100,AA0BE704061C0000
207.5,0x100,AB0BD704E31B0000
207.5,0x101,A00EA20E960E9C0E
207.5,0x102,B90E290EA90EB10E
207.6,0x100,A90BEE04F01B0000
207.7,0x100,A70BF204EC1B0000
207.8,0x100,AD0BD404ED1B0000
207.9,0x100,A80BEA04F11B0000
208.0,0x100,A50B0005EC1B0000
208.0,0x101,9A0E9A0E900E940E
208.0,0x102,B80E1B0EA20EA40E
208.0,0x103,CD01D8012202CA01
208.0,0x104,0003000000000000
208.1,0x100,A60B0205DE1B0000
208.2,0x100,A70BED04E51B0000
208.3,0x100,A50B0305E51B0000
208.4,0x100,A40B1105E91B0000
208.5,0x100,A30B0F05E31B0000
208.5,0x101,960E9A0E8E0E8F0E
208.5,0x102,B00E190EA20EA70E
208.6,0x100,A60B0305EA1B0000
208.7,0x100,A50BFE04EA1B0000
208.8,0x100,A60BFC04D51B0000
208.9,0x100,A40B0C05DF1B0000
209.0,0x100,A30B0805EB1B0000
209.0,0x101,960E980E900E930E
209.0,0x102,B30E1A0E9F0EA40E
209.0,0x103,D501DF012C02D101
209.0,0x104,0403000000000000
209.1,0x100,A40B0E05E71B0000
209.2,0x100,A50B0605D61B0000
209.3,0x100,A30B0F05EF1B0000
209.4,0x100,A40B0305ED1B0000
209.5,0x100,A30B0C05FD1B0000
209.5,0x101,950E990E8C0E900E
209.5,0x102,B40E1B0EA10EA30E
209.6,0x100,A30B0C05F71B0000
209.7,0x100,A70BF004DC1B0000
209.8,0x100,AA0BDF04E21B0000
209.9,0x100,A30B0E05E31B0000
210.0,0x100,A70BF804EF1B0000
210.0,0x101,9B0E9D0E950E970E
210.0,0x102,B80E210EA60EA90E
210.0,0x103,DB01E7013602D701
210.0,0x104,0403000000000000
210.1,0x100,A90BD804DF1B0000
210.2,0x100,A80BE304EE1B0000
210.3,0x100,A60BF604E31B0000
210.4,0x100,A90BE204D81B0000
210.5,0x100,AA0BDB04D31B0000
210.5,0x101,9F0E9E0E980E990E
210.5,0x102,BF0E270EA50EAA0E
210.6,0x100,A70BF304E81B0000
210.7,0x100,AB0BCA04E71B0000
210.8,0x100,AB0BC904E81B0000
210.9,0x100,A90BD304C31B0000
211.0,0x100,AB0BD104DA1B0000
211.0,0x101,9D0EA10E980EA00E
211.0,0x102,BD0E250EA70EAB0E
211.0,0x103,DF01EB013C02DC01
211.0,0x104,0403000000000000
211.1,0x100,AA0BCD04E81B0000
211.2,0x100,AB0BCE04CC1B0000
211.3,0x100,AD0BBD04DF1B0000
211.4,0x100,AD0BBC04D31B0000
211.5,0x100,AE0BAB04CF1B0000
211.5,0x101,9F0EA90E990EA00E
211.5,0x102,C10E320EAB0EAF0E
211.6,0x100,AF0BAA04D01B0000
211.7,0x100,B00BA404E71B0000
211.8,0x100,B00BA004DF1B0000
211.9,0x100,B10BA204D51B0000
212.0,0x100,B10B9804EB1B0000
212.0,0x101,AB0EA60EA00EA40E
212.0,0x102,C30E360EAF0EB30E
212.0,0x103,E301EE014002DF01
212.0,0x104,0403000000000000
212.1,0x100,B30B8A04C31B0000
212.2,0x100,B50B7704CE1B0000
212.3,0x100,B50B7E04E31B0000
212.4,0x100,B60B7604D11B0000
212.5,0x100,B60B7304D01B0000
212.5,0x101,AD0EB00EAA0EA90E
212.5,0x102,C70E3E0EB40EB40E
212.6,0x100,B30B8A04D01B0000
212.7,0x100,B80B5B04CC1B0000
212.8,0x100,B80B6204DA1B0000
212.9,0x100,B70B6604C71B0000
213.0,0x100,BA0B5104EA1B0000
213.0,0x101,B00EB50EAD0EAD0E
213.0,0x102,C90E490EB60EBD0E
213.0,0x103,E301EF014002DE01
213.0,0x104,0403000000000000
213.1,0x100,B70B6C04C01B0000
213.2,0x100,BD0B3D04DF1B0000
213.3,0x100,BD0B4104D61B0000
213.4,0x100,BF0B2A04C61B0000
213.5,0x100,BE0B2A04CF1B0000
213.5,0x101,B60EBA0EAF0EB20E
213.5,0x102,D00E4F0EBB0EC50E
213.6,0x100,BF0B2D04D41B0000
213.7,0x100,BD0B3004D11B0000
213.8,0x100,C00B2204B71B0000
213.9,0x100,BE0B2B04CE1B0000
214.0,0x100,C20B1104BB1B0000
214.0,0x101,B90EBB0EB70EB90E
214.0,0x102,D00E570EC60EC40E
214.0,0x103,E201ED013F02DD01
214.0,0x104,0403000000000000
214.1,0x100,C30B0704D31B0000
214.2,0x100,BD0B3004D31B0000
214.3,0x100,C30B0804BA1B0000
214.4,0x100,C50BF203B31B0000
214.5,0x100,C50BED03C41B0000
214.5,0x101,C00EC10EB80EBB0E
214.5,0x102,D40E5E0EC40ECC0E
214.6,0x100,C70BE503C41B0000
214.7,0x100,C30BFC03C61B0000
214.8,0x100,C70BE403C91B0000
214.9,0x100,C60BE703C31B0000
215.0,0x100,C70BE003C51B0000
215.0,0x101,BF0EC50EBA0EBE0E
215.0,0x102,D80E600EC80ECD0E
215.0,0x103,DF01EA013B02DA01
215.0,0x104,0403000000000000
215.1,0x100,C70BE803BB1B0000
215.2,0x100,CA0BCC03B91B0000
215.3,0x100,CB0BC503C81B0000
215.4,0x100,C90BD503C71B0000
215.5,0x100,C80BD703BE1B0000
215.5,0x101,C30EC30EBA0EBC0E
215.5,0x102,D80E650ECB0EC90E
215.6,0x100,CA0BD003B61B0000
215.7,0x100,CC0BBB03D01B0000
215.8,0x100,C90BCF03D11B0000
215.9,0x100,CC0BB703CB1B0000
216.0,0x100,CC0BB703C51B0000
216.0,0x101,C60EC90EC30EC80E
216.0,0x102,DB0E690ECE0ED10E
216.0,0x103,DB01E6013502D501
216.0,0x104,0403000000000000
216.1,0x100,CC0BAE03B31B0000
216.2,0x100,CA0BCE03CB1B0000
216.3,0x100,CB0BC103C31B0000
216.4,0x100,CB0BBF03B21B0000
216.5,0x100,C90BC703C31B0000
216.5,0x101,C30EC70EBE0EC00E
216.5,0x102,D90E690ECA0ECB0E
216.6,0x100,C70BDC03B71B0000
216.7,0x100,D10B9703C31B0000
216.8,0x100,CE0BA403C61B0000
216.9,0x100,CE0BA403BF1B0000
217.0,0x100,CE0B9F03B11B0000
217.0,0x101,C60EC90EC30EC50E
217.0,0x102,E20E720ECE0ED30E
217.0,0x103,D701E1012F02D201
217.0,0x104,0403000000000000
217.1,0x100,D00B9B03BF1B0000
217.2,0x100,CE0BA503BE1B0000
217.3,0x100,CF0B9603B11B0000
217.4,0x100,CC0BAD03B41B0000
217.5,0x100,CE0BA803CA1B0000
217.5,0x101,CA0ECA0EC20EC60E
217.5,0x102,DC0E6F0ECD0ED50E
217.6,0x100,CD0BAD03C71B0000
217.7,0x100,CD0BAD03B11B0000
217.8,0x100,CD0BAE03A21B0000
217.9,0x100,CE0B9F03C41B0000
218.0,0x100,CA0BC403CA1B0000
218.0,0x101,C70EC50EBD0EBF0E
218.0,0x102,DE0E670EC80ED30E
218.0,0x103,D301DD012902CE01
218.0,0x104,0403000000000000
218.1,0x100,CE0BA703C41B0000
218.2,0x100,D20B8703B01B0000
218.3,0x100,D00B9403BA1B0000
218.4,0x100,D10B8803AA1B0000
218.5,0x100,CE0BA203BD1B0000
218.5,0x101,C60ECC0EC40EC60E
218.5,0x102,E10E6F0ED00ED00E
218.6,0x100,CF0BA003AC1B0000
218.7,0x100,CD0B9B03AB1B0000
218.8,0x100,C90BC003B01B0000
218.9,0x100,CD0BAA03AB1B0000
219.0,0x100,CC0BAC03B71B0000
219.0,0x101,C60EC90EC20EC30E
219.0,0x102,DC0E6C0ECD0ED10E
219.0,0x103,CE01D8012302CA01
219.0,0x104,0003000000000000
219.1,0x100,D00B9303A71B0000
219.2,0x100,D00B9203C91B0000
219.3,0x100,CF0BA203B41B0000
219.4,0x100,CD0BA403AA1B0000
219.5,0x100,D20B8503A41B0000
219.5,0x101,CB0ECE0EC70ECA0E
219.5,0x102,E50E770ED70ED50E
219.6,0x100,CD0B9E03AA1B0000
219.7,0x100,CC0BA103AA1B0000
219.8,0x100,CF0B9D03A91B0000
219.9,0x100,CF0B9403A61B0000
220.0,0x100,CF0B9803A31B0000
220.0,0x101,C90EC70EC30EC90E
220.0,0x102,DE0E710ED40ED40E
220.0,0x103,CB01D4011D02C601
220.0,0x104,0003000000000000
220.1,0x100,CD0B9E03B31B0000
220.2,0x100,CD0BA203B81B0000
220.3,0x100,CD0BA903A11B0000
220.4,0x100,CA0BB003A81B0000
220.5,0x100,720C94FE971B0000
220.5,0x101,8B0F8B0F8E0F8C0F
220.5,0x102,840FAB0F860F890F
220.6,0x100,710C91FEA41B0000
220.7,0x100,700C9FFEBD1B0000
220.8,0x100,700CA1FEB61B0000
220.9,0x100,720C91FEB01B0000
221.0,0x100,700CA4FE9F1B0000
221.0,0x101,850F890F8D0F880F
221.0,0x102,800FA90F890F880F
221.0,0x103,C101CA011002BD01
221.0,0x104,0001000000000000
221.1,0x100,6F0CA7FEA41B0000
221.2,0x100,6F0CABFEA61B0000
221.3,0x100,6E0CB3FEB51B0000
221.4,0x100,730C8BFEB81B0000
221.5,0x100,710C98FEAB1B0000
221.5,0x101,8C0F890F8D0F8C0F
221.5,0x102,860FAE0F850F860F
221.6,0x100,710C98FEB51B0000
221.7,0x100,700C97FEA51B0000
221.8,0x100,730C8EFEAF1B0000
221.9,0x100,740C82FEB71B0000
222.0,0x100,710C99FEBD1B0000
222.0,0x101,8B0F8C0F8C0F8E0F
222.0,0x102,800FAD0F860F850F
222.0,0x103,B401BE010002B101
222.0,0x104,0001000000000000
222.1,0x100,730C8CFEA11B0000
222.2,0x100,700C99FEBC1B0000
222.3,0x100,720C8CFEC51B0000
222.4,0x100,740C88FE9F1B0000
222.5,0x100,710C9CFE9E1B0000
222.5,0x101,8C0F890F890F8E0F
222.5,0x102,850FAA0F870F840F
222.6,0x100,720C9AFEBE1B0000
222.7,0x100,700CA1FEAB1B0000
222.8,0x100,6D0CB9FEAD1B0000
222.9,0x100,710C9CFEBB1B0000
223.0,0x100,710C9FFEA71B0000
223.0,0x101,8B0F890F8E0F8D0F
223.0,0x102,810FAE0F840F830F
223.0,0x103,A901B101F101A501
223.0,0x104,0001000000000000
223.1,0x100,740C88FEB21B0000
223.2,0x100,740C85FEA21B0000
223.3,0x100,6E0CB0FEB91B0000
223.4,0x100,730C8AFEB91B0000
223.5,0x100,730C88FEB21B0000
223.5,0x101,8C0F8B0F8D0F8C0F
223.5,0x102,850FAF0F8A0F890F
223.6,0x100,720C97FEB11B0000
223.7,0x100,720C97FEB11B0000
223.8,0x100,730C8AFEB01B0000
223.9,0x100,720C93FEB11B0000
224.0,0x100,6E0CAAFEBB1B0000
224.0,0x101,890F860F850F8B0F
224.0,0x102,800FA80F840F820F
224.0,0x103,9E01A701E2019B01
224.0,0x104,0001000000000000
224.1,0x100,730C8CFEA01B0000
224.2,0x100,740C83FEC51B0000
224.3,0x100,700CA6FEB41B0000
224.4,0x100,700C9FFEC91B0000
224.5,0x100,730C8FFEB51B0000
224.5,0x101,8A0F8F0F8A0F910F
224.5,0x102,850FAF0F890F880F
224.6,0x100,740C80FEB31B0000
224.7,0x100,720C8DFEBA1B0000
224.8,0x100,720C97FEA71B0000
224.9,0x100,6F0CA9FEA91B0000
225.0,0x100,720C88FEB21B0000
225.0,0x101,8E0F8C0F8C0F900F
225.0,0x102,7E0FB10F880F8A0F
225.0,0x103,95019E01D3019301
225.0,0x104,0003000000000000
225.1,0x100,720C97FEB51B0000
225.2,0x100,700CA2FEBF1B0000
225.3,0x100,770C74FEB61B0000
225.4,0x100,6F0CA8FEC31B0000
225.5,0x100,730C86FE9A1B0000
225.5,0x101,8B0F920F8F0F8E0F
225.5,0x102,860FB00F890F860F
225.6,0x100,710C9DFEC71B0000
225.7,0x100,710C9CFEB21B0000
225.8,0x100,6F0CA8FEBD1B0000
225.9,0x100,710CA0FEC21B0000
226.0,0x100,760C74FEA91B0000
226.0,0x101,900F8E0F940F920F
226.0,0x102,8A0FB60F8C0F8E0F
226.0,0x103,8C019301C7018901
226.0,0x104,0001000000000000
226.1,0x100,730C8CFEC51B0000
226.2,0x100,720C9AFEBE1B0000
226.3,0x100,710C95FEC91B0000
226.4,0x100,710C9FFEB81B0000
226.5,0x100,710CA4FEB71B0000
226.5,0x101,8C0F8A0F8B0F8D0F
226.5,0x102,850FAB0F840F830F
226.6,0x100,700CA1FEB01B0000
226.7,0x100,730C95FEB11B0000
226.8,0x100,750C7CFEB71B0000
226.9,0x100,720C91FEBE1B0000
227.0,0x100,700C9EFEC01B0000
227.0,0x101,8A0F8D0F8B0F8C0F
227.0,0x102,7F0FAC0F880F820F
227.0,0x103,84018B01BC018201
227.0,0x104,0001000000000000
227.1,0x100,730C88FEAF1B0000
227.2,0x100,700CA1FEB81B0000
227.3,0x100,700CA6FEBB1B0000
227.4,0x100,720C9AFEA41B0000
227.5,0x100,780C6AFEC21B0000
227.5,0x101,8E0F930F960F960F
227.5,0x102,880FB90F8F0F8E0F
227.6,0x100,750C85FEB71B0000
227.7,0x100,6F0CB4FEBA1B0000
227.8,0x100,720C90FEC91B0000
227.9,0x100,770C7AFEB11B0000
228.0,0x100,6F0CABFEB21B0000
228.0,0x101,880F880F8D0F8C0F
228.0,0x102,800FA80F840F840F
228.0,0x103,7D018401B0017B01
228.0,0x104,0001000000000000
228.1,0x100,720C98FEA41B0000
228.2,0x100,700CA9FEBA1B0000
228.3,0x100,710C9CFEC61B0000
228.4,0x100,730C9FFEA61B0000
228.5,0x100,720C9DFEB11B0000
228.5,0x101,8B0F8A0F900F8D0F
228.5,0x102,850FAD0F8B0F840F
228.6,0x100,710CA2FEBE1B0000
228.7,0x100,6D0CBAFEB71B0000
228.8,0x100,A90BCB04B71B0000
228.9,0x100,AC0BA904BC1B0000
229.0,0x100,A90BCD04CC1B0000
229.0,0x101,9A0EA00E940E990E
229.0,0x102,B80E270EA80EAB0E
229.0,0x103,7B018101AE017901
229.0,0x104,0003000000000000
229.1,0x100,A60BDC04BA1B0000
229.2,0x100,A60BE104BB1B0000
229.3,0x100,A90BCD04BD1B0000
229.4,0x100,A50BE904A41B0000
229.5,0x100,A30BE904BA1B0000
229.5,0x101,940E960E8E0E960E
229.5,0x102,B20E1D0EA20EA30E
229.6,0x100,A10B0505A71B0000
229.7,0x100,A70BD604B61B0000
229.8,0x100,A60BDD04C01B0000
229.9,0x100,A50BE304B01B0000
230.0,0x100,A50BE304BE1B0000
230.0,0x101,9B0E9A0E900E960E
230.0,0x102,B50E210E9F0EA30E
230.0,0x103,87018E01C0018401
230.0,0x104,0003000000000000
230.1,0x100,A50BDF04A11B0000
230.2,0x100,A80BC504B51B0000
230.3,0x100,A50BEA04B41B0000
230.4,0x100,A20BF704961B0000
230.5,0x100,A50BEB04B51B0000
230.5,0x101,9B0E9A0E8D0E930E
230.5,0x102,B50E1F0EA10EA60E
230.6,0x100,A00B1105911B0000
230.7,0x100,A20BF504B01B0000
230.8,0x100,A00B0805B21B0000
230.9,0x100,A30BF904A91B0000
231.0,0x100,A10B0105AE1B0000
231.0,0x101,930E960E890E8D0E
231.0,0x102,B00E1A0E9D0EA00E
231.0,0x103,93019A01CF019001
231.0,0x104,0003000000000000
231.1,0x100,A10BF804C21B0000
231.2,0x100,A00B0805A61B0000
231.3,0x100,A30BF3049F1B0000
231.4,0x100,A20BF804BE1B0000
231.5,0x100,A20BF504AB1B0000
231.5,0x101,940E980E8E0E8E0E
231.5,0x102,B30E1E0E9F0EA00E
231.6,0x100,A40BE904B41B0000
231.7,0x100,A30BF104971B0000
231.8,0x100,9F0B0A058E1B0000
231.9,0x100,A40BE2049D1B0000
232.0,0x100,A30BE904A41B0000
232.0,0x101,950E980E8E0E8F0E
232.0,0x102,B40E1D0EA00EA00E
232.0,0x103,9D01A501DF019A01
232.0,0x104,0003000000000000
232.1,0x100,A20BF3049F1B0000
232.2,0x100,A30BED049F1B0000
232.3,0x100,A60BD904911B0000
232.4,0x100,AA0BB104A51B0000
232.5,0x100,A60BD8049F1B0000
232.5,0x101,980E9A0E900E950E
232.5,0x102,B70E220EA10EA80E
232.6,0x100,AB0BAB048B1B0000
232.7,0x100,A40BDE049E1B0000
232.8,0x100,A70BC5049F1B0000
232.9,0x100,A90BCD04AA1B0000
233.0,0x100,AA0BAB04991B0000
233.0,0x101,9C0EA40E950E990E
233.0,0x102,B80E2C0EA40EA90E
233.0,0x103,A601AE01EA01A301
233.0,0x104,0003000000000000
233.1,0x100,AD0B9C04A81B0000
233.2,0x100,A90BB204A61B0000
233.3,0x100,AB0BA804951B0000
233.4,0x100,AD0B9B04A31B0000
233.5,0x100,AD0B9E04A71B0000
233.5,0x101,A40EA30E9A0E9E0E
233.5,0x102,BC0E340EA80EAB0E
233.6,0x100,A90BC004A61B0000
233.7,0x100,AC0B9D049E1B0000
233.8,0x100,AD0B9A04981B0000
233.9,0x100,AD0B90048B1B0000
234.0,0x100,AD0B9304A41B0000
234.0,0x101,9F0EA30E9D0E9E0E
234.0,0x102,BD0E330EAA0EAF0E
234.0,0x103,AC01B601F401A801
234.0,0x104,0003000000000000
234.1,0x100,B20B7404891B0000
234.2,0x100,B50B5104951B0000
234.3,0x100,B30B6704A11B0000
234.4,0x100,B10B6F048C1B0000
234.5,0x100,B60B4E04951B0000
234.5,0x101,A80EB10EA40EAC0E
234.5,0x102,C40E460EB20EB40E
234.6,0x100,B60B5304851B0000
234.7,0x100,B70B4504901B0000
234.8,0x100,B40B5F04891B0000
234.9,0x100,B50B4D048B1B0000
235.0,0x100,B70B4504981B0000
235.0,0x101,A80EAD0EA60EAD0E
235.0,0x102,C50E450EB50EBE0E
235.0,0x103,AF01BA01F901AD01
235.0,0x104,0003000000000000
235.1,0x100,B70B3F04981B0000
235.2,0x100,BA0B2E048B1B0000
235.3,0x100,BA0B2B04931B0000
235.4,0x100,BE0B10048B1B0000
235.5,0x100,C00BFB038C1B0000
235.5,0x101,B60EB80EB20EB80E
235.5,0x102,D30E510EC50EC30E
235.6,0x100,BB0B1804831B0000
235.7,0x100,BD0B1504891B0000
235.8,0x100,BC0B1C047A1B0000
235.9,0x100,BC0B1B04A21B0000
236.0,0x100,BC0B1604991B0000
236.0,0x101,B40EB20EAD0EB10E
236.0,0x102,CE0E4F0EBD0EBE0E
236.0,0x103,B101BA01FB01AE01
236.0,0x104,0003000000000000
236.1,0x100,C10BEA03A51B0000
236.2,0x100,C10BEE03971B0000
236.3,0x100,C00BF5038E1B0000
236.4,0x100,BD0B0F04751B0000
236.5,0x100,C10BFA03941B0000
236.5,0x101,BC0EB70EB30EB60E
236.5,0x102,D20E570EBF0EC40E
236.6,0x100,C10BEF03971B0000
236.7,0x100,C30BD4037E1B0000
236.8,0x100,C60BC8038E1B0000
236.9,0x100,C30BDD03891B0000
237.0,0x100,C80BBC03871B0000
237.0,0x101,C00EC50EBE0EBC0E
237.0,0x102,D70E660EC90ECA0E
237.0,0x103,B201BB01FB01AE01
237.0,0x104,0003000000000000
237.1,0x100,C60BC5038C1B0000
237.2,0x100,C70BC3038B1B0000
237.3,0x100,C40BD9037C1B0000
237.4,0x100,C80BB8038F1B0000
237.5,0x100,CC0B9503761B0000
237.5,0x101,C40ECA0EBE0EC20E
237.5,0x102,D90E700ECD0ED20E
237.6,0x100,C60BBE03891B0000
237.7,0x100,C90BA803871B0000
237.8,0x100,C90BB1037C1B0000
237.9,0x100,C80BAC038F1B0000
238.0,0x100,CA0BA6036F1B0000
238.0,0x101,C00EC50EBC0EC30E
238.0,0x102,D90E690ECE0ECE0E
238.0,0x103,B001BA01FA01AD01
238.0,0x104,0003000000000000
238.1,0x100,C70BB403841B0000
238.2,0x100,CC0B8E03831B0000
238.3,0x100,CB0B9B03911B0000
238.4,0x100,C90BAB03871B0000
238.5,0x100,CC0B96036A1B0000
238.5,0x101,C80EC50EC10EC40E
238.5,0x102,D60E6D0ECC0ED20E
238.6,0x100,CE0B85037B1B0000
238.7,0x100,C90BA5038F1B0000
238.8,0x100,C90BAB037D1B0000
238.9,0x100,CB0B9803731B0000
239.0,0x100,CF0B7A037D1B0000
239.0,0x101,C70ECC0EC10EC50E
239.0,0x102,E10E740ED00ED40E
239.0,0x103,AF01B701F701AB01
239.0,0x104,0003000000000000
239.1,0x100,CA0BA0038E1B0000
239.2,0x100,D00B7C03741B0000
239.3,0x100,CA0B9803711B0000
239.4,0x100,CE0B8503791B0000
239.5,0x100,CE0B8003741B0000
239.5,0x101,C60EC80EC50EC80E
239.5,0x102,DE0E730ECE0ED10E
239.6,0x100,CC0B8A03821B0000
239.7,0x100,CC0B8D03761B0000
239.8,0x100,CE0B86037D1B0000
239.9,0x100,CA0B9803891B0000
240.0,0x100,CE0B88036F1B0000
240.0,0x101,C90ECF0EBC0EC60E
240.0,0x102,DC0E700ECF0ED10E
240.0,0x103,AD01B501F401A901
240.0,0x104,0003000000000000
240.1,0x100,CB0B9D03821B0000
240.2,0x100,CB0B9203811B0000
240.3,0x100,CD0B83036B1B0000
240.4,0x100,CE0B8003841B0000
240.5,0x100,D00B74036A1B0000
240.5,0x101,C80EC90EC40ECA0E
240.5,0x102,E00E780ECF0ED50E
240.6,0x100,CC0B9103671B0000
240.7,0x100,CD0B87036D1B0000
240.8,0x100,D00B68036D1B0000
240.9,0x100,CD0B8403711B0000
241.0,0x100,CE0B7E03691B0000
241.0,0x101,C30ECA0EC30EC90E
241.0,0x102,DC0E780ED10ECD0E
241.0,0x103,AA01B301F001A701
241.0,0x104,0003000000000000
241.1,0x100,C80BA303791B0000
241.2,0x100,CF0B7203711B0000
241.3,0x100,CF0B7503741B0000
241.4,0x100,CA0B9B03791B0000
241.5,0x100,CA0B9F03801B0000
241.5,0x101,C40EC80EBC0EC60E
241.5,0x102,D70E690ECB0ECE0E
241.6,0x100,CE0B7F036C1B0000
241.7,0x100,CE0B81036A1B0000
241.8,0x100,CC0B9403781B0000
241.9,0x100,D10B67037C1B0000
242.0,0x100,CF0B6E03701B0000
242.0,0x101,CB0ECE0EC60EC70E
242.0,0x102,DE0E730ECE0ED40E
242.0,0x103,A701B101EE01A501
242.0,0x104,0003000000000000
242.1,0x100,CD0B86036F1B0000
242.2,0x100,C80BA1036C1B0000
242.3,0x100,CD0B8303671B0000
242.4,0x100,CC0B8B03691B0000
242.5,0x100,C90B9A036C1B0000
242.5,0x101,C40EC40EB90EBF0E
242.5,0x102,D90E6B0ECC0ECF0E
242.6,0x100,C80BA903731B0000
242.7,0x100,CD0B8103741B0000
242.8,0x100,CC0B8903621B0000
242.9,0x100,C90BA4036B1B0000
243.0,0x100,CF0B7203631B0000
243.0,0x101,CA0ECA0EC40ECA0E
243.0,0x102,DF0E710ECF0ED10E
243.0,0x103,A601AF01EC01A301
243.0,0x104,0003000000000000
243.1,0x100,C90B9803671B0000
243.2,0x100,CD0B7A036A1B0000
243.3,0x100,CD0B8A03721B0000
243.4,0x100,CC0B8503671B0000
243.5,0x100,CE0B7B036C1B0000
243.5,0x101,C60EC70EC20EC80E
243.5,0x102,DF0E750ECF0ED10E
243.6,0x100,CE0B7A035C1B0000
243.7,0x100,CC0B8D035B1B0000
243.8,0x100,CA0B9803641B0000
243.9,0x100,CC0B8803871B0000
244.0,0x100,CB0B8B035D1B0000
244.0,0x101,C50EC50EBC0EC40E
244.0,0x102,DC0E6D0ECD0ED00E
244.0,0x103,A501AD01E901A201
244.0,0x104,0003000000000000
244.1,0x100,CA0B9303661B0000
244.2,0x100,CD0B7C03681B0000
244.3,0x100,CA0B9703641B0000
244.4,0x100,C90B98035D1B0000
244.5,0x100,C60BB403681B0000
244.5,0x101,BB0EC10EB90EBB0E
244.5,0x102,D40E630EC50ECC0E
244.6,0x100,CC0B8803591B0000
244.7,0x100,CC0B8803661B0000
244.8,0x100,C90B9B035C1B0000
244.9,0x100,C80B9D036B1B0000
245.0,0x100,CB0B8A034E1B0000
245.0,0x101,C20EC70EC20EC40E
245.0,0x102,D60E6F0ECB0ECF0E
245.0,0x103,A301AC01E801A001
245.0,0x104,0003000000000000
245.1,0x100,CA0B8D035F1B0000
245.2,0x100,C90B9D03541B0000
245.3,0x100,CB0B8A03671B0000
245.4,0x100,CA0B9203671B0000
245.5,0x100,C80B9B03441B0000
245.5,0x101,C00EC50EBA0EBC0E
245.5,0x102,D80E680EC90ECE0E
245.6,0x100,C70BAB03511B0000
245.7,0x100,C90B9503661B0000
245.8,0x100,CC0B85035B1B0000
245.9,0x100,CB0B8603621B0000
246.0,0x100,CA0B92035B1B0000
246.0,0x101,C20EC30EBF0EC00E
246.0,0x102,D80E6D0ECD0ECF0E
246.0,0x103,A301AB01E6019F01
246.0,0x104,0003000000000000
246.1,0x100,CA0B94035D1B0000
246.2,0x100,C70BA903641B0000
246.3,0x100,C90B9C034E1B0000
246.4,0x100,C80BA703551B0000
246.5,0x100,C60BA9034F1B0000
246.5,0x101,BD0EC20EB80EBC0E
246.5,0x102,D70E630ECB0EC70E
246.6,0x100,C50BB2035B1B0000
246.7,0x100,C20BD0034B1B0000
246.8,0x100,C20BCA03611B0000
246.9,0x100,C30BC403521B0000
247.0,0x100,C30BC1035C1B0000
247.0,0x101,B90EBC0EB70EBC0E
247.0,0x102,D00E620EBF0EC60E
247.0,0x103,A201AA01E5019E01
247.0,0x104,0003000000000000
247.1,0x100,C30BC6034F1B0000
247.2,0x100,C10BD6035E1B0000
247.3,0x100,C00BDE03611B0000
247.4,0x100,C10BCD035C1B0000
247.5,0x100,BF0BE0034B1B0000
247.5,0x101,B60EB70EB40EB30E
247.5,0x102,C90E5B0EBD0EC30E
247.6,0x100,C20BC603621B0000
247.7,0x100,BD0BED035A1B0000
247.8,0x100,BC0BFA034C1B0000
247.9,0x100,BD0BF003551B0000
248.0,0x100,B80B1504611B0000
248.0,0x101,A90EB40EA70EAC0E
248.0,0x102,C40E470EB50EBB0E
248.0,0x103,A301AC01E7019F01
248.0,0x104,0003000000000000
248.1,0x100,BD0BF203481B0000
248.2,0x100,BA0B0904471B0000
248.3,0x100,B90B0B044E1B0000
248.4,0x100,B80B1004411B0000
248.5,0x100,B80B1504501B0000
248.5,0x101,AD0EB50EA90EAA0E
248.5,0x102,C60E4B0EB30EB70E
248.6,0x100,B70B1F04551B0000
248.7,0x100,B40B30044F1B0000
248.8,0x100,B10B3E04451B0000
248.9,0x100,B40B3004551B0000
249.0,0x100,B10B43044A1B0000
249.0,0x101,A70EA70EA10EA30E
249.0,0x102,C20E3F0EAE0EAE0E
249.0,0x103,A601AE01EA01A301
249.0,0x104,0003000000000000
249.1,0x100,B30B3204431B0000
249.2,0x100,B10B4E044D1B0000
249.3,0x100,B30B3E04561B0000
249.4,0x100,AE0B6004431B0000
249.5,0x100,AB0B7704591B0000
249.5,0x101,9D0E9F0E9B0E9A0E
249.5,0x102,BC0E2E0EA80EAC0E
249.6,0x100,AF0B5A04491B0000
249.7,0x100,B30B4204491B0000
249.8,0x100,AE0B6104481B0000
249.9,0x100,AA0B8104411B0000
250.0,0x100,AA0B7D04391B0000
250.0,0x101,9B0EA00E980E980E
250.0,0x102,B90E300EA60EA90E
250.0,0x103,AA01B201F101A701
250.0,0x104,0003000000000000
250.1,0x100,AA0B7F04591B0000
250.2,0x100,A70B9004391B0000
250.3,0x100,A70B8E04501B0000
250.4,0x100,A60B9F04541B0000
250.5,0x100,A60BA0043B1B0000
250.5,0x101,970E9A0E910E930E
250.5,0x102,B60E280E9F0EA60E
250.6,0x100,A40BAE04481B0000
250.7,0x100,A50BA204481B0000
250.8,0x100,A30BAF04471B0000
250.9,0x100,A60BA2043A1B0000
251.0,0x100,A60BA2043B1B0000
251.0,0x101,940E9C0E910E960E
251.0,0x102,B30E250EA00EA90E
251.0,0x103,B001B901F901AC01
251.0,0x104,0003000000000000
251.1,0x100,9F0BC904471B0000
251.2,0x100,A30BB7042E1B0000
251.3,0x100,A10BC404291B0000
251.4,0x100,A10BBE043E1B0000
251.5,0x100,A20BB7043B1B0000
251.5,0x101,950E970E8E0E930E
251.5,0x102,B00E1C0EA00E9F0E
251.6,0x100,A00BC3043D1B0000
251.7,0x100,9D0BDC04331B0000
251.8,0x100,9F0BD204421B0000
251.9,0x100,A20BB304421B0000
252.0,0x100,9F0BCC043A1B0000
252.0,0x101,8F0E940E890E8E0E
252.0,0x102,AE0E1A0E980EA10E
252.0,0x103,B701C0010402B401
252.0,0x104,0003000000000000
252.1,0x100,9C0BEC042B1B0000
252.2,0x100,9E0BD004421B0000
252.3,0x100,A10BBA04251B0000
252.4,0x100,9A0BF204291B0000
252.5,0x100,9C0BE1043D1B0000
252.5,0x101,8A0E900E860E8B0E
252.5,0x102,AB0E140E970E9B0E
252.6,0x100,9E0BD704291B0000
252.7,0x100,9E0BD3042D1B0000
252.8,0x100,9C0BE904351B0000
252.9,0x100,9E0BD1043C1B0000
253.0,0x100,9A0BEA04381B0000
253.0,0x101,8A0E900E820E870E
253.0,0x102,AC0E110E920E970E
253.0,0x103,BE01C8010D02BB01
253.0,0x104,0003000000000000
253.1,0x100,9D0BE0043F1B0000
253.2,0x100,9D0BDB042C1B0000
253.3,0x100,9D0BD804271B0000
253.4,0x100,9E0BD204231B0000
253.5,0x100,9B0BE204301B0000
253.5,0x101,8C0E8D0E850E890E
253.5,0x102,AA0E140E960E970E
253.6,0x100,A00BC404311B0000
253.7,0x100,A20BB604461B0000
253.8,0x100,9E0BD504331B0000
253.9,0x100,9E0BD3041B1B0000
254.0,0x100,9E0BCD04371B0000
254.0,0x101,910E900E890E8E0E
254.0,0x102,AB0E1B0E9A0E990E
254.0,0x103,C501CF011602C001
254.0,0x104,0003000000000000
254.1,0x100,9F0BC904221B0000
254.2,0x100,A10BBA041D1B0000
254.3,0x100,A00BC704341B0000
254.4,0x100,A10BB704311B0000
254.5,0x100,A20BAC04331B0000
254.5,0x101,900E950E870E920E
254.5,0x102,B20E210EA10EA30E
254.6,0x100,A30BAA04211B0000
254.7,0x100,9F0BC8043D1B0000
254.8,0x100,A60B8B042F1B0000
254.9,0x100,A30BA8041C1B0000
255.0,0x100,A70B82043B1B0000
255.0,0x101,9B0E9D0E950E950E
255.0,0x102,B20E2A0EA50EA50E
255.0,0x103,CA01D4011C02C601
255.0,0x104,0003000000000000
255.1,0x100,A50B94042A1B0000
255.2,0x100,A60B8904241B0000
255.3,0x100,A90B6B041D1B0000
255.4,0x100,A60B8A04021B0000
255.5,0x100,A80B7904291B0000
255.5,0x101,9A0E9D0E930E970E
255.5,0x102,B50E2D0EA40EA90E
255.6,0x100,AC0B59041B1B0000
255.7,0x100,A80B7F041E1B0000
255.8,0x100,A60B81041F1B0000
255.9,0x100,A70B7C04171B0000
256.0,0x100,A90B6404241B0000
256.0,0x101,9A0E9F0E930E9A0E
256.0,0x102,B80E330EA20EAB0E
256.0,0x103,CC01D6012002C701
256.0,0x104,0003000000000000
256.1,0x100,AB0B5904161B0000
256.2,0x100,AB0B66040E1B0000
256.3,0x100,AB0B65041E1B0000
256.4,0x100,AD0B5604171B0000
256.5,0x100,B10B3004081B0000
256.5,0x101,A40EA80E9E0EA40E
256.5,0x102,BE0E400EB10EB10E
256.6,0x100,B00B3A040F1B0000
256.7,0x100,B00B37041C1B0000
256.8,0x100,B50B0F041B1B0000
256.9,0x100,B20B2B04271B0000
257.0,0x100,AE0B3F04251B0000
257.0,0x101,A20EA60E9B0EA10E
257.0,0x102,BB0E360EAE0EAD0E
257.0,0x103,CD01D8012202C801
257.0,0x104,0003000000000000
257.1,0x100,B30B20041D1B0000
257.2,0x100,B10B2604111B0000
257.3,0x100,B50B0C04121B0000
257.4,0x100,B60B02041B1B0000
257.5,0x100,B60B0304201B0000
257.5,0x101,AB0EAD0EA20EA70E
257.5,0x102,C40E4B0EB30EB90E
257.6,0x100,B90BEB031B1B0000
257.7,0x100,BB0BE203101B0000
257.8,0x100,B70BFE03171B0000
257.9,0x100,B70BF903111B0000
258.0,0x100,BD0BD003FE1A0000
258.0,0x101,B40EB60EA90EB60E
258.0,0x102,CA0E520EBB0EBE0E
258.0,0x103,CC01D6012002C801
258.0,0x104,0003000000000000
258.1,0x100,B90BE803111B0000
258.2,0x100,BC0BD3030E1B0000
258.3,0x100,BC0BD4031A1B0000
258.4,0x100,BC0BD003061B0000
258.5,0x100,BC0BD303071B0000
258.5,0x101,B10EB20EAE0EB20E
258.5,0x102,C90E550EBA0EBE0E
258.6,0x100,BF0BC1031B1B0000
258.7,0x100,BC0BD003071B0000
258.8,0x100,BF0BBB03081B0000
258.9,0x100,BE0BBB03141B0000
259.0,0x100,C30BA103151B0000
259.0,0x101,BD0EBA0EB40EBA0E
259.0,0x102,D30E610EC00EC20E
259.0,0x103,CA01D4011C02C501
259.0,0x104,0003000000000000
259.1,0x100,BD0BC9031C1B0000
259.2,0x100,C00BAC030A1B0000
259.3,0x100,C10BAC030A1B0000
259.4,0x100,C60B85030B1B0000
259.5,0x100,C40B8E03061B0000
259.5,0x101,BA0EBE0EB80EBA0E
259.5,0x102,D30E610EC10EC50E
259.6,0x100,C10BA903101B0000
259.7,0x100,C40B9803081B0000
259.8,0x100,C80B7403FE1A0000
259.9,0x100,C10B9D03F81A0000
260.0,0x100,C40B8203081B0000
260.0,0x101,B70EBF0EB90EB70E
260.0,0x102,D40E670EC20EC60E
260.0,0x103,C501CF011602C201
260.0,0x104,0003000000000000
260.1,0x100,C20B9D030F1B0000
260.2,0x100,C60B8403021B0000
260.3,0x100,C50B8603FB1A0000
260.4,0x100,C40B9303171B0000
260.5,0x100,C70B7203031B0000
260.5,0x101,BB0EC40EBA0EBC0E
260.5,0x102,D70E660EC60EC90E
260.6,0x100,C90B6E03101B0000
260.7,0x100,C70B7803111B0000
260.8,0x100,C60B8603151B0000
260.9,0x100,CA0B6403051B0000
261.0,0x100,CA0B5E03F61A0000
261.0,0x101,C60EC50EBF0EC20E
261.0,0x102,D70E6F0EC90ECD0E
261.0,0x103,C101CC011102BE01
261.0,0x104,0003000000000000
261.1,0x100,C50B8203F11A0000
261.2,0x100,C80B6B03011B0000
261.3,0x100,C80B6D03141B0000
261.4,0x100,CC0B5603041B0000
261.5,0x100,C70B6703101B0000
261.5,0x101,C00EC00EB90EBD0E
261.5,0x102,D40E6C0EC80ECB0E
261.6,0x100,C80B7003F81A0000
261.7,0x100,C50B7E03101B0000
261.8,0x100,C90B6303081B0000
261.9,0x100,C40B8703021B0000
262.0,0x100,CA0B6403091B0000
262.0,0x101,C30EC50EBD0EC20E
262.0,0x102,DA0E6D0ECE0EC70E
262.0,0x103,BC01C7010B02B901
262.0,0x104,0003000000000000
262.1,0x100,C90B6303FA1A0000
262.2,0x100,C50B8403041B0000
262.3,0x100,C80B7003F61A0000
262.4,0x100,C90B6403F81A0000
262.5,0x100,C90B6903F51A0000
262.5,0x101,C10EC40EBF0EC00E
262.5,0x102,D30E700EC90EC60E
262.6,0x100,C40B8003F41A0000
262.7,0x100,C40B8103EB1A0000
262.8,0x100,CA0B5F03131B0000
262.9,0x100,C80B6A03F01A0000
263.0,0x100,C80B6C03061B0000
263.0,0x101,BE0EC50EBE0EBE0E
263.0,0x102,D20E6F0EC80ECA0E
263.0,0x103,BA01C2010502B501
263.0,0x104,0003000000000000
263.1,0x100,C90B5B03EA1A0000
263.2,0x100,C80B6903F51A0000
263.3,0x100,C70B6A03F61A0000
263.4,0x100,C60B7B03081B0000
263.5,0x100,C70B7C03FC1A0000
263.5,0x101,BD0EC40EB90EBC0E
263.5,0x102,D40E6A0EC60EC70E
263.6,0x100,C70B6403EE1A0000
263.7,0x100,C80B6603F61A0000
263.8,0x100,C70B7303041B0000
263.9,0x100,C90B6003021B0000
264.0,0x100,C60B7103F01A0000
264.0,0x101,BC0EC10EBA0EBC0E
264.0,0x102,D40E670EC60ECB0E
264.0,0x103,B501BF01FF01B201
264.0,0x104,0003000000000000
264.1,0x100,C70B6703E81A0000
264.2,0x100,C90B5A03EF1A0000
264.3,0x100,CA0B5A03FC1A0000
264.4,0x100,C40B7E03E31A0000
264.5,0x100,C70B6503F31A0000
264.5,0x101,BD0EC50EBB0EC10E
264.5,0x102,D10E6C0EC60ECA0E
264.6,0x100,C40B8003E81A0000
264.7,0x100,C90B6003EF1A0000
264.8,0x100,C70B6C03F81A0000
264.9,0x100,C20B8B03F21A0000
265.0,0x100,C90B5703F91A0000
265.0,0x101,C20EC20EBC0EBE0E
265.0,0x102,D80E710EC80ECD0E
265.0,0x103,B101BB01FC01AE01
265.0,0x104,0003000000000000
265.1,0x100,CB0B4A03FE1A0000
265.2,0x100,C50B7A03161B0000
265.3,0x100,C90B5A03FA1A0000
265.4,0x100,C80B6703F61A0000
265.5,0x100,C80B5E03E91A0000
265.5,0x101,C30EC40EBA0EC00E
265.5,0x102,D50E6C0EC90EC80E
265.6,0x100,C60B6B03F81A0000
265.7,0x100,C90B5903FF1A0000
265.8,0x100,C80B6503E81A0000
265.9,0x100,C70B6E03E81A0000
266.0,0x100,C90B5903E71A0000
266.0,0x101,C10EC40EBB0EBF0E
266.0,0x102,D30E6F0ECA0ECA0E
266.0,0x103,AE01B801F601AB01
266.0,0x104,0003000000000000
266.1,0x100,C90B5E03E01A0000
266.2,0x100,C70B6303EC1A0000
266.3,0x100,C90B5403DF1A0000
266.4,0x100,C70B6303EB1A0000
266.5,0x100,C60B6C03EE1A0000
266.5,0x101,BE0EC40EB60EB90E
266.5,0x102,D10E6B0EC60EC50E
266.6,0x100,C70B6503EE1A0000
266.7,0x100,C70B6803E51A0000
266.8,0x100,C50B6D03DA1A0000
266.9,0x100,C70B6403F61A0000
267.0,0x100,C40B7903D71A0000
267.0,0x101,BC0EBD0EB50EBA0E
267.0,0x102,D10E680EC30EC70E
267.0,0x103,AB01B301F201A701
267.0,0x104,0003000000000000
267.1,0x100,C40B8603EA1A0000
267.2,0x100,C70B6B03F71A0000
267.3,0x100,C40B7B03E81A0000
267.4,0x100,C60B7203F41A0000
267.5,0x100,C40B7C03EC1A0000
267.5,0x101,B80EBF0EB60EBB0E
267.5,0x102,D00E630EC20EC60E
267.6,0x100,C10B9003D81A0000
267.7,0x100,C20B8303F31A0000
267.8,0x100,C70B6303DF1A0000
267.9,0x100,C10B8703E01A0000
268.0,0x100,C00B9503EB1A0000
268.0,0x101,B70EBD0EAF0EB30E
268.0,0x102,CC0E5F0EC00EC30E
268.0,0x103,A901B201EF01A501
268.0,0x104,0003000000000000
268.1,0x100,C30B8203DA1A0000
268.2,0x100,BF0B9703ED1A0000
268.3,0x100,C30B8103E71A0000
268.4,0x100,C50B7803F31A0000
268.5,0x100,C10B9403ED1A0000
268.5,0x101,B50EB90EAE0EB70E
268.5,0x102,CE0E660EC10EC20E
268.6,0x100,C40B7B03DF1A0000
268.7,0x100,C00B9503DD1A0000
268.8,0x100,BD0BB003D91A0000
268.9,0x100,C20B8403DD1A0000
269.0,0x100,C00B9103D61A0000
269.0,0x101,B60EBB0EAE0EB50E
269.0,0x102,CC0E600EBD0EC60E
269.0,0x103,A601B101ED01A401
269.0,0x104,0003000000000000
269.1,0x100,C10B9903DC1A0000
269.2,0x100,BD0BAC03D21A0000
269.3,0x100,BD0BAD03D41A0000
269.4,0x100,B90BCC03EB1A0000
269.5,0x100,B90BCA03CF1A0000
269.5,0x101,AC0EB10EAB0EAF0E
269.5,0x102,C50E510EB60EB80E
269.6,0x100,BA0BC803CE1A0000
269.7,0x100,BA0BC803D51A0000
269.8,0x100,B70BD103E91A0000
269.9,0x100,BA0BC403D11A0000
270.0,0x100,B50BE303D71A0000
270.0,0x101,AC0EAC0EA10EA80E
270.0,0x102,C10E4B0EAE0EB50E
270.0,0x103,A801B001EC01A301
270.0,0x104,0003000000000000
270.1,0x100,B80BCB03DC1A0000
270.2,0x100,B40BEE03DE1A0000
270.3,0x100,B40BF903D81A0000
270.4,0x100,B40BF003DC1A0000
270.5,0x100,B40BF103E11A0000
270.5,0x101,AB0EAD0EA10EA00E
270.5,0x102,C20E490EB20EB40E
270.6,0x100,B20BFF03CA1A0000
270.7,0x100,B70BD503D01A0000
270.8,0x100,B10B0A04CD1A0000
270.9,0x100,B00B0A04D21A0000
271.0,0x100,AF0B1104E11A0000
271.0,0x101,A10EA70E9C0EA10E
271.0,0x102,BD0E3F0EAC0EAD0E
271.0,0x103,A801B101EE01A501
271.0,0x104,0003000000000000
271.1,0x100,AE0B2304DE1A0000
271.2,0x100,AE0B1E04D31A0000
271.3,0x100,AF0B1404DB1A0000
271.4,0x100,AD0B2904E81A0000
271.5,0x100,AC0B3304C61A0000
271.5,0x101,9E0E9F0E980E9D0E
271.5,0x102,B80E370EAA0EAC0E
271.6,0x100,AB0B3A04CB1A0000
271.7,0x100,A90B4104CE1A0000
271.8,0x100,A70B5404D41A0000
271.9,0x100,AA0B3A04D51A0000
272.0,0x100,A70B5304C41A0000
272.0,0x101,970E9C0E920E970E
272.0,0x102,B30E2E0EA10EA40E
272.0,0x103,AB01B401F301A701
272.0,0x104,0003000000000000
272.1,0x100,A30B6A04D01A0000
272.2,0x100,A80B4204D61A0000
272.3,0x100,A50B6504C11A0000
272.4,0x100,A50B5F04CE1A0000
272.5,0x100,A50B6704C61A0000
272.5,0x101,940E9E0E900E940E
272.5,0x102,B20E280EA40EA30E
272.6,0x100,A40B6504BD1A0000
272.7,0x100,A20B7504D51A0000
272.8,0x100,9D0B9804CF1A0000
272.9,0x100,A30B6E04C11A0000
273.0,0x100,A30B7404D21A0000
273.0,0x101,960E970E8D0E930E
273.0,0x102,AD0E260E9F0EA10E
273.0,0x103,AF01B801F801AC01
273.0,0x104,0003000000000000
273.1,0x100,A30B7704DE1A0000
273.2,0x100,9B0BA904C91A0000
273.3,0x100,9F0B8C04B91A0000
273.4,0x100,9E0B9604C31A0000
273.5,0x100,9D0B9404B21A0000
273.5,0x101,8C0E920E850E870E
273.5,0x102,AB0E1F0E970E9C0E
273.6,0x100,9E0B9004C41A0000
273.7,0x100,9D0B9D04C11A0000
273.8,0x100,970BC904CC1A0000
273.9,0x100,990BBB04BD1A0000
274.0,0x100,9C0B9C04CC1A0000
274.0,0x101,8B0E900E840E8B0E
274.0,0x102,A80E1A0E960E990E
274.0,0x103,B401BF010102B201
274.0,0x104,0003000000000000
274.1,0x100,990BB504BA1A0000
274.2,0x100,9C0BA004C01A0000
274.3,0x100,9E0B9404B31A0000
274.4,0x100,990BBF04B51A0000
274.5,0x100,970BC204C71A0000
274.5,0x101,840E8C0E7F0E830E
274.5,0x102,9F0E110E900E900E
274.6,0x100,990BC104C91A0000
274.7,0x100,990BAB04B81A0000
274.8,0x100,990BB004C31A0000
274.9,0x100,990BBE04C51A0000
275.0,0x100,980BB804B21A0000
275.0,0x101,860E8C0E820E860E
275.0,0x102,A40E130E900E940E
275.0,0x103,BC01C5010802B701
275.0,0x104,0003000000000000
275.1,0x100,9A0BAB04C01A0000
275.2,0x100,9C0B9804BB1A0000
275.3,0x100,980BB104BE1A0000
275.4,0x100,970BBE04B81A0000
275.5,0x100,9D0B9A04A41A0000
275.5,0x101,910E8D0E870E880E
275.5,0x102,A60E1B0E950E9B0E
275.6,0x100,980BB304BA1A0000
275.7,0x100,990BAC04B61A0000
275.8,0x100,990BB004B41A0000
275.9,0x100,9A0BAF04A61A0000
276.0,0x100,9C0B9404C01A0000
276.0,0x101,8B0E8E0E860E880E
276.0,0x102,A80E1A0E950E970E
276.0,0x103,C001CB011002BC01
276.0,0x104,0003000000000000
276.1,0x100,9F0B8304B61A0000
276.2,0x100,9E0B9004A01A0000
276.3,0x100,9B0BA104C21A0000
276.4,0x100,9D0B8804B81A0000
276.5,0x100,9F0B8104BC1A0000
276.5,0x101,8E0E940E880E8C0E
276.5,0x102,AB0E1F0E9D0E9B0E
276.6,0x100,A20B6C04AF1A0000
276.7,0x100,9B0B9D04B11A0000
276.8,0x100,9E0B8A04BB1A0000
276.9,0x100,9E0B8404B51A0000
277.0,0x100,9E0B8204AE1A0000
277.0,0x101,8E0E910E890E8C0E
277.0,0x102,A90E200E960E9D0E
277.0,0x103,C401CE011502C101
277.0,0x104,0003000000000000
277.1,0x100,A00B7604A91A0000
277.2,0x100,A30B6404951A0000
277.3,0x100,A50B6004B71A0000
277.4,0x100,A30B5604B71A0000
277.5,0x100,9F0B7E04B41A0000
277.5,0x101,920E900E890E8C0E
277.5,0x102,AB0E220E9A0E9D0E
277.6,0x100,A30B5904B71A0000
277.7,0x100,A60B4304A21A0000
277.8,0x100,A50B4B04A71A0000
277.9,0x100,A80B2E04A51A0000
278.0,0x100,A50B4D04961A0000
278.0,0x101,960E990E8F0E950E
278.0,0x102,B10E2E0EA10EA30E
278.0,0x103,C701D1011802C101
278.0,0x104,0003000000000000
278.1,0x100,A90B2604A31A0000
278.2,0x100,A80B3104AA1A0000
278.3,0x100,A70B3304B21A0000
278.4,0x100,AB0B2204AD1A0000
278.5,0x100,AC0B1704A01A0000
278.5,0x101,9F0EA10E960E9D0E
278.5,0x102,B90E380EA80EA80E
278.6,0x100,AC0B0F04B01A0000
278.7,0x100,AE0B0704A91A0000
278.8,0x100,AF0BF903951A0000
278.9,0x100,AF0BF403A71A0000
279.0,0x100,AD0B0A04AC1A0000
279.0,0x101,A00EA40E990E9F0E
279.0,0x102,B40E3B0EAA0EA90E
279.0,0x103,C601D1011802C201
279.0,0x104,0003000000000000
279.1,0x100,B00BEC03A91A0000
279.2,0x100,B30BDB03981A0000
279.3,0x100,B30BD903991A0000
279.4,0x100,B00BEB03B71A0000
279.5,0x100,B30BDE03991A0000
279.5,0x101,A50EA80E9F0EA30E
279.5,0x102,BF0E480EB00EB30E
279.6,0x100,B40BD603A21A0000
279.7,0x100,B70BC403871A0000
279.8,0x100,B50BCA03AD1A0000
279.9,0x100,B80BB203A81A0000
280.0,0x100,B70BB203B01A0000
280.0,0x101,A90EAE0EA60EAA0E
280.0,0x102,C50E510EB40EB60E
280.0,0x103,C401CF011502C101
280.0,0x104,0003000000000000
280.1,0x100,B70BBF03941A0000
280.2,0x100,B70BB803AA1A0000
280.3,0x100,BB0B9703931A0000
280.4,0x100,BC0B9303AD1A0000
280.5,0x100,BA0B9D03851A0000
280.5,0x101,AF0EB40EA70EAF0E
280.5,0x102,C80E580EB30EB90E
280.6,0x100,B80BB003A71A0000
280.7,0x100,C00B75039C1A0000
280.8,0x100,BB0B9103A21A0000
280.9,0x100,BF0B7303A01A0000
281.0,0x100,BE0B7A039F1A0000
281.0,0x101,B20EB70EAC0EB50E
281.0,0x102,CC0E5D0EBA0EBD0E
281.0,0x103,C101CC011102BD01
281.0,0x104,0003000000000000
281.1,0x100,BE0B7A03B21A0000
281.2,0x100,C00B7503AC1A0000
281.3,0x100,BF0B70039F1A0000
281.4,0x100,BF0B74039B1A0000
281.5,0x100,C00B6803A71A0000
281.5,0x101,B90EB90EB10EB10E
281.5,0x102,CB0E640EBB0EC30E
281.6,0x100,C20B5703A71A0000
281.7,0x100,BF0B7503981A0000
281.8,0x100,C00B7203971A0000
281.9,0x100,C00B70038D1A0000
282.0,0x100,C40B4A03991A0000
282.0,0x101,BD0EBD0EB90EB70E
282.0,0x102,D00E690EC10EC50E
282.0,0x103,BD01C7010A02B901
282.0,0x104,0003000000000000
282.1,0x100,C10B6303981A0000
282.2,0x100,C10B66039F1A0000
282.3,0x100,C30B4A03A71A0000
282.4,0x100,C30B5703A01A0000
282.5,0x100,C40B54039E1A0000
282.5,0x101,BD0EBC0EB40EB80E
282.5,0x102,D10E670EBE0EC80E
282.6,0x100,BE0B6F03911A0000
282.7,0x100,C00B6E038F1A0000
282.8,0x100,C60B37039A1A0000
282.9,0x100,BF0B7403981A0000
283.0,0x100,C50B3F03981A0000
283.0,0x101,BC0EBF0EB70EBA0E
283.0,0x102,D10E6D0EC10EC70E
283.0,0x103,B801C2010402B301
283.0,0x104,0003000000000000
283.1,0x100,C20B5A03871A0000
283.2,0x100,C10B5903871A0000
283.3,0x100,C50B3A038B1A0000
283.4,0x100,C30B5003971A0000
283.5,0x100,C40B46038F1A0000
283.5,0x101,BD0EBD0EB50EBA0E
283.5,0x102,CE0E680EC60EC40E
283.6,0x100,C30B4F039E1A0000
283.7,0x100,C30B4903841A0000
283.8,0x100,C20B5703841A0000
283.9,0x100,C40B45038B1A0000
284.0,0x100,C40B4103871A0000
284.0,0x101,BA0EBE0EB40EBB0E
284.0,0x102,D00E690EC60EC20E
284.0,0x103,B301BD01FD01AF01
284.0,0x104,0003000000000000
284.1,0x100,C20B5303841A0000
284.2,0x100,C30B4B038C1A0000
284.3,0x100,C30B4D038C1A0000
284.4,0x100,C50B38037E1A0000
284.5,0x100,C60B3203841A0000
284.5,0x101,BF0EBF0EB90EC00E
284.5,0x102,D20E6E0EC30EC70E
284.6,0x100,C50B3803911A0000
284.7,0x100,C50B3703871A0000
284.8,0x100,C40B4C03811A0000
284.9,0x100,C20B4F03851A0000
285.0,0x100,C40B3D037C1A0000
285.0,0x101,BD0EBC0EB30EB90E
285.0,0x102,CE0E690EC60EC10E
285.0,0x103,B001B801F801AC01
285.0,0x104,0003000000000000
285.1,0x100,C30B5503991A0000
285.2,0x100,C20B5403901A0000
285.3,0x100,C40B43039F1A0000
285.4,0x100,C60B3203871A0000
285.5,0x100,C20B5603821A0000
285.5,0x101,B80EBB0EB20EB80E
285.5,0x102,CC0E690EBE0EC30E
285.6,0x100,C50B3D037D1A0000
285.7,0x100,C50B4003891A0000
285.8,0x100,C50B3903801A0000
285.9,0x100,C50B30037A1A0000
286.0,0x100,C80B2703911A0000
286.0,0x101,C20EC20EBC0EBF0E
286.0,0x102,D30E6F0EC70EC90E
286.0,0x103,AB01B401F201A801
286.0,0x104,0003000000000000
286.1,0x100,C40B4703831A0000
286.2,0x100,C60B3103851A0000
286.3,0x100,BD0B6B03841A0000
286.4,0x100,C70B2C03861A0000
286.5,0x100,C70B2A03701A0000
286.5,0x101,BC0EC10EBA0EB90E
286.5,0x102,D50E6E0EC50ECB0E
286.6,0x100,C30B4403751A0000
286.7,0x100,C20B5303931A0000
286.8,0x100,C40B3D037F1A0000
286.9,0x100,C40B4403841A0000
287.0,0x100,C80B2003871A0000
287.0,0x101,BD0EC50EBB0EC00E
287.0,0x102,D50E740EC50EC70E
287.0,0x103,A801B101ED01A401
287.0,0x104,0003000000000000
287.1,0x100,C50B31037B1A0000
287.2,0x100,C70B2B03741A0000
287.3,0x100,C80B1F03701A0000
287.4,0x100,C50B3D03731A0000
287.5,0x100,C80B1A03761A0000
287.5,0x101,BF0EC20EBA0EBC0E
287.5,0x102,D40E740EC70ECA0E
287.6,0x100,C60B2703751A0000
287.7,0x100,C60B33036F1A0000
287.8,0x100,C50B2F03851A0000
287.9,0x100,C30B42038A1A0000
288.0,0x100,C40B4103711A0000
288.0,0x101,BF0EBD0EB60EB80E
288.0,0x102,CE0E6A0EC20EC30E
288.0,0x103,A301AC01E701A001
288.0,0x104,0003000000000000
288.1,0x100,C20B4A03691A0000
288.2,0x100,C20B48037A1A0000
288.3,0x100,C20B4E03891A0000
288.4,0x100,C40B3E036C1A0000
288.5,0x100,C30B43036C1A0000
288.5,0x101,B80EBB0EB60EBB0E
288.5,0x102,D00E6B0EC00EC30E
288.6,0x100,C40B4703601A0000
288.7,0x100,C40B42037A1A0000
288.8,0x100,C40B3B036D1A0000
288.9,0x100,C30B3D03801A0000
289.0,0x100,C50B37037E1A0000
289.0,0x101,BC0EC00EB90EB90E
289.0,0x102,D20E680EC40EC20E
289.0,0x103,A201A901E3019C01
289.0,0x104,0003000000000000
289.1,0x100,C20B4B03851A0000
289.2,0x100,C30B4403801A0000
289.3,0x100,C40B3D03651A0000
289.4,0x100,C40B3F03721A0000
289.5,0x100,C40B3903801A0000
289.5,0x101,BB0EBC0EB30EBB0E
289.5,0x102,D00E6C0EC20EC10E
289.6,0x100,580CA7FE671A0000
289.7,0x100,5A0C99FE711A0000
289.8,0x100,5B0C8BFE751A0000
289.9,0x100,590CA4FE751A0000
290.0,0x100,5B0C90FE781A0000
290.0,0x101,700F700F720F740F
290.0,0x102,650F910F6A0F6A0F
290.0,0x103,9A01A201DA019701
290.0,0x104,0001000000000000
290.1,0x100,5E0C83FE6F1A0000
290.2,0x100,580CA7FE6C1A0000
290.3,0x100,5B0C90FE7A1A0000
290.4,0x100,5B0C92FE741A0000
290.5,0x100,5A0C99FE8C1A0000
290.5,0x101,6D0F6E0F6D0F6F0F
290.5,0x102,680F900F6C0F6C0F
290.6,0x100,580CA9FE6B1A0000
290.7,0x100,5B0C98FE761A0000
290.8,0x100,5D0C86FE6A1A0000
290.9,0x100,590CA0FE7B1A0000
291.0,0x100,5B0C91FE751A0000
291.0,0x101,700F730F700F720F
291.0,0x102,670F910F6D0F670F
291.0,0x103,90019901CC018D01
291.0,0x104,0001000000000000
291.1,0x100,570CB4FE7D1A0000
291.2,0x100,5A0C98FE711A0000
291.3,0x100,5F0C76FE661A0000
291.4,0x100,5B0C9DFE851A0000
291.5,0x100,560CB5FE821A0000
291.5,0x101,690F6A0F670F6B0F
291.5,0x102,610F870F670F660F
291.6,0x100,580CB0FE821A0000
291.7,0x100,580CB3FE821A0000
291.8,0x100,5B0C89FE7A1A0000
291.9,0x100,590CA6FE801A0000
292.0,0x100,5C0C8DFE711A0000
292.0,0x101,710F750F700F760F
292.0,0x102,6B0F920F6A0F690F
292.0,0x103,88019001C1018401
292.0,0x104,0001000000000000
292.1,0x100,5A0C9BFE761A0000
292.2,0x100,5E0C85FE851A0000
292.3,0x100,5D0C8EFE8F1A0000
292.4,0x100,5B0C8EFE7E1A0000
292.5,0x100,5A0CA5FE5A1A0000
292.5,0x101,6F0F6E0F6C0F710F
292.5,0x102,660F8C0F690F690F
292.6,0x100,590CA4FE7F1A0000
292.7,0x100,5B0C9CFE891A0000
292.8,0x100,5D0C84FE781A0000
292.9,0x100,5B0C93FE721A0000
293.0,0x100,5C0C8DFE861A0000
293.0,0x101,710F6E0F700F750F
293.0,0x102,690F930F6F0F690F
293.0,0x103,80018601B6017D01
293.0,0x104,0001000000000000
293.1,0x100,5A0CA5FE791A0000
293.2,0x100,590CAAFE791A0000
293.3,0x100,590CA8FE6C1A0000
293.4,0x100,5D0C8DFE6C1A0000
293.5,0x100,600C6FFE851A0000
293.5,0x101,750F770F770F790F
293.5,0x102,6F0F9A0F6E0F6F0F
293.6,0x100,5E0C7DFE711A0000
293.7,0x100,590CADFE8F1A0000
293.8,0x100,5D0C92FE921A0000
293.9,0x100,5D0C8DFE731A0000
294.0,0x100,580CB1FE771A0000
294.0,0x101,710F6A0F6D0F6C0F
294.0,0x102,620F870F6A0F650F
294.0,0x103,79017F01AB017601
294.0,0x104,0001000000000000
294.1,0x100,590CABFE851A0000
294.2,0x100,5A0C98FE8E1A0000
294.3,0x100,5B0C94FE801A0000
294.4,0x100,5B0C96FE791A0000
294.5,0x100,5B0C9BFE7B1A0000
294.5,0x101,720F6F0F700F730F
294.5,0x102,680F8E0F6B0F6A0F
294.6,0x100,570CB0FE811A0000
294.7,0x100,5B0C9EFE7A1A0000
294.8,0x100,590CA3FE8C1A0000
294.9,0x100,590CAAFE791A0000
295.0,0x100,5D0C86FE851A0000
295.0,0x101,6D0F740F740F750F
295.0,0x102,690F950F700F6B0F
295.0,0x103,72017701A1016F01
295.0,0x104,0001000000000000
295.1,0x100,590CA3FE881A0000
295.2,0x100,5B0C94FE811A0000
295.3,0x100,600C72FE7F1A0000
295.4,0x100,600C78FE811A0000
295.5,0x100,5D0C89FE791A0000
295.5,0x101,720F730F740F760F
295.5,0x102,6C0F940F6E0F690F
295.6,0x100,5A0CA0FE891A0000
295.7,0x100,5C0C9AFE811A0000
295.8,0x100,5C0C9BFE801A0000
295.9,0x100,580CB5FE771A0000
296.0,0x100,5D0C85FE961A0000
296.0,0x101,700F730F740F740F
296.0,0x102,660F960F6F0F6E0F
296.0,0x103,6B01700199016901
296.0,0x104,0001000000000000
296.1,0x100,5C0C98FE8B1A0000
296.2,0x100,5B0C9DFE741A0000
296.3,0x100,5D0C8DFE891A0000
296.4,0x100,5C0C98FE7D1A0000
296.5,0x100,5F0C80FE7B1A0000
296.5,0x101,760F760F750F780F
296.5,0x102,6C0F950F6D0F6E0F
296.6,0x100,580CADFE7D1A0000
296.7,0x100,5D0C8EFE891A0000
296.8,0x100,580CB6FE831A0000
296.9,0x100,5C0C98FE841A0000
297.0,0x100,580CA7FE881A0000
297.0,0x101,6D0F6B0F6A0F6E0F
297.0,0x102,630F8E0F690F680F
297.0,0x103,66016A0190016401
297.0,0x104,0001000000000000
297.1,0x100,5B0C97FE8E1A0000
297.2,0x100,5B0C98FE9C1A0000
297.3,0x100,5D0C8FFE831A0000
297.4,0x100,5B0C9AFE811A0000
297.5,0x100,5B0C9DFE871A0000
297.5,0x101,700F6D0F730F720F
297.5,0x102,650F930F6E0F680F
297.6,0x100,5D0C8CFE8D1A0000
297.7,0x100,5B0C96FE911A0000
297.8,0x100,5D0C8FFE7D1A0000
297.9,0x100,990B95049E1A0000
298.0,0x100,9D0B6E047A1A0000
298.0,0x101,8A0E8F0E840E8A0E
298.0,0x102,A70E230E970E9D0E
298.0,0x103,630169018D016201
298.0,0x104,0003000000000000
298.1,0x100,9C0B83048E1A0000
298.2,0x100,9F0B65048C1A0000
298.3,0x100,9E0B6804751A0000
298.4,0x100,A20B4C04861A0000
298.5,0x100,A00B5504711A0000
298.5,0x101,920E960E890E890E
298.5,0x102,AC0E260E980E9B0E
298.6,0x100,A00B5A04791A0000
298.7,0x100,9E0B6A04801A0000
298.8,0x100,A10B5104821A0000
298.9,0x100,9F0B5D048C1A0000
299.0,0x100,A30B4C04781A0000
299.0,0x101,940E960E8B0E910E
299.0,0x102,AE0E2D0E9D0EA00E
299.0,0x103,6D0172019A016C01
299.0,0x104,0003000000000000
299.1,0x100,A00B5604821A0000
299.2,0x100,A40B3704871A0000
299.3,0x100,A10B56047D1A0000
299.4,0x100,A70B25047D1A0000
299.5,0x100,A90B1A046E1A0000
299.5,0x101,9C0E9B0E940E9B0E
299.5,0x102,B00E340EA50EA70E
299.6,0x100,AB0B0D046C1A0000
299.7,0x100,A40B3C04731A0000
299.8,0x100,A70B1F04891A0000
299.9,0x100,AA0B0704881A0000
300.0,0x100,A80B1904861A0000
300.0,0x101,9A0E9C0E910E9A0E
300.0,0x102,B50E300EA30EA60E
300.0,0x103,73017901A4017101
300.0,0x104,0003000000000000
300.1,0x100,AA0B0A047D1A0000
300.2,0x100,A90B16047E1A0000
300.3,0x100,B10BDB03741A0000
300.4,0x100,AE0BE703741A0000
300.5,0x100,AF0BDE03631A0000
300.5,0x101,A20EA20E9E0EA00E
300.5,0x102,BC0E3F0EAC0EB00E
300.6,0x100,B40BC003791A0000
300.7,0x100,AF0BE7037B1A0000
300.8,0x100,B20BCC036F1A0000
300.9,0x100,B00BD5037E1A0000
301.0,0x100,AE0BE603811A0000
301.0,0x101,A00EA50E990EA00E
301.0,0x102,B50E440EA80EAE0E
301.0,0x103,78017E01AB017601
301.0,0x104,0003000000000000
301.1,0x100,B40BB703691A0000
301.2,0x100,B50BB0038A1A0000
301.3,0x100,B50BB103781A0000
301.4,0x100,B40BB803821A0000
301.5,0x100,B70B9A036B1A0000
301.5,0x101,AC0EAE0EA20EAC0E
301.5,0x102,C00E550EB70EB40E
301.6,0x100,B80B9303801A0000
301.7,0x100,B70BA603771A0000
301.8,0x100,B80B96036D1A0000
301.9,0x100,BD0B6C03651A0000
302.0,0x100,BC0B7203701A0000
302.0,0x101,B20EB80EAD0EAF0E
302.0,0x102,C70E580EB90EBF0E
302.0,0x103,7B018101AE017801
302.0,0x104,0003000000000000
302.1,0x100,B80B9503771A0000
302.2,0x100,BB0B7F036F1A0000
302.3,0x100,BD0B68036F1A0000
302.4,0x100,BD0B6C03691A0000
302.5,0x100,BE0B6A03601A0000
302.5,0x101,B60EB40EAF0EB50E
302.5,0x102,C80E5D0EB90EBC0E
302.6,0x100,BD0B70036E1A0000
302.7,0x100,C10B4B03631A0000
302.8,0x100,C10B4E03751A0000
302.9,0x100,C00B5B03741A0000
303.0,0x100,C00B51037B1A0000
303.0,0x101,B70EB70EAF0EB50E
303.0,0x102,CE0E630EC10EBF0E
303.0,0x103,7B018201AF017801
303.0,0x104,0003000000000000
303.1,0x100,C00B5603671A0000
303.2,0x100,C40B3703691A0000
303.3,0x100,C10B4B035B1A0000
303.4,0x100,C10B5303631A0000
303.5,0x100,C20B4603691A0000
303.5,0x101,B80EBD0EB30EB90E
303.5,0x102,CE0E650EBF0EC30E
303.6,0x100,C30B3D03691A0000
303.7,0x100,C20B3703641A0000
303.8,0x100,C50B2803611A0000
303.9,0x100,C40B3103691A0000
304.0,0x100,C30B4203631A0000
304.0,0x101,BB0EBA0EB30EB60E
304.0,0x102,CD0E690EBF0EC80E
304.0,0x103,7C018101AE017801
304.0,0x104,0003000000000000
304.1,0x100,C50B2B03731A0000
304.2,0x100,C60B1D03681A0000
304.3,0x100,C70B2003601A0000
304.4,0x100,C50B2803701A0000
304.5,0x100,C50B1E035A1A0000
304.5,0x101,C00EBD0EB80EB90E
304.5,0x102,D00E700EC30EC50E
304.6,0x100,C60B2903601A0000
304.7,0x100,C50B2703591A0000
304.8,0x100,C50B2B03601A0000
304.9,0x100,C30B3203701A0000
305.0,0x100,C40B2A03641A0000
305.0,0x101,BB0EBF0EB50EB90E
305.0,0x102,CF0E6D0EC30EC50E
305.0,0x103,7A018001AD017801
305.0,0x104,0003000000000000
305.1,0x100,C90B0C03501A0000
305.2,0x100,C90B0B035D1A0000
305.3,0x100,C70B1603641A0000
305.4,0x100,C80B0F03631A0000
305.5,0x100,C90B04035E1A0000
305.5,0x101,C30EBF0EBD0EC10E
305.5,0x102,D20E740EC70ECB0E
305.6,0x100,C80B0E03671A0000
305.7,0x100,C80B0C03651A0000
305.8,0x100,C90B09035D1A0000
305.9,0x100,C90B0D03611A0000
306.0,0x100,C60B23035D1A0000
306.0,0x101,BE0EC00EB80EBA0E
306.0,0x102,CF0E720EC10EC80E
306.0,0x103,78018001AB017701
306.0,0x104,0003000000000000
306.1,0x100,C70B14035E1A0000
306.2,0x100,C30B35035F1A0000
306.3,0x100,C70B1203671A0000
306.4,0x100,C80B0B03611A0000
306.5,0x100,C70B0F035C1A0000
306.5,0x101,C00EC20EBB0EBE0E
306.5,0x102,D30E720EC20EC70E
306.6,0x100,C80B1203571A0000
306.7,0x100,C60B1503621A0000
306.8,0x100,C40B2D035E1A0000
306.9,0x100,C90B0103591A0000
307.0,0x100,C70B1A03571A0000
307.0,0x101,BB0EC50EB80EBC0E
307.0,0x102,D20E720EC60EC30E
307.0,0x103,78017E01AB017601
307.0,0x104,0003000000000000
307.1,0x100,C70B10035A1A0000
307.2,0x100,CA0BF502521A0000
307.3,0x100,C60B18034A1A0000
307.4,0x100,C50B1F03681A0000
307.5,0x100,CA0BFF02681A0000
307.5,0x101,C30EC40EBD0EC20E
307.5,0x102,D40E790EC80ECA0E
307.6,0x100,C80B0C03591A0000
307.7,0x100,CB0BF2025C1A0000
307.8,0x100,CA0BF802541A0000
307.9,0x100,C50B1B035B1A0000
308.0,0x100,C80B0403571A0000
308.0,0x101,C10EC30EB90EC00E
308.0,0x102,D10E770EC40EC60E
308.0,0x103,76017D01A8017301
308.0,0x104,0003000000000000
308.1,0x100,CA0BFA02571A0000
308.2,0x100,C70B0E034B1A0000
308.3,0x100,C90B0203671A0000
308.4,0x100,C90B0303491A0000
308.5,0x100,C60B15035C1A0000
308.5,0x101,BF0EBE0EB80EBD0E
308.5,0x102,D00E700EC50EC70E
308.6,0x100,C90BF8024C1A0000
308.7,0x100,C90BFB023F1A0000
308.8,0x100,C70B0B035C1A0000
308.9,0x100,C60B1703541A0000
309.0,0x100,C60B1B03441A0000
309.0,0x101,BE0EC10EB50EBA0E
309.0,0x102,CF0E730EC60EC30E
309.0,0x103,75017B01A5017401
309.0,0x104,0003000000000000
309.1,0x100,C90BFE02581A0000
309.2,0x100,C60B16034E1A0000
309.3,0x100,CA0BFC02631A0000
309.4,0x100,C50B2303421A0000
309.5,0x100,CB0BF7024A1A0000
309.5,0x101,C30EC20EBE0EC30E
309.5,0x102,D50E790EC90ECD0E
309.6,0x100,C50B1C03581A0000
309.7,0x100,C90BFE024B1A0000
309.8,0x100,C50B2603471A0000
309.9,0x100,C60B1103511A0000
310.0,0x100,CA0BF902591A0000
310.0,0x101,C10EC30EBA0EC10E
310.0,0x102,D70E7A0EC60ECD0E
310.0,0x103,74017B01A6017201
310.0,0x104,0003000000000000
310.1,0x100,C70B01034D1A0000
310.2,0x100,C60B15034B1A0000
310.3,0x100,C60B1903451A0000
310.4,0x100,C80B0903481A0000
310.5,0x100,C70B0B03411A0000
310.5,0x101,C00EC00EBA0EBC0E
310.5,0x102,D10E740EC70EC40E
310.6,0x100,C50B1703581A0000
310.7,0x100,C60B0E03521A0000
310.8,0x100,C90BFA023E1A0000
310.9,0x100,C80B0203441A0000
311.0,0x100,C60B1303511A0000
311.0,0x101,C20EBC0EB80EBC0E
311.0,0x102,D10E740EC50EC20E
311.0,0x103,74017901A4017101
311.0,0x104,0003000000000000
311.1,0x100,C40B2303501A0000
311.2,0x100,C40B2A03481A0000
311.3,0x100,C40B1F03461A0000
311.4,0x100,C40B1A03481A0000
311.5,0x100,C40B2203431A0000
311.5,0x101,BE0EBF0EB30EBD0E
311.5,0x102,D10E690EBF0EC00E
311.6,0x100,C50B0F03521A0000
311.7,0x100,C40B19034E1A0000
311.8,0x100,C50B1103491A0000
311.9,0x100,C60B0D033B1A0000
312.0,0x100,C30B27033F1A0000
312.0,0x101,B70EBA0EB30EB70E
312.0,0x102,CF0E6C0EBF0EC40E
312.0,0x103,72017A01A4016F01
312.0,0x104,0003000000000000
312.1,0x100,C20B28033F1A0000
312.2,0x100,C30B3203411A0000
312.3,0x100,C20B3303461A0000
312.4,0x100,C10B3103541A0000
312.5,0x100,C20B3903451A0000
312.5,0x101,B70EB60EB40EB80E
312.5,0x102,CD0E660EC00EC20E
312.6,0x100,C00B3403351A0000
312.7,0x100,C00B3E03491A0000
312.8,0x100,C10B3103351A0000
312.9,0x100,BF0B4503461A0000
313.0,0x100,BD0B4E033D1A0000
313.0,0x101,B30EB60EAB0EB00E
313.0,0x102,C90E5F0EB90EBC0E
313.0,0x103,72017A01A3017001
313.0,0x104,0003000000000000
313.1,0x100,BF0B3E03461A0000
313.2,0x100,BE0B4E03461A0000
313.3,0x100,BF0B4803421A0000
313.4,0x100,BD0B4E03351A0000
313.5,0x100,BE0B4A03391A0000
313.5,0x101,B50EB80EB00EB30E
313.5,0x102,C80E610EBB0EBB0E
313.6,0x100,B80B7303441A0000
313.7,0x100,B80B7503401A0000
313.8,0x100,B90B7203501A0000
313.9,0x100,B60B8D033E1A0000
314.0,0x100,B90B7203441A0000
314.0,0x101,A90EB10EA80EAD0E
314.0,0x102,C30E5A0EB30EBA0E
314.0,0x103,74017A01A4017101
314.0,0x104,0003000000000000
314.1,0x100,B20BA803381A0000
314.2,0x100,B70B7D03331A0000
314.3,0x100,B50B8A03471A0000
314.4,0x100,B60B8603331A0000
314.5,0x100,B40B98032C1A0000
314.5,0x101,A80EAB0EA10EA80E
314.5,0x102,BC0E4E0EB10EB00E
314.6,0x100,B10BA5032C1A0000
314.7,0x100,B40B9C033D1A0000
314.8,0x100,AE0BBF03321A0000
314.9,0x100,B10BAE03291A0000
315.0,0x100,B00BB5034B1A0000
315.0,0x101,A60EA20E9C0E9F0E
315.0,0x102,BE0E460EA80EB20E
315.0,0x103,76017D01A9017401
315.0,0x104,0003000000000000
315.1,0x100,B00BA903211A0000
315.2,0x100,AF0BC303321A0000
315.3,0x100,AD0BC103461A0000
315.4,0x100,AE0BC003361A0000
315.5,0x100,AE0BC4034D1A0000
315.5,0x101,9F0E9E0E9C0EA10E
315.5,0x102,B70E430EA90EAC0E
315.6,0x100,A70BFE033C1A0000
315.7,0x100,AB0BD803281A0000
315.8,0x100,AE0BCC033B1A0000
315.9,0x100,AA0BDE032D1A0000
316.0,0x100,A90BED03301A0000
316.0,0x101,9B0E9E0E940E990E
316.0,0x102,B30E3A0E9F0EA40E
316.0,0x103,7A018001AE017701
316.0,0x104,0003000000000000
316.1,0x100,A60BFC03281A0000
316.2,0x100,A60B02042B1A0000
316.3,0x100,A50B0A04381A0000
316.4,0x100,A60BFB03271A0000
316.5,0x100,A50B0F041C1A0000
316.5,0x101,980E960E8C0E920E
316.5,0x102,B10E310EA00EA20E
316.6,0x100,A50B0204331A0000
316.7,0x100,A40B0B042C1A0000
316.8,0x100,A40B0C04371A0000
316.9,0x100,A30B0D04261A0000
317.0,0x100,9E0B3304371A0000
317.0,0x101,8D0E910E850E8E0E
317.0,0x102,A80E260E980E9A0E
317.0,0x103,80018601B5017D01
317.0,0x104,0003000000000000
317.1,0x100,9F0B3204331A0000
317.2,0x100,9E0B3A04311A0000
317.3,0x100,9F0B30041D1A0000
317.4,0x100,9D0B3F042A1A0000
317.5,0x100,A10B1C04331A0000
317.5,0x101,910E960E8D0E8D0E
317.5,0x102,AB0E2A0E9B0E970E
317.6,0x100,9D0B4704241A0000
317.7,0x100,9D0B4004141A0000
317.8,0x100,9C0B4904211A0000
317.9,0x100,9C0B48041E1A0000
318.0,0x100,9E0B3604211A0000
318.0,0x101,8C0E910E870E8D0E
318.0,0x102,A80E210E970E9D0E
318.0,0x103,86018C01BD018301
318.0,0x104,0003000000000000
318.1,0x100,9F0B3004181A0000
318.2,0x100,9D0B3E042D1A0000
318.3,0x100,9B0B53042B1A0000
318.4,0x100,9A0B56041B1A0000
318.5,0x100,9E0B3804201A0000
318.5,0x101,900E940E850E8A0E
318.5,0x102,A60E230E940E980E
318.6,0x100,9D0B3E041B1A0000
318.7,0x100,9C0B4204281A0000
318.8,0x100,9C0B4804181A0000
318.9,0x100,9E0B3904191A0000
319.0,0x100,9E0B3704221A0000
319.0,0x101,8F0E940E850E8B0E
319.0,0x102,A40E270E960E980E
319.0,0x103,8B019201C5018801
319.0,0x104,0003000000000000
319.1,0x100,9D0B4004181A0000
319.2,0x100,9B0B4C04311A0000
319.3,0x100,9E0B3804181A0000
319.4,0x100,9C0B4604261A0000
319.5,0x100,9A0B5604271A0000
319.5,0x101,8B0E890E860E870E
319.5,0x102,A20E1D0E900E930E
319.6,0x100,9E0B3004101A0000
319.7,0x100,9D0B3E041A1A0000
319.8,0x100,9A0B4E04141A0000
319.9,0x100,9E0B3604251A0000
320.0,0x100,9E0B30041A1A0000
320.0,0x101,8E0E8E0E8B0E8D0E
320.0,0x102,A50E260E960E990E
320.0,0x103,91019801CD018E01
320.0,0x104,0003000000000000
320.1,0x100,9B0B4704241A0000
320.2,0x100,9E0B2D042A1A0000
320.3,0x100,9C0B3E042B1A0000
320.4,0x100,A00B30040E1A0000
320.5,0x100,A00B20040D1A0000
320.5,0x101,900E930E880E8E0E
320.5,0x102,AA0E290E960E9E0E
320.6,0x100,9F0B27040C1A0000
320.7,0x100,9F0B2004231A0000
320.8,0x100,9E0B26041E1A0000
320.9,0x100,A20B09041D1A0000
321.0,0x100,A20B0C041B1A0000
321.0,0x101,920E980E8B0E920E
321.0,0x102,AA0E2E0E980E9E0E
321.0,0x103,94019D01D4019101
321.0,0x104,0003000000000000
321.1,0x100,A20B0504111A0000
321.2,0x100,A20B0B04151A0000
321.3,0x100,A70BEB03171A0000
321.4,0x100,A30B0404141A0000
321.5,0x100,A50BF6030C1A0000
321.5,0x101,980E980E8F0E970E
321.5,0x102,AD0E310E9E0EA20E
321.6,0x100,A80BD503221A0000
321.7,0x100,A50BF403061A0000
321.8,0x100,A30BFD030D1A0000
321.9,0x100,A70BE4031F1A0000
322.0,0x100,A70BE403191A0000
322.0,0x101,950E980E8E0E990E
322.0,0x102,B30E390EA00EA00E
322.0,0x103,98019F01D6019401
322.0,0x104,0003000000000000
322.1,0x100,AA0BC903031A0000
322.2,0x100,AF0BA803F9190000
322.3,0x100,AF0B9F03041A0000
322.4,0x100,AC0BB8030F1A0000
322.5,0x100,AE0BA4030E1A0000
322.5,0x101,A40EA30E9A0E9F0E
322.5,0x102,B70E450EA90EAC0E
322.6,0x100,B00B99030D1A0000
322.7,0x100,AF0B9F03121A0000
322.8,0x100,AF0BA2030C1A0000
322.9,0x100,B40B7C03151A0000
323.0,0x100,B20B8503131A0000
323.0,0x101,A70EA80EA00EA30E
323.0,0x102,BC0E4C0EAD0EAE0E
323.0,0x103,97019F01D7019401
323.0,0x104,0003000000000000
323.1,0x100,B00B9C03F5190000
323.2,0x100,B60B6E030B1A0000
323.3,0x100,B20B8503081A0000
323.4,0x100,B70B6A030C1A0000
323.5,0x100,B50B7303061A0000
323.5,0x101,AB0EAA0EA50EA60E
323.5,0x102,BF0E550EAE0EAE0E
323.6,0x100,B40B7503F8190000
323.7,0x100,B50B6A030C1A0000
323.8,0x100,B70B66030E1A0000
323.9,0x100,BB0B4103F5190000
324.0,0x100,B90B5E03181A0000
324.0,0x101,AE0EB20EAA0EAB0E
324.0,0x102,C00E580EB00EB90E
324.0,0x103,97019E01D4019401
324.0,0x104,0003000000000000
324.1,0x100,BB0B3A03101A0000
324.2,0x100,BB0B4603FD190000
324.3,0x100,BB0B4003FA190000
324.4,0x100,BB0B3E03071A0000
324.5,0x100,BC0B3703061A0000
324.5,0x101,B10EB40EAC0EB50E
324.5,0x102,C20E5F0EB60EBB0E
324.6,0x100,BF0B20030A1A0000
324.7,0x100,C00B1403081A0000
324.8,0x100,BD0B3003091A0000
324.9,0x100,BF0B2103F8190000
325.0,0x100,BD0B2C03011A0000
325.0,0x101,B50EB20EAD0EB30E
325.0,0x102,C40E630EB70EBD0E
325.0,0x103,94019B01D1019101
325.0,0x104,0003000000000000
325.1,0x100,C00B1503051A0000
325.2,0x100,C30BFD02FF190000
325.3,0x100,BF0B1D03071A0000
325.4,0x100,C20B05030B1A0000
325.5,0x100,C10B0C03F8190000
325.5,0x101,B60EBA0EB30EB60E
325.5,0x102,CA0E6C0EBF0EBD0E
325.6,0x100,C40BFA02FF190000
325.7,0x100,BF0B1903FA190000
325.8,0x100,C40BF002FB190000
325.9,0x100,C50BF502EE190000
326.0,0x100,C20BF902021A0000
326.0,0x101,B90EBD0EB40EB50E
326.0,0x102,CC0E6C0EBF0EBF0E
326.0,0x103,91019801CC018E01
326.0,0x104,0003000000000000
326.1,0x100,C60BE4021A1A0000
326.2,0x100,C40BF702021A0000
326.3,0x100,C10B0803141A0000
326.4,0x100,C50BE602091A0000
326.5,0x100,C50BF102F5190000
326.5,0x101,BE0EBF0EB50EBB0E
326.5,0x102,CC0E6F0EC50EC20E
326.6,0x100,CB0BC002001A0000
326.7,0x100,C60BE702031A0000
326.8,0x100,C50BE102021A0000
326.9,0x100,C80BD802F3190000
327.0,0x100,C40BF302FC190000
327.0,0x101,B70EBB0EAF0EBA0E
327.0,0x102,CB0E710EC60EC60E
327.0,0x103,8B019401C6018901
327.0,0x104,0003000000000000
327.1,0x100,C80BDD020B1A0000
327.2,0x100,C70BDE02EA190000
327.3,0x100,C60BD902031A0000
327.4,0x100,CA0BC102051A0000
327.5,0x100,C90BCC02E7190000
327.5,0x101,C00EC30EC20EBF0E
327.5,0x102,D40E7A0EC80EC40E
327.6,0x100,C50BEA02F2190000
327.7,0x100,CA0BBC02F5190000
327.8,0x100,C90BCF02001A0000
327.9,0x100,C70BD402F7190000
328.0,0x100,C40BF302F1190000
328.0,0x101,B80EBD0EB50EBA0E
328.0,0x102,CD0E710EC30EC30E
328.0,0x103,89019001C2018601
328.0,0x104,0003000000000000
328.1,0x100,C50BE402F7190000
328.2,0x100,C80BD002FA190000
328.3,0x100,C40BEB02F4190000
328.4,0x100,C80BCC02051A0000
328.5,0x100,C60BE602F5190000
328.5,0x101,BD0EBF0EB60EBE0E
328.5,0x102,D10E730EC20EC50E
328.6,0x100,C90BC202FC190000
328.7,0x100,C50BE602E9190000
328.8,0x100,C70BCF02F7190000
328.9,0x100,C90BC602EE190000
329.0,0x100,C70BD202EE190000
329.0,0x101,BE0EC00EBA0EBB0E
329.0,0x102,CF0E760EC40EC50E
329.0,0x103,85018C01BC018301
329.0,0x104,0003000000000000
329.1,0x100,C60BD902021A0000
329.2,0x100,C80BCD02EB190000
329.3,0x100,C50BDC02EC190000
329.4,0x100,C80BCB02E0190000
329.5,0x100,C60BDD02E8190000
329.5,0x101,BC0EBE0EB90EBD0E
329.5,0x102,CF0E750EC50EC30E
329.6,0x100,C70BDA02DF190000
329.7,0x100,C80BD202FC190000
329.8,0x100,C80BCC02F3190000
329.9,0x100,C70BD502F7190000
330.0,0x100,C70BDA02F3190000
330.0,0x101,BD0EC10EBB0EBB0E
330.0,0x102,D20E760EC10EC50E
330.0,0x103,81018901B9017F01
330.0,0x104,0003000000000000
330.1,0x100,C30BF102E5190000
330.2,0x100,C50BE002F6190000
330.3,0x100,C50BE002EC190000
330.4,0x100,C10BFF02F3190000
330.5,0x100,C70BD902D2190000
330.5,0x101,C30EBF0EBA0EBB0E
330.5,0x102,D30E750EC30EC10E
330.6,0x100,C70BD802E1190000
330.7,0x100,C60BDB02E5190000
330.8,0x100,C90BC102EF190000
330.9,0x100,C90BC902DC190000
331.0,0x100,C90BC802021A0000
331.0,0x101,C00EC30EBE0EC00E
331.0,0x102,CE0E790EC60ECA0E
331.0,0x103,80018601B4017D01
331.0,0x104,0003000000000000
331.1,0x100,C60BD902F7190000
331.2,0x100,C80BCD02F7190000
331.3,0x100,C70BD102F8190000
331.4,0x100,C60BDF02EF190000
331.5,0x100,C50BDC02DE190000
331.5,0x101,BC0EBD0EB80EB90E
331.5,0x102,CF0E750EC20EC60E
331.6,0x100,C80BCD02ED190000
331.7,0x100,C80BC502E3190000
331.8,0x100,C40BE002E6190000
331.9,0x100,C70BDB02F0190000
332.0,0x100,C90BB702E2190000
332.0,0x101,C00EC00EC10EC20E
332.0,0x102,CF0E7B0EC80EC70E
332.0,0x103,7C018301B0017901
332.0,0x104,0003000000000000
332.1,0x100,C80BCB02E1190000
332.2,0x100,C70BD302F0190000
332.3,0x100,C50BDC02DE190000
332.4,0x100,C50BDF02E3190000
332.5,0x100,C70BD602E4190000
332.5,0x101,BE0EC10EBA0EBA0E
332.5,0x102,CE0E780EC60EC50E
332.6,0x100,C50BDB02EB190000
332.7,0x100,C70BD402EC190000
332.8,0x100,C70BCA02DE190000
332.9,0x100,C60BD102D3190000
333.0,0x100,C50BD702F0190000
333.0,0x101,BE0EBF0EB60EBA0E
333.0,0x102,CD0E740EC10EC60E
333.0,0x103,79017F01AC017801
333.0,0x104,0003000000000000
333.1,0x100,C70BD702CD190000
333.2,0x100,C90BBD02E7190000
333.3,0x100,C70BD502E2190000
333.4,0x100,C40BDD02E4190000
333.5,0x100,C60BDA02E5190000
333.5,0x101,BB0EC40EB80EBE0E
333.5,0x102,CC0E750EBE0EC30E
333.6,0x100,C40BDC02DF190000
333.7,0x100,C40BE902E0190000
333.8,0x100,C60BD402E4190000
333.9,0x100,C70BCE02E3190000
334.0,0x100,C40BE402C4190000
334.0,0x101,BC0EBB0EB80EB80E
334.0,0x102,D10E720EC10EC20E
334.0,0x103,78017D01A9017501
334.0,0x104,0003000000000000
334.1,0x100,C20BF702DE190000
334.2,0x100,C00B0803E7190000
334.3,0x100,C10BFD02D7190000
334.4,0x100,C40BDF02E3190000
334.5,0x100,C10BF402E8190000
334.5,0x101,B70EBA0EB40EB60E
334.5,0x102,C90E6D0EBF0EC00E
334.6,0x100,C10BFF02DE190000
334.7,0x100,C10B0203DE190000
334.8,0x100,BF0B0B03CF190000
334.9,0x100,C00BF902DB190000
335.0,0x100,BF0B0C03E1190000
335.0,0x101,B40EB80EB10EB20E
335.0,0x102,C80E650EBA0EBE0E
335.0,0x103,76017B01A8017301
335.0,0x104,0003000000000000
335.1,0x100,BD0B1503D7190000
335.2,0x100,BC0B2003D7190000
335.3,0x100,BE0B0C03DF190000
335.4,0x100,BD0B1803DD190000
335.5,0x100,C10BF902DE190000
335.5,0x101,B60EB80EAF0EB70E
335.5,0x102,CB0E6C0EBE0EBE0E
335.6,0x100,BC0B1D03C9190000
335.7,0x100,BC0B2403DD190000
335.8,0x100,BA0B2203C8190000
335.9,0x100,B90B3903D5190000
336.0,0x100,B80B3B03EB190000
336.0,0x101,AD0EAE0EA60EAF0E
336.0,0x102,C30E580EB10EB50E
336.0,0x103,75017A01A6017301
336.0,0x104,0003000000000000
336.1,0x100,BB0B2003DD190000
336.2,0x100,B70B4A03DA190000
336.3,0x100,B70B3F03CE190000
336.4,0x100,B40B5A03E5190000
336.5,0x100,B70B4603D8190000
336.5,0x101,AD0EAC0EA60EA80E
336.5,0x102,BF0E560EB40EB20E
336.6,0x100,B30B5F03BD190000
336.7,0x100,B20B6103CD190000
336.8,0x100,B10B7003D6190000
336.9,0x100,B00B7303D1190000
337.0,0x100,B10B7403DE190000
337.0,0x101,A40EA40E9C0EA50E
337.0,0x102,BC0E4F0EAC0EAE0E
337.0,0x103,76017C01A7017301
337.0,0x104,0003000000000000
337.1,0x100,B20B6603C7190000
337.2,0x100,B10B6E03D4190000
337.3,0x100,AF0B8103CB190000
337.4,0x100,AE0B9003D2190000
337.5,0x100,AD0B8D03CB190000
337.5,0x101,9D0EA40E980E9F0E
337.5,0x102,B60E420EA40EAC0E
337.6,0x100,AB0BA603D1190000
337.7,0x100,AC0B9E03DF190000
337.8,0x100,AB0B9A03BF190000
337.9,0x100,A90BAB03E3190000
338.0,0x100,A80BB803F1190000
338.0,0x101,970E9E0E940E960E
338.0,0x102,AD0E380EA30EA50E
338.0,0x103,77017F01AB017501
338.0,0x104,0003000000000000
338.1,0x100,A70BBF03C8190000
338.2,0x100,A20BDC03DB190000
338.3,0x100,A70BBC03D5190000
338.4,0x100,A50BCA03D4190000
338.5,0x100,A40BD703C4190000
338.5,0x101,970E960E8F0E910E
338.5,0x102,AC0E350EA00E9E0E
338.6,0x100,A30BD603C1190000
338.7,0x100,A40BD303C6190000
338.8,0x100,A60BC903C6190000
338.9,0x100,A30BDD03BD190000
339.0,0x100,A30BD903C1190000
339.0,0x101,900E960E8F0E920E
339.0,0x102,AA0E340E9C0E9C0E
339.0,0x103,7B018301AE017901
339.0,0x104,0003000000000000
339.1,0x100,A30BD403D2190000
339.2,0x100,A10BE603D7190000
339.3,0x100,A20BE603BE190000
339.4,0x100,9F0B0204DF190000
339.5,0x100,9D0B0604B8190000
339.5,0x101,8D0E8E0E810E8A0E
339.5,0x102,A50E270E940E990E
339.6,0x100,A00BF203BA190000
339.7,0x100,9E0BFF03B2190000
339.8,0x100,A00BEA03B2190000
339.9,0x100,9E0B0104CF190000
340.0,0x100,9C0B1104BF190000
340.0,0x101,8A0E8E0E860E880E
340.0,0x102,A40E240E940E970E
340.0,0x103,80018701B6017D01
340.0,0x104,0003000000000000
340.1,0x100,9B0B1904C2190000
340.2,0x100,9C0B0404BF190000
340.3,0x100,990B2004B4190000
340.4,0x100,9E0BFA03AF190000
340.5,0x100,9E0BFF03AA190000
340.5,0x101,8D0E910E870E8A0E
340.5,0x102,A80E2B0E940E980E
340.6,0x100,9A0B1D04BC190000
340.7,0x100,990B2C04C3190000
340.8,0x100,990B1A04B4190000
340.9,0x100,9B0B1204A6190000
341.0,0x100,9F0BF103C6190000
341.0,0x101,8F0E930E870E8D0E
341.0,0x102,A60E2D0E980E9A0E
341.0,0x103,85018C01BC018201
341.0,0x104,0003000000000000
341.1,0x100,9F0BF303C6190000
341.2,0x100,9A0B1204AD190000
341.3,0x100,9C0B0904AF190000
341.4,0x100,9D0BFD03C2190000
341.5,0x100,9C0B0C04A6190000
341.5,0x101,8A0E8C0E810E8C0E
341.5,0x102,A60E280E910E940E
341.6,0x100,9B0B0B04AB190000
341.7,0x100,990B1504C7190000
341.8,0x100,9C0B0604B2190000
341.9,0x100,9B0B1304B8190000
342.0,0x100,9E0BFE03AB190000
342.0,0x101,8B0E8F0E860E8A0E
342.0,0x102,A70E2D0E940E980E
342.0,0x103,89019001C3018701
342.0,0x104,0003000000000000
342.1,0x100,9F0BF803C2190000
342.2,0x100,9D0B0604B5190000
342.3,0x100,A00BE403BF190000
342.4,0x100,9A0B1804AF190000
342.5,0x100,9E0BEF03A8190000
342.5,0x101,8D0E900E860E8A0E
342.5,0x102,A80E2C0E940E9B0E
342.6,0x100,A00BEB03B2190000
342.7,0x100,9F0BE803AA190000
342.8,0x100,9E0BF703AD190000
342.9,0x100,A10BE203A9190000
343.0,0x100,A70BB803A4190000
343.0,0x101,980E990E900E970E
343.0,0x102,AE0E3A0E9B0EA80E
343.0,0x103,8C019401C7018901
343.0,0x104,0003000000000000
343.1,0x100,A00BE003B8190000
343.2,0x100,A50BC003B5190000
343.3,0x100,A40BC103A6190000
343.4,0x100,A80BA603C1190000
343.5,0x100,A50BBB03A7190000
343.5,0x101,970E960E900E980E
343.5,0x102,AD0E340E9D0EA10E
343.6,0x100,A80BA303B7190000
343.7,0x100,A70BA80393190000
343.8,0x100,A90B9C03AA190000
343.9,0x100,A60BB7039A190000
344.0,0x100,A50BB103A3190000
344.0,0x101,930E960E900E950E
344.0,0x102,AD0E3C0E9C0E9E0E
344.0,0x103,8D019401C8018A01
344.0,0x104,0003000000000000
344.1,0x100,A90B8D03B0190000
344.2,0x100,AB0B8703AE190000
344.3,0x100,AE0B7903A3190000
344.4,0x100,AB0B8903AB190000
344.5,0x100,AE0B6D03AD190000
344.5,0x101,A20EA30E990EA10E
344.5,0x102,B40E4C0EA60EA90E
344.6,0x100,B00B6403A3190000
344.7,0x100,AF0B7303B0190000
344.8,0x100,B10B5503AA190000
344.9,0x100,B20B5603A2190000
345.0,0x100,B50B3803BA190000
345.0,0x101,AA0EAA0EA40EA90E
345.0,0x102,BA0E560EAF0EAF0E
345.0,0x103,8D019501C8018A01
345.0,0x104,0003000000000000
345.1,0x100,B20B5403A3190000
345.2,0x100,B00B60039C190000
345.3,0x100,B40B4703B0190000
345.4,0x100,B30B4C03AC190000
345.5,0x100,B80B230391190000
345.5,0x101,AE0EAE0EA40EAC0E
345.5,0x102,C30E5F0EB20EB30E
345.6,0x100,B70B2D0391190000
345.7,0x100,B90B1503A9190000
345.8,0x100,B80B19039D190000
345.9,0x100,B70B2303A7190000
346.0,0x100,B90B13039F190000
346.0,0x101,AD0EAF0EA80EAD0E
346.0,0x102,C40E600EB10EB60E
346.0,0x103,8B019201C5018801
346.0,0x104,0003000000000000
346.1,0x100,BD0BF602A8190000
346.2,0x100,BE0BF202AA190000
346.3,0x100,BE0BEC028F190000
346.4,0x100,BC0B030397190000
346.5,0x100,B90B1503B1190000
346.5,0x101,AA0EB00EA90EAB0E
346.5,0x102,C20E5C0EB40EB80E
346.6,0x100,BA0B0503A5190000
346.7,0x100,C10BD002A7190000
346.8,0x100,BC0BFD02B7190000
346.9,0x100,BD0BF102AB190000
347.0,0x100,C30BC702A0190000
347.0,0x101,B80EBC0EB20EB80E
347.0,0x102,CA0E760EC00EC20E
347.0,0x103,89018F01C1018601
347.0,0x104,0003000000000000
347.1,0x100,C10BD60294190000
347.2,0x100,BF0BE702AC190000
347.3,0x100,C20BDB02AC190000
347.4,0x100,C50BBB02A1190000
347.5,0x100,C10BD402B2190000
347.5,0x101,B80EB90EB20EB80E
347.5,0x102,C90E6F0EBB0EBE0E
347.6,0x100,C70BA802A1190000
347.7,0x100,C40BC1029F190000
347.8,0x100,C00BD202AA190000
347.9,0x100,C30BBF02A2190000
348.0,0x100,C50BB402A5190000
348.0,0x101,BB0EBF0EB70EBA0E
348.0,0x102,CB0E790EBF0EC40E
348.0,0x103,84018A01BB018201
348.0,0x104,0003000000000000
348.1,0x100,C30BC60287190000
348.2,0x100,C20BC502A0190000
348.3,0x100,C30BC80297190000
348.4,0x100,C40BBF0296190000
348.5,0x100,C30BC00299190000
348.5,0x101,BC0EBC0EB00EB90E
348.5,0x102,CB0E740EBE0EC30E
348.6,0x100,C40BB90294190000
348.7,0x100,C60BB002A2190000
348.8,0x100,C60BAC028E190000
348.9,0x100,C60BA50288190000
349.0,0x100,C90B950298190000
349.0,0x101,C10EC10EB90EC20E
349.0,0x102,D50E7E0EC20EC70E
349.0,0x103,80018701B6017D01
349.0,0x104,0003000000000000
349.1,0x100,C70B9702A6190000
349.2,0x100,C60BA00294190000
349.3,0x100,C60BA70296190000
349.4,0x100,C40BB80295190000
349.5,0x100,C60BA102B1190000
349.5,0x101,BC0EBE0EB90EBB0E
349.5,0x102,CE0E7B0EC30EC60E
349.6,0x100,C50BAF02A1190000
349.7,0x100,C60BB00291190000
349.8,0x100,C70B9B0295190000
349.9,0x100,C70BA7028E190000
350.0,0x100,C70B9A02A9190000
350.0,0x101,BE0EC10EBB0EBB0E
350.0,0x102,CC0E7C0EC30EC60E
350.0,0x103,7D018301B1017A01
350.0,0x104,0003000000000000
350.1,0x100,C40BB10286190000
350.2,0x100,C60BA6028B190000
350.3,0x100,C90B8A029E190000
350.4,0x100,C70B9E02A6190000
350.5,0x100,C40BB40294190000
350.5,0x101,B90EBE0EB80EBB0E
350.5,0x102,CB0E770EBF0EC20E
350.6,0x100,C80B980291190000
350.7,0x100,C70BA10294190000
350.8,0x100,C70BA20294190000
350.9,0x100,CB0B8A02A8190000
351.0,0x100,C70BA10297190000
351.0,0x101,BF0EC10EB60EBF0E
351.0,0x102,CF0E7C0EC30EC50E
351.0,0x103,78017F01AB017601
351.0,0x104,0003000000000000
351.1,0x100,CB0B84028E190000
351.2,0x100,C80B8F0296190000
351.3,0x100,C50BA8029B190000
351.4,0x100,C70B9D0288190000
351.5,0x100,C80B930293190000
351.5,0x101,C10EC40EBA0EBF0E
351.5,0x102,CD0E7A0EC10EC60E
351.6,0x100,C70B9E0291190000
351.7,0x100,C80B960285190000
351.8,0x100,C80B97028B190000
351.9,0x100,C70BA0028B190000
352.0,0x100,CA0B8B028A190000
352.0,0x101,C00EC30EBF0EBF0E
352.0,0x102,D30E7F0EC90EC50E
352.0,0x103,75017B01A6017401
352.0,0x104,0003000000000000
352.1,0x100,C80B9602A1190000
352.2,0x100,C80B91028F190000
352.3,0x100,CB0B7E0292190000
352.4,0x100,C90B870294190000
352.5,0x100,C50BAC028D190000
352.5,0x101,B90EBB0EB90EBE0E
352.5,0x102,CF0E750EBE0EC60E
352.6,0x100,C70B9A0289190000
352.7,0x100,CA0B80029C190000
352.8,0x100,CA0B7D029B190000
352.9,0x100,C80B920295190000
353.0,0x100,C40BAB028B190000
353.0,0x101,B90EBC0EB70EB70E
353.0,0x102,CA0E740EC10EC70E
353.0,0x103,71017801A2017001
353.0,0x104,0003000000000000
353.1,0x100,C90B91028F190000
353.2,0x100,C60BA70283190000
353.3,0x100,C90B98028C190000
353.4,0x100,C60B9A027E190000
353.5,0x100,CA0B7F0292190000
353.5,0x101,C20EC30EBB0EC10E
353.5,0x102,D00E840EC60EC50E
353.6,0x100,C60BA1029A190000
353.7,0x100,C90B8E027E190000
353.8,0x100,C70BA0029A190000
353.9,0x100,C90B87028F190000
354.0,0x100,C80B960280190000
354.0,0x101,BE0EC10EB80EC00E
354.0,0x102,D00E7D0EC30EC50E
354.0,0x103,6F0174019E016D01
354.0,0x104,0003000000000000
354.1,0x100,C70B99028A190000
354.2,0x100,C80B920297190000
354.3,0x100,C70B9B0294190000
354.4,0x100,C80B910293190000
354.5,0x100,C80B8C0283190000
354.5,0x101,BF0EBF0EBB0EBE0E
354.5,0x102,CD0E800EC40EC40E
354.6,0x100,C40BAE027D190000
354.7,0x100,C40BA70286190000
354.8,0x100,C90B8D0287190000
354.9,0x100,C60BA20283190000
355.0,0x100,C80B8F027F190000
355.0,0x101,BF0EC00EBE0EC00E
355.0,0x102,CE0E800EC40EC50E
355.0,0x103,6C0171019A016A01
355.0,0x104,0003000000000000
355.1,0x100,C90B8A027A190000
355.2,0x100,C50BAC028B190000
355.3,0x100,C90B85027D190000
355.4,0x100,C40BAE028B190000
355.5,0x100,C70B9E0280190000
355.5,0x101,BF0EBE0EB90EBC0E
355.5,0x102,CE0E7D0EC10EC50E
355.6,0x100,C50BA10282190000
355.7,0x100,C40BAC0276190000
355.8,0x100,C30BB10286190000
355.9,0x100,C50B9E027F190000
356.0,0x100,C30BB80276190000
356.0,0x101,BB0EBC0EB30EB90E
356.0,0x102,C70E760EBE0EBD0E
356.0,0x103,6901700196016801
356.0,0x104,0003000000000000
356.1,0x100,C30BB1027F190000
356.2,0x100,C50BA00278190000
356.3,0x100,C20BB30270190000
356.4,0x100,C00BCD0287190000
356.5,0x100,BE0BD50274190000
356.5,0x101,B10EB70EB10EB10E
356.5,0x102,C50E690EB80EBB0E
356.6,0x100,C10BCA0284190000
356.7,0x100,C30BB10295190000
356.8,0x100,C00BCE0275190000
356.9,0x100,BD0BD80283190000
357.0,0x100,BE0BDA0279190000
357.0,0x101,B20EB60EAF0EB20E
357.0,0x102,C50E6A0EBA0EBA0E
357.0,0x103,69016D0193016601
357.0,0x104,0003000000000000
357.1,0x100,BD0BDF0280190000
357.2,0x100,BE0BDD026B190000
357.3,0x100,BD0BDB0280190000
357.4,0x100,BF0BD8027D190000
357.5,0x100,BF0BC90294190000
357.5,0x101,B30EB50EAF0EB50E
357.5,0x102,C40E6E0EBA0EBD0E
357.6,0x100,BB0BF00267190000
357.7,0x100,BB0BF30276190000
357.8,0x100,B90BFD027F190000
357.9,0x100,BC0BE60283190000
358.0,0x100,B80B0A0378190000
358.0,0x101,AC0EAD0EA80EA90E
358.0,0x102,BD0E5F0EB20EB50E
358.0,0x103,67016C0193016601
358.0,0x104,0003000000000000
358.1,0x100,B40B240386190000
358.2,0x100,B70B0C0379190000
358.3,0x100,B70B10037A190000
358.4,0x100,B50B1C0367190000
358.5,0x100,B10B3B037D190000
358.5,0x101,A20EA10EA00EA10E
358.5,0x102,B90E500EA90EAF0E
358.6,0x100,B60B140386190000
358.7,0x100,B40B2C036D190000
358.8,0x100,490C8CFE72190000
358.9,0x100,490C90FE69190000
359.0,0x100,470C97FE7C190000
359.0,0x101,580F580F570F580F
359.0,0x102,4C0F780F530F540F
359.0,0x103,66016B0191016401
359.0,0x104,0001000000000000
359.1,0x100,460CACFE76190000
359.2,0x100,440CB3FE80190000
359.3,0x100,470C9FFE77190000
359.4,0x100,480C92FE77190000
359.5,0x100,440CBDFE78190000
359.5,0x101,510F520F510F540F
359.5,0x102,500F710F4F0F4D0F
359.6,0x100,490C92FE7A190000
359.7,0x100,480C8FFE79190000
359.8,0x100,4B0C7DFE7D190000
359.9,0x100,450CADFE88190000
360.0,0x100,130C370083190000
360.0,0x101,170F180F160F1C0F
360.0,0x102,190F0F0F190F180F
360.0,0x103,6001650188015E01
360.0,0x104,0001000000000000
360.1,0x100,110C4C008B190000
360.2,0x100,170C13006E190000
360.3,0x100,120C3E0072190000
360.4,0x100,150C290084190000
360.5,0x100,130C34006F190000
360.5,0x101,1D0F190F190F1B0F
360.5,0x102,190F0E0F190F160F
360.6,0x100,180C0F0089190000
360.7,0x100,120C3E0074190000
360.8,0x100,140C340078190000
360.9,0x100,150C270075190000
361.0,0x100,150C320079190000
361.0,0x101,1C0F1C0F180F1E0F
361.0,0x102,1B0F140F180F1A0F
361.0,0x103,58015D017F015701
361.0,0x104,0001000000000000
361.1,0x100,170C1D008A190000
361.2,0x100,160C1F0086190000
361.3,0x100,150C21008D190000
361.4,0x100,180C0C0090190000
361.5,0x100,150C350075190000
361.5,0x101,1D0F1B0F180F1B0F
361.5,0x102,1F0F140F190F170F
361.6,0x100,130C3A006F190000
361.7,0x100,160C1D007B190000
361.8,0x100,150C2D007C190000
361.9,0x100,160C24006A190000
362.0,0x100,140C2D0081190000
362.0,0x101,1C0F1D0F150F1E0F
362.0,0x102,1B0F110F1A0F180F
362.0,0x103,5101560175015001
362.0,0x104,0001000000000000
362.1,0x100,160C1F006F190000
362.2,0x100,160C1B0075190000
362.3,0x100,130C380081190000
362.4,0x100,150C27007E190000
362.5,0x100,110C46007A190000
362.5,0x101,160F150F140F1B0F
362.5,0x102,180F0D0F170F170F
362.6,0x100,150C29007C190000
362.7,0x100,170C1A0080190000
362.8,0x100,120C3A0073190000
362.9,0x100,140C31007C190000
363.0,0x100,140C330079190000
363.0,0x101,1C0F1A0F190F1A0F
363.0,0x102,160F100F190F1B0F
363.0,0x103,4B014F016C014A01
363.0,0x104,0001000000000000
363.1,0x100,120C3A007B190000
363.2,0x100,160C1E0085190000
363.3,0x100,160C26007C190000
363.4,0x100,150C250087190000
363.5,0x100,180C150074190000
363.5,0x101,1F0F200F1D0F1F0F
363.5,0x102,210F1B0F190F1C0F
363.6,0x100,160C240078190000
363.7,0x100,110C3C006A190000
363.8,0x100,150C2C0070190000
363.9,0x100,160C140075190000
364.0,0x100,180C11007E190000
364.0,0x101,210F1E0F1E0F200F
364.0,0x102,200F1B0F1E0F1C0F
364.0,0x103,46014A0164014401
364.0,0x104,0001000000000000
364.1,0x100,120C410074190000
364.2,0x100,150C27006E190000
364.3,0x100,160C1E007D190000
364.4,0x100,160C240069190000
364.5,0x100,170C120069190000
364.5,0x101,1A0F1F0F1B0F1E0F
364.5,0x102,220F1C0F1A0F1E0F
364.6,0x100,130C3D0071190000
364.7,0x100,160C22007D190000
364.8,0x100,140C3D0070190000
364.9,0x100,140C29007A190000
365.0,0x100,120C3D0081190000
365.0,0x101,1A0F150F130F1A0F
365.0,0x102,180F0E0F190F160F
365.0,0x103,400144015C013F01
365.0,0x104,0001000000000000
365.1,0x100,150C2C007E190000
365.2,0x100,140C35008A190000
365.3,0x100,130C33007B190000
365.4,0x100,150C310087190000
365.5,0x100,130C2D007F190000
365.5,0x101,190F1A0F1A0F190F
365.5,0x102,1C0F110F170F170F
365.6,0x100,160C250075190000
365.7,0x100,120C450070190000
365.8,0x100,170C1A007B190000
365.9,0x100,160C28006C190000
366.0,0x100,160C280077190000
366.0,0x101,1C0F1E0F1A0F1B0F
366.0,0x102,1C0F160F1C0F1D0F
366.0,0x103,3C013E0155013A01
366.0,0x104,0001000000000000
366.1,0x100,150C2E0078190000
366.2,0x100,160C220085190000
366.3,0x100,150C2D0072190000
366.4,0x100,150C25007E190000
366.5,0x100,180C10006F190000
366.5,0x101,210F220F1B0F200F
366.5,0x102,1F0F160F1C0F1B0F
366.6,0x100,150C280082190000
366.7,0x100,170C170088190000
366.8,0x100,180C0E0071190000
366.9,0x100,140C2A007B190000
367.0,0x100,130C2F0093190000
367.0,0x101,1A0F180F160F1D0F
367.0,0x102,1C0F0F0F180F1A0F
367.0,0x103,370139014E013501
367.0,0x104,0001000000000000
367.1,0x100,140C300072190000
367.2,0x100,140C31006B190000
367.3,0x100,190C0B007B190000
367.4,0x100,180C14006F190000
367.5,0x100,100C46007D190000
367.5,0x101,130F180F160F120F
367.5,0x102,1B0F0A0F180F120F
367.6,0x100,170C180082190000
367.7,0x100,140C31006F190000
367.8,0x100,160C1E006A190000
367.9,0x100,150C290083190000
368.0,0x100,180C1F008B190000
368.0,0x101,1F0F210F1C0F200F
368.0,0x102,1F0F180F1C0F1D0F
368.0,0x103,3301350148013001
368.0,0x104,0001000000000000
368.1,0x100,150C300076190000
368.2,0x100,150C2A0087190000
368.3,0x100,170C21008B190000
368.4,0x100,170C180080190000
368.5,0x100,140C2C007B190000
368.5,0x101,1B0F1B0F190F1C0F
368.5,0x102,1B0F110F180F170F
368.6,0x100,160C160080190000
368.7,0x100,140C2E0082190000
368.8,0x100,100C4F0063190000
368.9,0x100,130C3C0078190000
369.0,0x100,140C33006C190000
369.0,0x101,190F1C0F180F1E0F
369.0,0x102,1B0F130F1B0F140F
369.0,0x103,2E01310143012D01
369.0,0x104,0001000000000000
369.1,0x100,150C270070190000
369.2,0x100,190C0B007C190000
369.3,0x100,180C140078190000
369.4,0x100,120C3B007A190000
369.5,0x100,160C1C0078190000
369.5,0x101,1C0F1D0F160F1D0F
369.5,0x102,210F160F1A0F1F0F
369.6,0x100,160C1E0077190000
369.7,0x100,150C260079190000
369.8,0x100,170C180089190000
369.9,0x100,170C160080190000
370.0,0x100,160C270070190000
370.0,0x101,1D0F1E0F190F1E0F
370.0,0x102,1E0F140F1B0F1A0F
370.0,0x103,2A012D013D012901
370.0,0x104,0001000000000000
370.1,0x100,180C1B0075190000
370.2,0x100,170C1D0080190000
370.3,0x100,160C1C0077190000
370.4,0x100,140C30007E190000
370.5,0x100,150C250079190000
370.5,0x101,190F1D0F180F1E0F
370.5,0x102,1B0F170F1B0F1B0F
370.6,0x100,150C25007B190000
370.7,0x100,140C310086190000
370.8,0x100,150C26007D190000
370.9,0x100,160C24008D190000
371.0,0x100,150C2F0073190000
371.0,0x101,180F1E0F1C0F180F
371.0,0x102,1B0F150F180F1A0F
371.0,0x103,2701280138012501
371.0,0x104,0001000000000000
371.1,0x100,130C320070190000
371.2,0x100,150C26007D190000
371.3,0x100,150C290077190000
371.4,0x100,160C1C007B190000
371.5,0x100,170C1B007D190000
371.5,0x101,1B0F200F1F0F1F0F
371.5,0x102,1C0F180F1E0F1C0F
371.6,0x100,130C34006C190000
371.7,0x100,150C2F0063190000
371.8,0x100,140C2F0080190000
371.9,0x100,150C2C006B190000
372.0,0x100,150C290074190000
372.0,0x101,1E0F190F180F1D0F
372.0,0x102,200F140F180F1E0F
372.0,0x103,2401260133012301
372.0,0x104,0001000000000000
372.1,0x100,150C320077190000
372.2,0x100,130C360078190000
372.3,0x100,130C360081190000
372.4,0x100,160C260080190000
372.5,0x100,130C3D007C190000
372.5,0x101,190F180F140F1A0F
372.5,0x102,1A0F0F0F170F1A0F
372.6,0x100,150C2B007F190000
372.7,0x100,140C31006F190000
372.8,0x100,150C2C0072190000
372.9,0x100,150C2C009D190000
373.0,0x100,170C1D007B190000
373.0,0x101,200F210F1B0F1C0F
373.0,0x102,1D0F140F1D0F1D0F
373.0,0x103,200122012F011F01
373.0,0x104,0001000000000000
373.1,0x100,150C330082190000
373.2,0x100,0F0C53006E190000
373.3,0x100,170C220081190000
373.4,0x100,160C290077190000
373.5,0x100,160C210074190000
373.5,0x101,1A0F1E0F1A0F1D0F
373.5,0x102,1F0F190F1A0F1E0F
373.6,0x100,150C21008B190000
373.7,0x100,120C3F0089190000
373.8,0x100,170C1E0079190000
373.9,0x100,150C21007C190000
374.0,0x100,180C100075190000
374.0,0x101,210F220F190F200F
374.0,0x102,230F180F1E0F1F0F
374.0,0x103,1E0121012B011D01
374.0,0x104,0001000000000000
374.1,0x100,160C1D006E190000
374.2,0x100,190C0E007A190000
374.3,0x100,130C31007C190000
374.4,0x100,100C520084190000
374.5,0x100,150C22007F190000
374.5,0x101,1B0F1A0F1E0F1A0F
374.5,0x102,1C0F150F1A0F1C0F
374.6,0x100,190C0F006F190000
374.7,0x100,140C350065190000
374.8,0x100,170C1D0076190000
374.9,0x100,120C3B006C190000
375.0,0x100,150C240078190000
375.0,0x101,1D0F1A0F1B0F1C0F
375.0,0x102,1D0F150F1B0F1B0F
375.0,0x103,1B011C0128011B01
375.0,0x104,0001000000000000
375.1,0x100,170C1F007E190000
375.2,0x100,150C25007D190000
375.3,0x100,130C330075190000
375.4,0x100,160C25007D190000
375.5,0x100,170C210087190000
375.5,0x101,210F1E0F1C0F1E0F
375.5,0x102,200F160F1A0F1D0F
375.6,0x100,160C25007D190000
375.7,0x100,180C15007D190000
375.8,0x100,150C2E0074190000
375.9,0x100,180C0D007B190000
376.0,0x100,160C210089190000
376.0,0x101,1F0F1D0F1B0F1B0F
376.0,0x102,1F0F140F1C0F1C0F
376.0,0x103,18011A0126011801
376.0,0x104,0001000000000000
376.1,0x100,130C330079190000
376.2,0x100,140C2D0076190000
376.3,0x100,130C310086190000
376.4,0x100,150C270078190000
376.5,0x100,120C3A0080190000
376.5,0x101,180F170F120F190F
376.5,0x102,190F110F170F1A0F
376.6,0x100,140C36007C190000
376.7,0x100,140C2F007F190000
376.8,0x100,140C360082190000
376.9,0x100,140C330086190000
377.0,0x100,160C210084190000
377.0,0x101,210F1E0F1C0F1F0F
377.0,0x102,1E0F150F1A0F1A0F
377.0,0x103,1601170122011701
377.0,0x104,0001000000000000
377.1,0x100,170C140088190000
377.2,0x100,160C2E0077190000
377.3,0x100,140C30006E190000
377.4,0x100,130C380078190000
377.5,0x100,170C1A0096190000
377.5,0x101,1E0F1D0F190F1E0F
377.5,0x102,1F0F150F1E0F1F0F
377.6,0x100,170C1A0079190000
377.7,0x100,150C2F0067190000
377.8,0x100,150C270094190000
377.9,0x100,180C0C007C190000
378.0,0x100,160C2E0071190000
378.0,0x101,210F1F0F190F1D0F
378.0,0x102,1E0F130F1A0F190F
378.0,0x103,140116011F011301
378.0,0x104,0001000000000000
378.1,0x100,1A0C0C006E190000
378.2,0x100,170C1A007B190000
378.3,0x100,130C3C0081190000
378.4,0x100,110C430081190000
378.5,0x100,180C160083190000
378.5,0x101,1E0F220F1E0F1E0F
378.5,0x102,230F190F1E0F1B0F
378.6,0x100,150C23006B190000
378.7,0x100,160C29006E190000
378.8,0x100,120C43007A190000
378.9,0x100,160C210085190000
379.0,0x100,160C210076190000
379.0,0x101,1C0F1E0F170F1C0F
379.0,0x102,1F0F1B0F1C0F1A0F
379.0,0x103,120114011C011101
379.0,0x104,0001000000000000
379.1,0x100,120C3F0063190000
379.2,0x100,160C220082190000
379.3,0x100,140C33005E190000
379.4,0x100,170C120075190000
379.5,0x100,150C250082190000
379.5,0x101,1A0F1B0F1B0F1A0F
379.5,0x102,1E0F130F170F1D0F
379.6,0x100,180C0F0081190000
379.7,0x100,180C180069190000
379.8,0x100,150C350083190000
379.9,0x100,150C270088190000
380.0,0x100,350C29FF81190000
380.0,0x101,410F460F400F450F
380.0,0x102,3D0F510F3C0F3E0F
380.0,0x103,100112011A011101
380.0,0x104,0001000000000000
380.1,0x100,360C23FF78190000
380.2,0x100,350C2BFF7F190000
380.3,0x100,340C33FF73190000
380.4,0x100,330C3DFF85190000
380.5,0x100,3A0C07FF8A190000
380.5,0x101,460F470F4C0F4A0F
380.5,0x102,3F0F5B0F420F430F
380.6,0x100,360C22FF77190000
380.7,0x100,350C30FF83190000
380.8,0x100,360C2DFF85190000
380.9,0x100,330C34FF79190000
381.0,0x100,350C32FF65190000
381.0,0x101,400F410F410F430F
381.0,0x102,400F530F3F0F3D0F
381.0,0x103,1001100119011001
381.0,0x104,0001000000000000
381.1,0x100,360C29FF7D190000
381.2,0x100,360C26FF5D190000
381.3,0x100,350C2AFF8C190000
381.4,0x100,330C3FFF82190000
381.5,0x100,360C23FF7A190000
381.5,0x101,420F440F440F460F
381.5,0x102,3D0F530F420F3D0F
381.6,0x100,350C2DFF86190000
381.7,0x100,340C31FF71190000
381.8,0x100,330C45FF88190000
381.9,0x100,360C29FF7F190000
382.0,0x100,330C3CFF7F190000
382.0,0x101,3F0F400F3C0F3F0F
382.0,0x102,3D0F4A0F3F0F3A0F
382.0,0x103,1001110118010F01
382.0,0x104,0001000000000000
382.1,0x100,340C40FF79190000
382.2,0x100,340C2DFF7A190000
382.3,0x100,360C2BFF83190000
382.4,0x100,350C29FF74190000
382.5,0x100,360C2AFF71190000
382.5,0x101,430F460F450F440F
382.5,0x102,3F0F530F3E0F3C0F
382.6,0x100,330C3BFF88190000
382.7,0x100,350C31FF83190000
382.8,0x100,350C32FF74190000
382.9,0x100,370C1DFF7F190000
383.0,0x100,360C1FFF7E190000
383.0,0x101,400F440F430F420F
383.0,0x102,3F0F540F410F3F0F
383.0,0x103,0F010F0117010E01
383.0,0x104,0001000000000000
383.1,0x100,310C4EFF76190000
383.2,0x100,350C2BFF80190000
383.3,0x100,360C22FF7E190000
383.4,0x100,310C43FF87190000
383.5,0x100,340C32FF82190000
383.5,0x101,3E0F410F420F420F
383.5,0x102,3D0F510F3F0F3B0F
383.6,0x100,340C37FF79190000
383.7,0x100,360C2CFF79190000
383.8,0x100,360C29FF83190000
383.9,0x100,350C2BFF6D190000
384.0,0x100,380C19FF74190000
384.0,0x101,490F440F450F470F
384.0,0x102,3F0F550F460F3D0F
384.0,0x103,0E010F0116010E01
384.0,0x104,0001000000000000
384.1,0x100,350C2DFF7D190000
384.2,0x100,350C32FF7E190000
384.3,0x100,310C4AFF89190000
384.4,0x100,350C2FFF71190000
384.5,0x100,390C0BFF7B190000
384.5,0x101,450F4A0F450F470F
384.5,0x102,420F5A0F460F420F
384.6,0x100,360C2DFF80190000
384.7,0x100,2F0C57FF7D190000
384.8,0x100,340C3BFF79190000
384.9,0x100,370C22FF7A190000
385.0,0x100,330C37FF83190000
385.0,0x101,410F3E0F3D0F400F
385.0,0x102,3B0F510F3B0F3C0F
385.0,0x103,0D010E0115010C01
385.0,0x104,0001000000000000
385.1,0x100,380C23FF7E190000
385.2,0x100,380C1AFF7D190000
385.3,0x100,360C29FF75190000
385.4,0x100,350C2FFF98190000
385.5,0x100,390C12FF82190000
385.5,0x101,470F460F440F490F
385.5,0x102,410F5B0F450F3F0F
385.6,0x100,380C1DFF91190000
385.7,0x100,340C2EFF7E190000
385.8,0x100,360C28FF83190000
385.9,0x100,340C34FF87190000
386.0,0x100,380C1CFF81190000
386.0,0x101,480F450F410F480F
386.0,0x102,3F0F590F410F430F
386.0,0x103,0C010E0115010D01
386.0,0x104,0001000000000000
386.1,0x100,330C39FF83190000
386.2,0x100,370C1CFF84190000
386.3,0x100,320C47FF80190000
386.4,0x100,390C14FF81190000
386.5,0x100,370C1EFF8D190000
386.5,0x101,400F4A0F440F480F
386.5,0x102,3E0F540F410F3C0F
386.6,0x100,350C34FF79190000
386.7,0x100,330C47FF94190000
386.8,0x100,340C33FF89190000
386.9,0x100,340C36FF80190000
387.0,0x100,360C2EFF8C190000
387.0,0x101,430F440F430F410F
387.0,0x102,3C0F500F400F410F
387.0,0x103,0D010E0113010C01
387.0,0x104,0001000000000000
387.1,0x100,380C1FFF8C190000
387.2,0x100,370C27FF87190000
387.3,0x100,380C1CFF83190000
387.4,0x100,370C1BFF73190000
387.5,0x100,360C34FF7D190000
387.5,0x101,410F410F3E0F450F
387.5,0x102,420F540F3E0F3D0F
387.6,0x100,380C1DFF85190000
387.7,0x100,350C33FF89190000
387.8,0x100,380C1AFF85190000
387.9,0x100,350C32FF89190000
388.0,0x100,360C27FF82190000
388.0,0x101,420F420F420F460F
388.0,0x102,3F0F560F3F0F3F0F
388.0,0x103,0B010D0114010B01
388.0,0x104,0001000000000000
388.1,0x100,330C43FF8B190000
388.2,0x100,360C33FF9B190000
388.3,0x100,330C41FF87190000
388.4,0x100,380C23FF84190000
388.5,0x100,360C2FFF85190000
388.5,0x101,420F420F410F470F
388.5,0x102,3E0F530F400F3C0F
388.6,0x100,380C1FFF8E190000
388.7,0x100,360C28FF85190000
388.8,0x100,370C2AFF8E190000
388.9,0x100,360C23FF8F190000
389.0,0x100,380C1CFF98190000
389.0,0x101,440F470F440F4A0F
389.0,0x102,400F580F440F400F
389.0,0x103,0C010C0113010B01
389.0,0x104,0001000000000000
389.1,0x100,380C19FF8B190000
389.2,0x100,3B0C0BFF88190000
389.3,0x100,370C1EFF8A190000
389.4,0x100,350C37FF87190000
389.5,0x100,380C16FF89190000
389.5,0x101,450F430F420F490F
389.5,0x102,430F570F410F420F
389.6,0x100,380C19FF95190000
389.7,0x100,320C49FF83190000
389.8,0x100,370C24FF7A190000
389.9,0x100,360C33FF89190000
390.0,0x100,340C38FF8A190000
390.0,0x101,3D0F440F420F3E0F
390.0,0x102,3F0F500F400F3D0F
390.0,0x103,0D010B0112010C01
390.0,0x104,0001000000000000
390.1,0x100,340C38FF92190000
390.2,0x100,380C17FF86190000
390.3,0x100,370C2BFF84190000
390.4,0x100,390C16FF82190000
390.5,0x100,310C53FF82190000
390.5,0x101,3A0F400F3C0F3D0F
390.5,0x102,380F480F3C0F3D0F
390.6,0x100,390C16FF80190000
390.7,0x100,390C1EFF7D190000
390.8,0x100,380C1EFF73190000
390.9,0x100,390C18FF91190000
391.0,0x100,340C42FF8B190000
391.0,0x101,3F0F420F3C0F450F
391.0,0x102,390F510F3F0F3B0F
391.0,0x103,0A010C0112010A01
391.0,0x104,0001000000000000
391.1,0x100,310C52FF9E190000
391.2,0x100,370C27FF7A190000
391.3,0x100,380C1AFF9D190000
391.4,0x100,3B0C0CFF88190000
391.5,0x100,360C2AFF7A190000
391.5,0x101,420F410F3F0F430F
391.5,0x102,3F0F570F420F3D0F
391.6,0x100,350C29FF76190000
391.7,0x100,370C24FF85190000
391.8,0x100,350C31FF93190000
391.9,0x100,350C34FF8D190000
392.0,0x100,360C33FF87190000
392.0,0x101,400F460F430F450F
392.0,0x102,3D0F510F410F3F0F
392.0,0x103,0A010C0112010B01
392.0,0x104,0001000000000000
392.1,0x100,360C29FF96190000
392.2,0x100,380C1DFF8C190000
392.3,0x100,350C38FF7B190000
392.4,0x100,360C2EFF98190000
392.5,0x100,360C3BFF81190000
392.5,0x101,420F460F400F430F
392.5,0x102,3D0F530F400F3D0F
392.6,0x100,350C3AFF80190000
392.7,0x100,380C19FF89190000
392.8,0x100,390C18FF8F190000
392.9,0x100,370C23FF85190000
393.0,0x100,380C1EFF7A190000
393.0,0x101,450F450F450F460F
393.0,0x102,410F560F400F3F0F
393.0,0x103,0A010C0111010A01
393.0,0x104,0001000000000000
393.1,0x100,340C39FF86190000
393.2,0x100,350C33FF96190000
393.3,0x100,340C3EFF8C190000
393.4,0x100,350C34FF97190000
393.5,0x100,370C31FF91190000
393.5,0x101,430F420F410F460F
393.5,0x102,3D0F570F420F3F0F
393.6,0x100,340C40FF87190000
393.7,0x100,360C35FF85190000
393.8,0x100,360C2FFF8F190000
393.9,0x100,330C44FF8F190000
394.0,0x100,360C30FF8E190000
394.0,0x101,470F430F420F400F
394.0,0x102,400F540F400F3C0F
394.0,0x103,09010B0110010A01
394.0,0x104,0001000000000000
394.1,0x100,370C29FF8F190000
394.2,0x100,370C21FF8C190000
394.3,0x100,360C39FF8C190000
394.4,0x100,340C41FF85190000
394.5,0x100,370C2DFF83190000
394.5,0x101,450F440F400F490F
394.5,0x102,400F530F3E0F410F
394.6,0x100,330C42FF95190000
394.7,0x100,3A0C10FF84190000
394.8,0x100,360C2DFF7B190000
394.9,0x100,370C2DFF8B190000
395.0,0x100,380C23FF91190000
395.0,0x101,440F470F440F490F
395.0,0x102,3F0F5B0F3D0F410F
395.0,0x103,0A010B0111010A01
395.0,0x104,0001000000000000
395.1,0x100,320C52FF8D190000
395.2,0x100,380C2DFF83190000
395.3,0x100,370C28FF9A190000
395.4,0x100,370C2EFF91190000
395.5,0x100,3A0C10FF9B190000
395.5,0x101,460F460F460F490F
395.5,0x102,420F5D0F480F420F
395.6,0x100,370C23FF8F190000
395.7,0x100,340C3DFF94190000
395.8,0x100,370C25FF84190000
395.9,0x100,380C22FF71190000
396.0,0x100,340C42FF90190000
396.0,0x101,410F400F3D0F460F
396.0,0x102,3B0F4F0F3D0F3C0F
396.0,0x103,09010A0110010801
396.0,0x104,0001000000000000
396.1,0x100,340C42FF82190000
396.2,0x100,360C36FF99190000
396.3,0x100,380C27FF99190000
396.4,0x100,360C2AFF93190000
396.5,0x100,380C22FF88190000
396.5,0x101,450F460F460F460F
396.5,0x102,430F570F3E0F400F
396.6,0x100,380C1FFF90190000
396.7,0x100,380C1EFF96190000
396.8,0x100,390C25FF95190000
396.9,0x100,380C1EFF88190000
397.0,0x100,3A0C17FF7E190000
397.0,0x101,480F480F460F490F
397.0,0x102,3F0F5E0F430F440F
397.0,0x103,09010A0110010901
397.0,0x104,0001000000000000
397.1,0x100,360C31FF95190000
397.2,0x100,370C32FF91190000
397.3,0x100,320C48FF97190000
397.4,0x100,380C24FF92190000
397.5,0x100,360C32FF90190000
397.5,0x101,400F450F400F440F
397.5,0x102,400F540F400F3C0F
397.6,0x100,360C33FF90190000
397.7,0x100,360C2AFF8F190000
397.8,0x100,350C39FFAA190000
397.9,0x100,360C3AFF90190000
398.0,0x100,360C33FF8F190000
398.0,0x101,420F450F420F460F
398.0,0x102,3F0F550F3E0F3C0F
398.0,0x103,09010A010F010A01
398.0,0x104,0001000000000000
398.1,0x100,370C2AFF9A190000
398.2,0x100,370C29FF97190000
398.3,0x100,390C19FF94190000
398.4,0x100,390C22FF8B190000
398.5,0x100,380C25FF86190000
398.5,0x101,460F470F440F440F
398.5,0x102,410F540F450F400F
398.6,0x100,390C1DFF93190000
398.7,0x100,360C35FF92190000
398.8,0x100,350C40FF8F190000
398.9,0x100,380C20FF9C190000
399.0,0x100,360C32FF9D190000
399.0,0x101,410F440F460F430F
399.0,0x102,3E0F540F3F0F3B0F
399.0,0x103,08010A0110010801
399.0,0x104,0001000000000000
399.1,0x100,390C1EFFA0190000
399.2,0x100,370C29FF8A190000
399.3,0x100,370C24FF9F190000
399.4,0x100,350C37FF82190000
399.5,0x100,380C24FF94190000
399.5,0x101,440F420F440F490F
399.5,0x102,400F570F440F430F
399.6,0x100,360C3DFF9D190000
399.7,0x100,380C2AFF8B190000
399.8,0x100,370C24FF88190000
399.9,0x100,390C1BFF95190000
400.0,0x100,370C32FFA6190000
400.0,0x101,460F460F430F430F
400.0,0x102,410F530F410F3F0F
400.0,0x103,090109010F010901
400.0,0x104,0001000000000000
400.1,0x100,360C3BFFA7190000
400.2,0x100,360C32FFA1190000
400.3,0x100,320C50FF8C190000
400.4,0x100,340C43FF96190000
400.5,0x100,380C29FFAC190000
400.5,0x101,430F470F480F480F
400.5,0x102,400F580F3F0F430F
400.6,0x100,370C29FF9F190000
400.7,0x100,360C35FF87190000
400.8,0x100,380C21FF9E190000
400.9,0x100,340C3FFF8F190000
401.0,0x100,360C33FF94190000
401.0,0x101,420F450F460F450F
401.0,0x102,3B0F520F410F3E0F
401.0,0x103,08010A010E010901
401.0,0x104,0001000000000000
401.1,0x100,360C32FF9E190000
401.2,0x100,360C38FF93190000
401.3,0x100,340C48FF92190000
401.4,0x100,370C31FFA2190000
401.5,0x100,380C2CFF9F190000
401.5,0x101,420F480F440F460F
401.5,0x102,3F0F570F420F440F
401.6,0x100,340C45FF9B190000
401.7,0x100,360C3DFFAD190000
401.8,0x100,380C29FF9A190000
401.9,0x100,360C2EFF9B190000
402.0,0x100,360C31FF95190000
402.0,0x101,440F450F410F470F
402.0,0x102,420F500F410F3C0F
402.0,0x103,08010A010E010901
402.0,0x104,0001000000000000
402.1,0x100,360C33FF8F190000
402.2,0x100,3A0C1AFF8A190000
402.3,0x100,3A0C17FFA1190000
402.4,0x100,3A0C21FF94190000
402.5,0x100,380C20FFB3190000
402.5,0x101,480F440F430F450F
402.5,0x102,3E0F570F420F450F
402.6,0x100,380C24FF90190000
402.7,0x100,360C38FF92190000
402.8,0x100,380C2BFF9D190000
402.9,0x100,370C31FF8F190000
403.0,0x100,3A0C1CFF8B190000
403.0,0x101,450F490F460F4B0F
403.0,0x102,430F5B0F410F440F
403.0,0x103,080109010E010901
403.0,0x104,0001000000000000
403.1,0x100,390C27FFA0190000
403.2,0x100,360C37FF84190000
403.3,0x100,370C37FF9C190000
403.4,0x100,380C23FF9C190000
403.5,0x100,380C30FFA4190000
403.5,0x101,450F460F460F470F
403.5,0x102,3F0F560F3F0F430F
403.6,0x100,320C4FFF9F190000
403.7,0x100,360C2EFFB6190000
403.8,0x100,380C24FF97190000
403.9,0x100,370C2BFF8D190000
404.0,0x100,370C2FFFB6190000
404.0,0x101,420F450F440F4B0F
404.0,0x102,410F570F3D0F3C0F
404.0,0x103,080109010E010801
404.0,0x104,0001000000000000
404.1,0x100,380C2CFF9C190000
404.2,0x100,390C2EFF92190000
404.3,0x100,3B0C18FF8B190000
404.4,0x100,3A0C20FF98190000
404.5,0x100,370C2CFF94190000
404.5,0x101,440F440F420F460F
404.5,0x102,3D0F570F440F410F
404.6,0x100,380C2CFF94190000
404.7,0x100,380C26FF87190000
404.8,0x100,370C2BFF98190000
404.9,0x100,370C2FFFA0190000
405.0,0x100,350C3BFF92190000
405.0,0x101,420F420F430F420F
405.0,0x102,3E0F530F3F0F3E0F
405.0,0x103,080108010F010701
405.0,0x104,0001000000000000
405.1,0x100,370C2DFF98190000
405.2,0x100,360C34FF98190000
405.3,0x100,380C26FF9E190000
405.4,0x100,370C37FFAE190000
405.5,0x100,370C34FF9F190000
405.5,0x101,440F450F420F420F
405.5,0x102,400F550F410F410F
405.6,0x100,360C3BFF92190000
405.7,0x100,360C39FF9C190000
405.8,0x100,360C37FFA1190000
405.9,0x100,380C2DFF91190000
406.0,0x100,380C32FF94190000
406.0,0x101,410F450F460F430F
406.0,0x102,3F0F590F400F450F
406.0,0x103,080109010D010801
406.0,0x104,0001000000000000
406.1,0x100,340C3EFF94190000
406.2,0x100,390C24FF9C190000
406.3,0x100,380C25FF9A190000
406.4,0x100,370C31FF8D190000
406.5,0x100,360C34FF99190000
406.5,0x101,440F420F410F450F
406.5,0x102,3C0F520F400F400F
406.6,0x100,390C22FF9E190000
406.7,0x100,380C2DFFA9190000
406.8,0x100,380C2DFF91190000
406.9,0x100,3C0C0DFF96190000
407.0,0x100,380C2BFF94190000
407.0,0x101,440F460F440F430F
407.0,0x102,420F5A0F400F400F
407.0,0x103,080109010E010801
407.0,0x104,0001000000000000
407.1,0x100,390C2CFF8F190000
407.2,0x100,380C2CFF85190000
407.3,0x100,340C43FFA4190000
407.4,0x100,390C1CFFA1190000
407.5,0x100,390C22FFA4190000
407.5,0x101,480F460F440F4A0F
407.5,0x102,420F540F440F450F
407.6,0x100,3D0C07FFA3190000
407.7,0x100,390C27FF9C190000
407.8,0x100,380C28FF9A190000
407.9,0x100,380C26FFAB190000
408.0,0x100,360C3FFFA7190000
408.0,0x101,450F420F420F450F
408.0,0x102,400F500F410F3D0F
408.0,0x103,080109010E010701
408.0,0x104,0001000000000000
408.1,0x100,350C3BFF9F190000
408.2,0x100,380C2FFF97190000
408.3,0x100,380C28FFA2190000
408.4,0x100,350C3DFFA3190000
408.5,0x100,380C2EFF9B190000
408.5,0x101,430F430F420F490F
408.5,0x102,410F580F430F430F
408.6,0x100,3A0C22FFA4190000
408.7,0x100,3A0C14FFA7190000
408.8,0x100,370C27FFA6190000
408.9,0x100,350C39FFAB190000
409.0,0x100,340C50FFAA190000
409.0,0x101,400F400F3F0F410F
409.0,0x102,3D0F510F3D0F3B0F
409.0,0x103,080109010D010701
409.0,0x104,0001000000000000
409.1,0x100,380C2FFFAC190000
409.2,0x100,390C23FF9D190000
409.3,0x100,3B0C1CFFAA190000
409.4,0x100,370C36FFA7190000
409.5,0x100,3B0C14FFAB190000
409.5,0x101,4A0F490F470F480F
409.5,0x102,470F5C0F450F420F
409.6,0x100,370C36FFA4190000
409.7,0x100,360C3AFFA8190000
409.8,0x100,380C35FF99190000
409.9,0x100,380C2BFFA8190000
410.0,0x100,360C36FFAF190000
410.0,0x101,460F440F420F430F
410.0,0x102,3C0F540F400F3F0F
410.0,0x103,070108010D010601
410.0,0x104,0001000000000000
410.1,0x100,380C31FFB4190000
410.2,0x100,390C22FFA2190000
410.3,0x100,350C4AFFB6190000
410.4,0x100,380C29FFA2190000
410.5,0x100,350C3AFFAB190000
410.5,0x101,420F420F430F450F
410.5,0x102,3D0F540F400F3A0F
410.6,0x100,3D0C0AFFA5190000
410.7,0x100,360C41FFB1190000
410.8,0x100,360C44FFA6190000
410.9,0x100,370C2EFF9E190000
411.0,0x100,380C36FFAF190000
411.0,0x101,480F440F470F450F
411.0,0x102,3F0F570F3F0F400F
411.0,0x103,070108010D010601
411.0,0x104,0001000000000000
411.1,0x100,380C36FFA0190000
411.2,0x100,390C24FFA8190000
411.3,0x100,380C36FF94190000
411.4,0x100,3A0C22FFAD190000
411.5,0x100,3A0C25FF93190000
411.5,0x101,4B0F440F4A0F480F
411.5,0x102,410F590F420F450F
411.6,0x100,350C3FFFA0190000
411.7,0x100,370C3DFF98190000
411.8,0x100,3A0C23FF9B190000
411.9,0x100,390C23FFA5190000
412.0,0x100,390C24FF9F190000
412.0,0x101,450F470F470F480F
412.0,0x102,400F590F480F3E0F
412.0,0x103,080108010D010701
412.0,0x104,0001000000000000
412.1,0x100,360C39FFAE190000
412.2,0x100,3B0C1FFFA4190000
412.3,0x100,370C33FFA8190000
412.4,0x100,360C39FF9E190000
412.5,0x100,380C2DFFAE190000
412.5,0x101,450F430F430F4B0F
412.5,0x102,3F0F580F400F410F
412.6,0x100,360C3DFFA9190000
412.7,0x100,370C29FFAC190000
412.8,0x100,380C2BFFAF190000
412.9,0x100,390C1FFFB0190000
413.0,0x100,360C3DFFAC190000
413.0,0x101,430F3F0F420F470F
413.0,0x102,400F530F400F3E0F
413.0,0x103,070109010D010601
413.0,0x104,0001000000000000
413.1,0x100,390C23FFA9190000
413.2,0x100,370C33FFB3190000
413.3,0x100,380C2DFFA9190000
413.4,0x100,3A0C1EFFA4190000
413.5,0x100,3A0C25FFB1190000
413.5,0x101,4B0F480F460F460F
413.5,0x102,3F0F580F460F420F
413.6,0x100,350C43FFB3190000
413.7,0x100,370C31FFA8190000
413.8,0x100,390C1FFFAF190000
413.9,0x100,370C33FFAD190000
414.0,0x100,380C2CFFAA190000
414.0,0x101,490F470F430F450F
414.0,0x102,3F0F570F460F400F
414.0,0x103,070108010D010701
414.0,0x104,0001000000000000
414.1,0x100,320C62FF9A190000
414.2,0x100,380C32FF9E190000
414.3,0x100,3A0C28FFA5190000
414.4,0x100,360C43FFAA190000
414.5,0x100,3C0C12FF9E190000
414.5,0x101,4C0F490F4A0F4C0F
414.5,0x102,440F5F0F450F410F
414.6,0x100,380C2FFF95190000
414.7,0x100,350C4CFFA9190000
414.8,0x100,390C2CFFAA190000
414.9,0x100,3C0C14FFB3190000
415.0,0x100,390C28FFBD190000
415.0,0x101,470F470F460F460F
415.0,0x102,420F570F440F410F
415.0,0x103,070108010D010801
415.0,0x104,0001000000000000
415.1,0x100,350C44FF9D190000
415.2,0x100,380C34FFAE190000
415.3,0x100,3A0C21FFC2190000
415.4,0x100,390C24FF9E190000
415.5,0x100,390C26FFA1190000
415.5,0x101,460F470F460F460F
415.5,0x102,450F5B0F420F430F
415.6,0x100,380C33FFB5190000
415.7,0x100,350C42FFAD190000
415.8,0x100,360C3EFFAE190000
415.9,0x100,370C35FFB2190000
416.0,0x100,3B0C1AFFB3190000
416.0,0x101,4B0F490F490F4A0F
416.0,0x102,450F5B0F420F460F
416.0,0x103,070107010D010801
416.0,0x104,0001000000000000
416.1,0x100,3B0C1AFFB0190000
416.2,0x100,370C36FFB1190000
416.3,0x100,3C0C1AFFA0190000
416.4,0x100,390C2BFFB6190000
416.5,0x100,380C33FFBC190000
416.5,0x101,440F460F460F450F
416.5,0x102,450F580F410F410F
416.6,0x100,3B0C1DFFB7190000
416.7,0x100,3A0C1FFFB2190000
416.8,0x100,390C2DFFC0190000
416.9,0x100,370C36FFAF190000
417.0,0x100,360C3EFFB7190000
417.0,0x101,430F450F430F450F
417.0,0x102,3E0F4F0F440F3B0F
417.0,0x103,070108010D010601
417.0,0x104,0001000000000000
417.1,0x100,370C37FFBE190000
417.2,0x100,390C2FFFAA190000
417.3,0x100,3B0C23FFBA190000
417.4,0x100,3C0C1EFFA2190000
417.5,0x100,390C26FFA5190000
417.5,0x101,440F480F440F4B0F
417.5,0x102,3D0F5C0F430F400F
417.6,0x100,380C34FFA4190000
417.7,0x100,380C33FF98190000
417.8,0x100,3C0C0FFFA7190000
417.9,0x100,3B0C22FFAF190000
418.0,0x100,370C40FFAB190000
418.0,0x101,430F460F420F440F
418.0,0x102,440F560F410F3D0F
418.0,0x103,070108010D010701
418.0,0x104,0001000000000000
418.1,0x100,380C2FFFA2190000
418.2,0x100,3C0C19FF96190000
418.3,0x100,340C51FFA7190000
418.4,0x100,390C2EFFA6190000
418.5,0x100,380C34FFC2190000
418.5,0x101,450F470F440F480F
418.5,0x102,3F0F550F450F430F
418.6,0x100,380C34FFAF190000
418.7,0x100,3A0C28FFC1190000
418.8,0x100,390C23FFA8190000
418.9,0x100,350C4EFFBA190000
419.0,0x100,360C3DFFB2190000
419.0,0x101,400F420F400F460F
419.0,0x102,3E0F540F420F410F
419.0,0x103,070107010D010601
419.0,0x104,0001000000000000
419.1,0x100,380C3AFFA8190000
419.2,0x100,370C37FFB3190000
419.3,0x100,3A0C1FFFAE190000
419.4,0x100,360C41FFAD190000
419.5,0x100,3A0C21FFA0190000
419.5,0x101,4A0F470F490F480F
419.5,0x102,420F590F440F450F
419.6,0x100,390C32FFC4190000
419.7,0x100,3B0C15FFB6190000
419.8,0x100,3D0C0FFFA6190000
419.9,0x100,390C33FFB5190000
420.0,0x100,3B0C22FFAE190000
420.0,0x101,4B0F4A0F460F4B0F
420.0,0x102,420F5B0F450F430F
420.0,0x103,070107010D010701
420.0,0x104,0001000000000000
420.1,0x100,3C0C10FFBF190000
420.2,0x100,380C36FFAE190000
420.3,0x100,350C4EFFB1190000
420.4,0x100,360C43FFAB190000
420.5,0x100,3B0C2AFFB7190000
420.5,0x101,470F470F440F4D0F
420.5,0x102,470F5C0F440F430F
420.6,0x100,3A0C2EFFB2190000
420.7,0x100,360C3BFFBF190000
420.8,0x100,370C3FFFB5190000
420.9,0x100,390C29FFCB190000
421.0,0x100,380C2FFFB1190000
421.0,0x101,460F450F450F480F
421.0,0x102,3E0F590F400F400F
421.0,0x103,070108010C010801
421.0,0x104,0001000000000000
421.1,0x100,380C33FFAB190000
421.2,0x100,370C36FFAB190000
421.3,0x100,380C2CFFAC190000
421.4,0x100,3A0C2CFFAB190000
421.5,0x100,350C43FFC2190000
421.5,0x101,420F400F3F0F410F
421.5,0x102,400F500F400F410F
421.6,0x100,370C40FFB1190000
421.7,0x100,370C35FFB6190000
421.8,0x100,360C48FFA7190000
421.9,0x100,3A0C28FFB4190000
422.0,0x100,360C46FF9C190000
422.0,0x101,430F440F410F460F
422.0,0x102,3F0F510F420F400F
422.0,0x103,070107010C010601
422.0,0x104,0001000000000000
422.1,0x100,370C36FFB8190000
422.2,0x100,320C5FFFAF190000
422.3,0x100,3C0C1CFFC4190000
422.4,0x100,3B0C24FFBD190000
422.5,0x100,380C34FFBD190000
422.5,0x101,480F440F490F460F
422.5,0x102,400F560F3F0F3F0F
422.6,0x100,380C34FFAC190000
422.7,0x100,350C4BFFB8190000
422.8,0x100,390C24FFC9190000
422.9,0x100,380C3CFFAD190000
423.0,0x100,370C3FFFAD190000
423.0,0x101,430F450F460F470F
423.0,0x102,420F520F420F3F0F
423.0,0x103,070107010D010701
423.0,0x104,0001000000000000
423.1,0x100,380C39FFB6190000
423.2,0x100,3B0C20FFB8190000
423.3,0x100,370C43FFBC190000
423.4,0x100,370C40FFBB190000
423.5,0x100,390C37FFB8190000
423.5,0x101,470F450F460F440F
423.5,0x102,410F560F460F440F
423.6,0x100,390C31FFAF190000
423.7,0x100,380C31FFCA190000
423.8,0x100,390C2DFFC6190000
423.9,0x100,380C38FFBB190000
424.0,0x100,390C2EFFC3190000
424.0,0x101,470F450F460F4A0F
424.0,0x102,3F0F550F420F420F
424.0,0x103,060107010C010701
424.0,0x104,0001000000000000
424.1,0x100,3A0C21FFB7190000
424.2,0x100,3B0C1EFFAB190000
424.3,0x100,3B0C23FFC0190000
424.4,0x100,390C31FFAB190000
424.5,0x100,3A0C2EFFCC190000
424.5,0x101,490F480F490F490F
424.5,0x102,400F570F440F420F
424.6,0x100,390C31FFAD190000
424.7,0x100,380C36FFC6190000
424.8,0x100,3A0C25FFCB190000
424.9,0x100,360C44FFAB190000
425.0,0x100,390C2AFFAA190000
425.0,0x101,460F440F430F480F
425.0,0x102,440F590F470F430F
425.0,0x103,060107010B010701
425.0,0x104,0001000000000000
425.1,0x100,390C27FFBE190000
425.2,0x100,380C35FFC8190000
425.3,0x100,3D0C12FFC0190000
425.4,0x100,3B0C22FFB1190000
425.5,0x100,370C3DFFC9190000
425.5,0x101,450F460F410F420F
425.5,0x102,440F510F450F420F
425.6,0x100,3D0C14FFD0190000
425.7,0x100,380C3FFFB0190000
425.8,0x100,360C45FFBE190000
425.9,0x100,3A0C28FFC0190000
426.0,0x100,3A0C32FFB7190000
426.0,0x101,480F470F450F490F
426.0,0x102,440F5A0F410F440F
426.0,0x103,060108010C010601
426.0,0x104,0001000000000000
426.1,0x100,380C3FFFB1190000
426.2,0x100,3A0C27FFB0190000
426.3,0x100,380C3BFFA9190000
426.4,0x100,3B0C24FFC3190000
426.5,0x100,3A0C27FFB6190000
426.5,0x101,450F4A0F450F460F
426.5,0x102,480F5A0F450F400F
426.6,0x100,3B0C22FFCB190000
426.7,0x100,3A0C33FFC0190000
426.8,0x100,370C3FFFBA190000
426.9,0x100,3A0C2BFFCA190000
427.0,0x100,3C0C1BFFBB190000
427.0,0x101,480F4A0F480F4C0F
427.0,0x102,460F5D0F4B0F470F
427.0,0x103,060107010C010701
427.0,0x104,0001000000000000
427.1,0x100,3C0C1EFFB6190000
427.2,0x100,380C34FFC3190000
427.3,0x100,370C4AFFB6190000
427.4,0x100,3A0C34FFBD190000
427.5,0x100,3B0C28FFBF190000
427.5,0x101,4A0F490F4B0F460F
427.5,0x102,440F5B0F470F470F
427.6,0x100,380C39FFBD190000
427.7,0x100,3B0C2AFFC0190000
427.8,0x100,3A0C28FFC0190000
427.9,0x100,3C0C20FFBE190000
428.0,0x100,370C43FFB7190000
428.0,0x101,430F440F450F440F
428.0,0x102,3F0F530F440F420F
428.0,0x103,070107010C010601
428.0,0x104,0001000000000000
428.1,0x100,400C08FFB2190000
428.2,0x100,380C3AFFB5190000
428.3,0x100,3B0C27FFB6190000
428.4,0x100,3A0C28FFC4190000
428.5,0x100,370C47FFCE190000
428.5,0x101,410F490F410F460F
428.5,0x102,410F520F3F0F410F
428.6,0x100,3B0C23FFBD190000
428.7,0x100,3C0C24FFCA190000
428.8,0x100,390C2CFFB6190000
428.9,0x100,380C34FFBC190000
429.0,0x100,3A0C27FFBC190000
429.0,0x101,470F490F470F470F
429.0,0x102,420F570F470F470F
429.0,0x103,070107010C010701
429.0,0x104,0001000000000000
429.1,0x100,3D0C16FFC4190000
429.2,0x100,3C0C21FFB8190000
429.3,0x100,380C41FFC6190000
429.4,0x100,3B0C2FFFC2190000
429.5,0x100,390C35FFC0190000
429.5,0x101,470F470F420F480F
429.5,0x102,440F540F410F450F
429.6,0x100,3B0C2AFFB9190000
429.7,0x100,3B0C24FFAE190000
429.8,0x100,360C47FFBA190000
429.9,0x100,3A0C2BFFC6190000
430.0,0x100,3A0C27FFAD190000
430.0,0x101,480F4A0F450F4B0F
430.0,0x102,440F5A0F430F450F
430.0,0x103,070107010B010701
430.0,0x104,0001000000000000
430.1,0x100,380C3EFFAF190000
430.2,0x100,3B0C23FFBC190000
430.3,0x100,3B0C25FFB7190000
430.4,0x100,3A0C2EFFE0190000
430.5,0x100,3A0C2EFFC2190000
430.5,0x101,4A0F470F460F490F
430.5,0x102,410F590F460F430F
430.6,0x100,3A0C32FFBC190000
430.7,0x100,370C4DFFCB190000
430.8,0x100,390C33FFBF190000
430.9,0x100,3E0C0AFFBF190000
431.0,0x100,390C33FFD3190000
431.0,0x101,480F490F450F490F
431.0,0x102,410F590F430F400F
431.0,0x103,070108010C010701
431.0,0x104,0001000000000000
431.1,0x100,3A0C2FFFAC190000
431.2,0x100,3A0C2FFFB7190000
431.3,0x100,3A0C32FFC6190000
431.4,0x100,3A0C2EFFB7190000
431.5,0x100,3A0C2DFFB7190000
431.5,0x101,470F4A0F480F490F
431.5,0x102,410F590F490F420F
431.6,0x100,390C37FFC9190000
431.7,0x100,3B0C26FFBB190000
431.8,0x100,3D0C20FFC5190000
431.9,0x100,340C5BFFBF190000
432.0,0x100,3B0C23FFC5190000
432.0,0x101,480F470F480F490F
432.0,0x102,450F5C0F450F440F
432.0,0x103,060107010C010701
432.0,0x104,0001000000000000
432.1,0x100,3A0C30FFC1190000
432.2,0x100,3D0C18FFCA190000
432.3,0x100,3A0C30FFCC190000
432.4,0x100,3C0C20FFBB190000
432.5,0x100,3B0C27FFB2190000
432.5,0x101,490F4B0F440F4A0F
432.5,0x102,450F5F0F460F400F
432.6,0x100,380C3EFFC1190000
432.7,0x100,390C35FFBD190000
432.8,0x100,380C37FFBC190000
432.9,0x100,3E0C13FFB2190000
433.0,0x100,380C4AFFBF190000
433.0,0x101,440F480F440F470F
433.0,0x102,440F530F430F410F
433.0,0x103,070108010C010601
433.0,0x104,0001000000000000
433.1,0x100,3D0C1CFFC4190000
433.2,0x100,370C45FFBD190000
433.3,0x100,390C3DFFC3190000
433.4,0x100,3A0C37FFCA190000
433.5,0x100,3C0C21FFD2190000
433.5,0x101,4B0F4C0F4A0F4A0F
433.5,0x102,440F5D0F470F420F
433.6,0x100,3A0C30FFD3190000
433.7,0x100,3B0C27FFBD190000
433.8,0x100,3B0C2EFFBD190000
433.9,0x100,3B0C2AFFB6190000
434.0,0x100,3D0C0FFFCD190000
434.0,0x101,4C0F4D0F4E0F4D0F
434.0,0x102,440F600F470F470F
434.0,0x103,070107010B010601
434.0,0x104,0001000000000000
434.1,0x100,380C3FFFC6190000
434.2,0x100,3B0C2DFFD3190000
434.3,0x100,3B0C27FFC7190000
434.4,0x100,3C0C26FFBF190000
434.5,0x100,390C33FFC5190000
434.5,0x101,4A0F450F450F480F
434.5,0x102,420F5A0F410F430F
434.6,0x100,3D0C21FFC3190000
434.7,0x100,400C0CFFBE190000
434.8,0x100,3A0C34FFC6190000
434.9,0x100,3A0C36FFBD190000
435.0,0x100,3B0C2BFFD4190000
435.0,0x101,470F4A0F4C0F490F
435.0,0x102,440F590F4A0F430F
435.0,0x103,060107010B010701
435.0,0x104,0001000000000000
435.1,0x100,3C0C1DFFB5190000
435.2,0x100,3A0C2FFFD2190000
435.3,0x100,3E0C18FFC1190000
435.4,0x100,3C0C1FFFA9190000
435.5,0x100,3C0C23FFB5190000
435.5,0x101,4A0F470F480F4E0F
435.5,0x102,460F5D0F450F480F
435.6,0x100,390C3BFFC6190000
435.7,0x100,3B0C29FFC3190000
435.8,0x100,3C0C27FFCB190000
435.9,0x100,370C4BFFC3190000
436.0,0x100,3A0C33FFCD190000
436.0,0x101,480F450F440F4B0F
436.0,0x102,440F5B0F450F440F
436.0,0x103,070107010C010601
436.0,0x104,0001000000000000
436.1,0x100,3A0C33FFC7190000
436.2,0x100,3B0C28FFCE190000
436.3,0x100,3C0C25FFD0190000
436.4,0x100,3F0C0DFFCD190000
436.5,0x100,390C3DFFC5190000
436.5,0x101,480F490F450F4C0F
436.5,0x102,420F560F410F420F
436.6,0x100,3A0C35FFD6190000
436.7,0x100,3B0C2BFFC8190000
436.8,0x100,3B0C2CFFC1190000
436.9,0x100,380C39FFC4190000
437.0,0x100,3D0C17FFCC190000
437.0,0x101,4B0F4D0F4B0F4C0F
437.0,0x102,450F5D0F490F470F
437.0,0x103,060107010C010701
437.0,0x104,0001000000000000
437.1,0x100,3C0C25FFD3190000
437.2,0x100,3D0C1DFFD0190000
437.3,0x100,370C49FFD0190000
437.4,0x100,390C3BFFC5190000
437.5,0x100,3F0C0DFFD4190000
437.5,0x101,4C0F4E0F4D0F520F
437.5,0x102,490F5F0F480F480F
437.6,0x100,3E0C17FFCA190000
437.7,0x100,3B0C2CFFC4190000
437.8,0x100,3B0C27FFB7190000
437.9,0x100,3D0C1AFFD0190000
438.0,0x100,370C4BFFC4190000
438.0,0x101,430F460F470F470F
438.0,0x102,410F510F3F0F3E0F
438.0,0x103,070108010C010601
438.0,0x104,0001000000000000
438.1,0x100,3A0C33FFBF190000
438.2,0x100,3A0C35FFBE190000
438.3,0x100,3C0C24FFD3190000
438.4,0x100,3A0C39FFCC190000
438.5,0x100,3C0C28FFD0190000
438.5,0x101,4B0F4B0F490F4A0F
438.5,0x102,460F590F480F430F
438.6,0x100,3B0C2AFFC9190000
438.7,0x100,3A0C37FFCB190000
438.8,0x100,3E0C16FFCB190000
438.9,0x100,380C46FFC0190000
439.0,0x100,3A0C31FFD4190000
439.0,0x101,4A0F450F420F480F
439.0,0x102,460F5C0F420F410F
439.0,0x103,070108010C010601
439.0,0x104,0001000000000000
439.1,0x100,390C41FFC3190000
439.2,0x100,3B0C1EFFC6190000
439.3,0x100,3D0C20FFD0190000
439.4,0x100,3D0C1DFFD6190000
439.5,0x100,3B0C32FFC6190000
439.5,0x101,440F470F4A0F4D0F
439.5,0x102,450F580F440F470F
439.6,0x100,3B0C2FFFD4190000
439.7,0x100,3B0C27FFD0190000
439.8,0x100,3D0C1FFFCA190000
439.9,0x100,3E0C1BFFCC190000
440.0,0x100,3A0C2DFFCC190000
440.0,0x101,490F470F4A0F470F
440.0,0x102,3D0F5C0F470F460F
440.0,0x103,080107010B010601
440.0,0x104,0001000000000000
440.1,0x100,3C0C27FFCF190000
440.2,0x100,3C0C24FFD9190000
440.3,0x100,380C45FFD0190000
440.4,0x100,3B0C2DFFCB190000
440.5,0x100,390C41FFC9190000
440.5,0x101,460F470F460F480F
440.5,0x102,420F560F450F430F
440.6,0x100,3C0C26FFCF190000
440.7,0x100,3B0C32FFC9190000
440.8,0x100,3B0C2DFFBC190000
440.9,0x100,3E0C15FFDA190000
441.0,0x100,390C43FFCD190000
441.0,0x101,460F450F4A0F4A0F
441.0,0x102,440F540F410F410F
441.0,0x103,070107010C010501
441.0,0x104,0001000000000000
441.1,0x100,3B0C2CFFCD190000
441.2,0x100,390C39FFDC190000
441.3,0x100,3D0C23FFCA190000
441.4,0x100,3B0C2CFFD3190000
441.5,0x100,3D0C21FFCF190000
441.5,0x101,4E0F4B0F490F4A0F
441.5,0x102,460F600F480F470F
441.6,0x100,3A0C41FFD3190000
441.7,0x100,3A0C33FFC9190000
441.8,0x100,3B0C34FFD8190000
441.9,0x100,390C42FFE1190000
442.0,0x100,380C3FFFC6190000
442.0,0x101,470F460F420F4A0F
442.0,0x102,3F0F560F430F430F
442.0,0x103,070107010C010601
442.0,0x104,0001000000000000
442.1,0x100,3A0C39FFD7190000
442.2,0x100,3D0C19FFD1190000
442.3,0x100,3C0C24FFD4190000
442.4,0x100,3D0C1FFFD5190000
442.5,0x100,3B0C39FFC4190000
442.5,0x101,490F460F4A0F4F0F
442.5,0x102,420F580F410F460F
442.6,0x100,3A0C31FFC9190000
442.7,0x100,3E0C19FFCE190000
442.8,0x100,3C0C2BFFDD190000
442.9,0x100,3E0C18FFCE190000
443.0,0x100,3B0C2DFFD6190000
443.0,0x101,490F4C0F460F4A0F
443.0,0x102,450F5E0F460F450F
443.0,0x103,060106010C010701
443.0,0x104,0001000000000000
443.1,0x100,3E0C15FFD2190000
443.2,0x100,3B0C36FFD2190000
443.3,0x100,390C34FFD3190000
443.4,0x100,380C4BFFC9190000
443.5,0x100,390C3BFFD0190000
443.5,0x101,480F470F4B0F490F
443.5,0x102,430F540F430F420F
443.6,0x100,3B0C28FFCE190000
443.7,0x100,3A0C3AFFD1190000
443.8,0x100,3E0C19FFCB190000
443.9,0x100,3D0C20FFE4190000
444.0,0x100,3A0C33FFC1190000
444.0,0x101,470F490F480F460F
444.0,0x102,450F590F430F430F
444.0,0x103,080108010C010601
444.0,0x104,0001000000000000
444.1,0x100,3F0C0EFFC2190000
444.2,0x100,3B0C2DFFD7190000
444.3,0x100,3E0C1FFFDB190000
444.4,0x100,3B0C30FFE3190000
444.5,0x100,3C0C1EFFD1190000
444.5,0x101,4A0F4B0F4B0F4B0F
444.5,0x102,450F600F4A0F430F
444.6,0x100,3B0C34FFD3190000
444.7,0x100,3B0C2EFFD8190000
444.8,0x100,380C43FFE2190000
444.9,0x100,3B0C2EFFC7190000
445.0,0x100,3D0C22FFD6190000
445.0,0x101,4B0F4A0F4C0F4D0F
445.0,0x102,480F600F490F460F
445.0,0x103,070107010C010601
445.0,0x104,0001000000000000
445.1,0x100,3C0C2AFFDA190000
445.2,0x100,3F0C1AFFD1190000
445.3,0x100,3A0C34FFD9190000
445.4,0x100,3A0C37FFCE190000
445.5,0x100,370C53FFE1190000
445.5,0x101,430F440F470F430F
445.5,0x102,410F510F410F3D0F
445.6,0x100,3C0C25FFC3190000
445.7,0x100,3C0C2AFFD2190000
445.8,0x100,3B0C25FFDB190000
445.9,0x100,3B0C31FFD2190000
446.0,0x100,3A0C34FFDE190000
446.0,0x101,470F480F460F490F
446.0,0x102,460F5A0F420F460F
446.0,0x103,070107010C010601
446.0,0x104,0001000000000000
446.1,0x100,3B0C2DFFD6190000
446.2,0x100,390C3EFFD8190000
446.3,0x100,3D0C25FFDB190000
446.4,0x100,3B0C3DFFD5190000
446.5,0x100,3B0C36FFC5190000
446.5,0x101,4C0F470F4A0F4B0F
446.5,0x102,430F590F460F450F
446.6,0x100,3C0C2EFFE8190000
446.7,0x100,3D0C29FFE4190000
446.8,0x100,360C52FFDE190000
446.9,0x100,3E0C22FFD3190000
447.0,0x100,3C0C32FFDB190000
447.0,0x101,4A0F4B0F480F4D0F
447.0,0x102,470F5D0F440F450F
447.0,0x103,070107010C010701
447.0,0x104,0001000000000000
447.1,0x100,3D0C23FFC5190000
447.2,0x100,390C49FFC7190000
447.3,0x100,3A0C3BFFEF190000
447.4,0x100,3D0C24FFCB190000
447.5,0x100,3B0C36FFD4190000
447.5,0x101,490F490F480F480F
447.5,0x102,460F590F470F470F
447.6,0x100,3B0C32FFD9190000
447.7,0x100,3D0C26FFDB190000
447.8,0x100,3B0C39FFD8190000
447.9,0x100,3B0C34FFD4190000
448.0,0x100,3B0C31FFD7190000
448.0,0x101,4A0F420F470F4D0F
448.0,0x102,430F5C0F480F450F
448.0,0x103,070107010B010701
448.0,0x104,0001000000000000
448.1,0x100,3B0C2DFFE3190000
448.2,0x100,3A0C34FFDF190000
448.3,0x100,3C0C31FFDF190000
448.4,0x100,3B0C2FFFC5190000
448.5,0x100,3D0C24FFDE190000
448.5,0x101,4D0F4B0F4C0F4C0F
448.5,0x102,470F5E0F470F480F
448.6,0x100,390C47FFDA190000
448.7,0x100,3E0C1EFFD3190000
448.8,0x100,3B0C34FFEB190000
448.9,0x100,3B0C29FFCA190000
449.0,0x100,380C48FFD9190000
449.0,0x101,460F480F480F430F
449.0,0x102,400F520F420F450F
449.0,0x103,070107010C010601
449.0,0x104,0001000000000000
449.1,0x100,3C0C20FFE5190000
449.2,0x100,3C0C23FFDB190000
449.3,0x100,3F0C1FFFC6190000
449.4,0x100,3C0C33FFE8190000
449.5,0x100,3E0C19FFC9190000
449.5,0x101,4E0F4F0F4A0F4F0F
449.5,0x102,420F620F480F470F
449.6,0x100,3D0C27FFCE190000
449.7,0x100,400C0EFFE4190000
449.8,0x100,3C0C32FFD1190000
449.9,0x100,3C0C26FFD8190000
450.0,0x100,3F0C18FFD1190000
450.0,0x101,500F4B0F4F0F4F0F
450.0,0x102,490F5E0F4A0F480F
450.0,0x103,070107010B010601
450.0,0x104,0001000000000000
450.1,0x100,3C0C3EFFDC190000
450.2,0x100,3E0C1AFFE7190000
450.3,0x100,3A0C3AFFCB190000
450.4,0x100,3D0C23FFDE190000
450.5,0x100,390C46FFCA190000
450.5,0x101,460F480F470F490F
450.5,0x102,430F540F430F420F
450.6,0x100,3A0C39FFF1190000
450.7,0x100,3F0C1FFFD2190000
450.8,0x100,3D0C20FFE1190000
450.9,0x100,3C0C37FFDF190000
451.0,0x100,3C0C2AFFDD190000
451.0,0x101,4A0F480F490F4C0F
451.0,0x102,460F5C0F490F450F
451.0,0x103,060108010C010701
451.0,0x104,0001000000000000
451.1,0x100,3C0C2BFFD8190000
451.2,0x100,390C41FFCF190000
451.3,0x100,3D0C23FFEB190000
451.4,0x100,3C0C2FFFD3190000
451.5,0x100,3B0C3CFFDC190000
451.5,0x101,490F4A0F470F4C0F
451.5,0x102,440F580F450F460F
451.6,0x100,3B0C3AFFD9190000
451.7,0x100,3C0C2CFFE7190000
451.8,0x100,3D0C2AFFF4190000
451.9,0x100,3F0C14FFD7190000
452.0,0x100,3E0C1EFFDF190000
452.0,0x101,4C0F4E0F4B0F4B0F
452.0,0x102,460F5F0F4A0F480F
452.0,0x103,070107010C010601
452.0,0x104,0001000000000000
452.1,0x100,3B0C33FFE8190000
452.2,0x100,3D0C2CFFEB190000
452.3,0x100,3D0C2FFFDC190000
452.4,0x100,3A0C3EFFDD190000
452.5,0x100,3F0C1CFFEB190000
452.5,0x101,4F0F4C0F4B0F4C0F
452.5,0x102,4A0F610F4C0F4C0F
452.6,0x100,3B0C2AFFCC190000
452.7,0x100,3D0C31FFE8190000
452.8,0x100,3D0C23FFD7190000
452.9,0x100,3A0C43FFE0190000
453.0,0x100,3A0C3CFFE0190000
453.0,0x101,460F470F470F490F
453.0,0x102,460F540F460F460F
453.0,0x103,070107010B010701
453.0,0x104,0001000000000000
453.1,0x100,3B0C32FFD9190000
453.2,0x100,390C49FFE2190000
453.3,0x100,400C18FFDC190000
453.4,0x100,3D0C2EFFEA190000
453.5,0x100,3B0C33FFD8190000
453.5,0x101,4A0F4A0F470F4A0F
453.5,0x102,420F590F4B0F430F
453.6,0x100,3D0C20FFD5190000
453.7,0x100,3B0C33FFE1190000
453.8,0x100,3F0C1DFFDF190000
453.9,0x100,3B0C38FFEF190000
454.0,0x100,3A0C3EFFE0190000
454.0,0x101,490F430F490F4A0F
454.0,0x102,430F570F470F430F
454.0,0x103,080107010C010701
454.0,0x104,0001000000000000
454.1,0x100,3C0C32FFE0190000
454.2,0x100,3F0C12FFD4190000
454.3,0x100,3E0C1FFFE3190000
454.4,0x100,3B0C36FFD5190000
454.5,0x100,3C0C2EFFDF190000
454.5,0x101,4C0F4C0F4B0F4B0F
454.5,0x102,440F5D0F490F450F
454.6,0x100,410C06FFD8190000
454.7,0x100,3B0C41FFE6190000
454.8,0x100,3C0C30FFE0190000
454.9,0x100,3E0C22FFED190000
455.0,0x100,3A0C3DFFD8190000
455.0,0x101,4A0F450F470F4B0F
455.0,0x102,480F570F430F450F
455.0,0x103,070107010C010701
455.0,0x104,0001000000000000
455.1,0x100,3E0C24FFE2190000
455.2,0x100,3E0C24FFE3190000
455.3,0x100,3B0C33FFE1190000
455.4,0x100,390C49FFED190000
455.5,0x100,390C46FFE2190000
455.5,0x101,4B0F470F470F4A0F
455.5,0x102,3F0F540F400F440F
455.6,0x100,3D0C33FFD8190000
455.7,0x100,3B0C35FFE7190000
455.8,0x100,3A0C3AFFF5190000
455.9,0x100,400C1BFFDC190000
456.0,0x100,3B0C38FFE2190000
456.0,0x101,490F4C0F480F4A0F
456.0,0x102,440F580F450F490F
456.0,0x103,060107010B010501
456.0,0x104,0001000000000000
456.1,0x100,3F0C23FFE5190000
456.2,0x100,3C0C33FFED190000
456.3,0x100,3C0C2BFFEB190000
456.4,0x100,3B0C36FFE5190000
456.5,0x100,3C0C30FFDF190000
456.5,0x101,4A0F4A0F4A0F510F
456.5,0x102,3F0F5C0F4A0F460F
456.6,0x100,430C00FFDF190000
456.7,0x100,3D0C31FFE9190000
456.8,0x100,3C0C38FFDD190000
456.9,0x100,3C0C35FFD6190000
457.0,0x100,3C0C2CFFE2190000
457.0,0x101,490F4A0F4C0F4D0F
457.0,0x102,450F5D0F480F470F
457.0,0x103,060108010C010601
457.0,0x104,0001000000000000
457.1,0x100,390C47FFDF190000
457.2,0x100,3C0C33FFE1190000
457.3,0x100,3D0C35FFEA190000
457.4,0x100,3B0C3EFFE6190000
457.5,0x100,3C0C33FFE3190000
457.5,0x101,4A0F4A0F480F4D0F
457.5,0x102,470F5C0F480F450F
457.6,0x100,3E0C21FFD9190000
457.7,0x100,410C09FFE1190000
457.8,0x100,3E0C27FFD5190000
457.9,0x100,3B0C39FFDE190000
458.0,0x100,3D0C29FFDE190000
458.0,0x101,490F4F0F4C0F4F0F
458.0,0x102,450F5E0F460F480F
458.0,0x103,070108010C010501
458.0,0x104,0001000000000000
458.1,0x100,3C0C3AFFE6190000
458.2,0x100,3B0C30FFE7190000
458.3,0x100,3B0C41FFE4190000
458.4,0x100,3E0C2AFFDB190000
458.5,0x100,3B0C35FFD5190000
458.5,0x101,4B0F450F4D0F4E0F
458.5,0x102,420F5A0F480F440F
458.6,0x100,3C0C36FFF4190000
458.7,0x100,3A0C45FFDE190000
458.8,0x100,400C14FFE4190000
458.9,0x100,3D0C27FFE2190000
459.0,0x100,3C0C3BFFF0190000
459.0,0x101,4C0F4C0F480F490F
459.0,0x102,430F590F490F480F
459.0,0x103,060107010B010601
459.0,0x104,0001000000000000
459.1,0x100,3A0C45FFEA190000
459.2,0x100,3D0C32FFE0190000
459.3,0x100,3C0C2AFFED190000
459.4,0x100,3C0C39FFDA190000
459.5,0x100,3B0C3BFFE7190000
459.5,0x101,4B0F4A0F4A0F4C0F
459.5,0x102,440F5B0F430F440F
459.6,0x100,3E0C29FFCA190000
459.7,0x100,3B0C33FFEB190000
459.8,0x100,3B0C40FFE4190000
459.9,0x100,390C4AFFE6190000
460.0,0x100,3C0C39FFF5190000
460.0,0x101,4C0F4B0F4A0F4D0F
460.0,0x102,460F580F440F490F
460.0,0x103,060107010C010701
460.0,0x104,0001000000000000
460.1,0x100,3C0C2FFFE1190000
460.2,0x100,3E0C2DFFE2190000
460.3,0x100,3C0C36FFDA190000
460.4,0x100,3E0C2CFFEA190000
460.5,0x100,3D0C31FFE9190000
460.5,0x101,4D0F4A0F4D0F4E0F
460.5,0x102,450F5B0F480F490F
460.6,0x100,3F0C1EFFF1190000
460.7,0x100,3B0C41FFE9190000
460.8,0x100,3F0C1DFFED190000
460.9,0x100,3F0C28FFEF190000
461.0,0x100,3D0C2FFFEE190000
461.0,0x101,4C0F4C0F4A0F4D0F
461.0,0x102,480F5B0F4A0F4A0F
461.0,0x103,070107010B010601
461.0,0x104,0001000000000000
461.1,0x100,3A0C4CFFE9190000
461.2,0x100,3D0C28FFF0190000
461.3,0x100,3F0C24FFF1190000
461.4,0x100,3F0C26FFF5190000
461.5,0x100,3A0C47FF011A0000
461.5,0x101,470F430F460F480F
461.5,0x102,440F590F450F480F
461.6,0x100,410C04FFE1190000
461.7,0x100,3F0C1FFFF0190000
461.8,0x100,380C57FFEB190000
461.9,0x100,3C0C37FFED190000
462.0,0x100,3F0C1DFFF3190000
462.0,0x101,4F0F500F4E0F4E0F
462.0,0x102,490F600F4B0F490F
462.0,0x103,070107010B010701
462.0,0x104,0001000000000000
462.1,0x100,3D0C2DFFEE190000
462.2,0x100,3D0C2FFFE1190000
462.3,0x100,3D0C3BFFE7190000
462.4,0x100,3A0C4AFFF2190000
462.5,0x100,3E0C34FFE4190000
462.5,0x101,4E0F4C0F4E0F4E0F
462.5,0x102,490F5E0F460F460F
462.6,0x100,3E0C26FFE1190000
462.7,0x100,3D0C3AFFE9190000
462.8,0x100,3E0C24FFDE190000
462.9,0x100,3F0C1EFFE5190000
463.0,0x100,400C14FF001A0000
463.0,0x101,510F4C0F4B0F510F
463.0,0x102,4B0F660F4C0F4C0F
463.0,0x103,060108010C010601
463.0,0x104,0001000000000000
463.1,0x100,400C17FFE7190000
463.2,0x100,3E0C21FFF1190000
463.3,0x100,400C1CFFE5190000
463.4,0x100,3D0C33FFF4190000
463.5,0x100,3F0C1CFFEB190000
463.5,0x101,4D0F4F0F4F0F510F
463.5,0x102,4B0F610F4A0F470F
463.6,0x100,420CFFFEF6190000
463.7,0x100,3F0C1EFFEB190000
463.8,0x100,3E0C27FFE9190000
463.9,0x100,3E0C25FFED190000
464.0,0x100,3B0C45FFEE190000
464.0,0x101,480F4A0F480F490F
464.0,0x102,440F5A0F480F450F
464.0,0x103,060107010B010701
464.0,0x104,0001000000000000
464.1,0x100,3F0C25FFF1190000
464.2,0x100,3C0C3BFFE8190000
464.3,0x100,3D0C2EFFE6190000
464.4,0x100,3D0C2DFFE1190000
464.5,0x100,3F0C21FFE9190000
464.5,0x101,500F4E0F4C0F540F
464.5,0x102,480F5F0F470F4A0F
464.6,0x100,3D0C2DFFDE190000
464.7,0x100,3F0C23FFE2190000
464.8,0x100,3C0C31FFED190000
464.9,0x100,3E0C2AFFF5190000
465.0,0x100,3F0C20FFEC190000
465.0,0x101,4F0F4F0F4E0F4B0F
465.0,0x102,4B0F610F4C0F430F
465.0,0x103,060107010C010601
465.0,0x104,0001000000000000
465.1,0x100,3C0C3DFF041A0000
465.2,0x100,3C0C34FFF3190000
465.3,0x100,3E0C27FFF2190000
465.4,0x100,3D0C30FFE5190000
465.5,0x100,3D0C2DFFF6190000
465.5,0x101,4B0F4A0F4C0F4C0F
465.5,0x102,480F5E0F4A0F460F
465.6,0x100,3E0C21FFF6190000
465.7,0x100,3E0C2FFFE7190000
465.8,0x100,3F0C25FFF1190000
465.9,0x100,3F0C20FF001A0000
466.0,0x100,420C16FFF4190000
466.0,0x101,530F510F4D0F540F
466.0,0x102,4A0F680F4D0F4D0F
466.0,0x103,070108010B010601
466.0,0x104,0001000000000000
466.1,0x100,3F0C29FFFA190000
466.2,0x100,3D0C37FFEE190000
466.3,0x100,3F0C24FFE0190000
466.4,0x100,390C54FFF6190000
466.5,0x100,3C0C3BFFF0190000
466.5,0x101,480F4E0F450F4E0F
466.5,0x102,460F5B0F460F460F
466.6,0x100,3C0C42FFF4190000
466.7,0x100,3C0C3AFFF2190000
466.8,0x100,3B0C4AFFEA190000
466.9,0x100,400C22FFF3190000
467.0,0x100,430C08FFEC190000
467.0,0x101,540F510F520F580F
467.0,0x102,4E0F6A0F4E0F4D0F
467.0,0x103,070108010B010701
467.0,0x104,0001000000000000
467.1,0x100,3E0C27FFE8190000
467.2,0x100,3D0C36FFFA190000
467.3,0x100,3E0C30FFEA190000
467.4,0x100,3E0C32FFF1190000
467.5,0x100,3B0C42FFEA190000
467.5,0x101,470F4A0F470F4E0F
467.5,0x102,450F580F490F470F
467.6,0x100,3D0C34FF021A0000
467.7,0x100,3C0C3AFFF8190000
467.8,0x100,400C20FFEA190000
467.9,0x100,400C1EFFF4190000
468.0,0x100,3B0C46FFF4190000
468.0,0x101,450F470F4A0F4A0F
468.0,0x102,4A0F5A0F470F480F
468.0,0x103,070107010C010501
468.0,0x104,0001000000000000
468.1,0x100,3D0C30FFF5190000
468.2,0x100,400C25FFEE190000
468.3,0x100,3F0C25FFED190000
468.4,0x100,3E0C24FF031A0000
468.5,0x100,3F0C23FFEB190000
468.5,0x101,4D0F500F4E0F520F
468.5,0x102,490F5F0F4D0F490F
468.6,0x100,410C1BFFEA190000
468.7,0x100,410C17FFE2190000
468.8,0x100,3E0C2BFFF2190000
468.9,0x100,3E0C25FFE8190000
469.0,0x100,3D0C3FFF0B1A0000
469.0,0x101,4A0F4E0F4A0F4C0F
469.0,0x102,450F5B0F470F480F
469.0,0x103,060107010B010601
469.0,0x104,0001000000000000
469.1,0x100,3D0C32FFE8190000
469.2,0x100,3E0C32FFEE190000
469.3,0x100,400C23FF0B1A0000
469.4,0x100,3E0C2CFF011A0000
469.5,0x100,3E0C33FFE4190000
469.5,0x101,4F0F4E0F4A0F4E0F
469.5,0x102,4A0F5C0F470F4A0F
469.6,0x100,3D0C39FFF6190000
469.7,0x100,3F0C2DFFF8190000
469.8,0x100,3C0C3EFFEC190000
469.9,0x100,3F0C2EFFFD190000
470.0,0x100,3C0C3AFFE8190000
470.0,0x101,4C0F4C0F430F4B0F
470.0,0x102,480F590F490F490F
470.0,0x103,060108010C010601
470.0,0x104,0001000000000000
470.1,0x100,3E0C27FFE6190000
470.2,0x100,420C13FF001A0000
470.3,0x100,3D0C32FFFD190000
470.4,0x100,3C0C39FF091A0000
470.5,0x100,3E0C37FFF6190000
470.5,0x101,4B0F4E0F4C0F4D0F
470.5,0x102,4B0F5C0F4B0F4A0F
470.6,0x100,3E0C34FF071A0000
470.7,0x100,3F0C29FFF2190000
470.8,0x100,400C22FF031A0000
470.9,0x100,3E0C36FF0A1A0000
471.0,0x100,3D0C34FFEF190000
471.0,0x101,4A0F4C0F4C0F4C0F
471.0,0x102,470F5C0F4A0F470F
471.0,0x103,060108010C010601
471.0,0x104,0001000000000000
471.1,0x100,3E0C26FFE6190000
471.2,0x100,3C0C3FFFFA190000
471.3,0x100,400C21FFFA190000
471.4,0x100,3F0C25FFF7190000
471.5,0x100,3A0C47FF021A0000
471.5,0x101,4C0F490F490F4C0F
471.5,0x102,3F0F580F460F410F
471.6,0x100,3D0C3BFFED190000
471.7,0x100,3F0C29FFF8190000
471.8,0x100,3E0C32FFF1190000
471.9,0x100,3E0C30FF091A0000
472.0,0x100,440C05FF011A0000
472.0,0x101,520F540F520F550F
472.0,0x102,520F690F4D0F500F
472.0,0x103,070107010D010601
472.0,0x104,0001000000000000
472.1,0x100,400C20FFF2190000
472.2,0x100,3F0C2DFFFA190000
472.3,0x100,400C29FFF8190000
472.4,0x100,3E0C32FFED190000
472.5,0x100,3D0C3FFF0A1A0000
472.5,0x101,4A0F4A0F4B0F4D0F
472.5,0x102,460F5A0F470F4B0F
472.6,0x100,3E0C29FFF6190000
472.7,0x100,400C1EFF191A0000
472.8,0x100,3E0C33FFFB190000
472.9,0x100,3E0C29FF071A0000
473.0,0x100,3F0C2CFFFB190000
473.0,0x101,4F0F4E0F4D0F500F
473.0,0x102,450F5F0F4B0F490F
473.0,0x103,070106010B010601
473.0,0x104,0001000000000000
473.1,0x100,3F0C2AFFFE190000
473.2,0x100,3A0C50FFF7190000
473.3,0x100,430C0CFFE9190000
473.4,0x100,3E0C28FF0C1A0000
473.5,0x100,3E0C2EFFF5190000
473.5,0x101,4D0F500F4D0F4F0F
473.5,0x102,490F5C0F4C0F470F
473.6,0x100,410C22FF0A1A0000
473.7,0x100,3D0C3BFF111A0000
473.8,0x100,3D0C3AFFF5190000
473.9,0x100,3E0C2DFFF3190000
474.0,0x100,3F0C2AFFF6190000
474.0,0x101,4F0F500F4C0F520F
474.0,0x102,4A0F610F490F4B0F
474.0,0x103,060107010C010601
474.0,0x104,0001000000000000
474.1,0x100,3F0C2CFFE9190000
474.2,0x100,3F0C2CFF001A0000
474.3,0x100,3F0C2DFF091A0000
474.4,0x100,3E0C2BFFF3190000
474.5,0x100,3E0C32FF011A0000
474.5,0x101,4D0F4D0F4C0F4D0F
474.5,0x102,470F610F490F4A0F
474.6,0x100,3D0C39FFFB190000
474.7,0x100,3F0C1CFFFB190000
474.8,0x100,400C1EFFFD190000
474.9,0x100,420C14FF011A0000
475.0,0x100,3D0C3BFFF7190000
475.0,0x101,4A0F4A0F490F4D0F
475.0,0x102,480F5E0F4A0F480F
475.0,0x103,060108010C010601
475.0,0x104,0001000000000000
475.1,0x100,3E0C32FFFE190000
475.2,0x100,3D0C36FFF8190000
475.3,0x100,420C19FFFF190000
475.4,0x100,3B0C49FFF5190000
475.5,0x100,400C25FF071A0000
475.5,0x101,4D0F4D0F4D0F510F
475.5,0x102,4C0F620F500F490F
475.6,0x100,3F0C31FFFB190000
475.7,0x100,3D0C3BFFF2190000
475.8,0x100,410C1FFFFC190000
475.9,0x100,400C26FFFE190000
476.0,0x100,3F0C31FFFA190000
476.0,0x101,4C0F4E0F4D0F4F0F
476.0,0x102,4B0F5E0F4A0F4C0F
476.0,0x103,060108010B010701
476.0,0x104,0001000000000000
476.1,0x100,390C59FFEF190000
476.2,0x100,3F0C33FFFE190000
476.3,0x100,3B0C46FF011A0000
476.4,0x100,3C0C40FF041A0000
476.5,0x100,3E0C34FF0A1A0000
476.5,0x101,4D0F500F4A0F4E0F
476.5,0x102,470F600F490F470F
476.6,0x100,410C1FFF051A0000
476.7,0x100,3D0C3EFF031A0000
476.8,0x100,420C18FF061A0000
476.9,0x100,3B0C46FFFA190000
477.0,0x100,3E0C31FF0A1A0000
477.0,0x101,500F4E0F4B0F4D0F
477.0,0x102,450F5B0F4C0F4B0F
477.0,0x103,070107010A010701
477.0,0x104,0001000000000000
477.1,0x100,440C06FF001A0000
477.2,0x100,3F0C29FFFF190000
477.3,0x100,3E0C38FFF4190000
477.4,0x100,400C2AFF051A0000
477.5,0x100,3D0C39FF041A0000
477.5,0x101,4C0F4B0F4B0F4D0F
477.5,0x102,490F5C0F480F450F
477.6,0x100,400C21FF091A0000
477.7,0x100,420C1AFFF3190000
477.8,0x100,3E0C2DFF091A0000
477.9,0x100,3F0C2EFF001A0000
478.0,0x100,400C29FFF9190000
478.0,0x101,4E0F500F4E0F520F
478.0,0x102,4E0F600F4B0F4A0F
478.0,0x103,060108010C010701
478.0,0x104,0001000000000000
478.1,0x100,3C0C40FFFD190000
478.2,0x100,400C21FFFA190000
478.3,0x100,3E0C33FF051A0000
478.4,0x100,3F0C2FFFFE190000
478.5,0x100,420C17FF021A0000
478.5,0x101,530F510F500F560F
478.5,0x102,4B0F640F4A0F4D0F
478.6,0x100,400C1AFFFE190000
478.7,0x100,400C2EFF011A0000
478.8,0x100,3B0C4CFFF7190000
478.9,0x100,3E0C37FFEF190000
479.0,0x100,430C14FF1E1A0000
479.0,0x101,530F540F510F560F
479.0,0x102,4B0F670F4F0F4D0F
479.0,0x103,060107010B010601
479.0,0x104,0001000000000000
479.1,0x100,450CFFFE041A0000
479.2,0x100,3E0C39FF211A0000
479.3,0x100,3F0C2DFF031A0000
479.4,0x100,3D0C3FFF031A0000
479.5,0x100,410C21FF011A0000
479.5,0x101,4D0F4F0F4F0F520F
479.5,0x102,4E0F640F4A0F530F
479.6,0x100,3D0C33FF0A1A0000
479.7,0x100,3D0C3BFF051A0000
479.8,0x100,410C27FFF7190000
479.9,0x100,410C28FFFA190000
480.0,0x100,400C2EFFF8190000
480.0,0x101,510F4E0F4F0F4F0F
480.0,0x102,490F5F0F4B0F4D0F
480.0,0x103,060107010C010601
480.0,0x104,0001000000000000
480.1,0x100,3D0C36FF061A0000
480.2,0x100,3F0C2EFF061A0000
480.3,0x100,3D0C3DFF061A0000
480.4,0x100,410C27FFFE190000
480.5,0x100,410C1AFFF9190000
480.5,0x101,4F0F500F500F520F
480.5,0x102,4C0F650F4C0F4F0F
480.6,0x100,3C0C4CFF111A0000
480.7,0x100,410C25FF071A0000
480.8,0x100,410C25FF0B1A0000
480.9,0x100,400C2DFF0F1A0000
481.0,0x100,3F0C2FFFF1190000
481.0,0x101,4C0F4D0F4D0F520F
481.0,0x102,490F600F490F4D0F
481.0,0x103,060107010B010701
481.0,0x104,0001000000000000
481.1,0x100,400C28FF061A0000
481.2,0x100,3F0C2EFF111A0000
481.3,0x100,400C2DFFFA190000
481.4,0x100,400C31FFFB190000
481.5,0x100,440C0BFFFB190000
481.5,0x101,530F540F520F540F
481.5,0x102,4D0F6C0F4F0F510F
481.6,0x100,3B0C4AFFF7190000
481.7,0x100,400C2CFF0C1A0000
481.8,0x100,3E0C37FF091A0000
481.9,0x100,420C19FFFA190000
482.0,0x100,400C27FFF5190000
482.0,0x101,4F0F4F0F520F520F
482.0,0x102,470F630F4B0F4D0F
482.0,0x103,070108010C010501
482.0,0x104,0001000000000000
482.1,0x100,410C24FFFF190000
482.2,0x100,3C0C44FF121A0000
482.3,0x100,410C25FFFC190000
482.4,0x100,3D0C39FFF6190000
482.5,0x100,410C24FF061A0000
482.5,0x101,4D0F510F4E0F530F
482.5,0x102,4C0F620F4E0F4F0F
482.6,0x100,400C27FFFB190000
482.7,0x100,3F0C2AFF181A0000
482.8,0x100,3C0C41FF091A0000
482.9,0x100,420C12FF041A0000
483.0,0x100,420C1AFF041A0000
483.0,0x101,520F520F540F550F
483.0,0x102,4D0F640F4C0F4C0F
483.0,0x103,060107010B010701
483.0,0x104,0001000000000000
483.1,0x100,440C11FF021A0000
483.2,0x100,420C1EFF031A0000
483.3,0x100,410C22FF201A0000
483.4,0x100,420C16FF121A0000
483.5,0x100,400C23FF061A0000
483.5,0x101,4F0F4F0F4E0F520F
483.5,0x102,4D0F630F4B0F4B0F
483.6,0x100,430C10FF0B1A0000
483.7,0x100,410C1FFF011A0000
483.8,0x100,3C0C40FF131A0000
483.9,0x100,3F0C34FFE7190000
484.0,0x100,400C31FF031A0000
484.0,0x101,4D0F4F0F500F520F
484.0,0x102,4A0F5F0F4C0F4B0F
484.0,0x103,060108010C010601
484.0,0x104,0001000000000000
484.1,0x100,420C1FFFFE190000
484.2,0x100,430C17FF121A0000
484.3,0x100,420C1DFF091A0000
484.4,0x100,400C2DFFF7190000
484.5,0x100,3E0C3BFF081A0000
484.5,0x101,490F500F4B0F520F
484.5,0x102,470F5D0F4A0F470F
484.6,0x100,3C0C3CFF091A0000
484.7,0x100,3E0C37FF181A0000
484.8,0x100,400C23FF0C1A0000
484.9,0x100,400C2EFF091A0000
485.0,0x100,400C29FF0A1A0000
485.0,0x101,4E0F4D0F4C0F530F
485.0,0x102,500F600F4D0F4C0F
485.0,0x103,060107010B010701
485.0,0x104,0001000000000000
485.1,0x100,400C2BFFF2190000
485.2,0x100,3D0C4DFF011A0000
485.3,0x100,430C14FFF6190000
485.4,0x100,400C2AFF1E1A0000
485.5,0x100,3D0C40FF051A0000
485.5,0x101,4F0F4A0F490F4B0F
485.5,0x102,490F5A0F4A0F480F
485.6,0x100,430C18FF111A0000
485.7,0x100,420C24FF001A0000
485.8,0x100,410C26FF061A0000
485.9,0x100,410C2BFF071A0000
486.0,0x100,420C16FF101A0000
486.0,0x101,520F4F0F530F560F
486.0,0x102,4C0F660F4B0F4E0F
486.0,0x103,070107010C010701
486.0,0x104,0001000000000000
486.1,0x100,3F0C37FF091A0000
486.2,0x100,3E0C38FF041A0000
486.3,0x100,3E0C36FFF6190000
486.4,0x100,410C21FF211A0000
486.5,0x100,3F0C2FFF061A0000
486.5,0x101,4E0F500F4E0F500F
486.5,0x102,470F5E0F4C0F4A0F
486.6,0x100,420C21FF071A0000
486.7,0x100,410C29FF061A0000
486.8,0x100,3C0C4EFF1A1A0000
486.9,0x100,3F0C2FFF051A0000
487.0,0x100,430C1CFF071A0000
487.0,0x101,520F530F540F550F
487.0,0x102,480F650F510F4E0F
487.0,0x103,070107010C010701
487.0,0x104,0001000000000000
487.1,0x100,400C31FF0E1A0000
487.2,0x100,430C1AFF181A0000
487.3,0x100,420C1CFF0C1A0000
487.4,0x100,420C1EFF0D1A0000
487.5,0x100,410C27FF0B1A0000
487.5,0x101,500F500F500F540F
487.5,0x102,4B0F5F0F4E0F4D0F
487.6,0x100,3E0C3CFF081A0000
487.7,0x100,400C37FF1F1A0000
487.8,0x100,3F0C36FF051A0000
487.9,0x100,420C1EFF111A0000
488.0,0x100,420C26FF081A0000
488.0,0x101,510F520F4F0F560F
488.0,0x102,4F0F650F4F0F490F
488.0,0x103,060108010C010601
488.0,0x104,0001000000000000
488.1,0x100,3F0C32FF131A0000
488.2,0x100,420C25FF0D1A0000
488.3,0x100,410C2AFF101A0000
488.4,0x100,3E0C35FF0F1A0000
488.5,0x100,410C29FF031A0000
488.5,0x101,4F0F510F500F500F
488.5,0x102,4D0F650F4E0F470F
488.6,0x100,3F0C31FF0D1A0000
488.7,0x100,3C0C46FFFC190000
488.8,0x100,400C2BFF111A0000
488.9,0x100,3E0C40FF091A0000
489.0,0x100,3E0C36FF0C1A0000
489.0,0x101,4F0F4E0F4B0F4D0F
489.0,0x102,4A0F5C0F4A0F4A0F
489.0,0x103,060107010C010601
489.0,0x104,0001000000000000
489.1,0x100,410C18FF0F1A0000
489.2,0x100,420C1DFF101A0000
489.3,0x100,420C21FFF8190000
489.4,0x100,400C21FF0B1A0000
489.5,0x100,410C2DFF121A0000
489.5,0x101,510F500F4F0F4F0F
489.5,0x102,4B0F620F510F4B0F
489.6,0x100,3F0C37FF1F1A0000
489.7,0x100,3F0C41FF291A0000
489.8,0x100,400C33FF241A0000
489.9,0x100,410C27FF091A0000
490.0,0x100,440C0FFF161A0000
490.0,0x101,530F550F560F560F
490.0,0x102,4D0F680F520F500F
490.0,0x103,070108010B010601
490.0,0x104,0001000000000000
490.1,0x100,420C2FFF1C1A0000
490.2,0x100,400C2EFF171A0000
490.3,0x100,3F0C31FF101A0000
490.4,0x100,3C0C4EFF141A0000
490.5,0x100,3D0C41FF151A0000
490.5,0x101,4C0F4B0F4B0F4E0F
490.5,0x102,450F5A0F4C0F490F
490.6,0x100,400C3AFF0B1A0000
490.7,0x100,420C20FF141A0000
490.8,0x100,400C26FF061A0000
490.9,0x100,400C2DFF2A1A0000
491.0,0x100,420C22FF0F1A0000
491.0,0x101,520F4F0F500F520F
491.0,0x102,4C0F650F4E0F4E0F
491.0,0x103,070107010C010701
491.0,0x104,0001000000000000
491.1,0x100,400C36FF181A0000
491.2,0x100,400C33FF151A0000
491.3,0x100,430C1EFF141A0000
491.4,0x100,3F0C40FF191A0000
491.5,0x100,3F0C30FF1F1A0000
491.5,0x101,4C0F4D0F510F520F
491.5,0x102,490F610F4E0F470F
491.6,0x100,440C14FF151A0000
491.7,0x100,410C2DFF1C1A0000
491.8,0x100,410C32FF191A0000
491.9,0x100,3E0C3DFF071A0000
492.0,0x100,410C29FF151A0000
492.0,0x101,4E0F520F530F560F
492.0,0x102,490F610F4D0F4E0F
492.0,0x103,060107010B010701
492.0,0x104,0001000000000000
492.1,0x100,3E0C3AFF121A0000
492.2,0x100,410C31FF1B1A0000
492.3,0x100,430C1AFF1C1A0000
492.4,0x100,430C19FF161A0000
492.5,0x100,3E0C3FFF191A0000
492.5,0x101,4B0F4D0F4F0F500F
492.5,0x102,4B0F5A0F4B0F440F
492.6,0x100,3F0C40FF171A0000
492.7,0x100,400C33FF101A0000
492.8,0x100,3E0C44FF221A0000
492.9,0x100,3F0C3EFF1C1A0000
493.0,0x100,3E0C38FF291A0000
493.0,0x101,4E0F500F4D0F4F0F
493.0,0x102,470F5B0F4B0F4A0F
493.0,0x103,070108010C010601
493.0,0x104,0001000000000000
493.1,0x100,430C20FF141A0000
493.2,0x100,3D0C48FF111A0000
493.3,0x100,400C36FF021A0000
493.4,0x100,400C28FF2E1A0000
493.5,0x100,420C24FF1C1A0000
493.5,0x101,510F510F520F530F
493.5,0x102,4D0F640F4E0F4E0F
493.6,0x100,3F0C32FF1F1A0000
493.7,0x100,430C15FF291A0000
493.8,0x100,3F0C38FF191A0000
493.9,0x100,420C20FF111A0000
494.0,0x100,3F0C34FF211A0000
494.0,0x101,4C0F4F0F4C0F4E0F
494.0,0x102,470F5F0F4D0F4B0F
494.0,0x103,060108010C010701
494.0,0x104,0001000000000000
494.1,0x100,410C26FF161A0000
494.2,0x100,420C2AFF061A0000
494.3,0x100,420C23FF271A0000
494.4,0x100,410C2CFF0D1A0000
494.5,0x100,3D0C4AFF111A0000
494.5,0x101,4E0F4A0F480F4B0F
494.5,0x102,480F580F4B0F470F
494.6,0x100,3D0C43FF211A0000
494.7,0x100,400C33FF051A0000
494.8,0x100,410C2EFF1A1A0000
494.9,0x100,3E0C3BFF1C1A0000
495.0,0x100,3E0C3FFF241A0000
495.0,0x101,4C0F4E0F4D0F4D0F
495.0,0x102,480F5E0F4B0F4A0F
495.0,0x103,070107010C010601
495.0,0x104,0001000000000000
495.1,0x100,430C22FF1F1A0000
495.2,0x100,400C2DFF211A0000
495.3,0x100,450C13FF231A0000
495.4,0x100,3F0C3FFF281A0000
495.5,0x100,3D0C4DFF151A0000
495.5,0x101,4C0F4A0F4E0F4C0F
495.5,0x102,470F560F4D0F460F
495.6,0x100,400C2FFF101A0000
495.7,0x100,440C0EFF111A0000
495.8,0x100,3F0C37FF211A0000
495.9,0x100,420C20FF181A0000
496.0,0x100,420C24FF151A0000
496.0,0x101,530F4F0F510F510F
496.0,0x102,4C0F660F4F0F4F0F
496.0,0x103,070108010C010701
496.0,0x104,0001000000000000
496.1,0x100,400C37FF251A0000
496.2,0x100,400C32FF211A0000
496.3,0x100,410C27FF2B1A0000
496.4,0x100,420C24FF1E1A0000
496.5,0x100,3F0C30FF211A0000
496.5,0x101,4B0F500F500F4F0F
496.5,0x102,470F600F4B0F4E0F
496.6,0x100,420C28FF171A0000
496.7,0x100,430C1DFF061A0000
496.8,0x100,420C29FF161A0000
496.9,0x100,3F0C33FF151A0000
497.0,0x100,410C2BFF0F1A0000
497.0,0x101,4F0F540F510F540F
497.0,0x102,4B0F620F4D0F4D0F
497.0,0x103,060108010C010701
497.0,0x104,0001000000000000
497.1,0x100,440C19FF1E1A0000
497.2,0x100,400C3DFF261A0000
497.3,0x100,470C05FF181A0000
497.4,0x100,400C27FF211A0000
497.5,0x100,420C25FF171A0000
497.5,0x101,540F4B0F520F560F
497.5,0x102,4C0F670F4E0F4C0F
497.6,0x100,400C30FF1B1A0000
497.7,0x100,400C36FF171A0000
497.8,0x100,3F0C3FFF201A0000
497.9,0x100,420C23FF231A0000
498.0,0x100,3F0C37FF2F1A0000
498.0,0x101,500F4D0F4B0F530F
498.0,0x102,460F5F0F4A0F490F
498.0,0x103,080107010C010601
498.0,0x104,0001000000000000
498.1,0x100,400C31FF181A0000
498.2,0x100,440C14FF1C1A0000
498.3,0x100,3D0C4BFF291A0000
498.4,0x100,430C18FF1B1A0000
498.5,0x100,400C34FF231A0000
498.5,0x101,4E0F4F0F500F510F
498.5,0x102,4E0F5F0F4C0F4C0F
498.6,0x100,410C34FF191A0000
498.7,0x100,410C32FF231A0000
498.8,0x100,420C27FF251A0000
498.9,0x100,400C3AFF2C1A0000
499.0,0x100,440C17FF171A0000
499.0,0x101,570F4F0F530F580F
499.0,0x102,4F0F670F510F520F
499.0,0x103,060107010C010601
499.0,0x104,0001000000000000
499.1,0x100,410C2DFF241A0000
499.2,0x100,420C26FF1E1A0000
499.3,0x100,420C24FF0F1A0000
499.4,0x100,3F0C34FF191A0000
499.5,0x100,3F0C3EFF181A0000
499.5,0x101,500F4A0F500F4F0F
499.5,0x102,480F5F0F490F4B0F
499.6,0x100,410C29FF241A0000
499.7,0x100,400C3AFF171A0000
499.8,0x100,420C2FFF211A0000
499.9,0x100,420C21FF201A0000
500.0,0x100,410C2AFF271A0000
500.0,0x101,4F0F4F0F4F0F530F
500.0,0x102,4B0F620F4D0F4D0F
500.0,0x103,070107010C010701
500.0,0x104,0001000000000000
500.1,0x100,410C2AFF1C1A0000
500.2,0x100,430C24FF121A0000
500.3,0x100,400C34FF2A1A0000
500.4,0x100,410C32FF1B1A0000
500.5,0x100,440C16FF2C1A0000
500.5,0x101,540F540F540F580F
500.5,0x102,4E0F660F520F520F
500.6,0x100,440C15FF211A0000
500.7,0x100,400C34FF221A0000
500.8,0x100,430C22FF281A0000
500.9,0x100,410C33FF281A0000
501.0,0x100,410C3AFF211A0000
501.0,0x101,4E0F500F530F530F
501.0,0x102,4C0F600F4C0F4B0F
501.0,0x103,060108010C010701
501.0,0x104,0001000000000000
501.1,0x100,430C1BFF1E1A0000
501.2,0x100,440C19FF221A0000
501.3,0x100,3F0C47FF101A0000
501.4,0x100,410C33FF2C1A0000
501.5,0x100,430C28FF1A1A0000
501.5,0x101,540F520F530F560F
501.5,0x102,4F0F650F4D0F4F0F
501.6,0x100,420C20FF1E1A0000
501.7,0x100,420C26FF1F1A0000
501.8,0x100,440C1CFF271A0000
501.9,0x100,400C3BFF221A0000
502.0,0x100,420C22FF2A1A0000
502.0,0x101,4F0F520F4F0F570F
502.0,0x102,4D0F670F4E0F500F
502.0,0x103,060107010B010701
502.0,0x104,0001000000000000
502.1,0x100,3F0C3EFF291A0000
502.2,0x100,420C28FF1B1A0000
502.3,0x100,430C1EFF1C1A0000
502.4,0x100,430C28FF211A0000
502.5,0x100,460C07FF2B1A0000
502.5,0x101,590F550F580F5B0F
502.5,0x102,4E0F6A0F540F530F
502.6,0x100,410C2CFF291A0000
502.7,0x100,420C2BFF2B1A0000
502.8,0x100,400C3AFF221A0000
502.9,0x100,460C12FF2F1A0000
503.0,0x100,3F0C3FFF281A0000
503.0,0x101,4E0F4D0F4D0F4E0F
503.0,0x102,470F610F4C0F4B0F
503.0,0x103,060108010C010601
503.0,0x104,0001000000000000
503.1,0x100,3F0C3AFF1F1A0000
503.2,0x100,400C41FF221A0000
503.3,0x100,420C2DFF2D1A0000
503.4,0x100,3F0C3DFF341A0000
503.5,0x100,440C18FF141A0000
503.5,0x101,530F540F530F560F
503.5,0x102,520F6A0F4F0F4E0F
503.6,0x100,400C39FF281A0000
503.7,0x100,430C22FF161A0000
503.8,0x100,450C15FF1E1A0000
503.9,0x100,430C1DFF2B1A0000
504.0,0x100,420C2EFF271A0000
504.0,0x101,500F510F550F540F
504.0,0x102,4C0F5D0F510F4C0F
504.0,0x103,070108010C010701
504.0,0x104,0001000000000000
504.1,0x100,430C22FF1E1A0000
504.2,0x100,400C34FF221A0000
504.3,0x100,440C13FF301A0000
504.4,0x100,460C0EFF271A0000
504.5,0x100,3E0C43FF271A0000
504.5,0x101,4D0F4C0F4B0F500F
504.5,0x102,470F5E0F4A0F490F
504.6,0x100,400C3CFF311A0000
504.7,0x100,430C1EFF2F1A0000
504.8,0x100,420C2EFF231A0000
504.9,0x100,400C3DFF2D1A0000
505.0,0x100,410C34FF251A0000
505.0,0x101,4C0F540F510F530F
505.0,0x102,490F610F4E0F490F
505.0,0x103,070108010B010601
505.0,0x104,0001000000000000
505.1,0x100,420C30FF291A0000
505.2,0x100,400C3EFF171A0000
505.3,0x100,430C23FF221A0000
505.4,0x100,420C2EFF2A1A0000
505.5,0x100,420C2EFF1D1A0000
505.5,0x101,510F540F4E0F540F
505.5,0x102,4A0F670F4E0F4B0F
505.6,0x100,420C2AFF251A0000
505.7,0x100,430C28FF181A0000
505.8,0x100,410C2FFF301A0000
505.9,0x100,420C2FFF371A0000
506.0,0x100,430C1EFF1F1A0000
506.0,0x101,510F530F510F510F
506.0,0x102,4E0F6B0F4F0F510F
506.0,0x103,070108010B010601
506.0,0x104,0001000000000000
506.1,0x100,420C3AFF191A0000
506.2,0x100,420C1FFF2F1A0000
506.3,0x100,420C2BFF2C1A0000
506.4,0x100,430C2AFF2E1A0000
506.5,0x100,410C33FF311A0000
506.5,0x101,4F0F530F4F0F510F
506.5,0x102,4B0F5D0F500F4D0F
506.6,0x100,460C0EFF2B1A0000
506.7,0x100,400C3BFF381A0000
506.8,0x100,430C24FF391A0000
506.9,0x100,3F0C40FF3D1A0000
507.0,0x100,430C27FF3F1A0000
507.0,0x101,520F510F510F550F
507.0,0x102,4D0F660F500F4F0F
507.0,0x103,070108010C010701
507.0,0x104,0001000000000000
507.1,0x100,420C2DFF231A0000
507.2,0x100,3E0C4BFF351A0000
507.3,0x100,420C2AFF2D1A0000
507.4,0x100,400C41FF181A0000
507.5,0x100,420C2FFF301A0000
507.5,0x101,540F520F500F540F
507.5,0x102,4C0F680F4A0F4D0F
507.6,0x100,410C34FF241A0000
507.7,0x100,420C2FFF2B1A0000
507.8,0x100,400C3BFF201A0000
507.9,0x100,430C24FF391A0000
508.0,0x100,440C1FFF231A0000
508.0,0x101,530F530F550F570F
508.0,0x102,500F670F4E0F4E0F
508.0,0x103,070107010B010701
508.0,0x104,0001000000000000
508.1,0x100,420C24FF241A0000
508.2,0x100,420C2FFF371A0000
508.3,0x100,420C2BFF2F1A0000
508.4,0x100,410C39FF3E1A0000
508.5,0x100,3F0C42FF351A0000
508.5,0x101,500F4E0F500F4D0F
508.5,0x102,490F5F0F4A0F4A0F
508.6,0x100,440C1FFF371A0000
508.7,0x100,440C23FF221A0000
508.8,0x100,450C18FF301A0000
508.9,0x100,3E0C4CFF3F1A0000
509.0,0x100,420C33FF221A0000
509.0,0x101,500F520F530F520F
509.0,0x102,4F0F630F520F4B0F
509.0,0x103,070108010C010601
509.0,0x104,0001000000000000
509.1,0x100,400C35FF2D1A0000
509.2,0x100,450C1AFF2C1A0000
509.3,0x100,420C2EFF301A0000
509.4,0x100,410C36FF351A0000
509.5,0x100,420C2AFF2F1A0000
509.5,0x101,520F510F500F530F
509.5,0x102,4C0F660F4C0F4F0F
509.6,0x100,400C3EFF421A0000
509.7,0x100,3E0C51FF161A0000
509.8,0x100,430C20FF131A0000
509.9,0x100,430C1FFF2C1A0000
510.0,0x100,440C21FF3B1A0000
510.0,0x101,550F550F510F540F
510.0,0x102,500F670F520F4E0F
510.0,0x103,060107010B010601
510.0,0x104,0001000000000000
510.1,0x100,3F0C46FF2D1A0000
510.2,0x100,410C3EFF2A1A0000
510.3,0x100,410C2CFF1C1A0000
510.4,0x100,420C2FFF2C1A0000
510.5,0x100,450C22FF2A1A0000
510.5,0x101,540F550F580F550F
510.5,0x102,4D0F6B0F4E0F520F
510.6,0x100,410C3BFF2E1A0000
510.7,0x100,420C28FF2E1A0000
510.8,0x100,430C2AFF361A0000
510.9,0x100,410C37FF2B1A0000
511.0,0x100,420C2BFF271A0000
511.0,0x101,520F500F510F560F
511.0,0x102,4D0F640F4D0F500F
511.0,0x103,070107010C010601
511.0,0x104,0001000000000000
511.1,0x100,420C2AFF301A0000
511.2,0x100,420C2EFF301A0000
511.3,0x100,410C3AFF241A0000
511.4,0x100,3F0C47FF341A0000
511.5,0x100,420C37FF241A0000
511.5,0x101,520F540F530F510F
511.5,0x102,4D0F630F4E0F4C0F
511.6,0x100,400C3AFF371A0000
511.7,0x100,420C2BFF2B1A0000
511.8,0x100,440C23FF251A0000
511.9,0x100,410C38FF4D1A0000
512.0,0x100,420C31FF321A0000
512.0,0x101,550F4E0F530F570F
512.0,0x102,490F620F4D0F500F
512.0,0x103,070107010D010601
512.0,0x104,0001000000000000
512.1,0x100,450C19FF3C1A0000
512.2,0x100,420C29FF311A0000
512.3,0x100,430C2DFF3F1A0000
512.4,0x100,440C26FF391A0000
512.5,0x100,3F0C44FF2F1A0000
512.5,0x101,4F0F500F4C0F500F
512.5,0x102,490F5F0F4D0F4A0F
512.6,0x100,420C35FF3C1A0000
512.7,0x100,410C43FF3E1A0000
512.8,0x100,430C32FF2E1A0000
512.9,0x100,420C2FFF321A0000
513.0,0x100,430C20FF471A0000
513.0,0x101,510F520F530F570F
513.0,0x102,4D0F660F520F510F
513.0,0x103,060108010C010501
513.0,0x104,0001000000000000
513.1,0x100,420C2EFF351A0000
513.2,0x100,430C2EFF3E1A0000
513.3,0x100,460C19FF3B1A0000
513.4,0x100,430C26FF3E1A0000
513.5,0x100,420C29FF3D1A0000
513.5,0x101,520F500F540F530F
513.5,0x102,4C0F670F4E0F4E0F
513.6,0x100,410C34FF181A0000
513.7,0x100,420C35FF2E1A0000
513.8,0x100,440C25FF311A0000
513.9,0x100,420C35FF371A0000
514.0,0x100,430C2BFF2B1A0000
514.0,0x101,540F530F530F570F
514.0,0x102,4E0F630F510F4F0F
514.0,0x103,060108010C010601
514.0,0x104,0001000000000000
514.1,0x100,480C03FF331A0000
514.2,0x100,430C27FF281A0000
514.3,0x100,400C3EFF201A0000
514.4,0x100,460C15FF4F1A0000
514.5,0x100,430C30FF301A0000
514.5,0x101,520F520F530F520F
514.5,0x102,4F0F650F4F0F4F0F
514.6,0x100,400C46FF421A0000
514.7,0x100,440C23FF3E1A0000
514.8,0x100,420C2EFF311A0000
514.9,0x100,450C1AFF441A0000
515.0,0x100,400C46FF2C1A0000
515.0,0x101,520F4C0F510F510F
515.0,0x102,490F600F4F0F480F
515.0,0x103,070106010C010601
515.0,0x104,0001000000000000
515.1,0x100,430C2DFF351A0000
515.2,0x100,430C2FFF3C1A0000
515.3,0x100,400C42FF361A0000
515.4,0x100,420C38FF341A0000
515.5,0x100,450C21FF221A0000
515.5,0x101,530F570F530F560F
515.5,0x102,500F680F540F4E0F
515.6,0x100,450C24FF3E1A0000
515.7,0x100,420C35FF3F1A0000
515.8,0x100,440C25FF321A0000
515.9,0x100,470C0EFF401A0000
516.0,0x100,420C2DFF391A0000
516.0,0x101,520F530F540F540F
516.0,0x102,4C0F630F500F4B0F
516.0,0x103,070107010C010601
516.0,0x104,0001000000000000
516.1,0x100,450C18FF421A0000
516.2,0x100,400C46FF3F1A0000
516.3,0x100,420C31FF341A0000
516.4,0x100,450C20FF4C1A0000
516.5,0x100,430C24FF2F1A0000
516.5,0x101,530F510F510F570F
516.5,0x102,500F690F500F4D0F
516.6,0x100,460C12FF191A0000
516.7,0x100,440C1EFF1E1A0000
516.8,0x100,410C3DFF3C1A0000
516.9,0x100,400C4FFF211A0000
517.0,0x100,420C39FF321A0000
517.0,0x101,520F520F4F0F520F
517.0,0x102,4C0F640F4E0F4E0F
517.0,0x103,070108010C010601
517.0,0x104,0001000000000000
517.1,0x100,430C2DFF431A0000
517.2,0x100,430C28FF1F1A0000
517.3,0x100,440C20FF361A0000
517.4,0x100,3F0C4DFF381A0000
517.5,0x100,430C2BFF291A0000
517.5,0x101,540F520F530F580F
517.5,0x102,4D0F630F4E0F4F0F
517.6,0x100,3F0C4EFF3B1A0000
517.7,0x100,400C43FF371A0000
517.8,0x100,460C14FF3F1A0000
517.9,0x100,440C24FF391A0000
518.0,0x100,450C24FF351A0000
518.0,0x101,560F590F520F570F
518.0,0x102,500F660F500F510F
518.0,0x103,080108010B010701
518.0,0x104,0001000000000000
518.1,0x100,420C2DFF3D1A0000
518.2,0x100,420C2DFF461A0000
518.3,0x100,3C0C5BFF481A0000
518.4,0x100,450C1EFF401A0000
518.5,0x100,430C31FF421A0000
518.5,0x101,530F530F510F510F
518.5,0x102,4B0F660F530F4F0F
518.6,0x100,410C37FF341A0000
518.7,0x100,430C2EFF381A0000
518.8,0x100,430C30FF3F1A0000
518.9,0x100,460C1EFF3D1A0000
519.0,0x100,440C30FF411A0000
519.0,0x101,540F520F560F570F
519.0,0x102,500F630F530F530F
519.0,0x103,070107010C010701
519.0,0x104,0001000000000000
519.1,0x100,420C36FF491A0000
519.2,0x100,430C33FF3A1A0000
519.3,0x100,420C37FF2C1A0000
519.4,0x100,400C43FF331A0000
519.5,0x100,410C3CFF3E1A0000
519.5,0x101,510F520F500F510F
519.5,0x102,4C0F630F4D0F490F
519.6,0x100,430C2FFF381A0000
519.7,0x100,450C1CFF301A0000
519.8,0x100,440C25FF3C1A0000
519.9,0x100,440C2BFF351A0000
520.0,0x100,420C32FF421A0000
520.0,0x101,570F500F4F0F510F
520.0,0x102,4E0F650F4F0F4F0F
520.0,0x103,060108010C010601
520.0,0x104,0001000000000000
520.1,0x100,440C27FF4C1A0000
520.2,0x100,450C20FF481A0000
520.3,0x100,440C1CFF331A0000
520.4,0x100,470C15FF371A0000
520.5,0x100,440C2AFF2E1A0000
520.5,0x101,550F550F540F570F
520.5,0x102,4C0F690F4D0F500F
520.6,0x100,460C18FF481A0000
520.7,0x100,450C1FFF3F1A0000
520.8,0x100,440C28FF4D1A0000
520.9,0x100,470C1AFF441A0000
521.0,0x100,420C34FF391A0000
521.0,0x101,530F540F4E0F560F
521.0,0x102,4B0F650F4E0F4D0F
521.0,0x103,070107010C010601
521.0,0x104,0001000000000000
521.1,0x100,420C39FF2C1A0000
521.2,0x100,440C26FF411A0000
521.3,0x100,440C27FF531A0000
521.4,0x100,430C36FF471A0000
521.5,0x100,450C23FF3D1A0000
521.5,0x101,540F560F590F540F
521.5,0x102,520F640F520F500F
521.6,0x100,440C22FF471A0000
521.7,0x100,410C40FF461A0000
521.8,0x100,400C3BFF4C1A0000
521.9,0x100,420C37FF361A0000
522.0,0x100,420C3CFF431A0000
522.0,0x101,540F520F510F500F
522.0,0x102,4B0F620F4E0F4D0F
522.0,0x103,070108010C010501
522.0,0x104,0001000000000000
522.1,0x100,460C10FF301A0000
522.2,0x100,410C42FF2D1A0000
522.3,0x100,430C34FF471A0000
522.4,0x100,420C3DFF4C1A0000
522.5,0x100,420C34FF401A0000
522.5,0x101,4E0F540F550F4F0F
522.5,0x102,4E0F650F4D0F4E0F
522.6,0x100,430C2FFF3F1A0000
522.7,0x100,450C2AFF441A0000
522.8,0x100,430C34FF4C1A0000
522.9,0x100,440C29FF491A0000
523.0,0x100,430C3BFF441A0000
523.0,0x101,520F530F500F540F
523.0,0x102,4E0F650F500F4F0F
523.0,0x103,070107010B010601
523.0,0x104,0001000000000000
523.1,0x100,460C16FF471A0000
523.2,0x100,450C26FF491A0000
523.3,0x100,400C4DFF361A0000
523.4,0x100,440C25FF461A0000
523.5,0x100,450C2AFF341A0000
523.5,0x101,590F570F550F550F
523.5,0x102,4F0F670F520F4F0F
523.6,0x100,460C21FF4C1A0000
523.7,0x100,430C33FF4A1A0000
523.8,0x100,460C23FF421A0000
523.9,0x100,440C2BFF401A0000
524.0,0x100,420C3BFF4D1A0000
524.0,0x101,520F4C0F500F530F
524.0,0x102,520F620F4F0F4C0F
524.0,0x103,070107010C010601
524.0,0x104,0001000000000000
524.1,0x100,460C24FF451A0000
524.2,0x100,410C3AFF451A0000
524.3,0x100,420C3AFF461A0000
524.4,0x100,410C3EFF461A0000
524.5,0x100,430C30FF4E1A0000
524.5,0x101,520F530F530F530F
524.5,0x102,4F0F650F500F4E0F
524.6,0x100,3D0C5FFF331A0000
524.7,0x100,410C3EFF421A0000
524.8,0x100,420C33FF2F1A0000
524.9,0x100,460C21FF471A0000
525.0,0x100,430C2DFF3D1A0000
525.0,0x101,500F540F530F560F
525.0,0x102,4B0F670F500F510F
525.0,0x103,060107010B010701
525.0,0x104,0001000000000000
525.1,0x100,410C43FF451A0000
525.2,0x100,400C48FF3C1A0000
525.3,0x100,410C44FF3B1A0000
525.4,0x100,430C3AFF3F1A0000
525.5,0x100,450C1BFF451A0000
525.5,0x101,550F570F530F580F
525.5,0x102,520F6B0F510F510F
525.6,0x100,430C35FF4B1A0000
525.7,0x100,460C1BFF3D1A0000
525.8,0x100,470C18FF461A0000
525.9,0x100,440C32FF481A0000
526.0,0x100,430C36FF401A0000
526.0,0x101,500F510F560F540F
526.0,0x102,4E0F630F530F4B0F
526.0,0x103,070107010B010601
526.0,0x104,0001000000000000
526.1,0x100,410C3CFF491A0000
526.2,0x100,420C35FF381A0000
526.3,0x100,430C36FF3C1A0000
526.4,0x100,460C1FFF501A0000
526.5,0x100,440C2CFF2F1A0000
526.5,0x101,550F550F550F530F
526.5,0x102,4C0F670F510F4F0F
526.6,0x100,460C17FF421A0000
526.7,0x100,480C10FF461A0000
526.8,0x100,430C39FF481A0000
526.9,0x100,440C23FF491A0000
527.0,0x100,420C3BFF441A0000
527.0,0x101,500F500F530F520F
527.0,0x102,4B0F640F510F4F0F
527.0,0x103,070108010B010601
527.0,0x104,0001000000000000
527.1,0x100,410C3FFF421A0000
527.2,0x100,450C25FF3E1A0000
527.3,0x100,430C37FF561A0000
527.4,0x100,450C24FF4E1A0000
527.5,0x100,470C12FF4A1A0000
527.5,0x101,570F5A0F570F580F
527.5,0x102,540F6B0F570F500F
527.6,0x100,430C30FF461A0000
527.7,0x100,450C27FF411A0000
527.8,0x100,450C27FF471A0000
527.9,0x100,3F0C4CFF3E1A0000
528.0,0x100,470C17FF551A0000
528.0,0x101,5A0F560F530F570F
528.0,0x102,570F690F580F540F
528.0,0x103,060108010C010601
528.0,0x104,0001000000000000
528.1,0x100,430C34FF3F1A0000
528.2,0x100,470C1FFF3B1A0000
528.3,0x100,420C3CFF661A0000
528.4,0x100,430C32FF471A0000
528.5,0x100,440C34FF3F1A0000
528.5,0x101,550F540F530F580F
528.5,0x102,500F650F500F4E0F
528.6,0x100,460C20FF501A0000
528.7,0x100,450C23FF3B1A0000
528.8,0x100,410C3CFF421A0000
528.9,0x100,410C49FF511A0000
529.0,0x100,430C35FF5E1A0000
529.0,0x101,540F550F500F540F
529.0,0x102,500F630F4F0F500F
529.0,0x103,070108010B010601
529.0,0x104,0001000000000000
529.1,0x100,470C21FF531A0000
529.2,0x100,430C33FF501A0000
529.3,0x100,400C52FF571A0000
529.4,0x100,440C30FF461A0000
529.5,0x100,430C44FF3B1A0000
529.5,0x101,520F510F530F510F
529.5,0x102,4F0F640F510F500F
529.6,0x100,460C23FF431A0000
529.7,0x100,440C2DFF571A0000
529.8,0x100,420C37FF3E1A0000
529.9,0x100,440C34FF491A0000
530.0,0x100,450C23FF4B1A0000
530.0,0x101,580F570F540F540F
530.0,0x102,510F6C0F510F500F
530.0,0x103,070106010C010601
530.0,0x104,0001000000000000
530.1,0x100,450C22FF4F1A0000
530.2,0x100,430C3DFF501A0000
530.3,0x100,420C40FF511A0000
530.4,0x100,420C45FF681A0000
530.5,0x100,410C49FF521A0000
530.5,0x101,4C0F500F4E0F510F
530.5,0x102,4D0F620F4C0F4E0F
530.6,0x100,440C30FF591A0000
530.7,0x100,450C29FF4C1A0000
530.8,0x100,410C42FF5F1A0000
530.9,0x100,430C39FF441A0000
531.0,0x100,450C1FFF561A0000
531.0,0x101,5A0F540F560F560F
531.0,0x102,520F6A0F510F510F
531.0,0x103,060107010C010601
531.0,0x104,0001000000000000
531.1,0x100,460C1EFF4B1A0000
531.2,0x100,430C35FF561A0000
531.3,0x100,440C2BFF511A0000
531.4,0x100,430C2EFF591A0000
531.5,0x100,430C3EFF511A0000
531.5,0x101,520F530F540F540F
531.5,0x102,500F660F520F4D0F
531.6,0x100,420C39FF4C1A0000
531.7,0x100,420C42FF571A0000
531.8,0x100,490C11FF441A0000
531.9,0x100,440C32FF3B1A0000
532.0,0x100,430C38FF371A0000
532.0,0x101,520F530F510F560F
532.0,0x102,4D0F650F500F4E0F
532.0,0x103,070107010A010701
532.0,0x104,0001000000000000
532.1,0x100,470C17FF5F1A0000
532.2,0x100,440C24FF501A0000
532.3,0x100,460C21FF521A0000
532.4,0x100,440C2EFF4A1A0000
532.5,0x100,400C46FF511A0000
532.5,0x101,520F4F0F4E0F4F0F
532.5,0x102,490F5C0F4C0F4C0F
532.6,0x100,410C4CFF471A0000
532.7,0x100,460C22FF4E1A0000
532.8,0x100,440C36FF3C1A0000
532.9,0x100,430C36FF3B1A0000
533.0,0x100,430C34FF411A0000
533.0,0x101,530F550F540F560F
533.0,0x102,4C0F630F4D0F510F
533.0,0x103,060107010B010601
533.0,0x104,0001000000000000
533.1,0x100,440C34FF461A0000
533.2,0x100,440C33FF5C1A0000
533.3,0x100,410C47FF681A0000
533.4,0x100,430C3FFF5A1A0000
533.5,0x100,460C1EFF2F1A0000
533.5,0x101,560F540F590F5A0F
533.5,0x102,520F6B0F540F4F0F
533.6,0x100,430C3AFF611A0000
533.7,0x100,430C3BFF4B1A0000
533.8,0x100,450C33FF401A0000
533.9,0x100,430C3FFF631A0000
534.0,0x100,440C31FF4C1A0000
534.0,0x101,550F530F530F570F
534.0,0x102,500F610F510F500F
534.0,0x103,070107010B010601
534.0,0x104,0001000000000000
534.1,0x100,450C31FF461A0000
534.2,0x100,440C30FF4A1A0000
534.3,0x100,480C10FF4D1A0000
534.4,0x100,450C2DFF561A0000
534.5,0x100,460C24FF521A0000
534.5,0x101,570F540F550F570F
534.5,0x102,4F0F680F550F540F
534.6,0x100,470C1CFF4A1A0000
534.7,0x100,420C44FF3D1A0000
534.8,0x100,440C36FF491A0000
534.9,0x100,440C2EFF531A0000
535.0,0x100,460C26FF4A1A0000
535.0,0x101,570F580F560F560F
535.0,0x102,500F6C0F540F550F
535.0,0x103,070106010B010601
535.0,0x104,0001000000000000
535.1,0x100,440C32FF531A0000
535.2,0x100,420C3DFF511A0000
535.3,0x100,480C22FF5D1A0000
535.4,0x100,450C2EFF541A0000
535.5,0x100,430C3BFF5A1A0000
535.5,0x101,530F540F510F560F
535.5,0x102,4C0F650F500F4F0F
535.6,0x100,480C11FF501A0000
535.7,0x100,460C2DFF621A0000
535.8,0x100,440C28FF4E1A0000
535.9,0x100,460C2CFF4A1A0000
536.0,0x100,460C26FF601A0000
536.0,0x101,570F570F580F580F
536.0,0x102,4F0F6A0F530F520F
536.0,0x103,070107010C010701
536.0,0x104,0001000000000000
536.1,0x100,440C30FF4C1A0000
536.2,0x100,410C4BFF481A0000
536.3,0x100,450C29FF481A0000
536.4,0x100,440C32FF4E1A0000
536.5,0x100,410C4CFF501A0000
536.5,0x101,500F550F520F4F0F
536.5,0x102,4B0F600F4D0F4E0F
536.6,0x100,460C26FF571A0000
536.7,0x100,430C49FF5B1A0000
536.8,0x100,460C2EFF541A0000
536.9,0x100,410C49FF5D1A0000
537.0,0x100,430C39FF5C1A0000
537.0,0x101,530F530F550F580F
537.0,0x102,4E0F630F500F4E0F
537.0,0x103,060108010B010601
537.0,0x104,0001000000000000
537.1,0x100,440C33FF4B1A0000
537.2,0x100,440C2DFF4A1A0000
537.3,0x100,460C25FF501A0000
537.4,0x100,440C2FFF3F1A0000
537.5,0x100,440C3BFF551A0000
537.5,0x101,530F520F530F540F
537.5,0x102,4E0F660F520F500F
537.6,0x100,450C2EFF521A0000
537.7,0x100,450C29FF651A0000
537.8,0x100,460C2AFF601A0000
537.9,0x100,430C3DFF521A0000
538.0,0x100,430C40FF5F1A0000
538.0,0x101,530F510F530F550F
538.0,0x102,4E0F630F510F4F0F
538.0,0x103,070108010C010701
538.0,0x104,0001000000000000
538.1,0x100,460C24FF541A0000
538.2,0x100,460C24FF5A1A0000
538.3,0x100,440C34FF421A0000
538.4,0x100,410C45FF501A0000
538.5,0x100,420C3FFF571A0000
538.5,0x101,510F510F500F540F
538.5,0x102,4D0F600F4F0F4E0F
538.6,0x100,470C1BFF531A0000
538.7,0x100,450C2AFF631A0000
538.8,0x100,470C20FF5A1A0000
538.9,0x100,450C2AFF5C1A0000
539.0,0x100,420C46FF591A0000
539.0,0x101,510F550F510F520F
539.0,0x102,4A0F5F0F510F4D0F
539.0,0x103,070106010C010601
539.0,0x104,0001000000000000
539.1,0x100,470C19FF571A0000
539.2,0x100,490C16FF601A0000
539.3,0x100,470C22FF691A0000
539.4,0x100,440C32FF421A0000
539.5,0x100,440C37FF4D1A0000
539.5,0x101,540F530F540F560F
539.5,0x102,4F0F660F520F520F
539.6,0x100,440C35FF581A0000
539.7,0x100,430C40FF651A0000
539.8,0x100,480C14FF5F1A0000
539.9,0x100,420C40FF501A0000
540.0,0x100,450C29FF541A0000
540.0,0x101,580F570F540F5A0F
540.0,0x102,500F670F510F4E0F
540.0,0x103,060107010B010701
540.0,0x104,0001000000000000
540.1,0x100,430C39FF601A0000
540.2,0x100,470C1AFF521A0000
540.3,0x100,440C2EFF5B1A0000
540.4,0x100,450C32FF521A0000
540.5,0x100,440C3FFF5D1A0000
540.5,0x101,520F540F550F570F
540.5,0x102,4E0F670F510F4D0F
540.6,0x100,480C16FF5F1A0000
540.7,0x100,460C2EFF3E1A0000
540.8,0x100,470C1EFF6B1A0000
540.9,0x100,450C36FF6C1A0000
541.0,0x100,440C3AFF451A0000
541.0,0x101,540F550F520F540F
541.0,0x102,500F620F530F4F0F
541.0,0x103,060108010D010601
541.0,0x104,0001000000000000
541.1,0x100,430C41FF571A0000
541.2,0x100,460C26FF491A0000
541.3,0x100,430C3CFF441A0000
541.4,0x100,430C42FF621A0000
541.5,0x100,480C15FF6C1A0000
541.5,0x101,5A0F560F590F580F
541.5,0x102,550F6F0F570F550F
541.6,0x100,440C37FF5A1A0000
541.7,0x100,430C3CFF6A1A0000
541.8,0x100,460C2AFF541A0000
541.9,0x100,480C1CFF4C1A0000
542.0,0x100,430C3CFF571A0000
542.0,0x101,540F550F530F530F
542.0,0x102,500F640F4F0F4D0F
542.0,0x103,070107010B010601
542.0,0x104,0001000000000000
542.1,0x100,480C1CFF531A0000
542.2,0x100,450C2BFF5F1A0000
542.3,0x100,450C2DFF661A0000
542.4,0x100,430C39FF501A0000
542.5,0x100,470C25FF4E1A0000
542.5,0x101,5B0F560F560F580F
542.5,0x102,530F6A0F540F520F
542.6,0x100,460C24FF641A0000
542.7,0x100,440C2FFF581A0000
542.8,0x100,440C3DFF641A0000
542.9,0x100,420C50FF541A0000
543.0,0x100,490C17FF551A0000
543.0,0x101,5B0F560F5A0F5D0F
543.0,0x102,550F6E0F570F540F
543.0,0x103,060107010B010701
543.0,0x104,0001000000000000
543.1,0x100,450C33FF661A0000
543.2,0x100,480C1EFF651A0000
543.3,0x100,430C3DFF6A1A0000
543.4,0x100,460C20FF5A1A0000
543.5,0x100,470C24FF6A1A0000
543.5,0x101,590F570F560F560F
543.5,0x102,540F6A0F570F560F
543.6,0x100,470C25FF611A0000
543.7,0x100,460C2DFF611A0000
543.8,0x100,470C33FF551A0000
543.9,0x100,450C35FF641A0000
544.0,0x100,460C2EFF5B1A0000
544.0,0x101,580F5A0F580F550F
544.0,0x102,520F640F530F510F
544.0,0x103,060107010B010601
544.0,0x104,0001000000000000
544.1,0x100,490C1AFF701A0000
544.2,0x100,440C39FF5E1A0000
544.3,0x100,460C2DFF5C1A0000
544.4,0x100,430C3FFF6B1A0000
544.5,0x100,460C23FF5F1A0000
544.5,0x101,570F5A0F590F550F
544.5,0x102,500F660F540F530F
544.6,0x100,490C16FF561A0000
544.7,0x100,460C2DFF4F1A0000
544.8,0x100,430C41FF561A0000
544.9,0x100,450C30FF4C1A0000
545.0,0x100,460C2BFF5E1A0000
545.0,0x101,570F5B0F550F570F
545.0,0x102,530F670F550F4F0F
545.0,0x103,060106010B010701
545.0,0x104,0001000000000000
545.1,0x100,470C21FF681A0000
545.2,0x100,420C48FF591A0000
545.3,0x100,470C1FFF791A0000
545.4,0x100,470C23FF511A0000
545.5,0x100,470C37FF651A0000
545.5,0x101,590F570F560F5B0F
545.5,0x102,530F660F520F560F
545.6,0x100,480C12FF641A0000
545.7,0x100,440C41FF5C1A0000
545.8,0x100,450C37FF5E1A0000
545.9,0x100,440C3BFF711A0000
546.0,0x100,440C36FF6B1A0000
546.0,0x101,530F550F550F550F
546.0,0x102,510F670F4E0F530F
546.0,0x103,070107010B010601
546.0,0x104,0001000000000000
546.1,0x100,470C2CFF6A1A0000
546.2,0x100,480C1EFF571A0000
546.3,0x100,460C2CFF661A0000
546.4,0x100,470C1FFF691A0000
546.5,0x100,440C35FF6A1A0000
546.5,0x101,530F570F540F590F
546.5,0x102,500F650F4F0F4F0F
546.6,0x100,440C3AFF531A0000
546.7,0x100,440C44FF651A0000
546.8,0x100,450C34FF651A0000
546.9,0x100,450C3CFF6D1A0000
547.0,0x100,480C2AFF5F1A0000
547.0,0x101,590F5B0F560F5A0F
547.0,0x102,550F6D0F520F540F
547.0,0x103,060108010B010601
547.0,0x104,0001000000000000
547.1,0x100,450C27FF561A0000
547.2,0x100,450C35FF581A0000
547.3,0x100,470C28FF661A0000
547.4,0x100,450C32FF6E1A0000
547.5,0x100,470C1EFF5F1A0000
547.5,0x101,5A0F5B0F580F580F
547.5,0x102,510F700F520F520F
547.6,0x100,480C21FF651A0000
547.7,0x100,440C38FF4E1A0000
547.8,0x100,440C3BFF4D1A0000
547.9,0x100,480C1FFF681A0000
548.0,0x100,440C38FF681A0000
548.0,0x101,520F580F530F530F
548.0,0x102,4F0F650F510F4F0F
548.0,0x103,070107010B010701
548.0,0x104,0001000000000000
548.1,0x100,460C26FF6A1A0000
548.2,0x100,460C2EFF4E1A0000
548.3,0x100,440C43FF721A0000
548.4,0x100,450C3AFF5E1A0000
548.5,0x100,440C3AFF5E1A0000
548.5,0x101,540F520F540F580F
548.5,0x102,520F660F510F510F
548.6,0x100,420C4BFF6A1A0000
548.7,0x100,470C23FF651A0000
548.8,0x100,480C1FFF751A0000
548.9,0x100,470C23FF6B1A0000
549.0,0x100,450C2AFF741A0000
549.0,0x101,540F570F560F540F
549.0,0x102,530F6B0F540F500F
549.0,0x103,070107010C010601
549.0,0x104,0001000000000000
549.1,0x100,4B0C0BFF601A0000
549.2,0x100,460C2BFF711A0000
549.3,0x100,480C26FF4F1A0000
549.4,0x100,440C3AFF641A0000
549.5,0x100,460C33FF581A0000
549.5,0x101,570F560F560F5A0F
549.5,0x102,510F690F550F520F
549.6,0x100,460C25FF661A0000
549.7,0x100,460C37FF671A0000
549.8,0x100,440C39FF6F1A0000
549.9,0x100,480C22FF681A0000
550.0,0x100,470C27FF5E1A0000
550.0,0x101,5B0F580F550F5B0F
550.0,0x102,540F6A0F570F4F0F
550.0,0x103,070107010C010501
550.0,0x104,0001000000000000
550.1,0x100,4B0C0DFF611A0000
550.2,0x100,480C1EFF681A0000
550.3,0x100,480C23FF601A0000
550.4,0x100,460C2FFF721A0000
550.5,0x100,480C20FF631A0000
550.5,0x101,5C0F5B0F570F580F
550.5,0x102,550F6C0F550F550F
550.6,0x100,470C26FF711A0000
550.7,0x100,490C1CFF601A0000
550.8,0x100,460C31FF6D1A0000
550.9,0x100,450C34FF651A0000
551.0,0x100,450C34FF731A0000
551.0,0x101,540F530F540F580F
551.0,0x102,510F660F550F530F
551.0,0x103,060107010C010701
551.0,0x104,0001000000000000
551.1,0x100,460C2EFF7A1A0000
551.2,0x100,490C17FF6A1A0000
551.3,0x100,480C25FF7B1A0000
551.4,0x100,480C28FF661A0000
551.5,0x100,470C28FF6A1A0000
551.5,0x101,570F550F580F580F
551.5,0x102,530F690F550F560F
551.6,0x100,460C2FFF671A0000
551.7,0x100,440C43FF5E1A0000
551.8,0x100,440C3AFF771A0000
551.9,0x100,480C1FFF6A1A0000
552.0,0x100,450C38FF641A0000
552.0,0x101,590F560F530F570F
552.0,0x102,4D0F660F560F4F0F
552.0,0x103,070107010C010801
552.0,0x104,0001000000000000
552.1,0x100,440C38FF621A0000
552.2,0x100,480C22FF7C1A0000
552.3,0x100,440C3BFF681A0000
552.4,0x100,470C2CFF681A0000
552.5,0x100,490C19FF741A0000
552.5,0x101,590F580F590F5D0F
552.5,0x102,580F6E0F550F5A0F
552.6,0x100,450C35FF791A0000
552.7,0x100,460C31FF641A0000
552.8,0x100,470C2BFF701A0000
552.9,0x100,470C2DFF701A0000
553.0,0x100,490C23FF681A0000
553.0,0x101,5B0F5E0F590F5B0F
553.0,0x102,550F6A0F570F570F
553.0,0x103,070107010C010701
553.0,0x104,0001000000000000
553.1,0x100,460C37FF661A0000
553.2,0x100,460C2DFF641A0000
553.3,0x100,460C30FF751A0000
553.4,0x100,470C33FF6D1A0000
553.5,0x100,490C1DFF6B1A0000
553.5,0x101,590F590F5B0F5B0F
553.5,0x102,540F6D0F560F560F
553.6,0x100,480C21FF641A0000
553.7,0x100,4A0C0DFF751A0000
553.8,0x100,460C36FF6E1A0000
553.9,0x100,490C1CFF631A0000
554.0,0x100,460C30FF681A0000
554.0,0x101,580F580F570F5A0F
554.0,0x102,540F660F540F520F
554.0,0x103,070107010C010601
554.0,0x104,0001000000000000
554.1,0x100,460C34FF731A0000
554.2,0x100,450C37FF5A1A0000
554.3,0x100,490C1CFF6B1A0000
554.4,0x100,470C2DFF741A0000
554.5,0x100,440C47FF6F1A0000
554.5,0x101,550F560F540F560F
554.5,0x102,500F650F500F510F
554.6,0x100,430C48FF741A0000
554.7,0x100,450C3DFF571A0000
554.8,0x100,470C33FF5F1A0000
554.9,0x100,480C1FFF761A0000
555.0,0x100,450C39FF711A0000
555.0,0x101,580F570F530F550F
555.0,0x102,4F0F670F550F550F
555.0,0x103,080107010A010701
555.0,0x104,0001000000000000
555.1,0x100,470C2CFF6A1A0000
555.2,0x100,460C36FF701A0000
555.3,0x100,490C25FF731A0000
555.4,0x100,480C2BFF681A0000
555.5,0x100,470C30FF671A0000
555.5,0x101,5A0F590F580F590F
555.5,0x102,530F6C0F550F520F
555.6,0x100,460C32FF601A0000
555.7,0x100,470C35FF7C1A0000
555.8,0x100,480C25FF6F1A0000
555.9,0x100,4A0C1AFF7D1A0000
556.0,0x100,430C46FF611A0000
556.0,0x101,530F520F550F530F
556.0,0x102,4E0F610F500F500F
556.0,0x103,060107010B010501
556.0,0x104,0001000000000000
556.1,0x100,420C53FF701A0000
556.2,0x100,460C35FF621A0000
556.3,0x100,490C1AFF801A0000
556.4,0x100,480C22FF8A1A0000
556.5,0x100,470C36FF7B1A0000
556.5,0x101,580F550F570F5A0F
556.5,0x102,520F6C0F540F560F
556.6,0x100,440C42FF641A0000
556.7,0x100,490C1CFF641A0000
556.8,0x100,470C2CFF6E1A0000
556.9,0x100,470C31FF711A0000
557.0,0x100,450C3BFF751A0000
557.0,0x101,550F560F540F5A0F
557.0,0x102,4F0F660F550F500F
557.0,0x103,070106010B010501
557.0,0x104,0001000000000000
557.1,0x100,480C29FF741A0000
557.2,0x100,4A0C17FF701A0000
557.3,0x100,460C37FF6E1A0000
557.4,0x100,440C3FFF681A0000
557.5,0x100,470C2DFF771A0000
557.5,0x101,570F560F580F590F
557.5,0x102,530F6B0F520F550F
557.6,0x100,460C34FF591A0000
557.7,0x100,470C27FF711A0000
557.8,0x100,490C21FF731A0000
557.9,0x100,460C3DFF6F1A0000
558.0,0x100,460C34FF791A0000
558.0,0x101,560F570F570F570F
558.0,0x102,540F690F540F540F
558.0,0x103,070106010C010601
558.0,0x104,0001000000000000
558.1,0x100,450C35FF7B1A0000
558.2,0x100,440C45FF731A0000
558.3,0x100,490C1EFF881A0000
558.4,0x100,4A0C26FF6A1A0000
558.5,0x100,470C30FF6D1A0000
558.5,0x101,570F570F570F570F
558.5,0x102,540F6C0F540F530F
558.6,0x100,480C26FF6E1A0000
558.7,0x100,460C3AFF7D1A0000
558.8,0x100,480C2BFF761A0000
558.9,0x100,490C1FFF5F1A0000
559.0,0x100,470C2FFF6F1A0000
559.0,0x101,560F5A0F5A0F590F
559.0,0x102,520F680F530F520F
559.0,0x103,060107010B010701
559.0,0x104,0001000000000000
559.1,0x100,460C31FF6C1A0000
559.2,0x100,460C3CFF831A0000
559.3,0x100,460C34FF6B1A0000
559.4,0x100,460C35FF731A0000
559.5,0x100,460C33FF631A0000
559.5,0x101,590F560F570F570F
559.5,0x102,520F630F540F520F
559.6,0x100,480C2BFF751A0000
559.7,0x100,490C23FF861A0000
559.8,0x100,470C32FF6B1A0000
559.9,0x100,470C29FF7D1A0000
560.0,0x100,430C47FF721A0000
560.0,0x101,570F500F4E0F590F
560.0,0x102,4D0F630F4E0F500F
560.0,0x103,050108010C010701
560.0,0x104,0001000000000000
560.1,0x100,440C42FF741A0000
560.2,0x100,460C37FF7A1A0000
560.3,0x100,460C34FF671A0000
560.4,0x100,480C2DFF6D1A0000
560.5,0x100,4A0C1BFF6B1A0000
560.5,0x101,5B0F5B0F5C0F5C0F
560.5,0x102,520F6E0F5B0F580F
560.6,0x100,480C2BFF851A0000
560.7,0x100,470C30FF7F1A0000
560.8,0x100,480C31FF7F1A0000
560.9,0x100,460C35FF7F1A0000
561.0,0x100,460C3CFF7D1A0000
561.0,0x101,550F590F570F570F
561.0,0x102,550F670F550F500F
561.0,0x103,070107010B010601
561.0,0x104,0001000000000000
561.1,0x100,490C24FF651A0000
561.2,0x100,480C24FF6F1A0000
561.3,0x100,440C44FF731A0000
561.4,0x100,470C3AFF771A0000
561.5,0x100,480C28FF6C1A0000
561.5,0x101,590F5A0F560F5C0F
561.5,0x102,550F6B0F560F550F
561.6,0x100,470C2CFF681A0000
561.7,0x100,480C2CFF6B1A0000
561.8,0x100,470C2EFF6F1A0000
561.9,0x100,460C35FF731A0000
562.0,0x100,430C54FF7B1A0000
562.0,0x101,520F520F530F570F
562.0,0x102,4E0F5F0F520F4F0F
562.0,0x103,070107010C010501
562.0,0x104,0001000000000000
562.1,0x100,480C31FF751A0000
562.2,0x100,460C38FF831A0000
562.3,0x100,4B0C15FF7D1A0000
562.4,0x100,480C27FF741A0000
562.5,0x100,450C40FF7C1A0000
562.5,0x101,590F540F520F580F
562.5,0x102,520F650F510F520F
562.6,0x100,460C34FF761A0000
562.7,0x100,4F0CECFE711A0000
562.8,0x100,460C38FF781A0000
562.9,0x100,430C4BFF7C1A0000
563.0,0x100,4B0C10FF821A0000
563.0,0x101,5D0F5A0F5D0F630F
563.0,0x102,590F700F590F570F
563.0,0x103,060108010B010701
563.0,0x104,0001000000000000
563.1,0x100,440C45FF8E1A0000
563.2,0x100,4C0C04FF851A0000
563.3,0x100,460C3CFF6E1A0000
563.4,0x100,470C2EFF681A0000
563.5,0x100,4C0C0BFF851A0000
563.5,0x101,5B0F5E0F5E0F630F
563.5,0x102,580F720F5D0F5A0F
563.6,0x100,470C35FF771A0000
563.7,0x100,450C3FFF721A0000
563.8,0x100,470C33FF891A0000
563.9,0x100,470C37FF771A0000
564.0,0x100,480C28FF781A0000
564.0,0x101,570F590F590F590F
564.0,0x102,540F6D0F570F580F
564.0,0x103,070107010C010701
564.0,0x104,0001000000000000
564.1,0x100,4A0C12FF731A0000
564.2,0x100,470C38FF651A0000
564.3,0x100,450C48FF701A0000
564.4,0x100,450C3FFF731A0000
564.5,0x100,4B0C10FF691A0000
564.5,0x101,5B0F5E0F5E0F5D0F
564.5,0x102,560F720F580F5A0F
564.6,0x100,4B0C17FF7B1A0000
564.7,0x100,490C21FF7D1A0000
564.8,0x100,4A0C16FF831A0000
564.9,0x100,480C2FFF731A0000
565.0,0x100,470C34FF681A0000
565.0,0x101,5A0F580F5A0F5A0F
565.0,0x102,550F640F550F550F
565.0,0x103,070108010C010601
565.0,0x104,0001000000000000
565.1,0x100,4B0C19FF771A0000
565.2,0x100,460C3AFF6E1A0000
565.3,0x100,470C37FF7B1A0000
565.4,0x100,490C26FF841A0000
565.5,0x100,480C2BFF761A0000
565.5,0x101,5A0F5A0F540F590F
565.5,0x102,550F6E0F590F530F
565.6,0x100,4B0C11FF7B1A0000
565.7,0x100,480C29FF671A0000
565.8,0x100,490C2EFF781A0000
565.9,0x100,480C31FF8C1A0000
566.0,0x100,480C34FF821A0000
566.0,0x101,5B0F590F590F590F
566.0,0x102,540F670F560F550F
566.0,0x103,070107010C010501
566.0,0x104,0001000000000000
566.1,0x100,490C32FF741A0000
566.2,0x100,480C2AFF711A0000
566.3,0x100,470C32FF7C1A0000
566.4,0x100,470C3DFF821A0000
566.5,0x100,480C2DFF751A0000
566.5,0x101,5B0F560F5C0F590F
566.5,0x102,530F6A0F550F540F
566.6,0x100,480C33FF7B1A0000
566.7,0x100,480C2BFF6A1A0000
566.8,0x100,490C24FF851A0000
566.9,0x100,460C36FF751A0000
567.0,0x100,490C26FF841A0000
567.0,0x101,5A0F570F590F5C0F
567.0,0x102,560F6D0F5B0F5A0F
567.0,0x103,070107010B010601
567.0,0x104,0001000000000000
567.1,0x100,470C34FF811A0000
567.2,0x100,470C2EFF821A0000
567.3,0x100,490C29FF7B1A0000
567.4,0x100,490C29FF8E1A0000
567.5,0x100,490C26FF781A0000
567.5,0x101,580F590F590F5D0F
567.5,0x102,570F6D0F580F530F
567.6,0x100,4C0C15FF8F1A0000
567.7,0x100,470C34FF811A0000
567.8,0x100,470C31FF801A0000
567.9,0x100,470C3BFF7C1A0000
568.0,0x100,490C26FF801A0000
568.0,0x101,590F600F560F5C0F
568.0,0x102,570F6E0F570F540F
568.0,0x103,070108010B010601
568.0,0x104,0001000000000000
568.1,0x100,450C4AFF7F1A0000
568.2,0x100,490C28FF901A0000
568.3,0x100,4A0C21FF731A0000
568.4,0x100,4A0C1FFF7D1A0000
568.5,0x100,4A0C14FF761A0000
568.5,0x101,5A0F5B0F5B0F5B0F
568.5,0x102,560F700F590F5C0F
568.6,0x100,460C45FF7A1A0000
568.7,0x100,460C43FF801A0000
568.8,0x100,470C37FF8F1A0000
568.9,0x100,4A0C21FF851A0000
569.0,0x100,450C49FF771A0000
569.0,0x101,550F560F560F570F
569.0,0x102,510F640F4F0F520F
569.0,0x103,070108010D010601
569.0,0x104,0001000000000000
569.1,0x100,480C29FF7D1A0000
569.2,0x100,490C2AFF8C1A0000
569.3,0x100,450C44FF7B1A0000
569.4,0x100,480C38FF821A0000
569.5,0x100,450C4FFF851A0000
569.5,0x101,560F550F570F590F
569.5,0x102,4E0F630F560F510F
569.6,0x100,480C32FF7F1A0000
569.7,0x100,490C28FF781A0000
569.8,0x100,490C25FF841A0000
569.9,0x100,4B0C12FF981A0000
570.0,0x100,480C2AFF7D1A0000
570.0,0x101,5A0F5A0F5A0F580F
570.0,0x102,580F6C0F510F560F
570.0,0x103,060108010A010601
570.0,0x104,0001000000000000
570.1,0x100,460C3FFF7C1A0000
570.2,0x100,470C37FF891A0000
570.3,0x100,470C2EFF9A1A0000
570.4,0x100,4B0C1FFF7A1A0000
570.5,0x100,470C31FF761A0000
570.5,0x101,580F590F580F5B0F
570.5,0x102,560F680F540F540F
570.6,0x100,460C3DFF8A1A0000
570.7,0x100,470C34FF8B1A0000
570.8,0x100,480C31FF791A0000
570.9,0x100,4A0C22FF801A0000
571.0,0x100,470C3BFF771A0000
571.0,0x101,560F590F570F5A0F
571.0,0x102,530F6C0F560F550F
571.0,0x103,070107010C010601
571.0,0x104,0001000000000000
571.1,0x100,4F0CFFFE7F1A0000
571.2,0x100,480C34FF801A0000
571.3,0x100,430C55FF8D1A0000
571.4,0x100,4C0C17FF901A0000
571.5,0x100,490C2AFF831A0000
571.5,0x101,5B0F5C0F560F5C0F
571.5,0x102,550F6D0F580F560F
571.6,0x100,480C2EFF931A0000
571.7,0x100,4A0C27FF8D1A0000
571.8,0x100,470C3EFF771A0000
571.9,0x100,480C35FF8F1A0000
572.0,0x100,470C30FF8C1A0000
572.0,0x101,570F520F560F5A0F
572.0,0x102,540F6C0F570F5A0F
572.0,0x103,060107010D010701
572.0,0x104,0001000000000000
572.1,0x100,470C3AFF981A0000
572.2,0x100,490C2EFF871A0000
572.3,0x100,420C5EFF961A0000
572.4,0x100,480C30FF731A0000
572.5,0x100,480C31FF811A0000
572.5,0x101,590F5A0F570F570F
572.5,0x102,520F6B0F560F560F
572.6,0x100,4B0C14FF711A0000
572.7,0x100,4A0C26FF821A0000
572.8,0x100,450C3FFF871A0000
572.9,0x100,4B0C1AFF851A0000
573.0,0x100,4C0C0EFF8F1A0000
573.0,0x101,5C0F5E0F5A0F610F
573.0,0x102,570F750F5B0F5A0F
573.0,0x103,070107010B010701
573.0,0x104,0001000000000000
573.1,0x100,480C2EFF9F1A0000
573.2,0x100,460C43FF821A0000
573.3,0x100,480C2FFF931A0000
573.4,0x100,4A0C29FF8D1A0000
573.5,0x100,4C0C12FF8A1A0000
573.5,0x101,5D0F5E0F590F620F
573.5,0x102,580F750F5A0F5A0F
573.6,0x100,480C35FF8F1A0000
573.7,0x100,480C38FF831A0000
573.8,0x100,4D0C13FF911A0000
573.9,0x100,460C3FFF791A0000
574.0,0x100,470C39FF891A0000
574.0,0x101,570F590F580F560F
574.0,0x102,550F690F530F530F
574.0,0x103,060107010B010501
574.0,0x104,0001000000000000
574.1,0x100,470C3FFF841A0000
574.2,0x100,480C37FFA01A0000
574.3,0x100,480C38FF7D1A0000
574.4,0x100,480C36FF8D1A0000
574.5,0x100,470C3BFF941A0000
574.5,0x101,590F570F570F5A0F
574.5,0x102,540F680F580F540F
574.6,0x100,4D0C13FF821A0000
574.7,0x100,4B0C17FF881A0000
574.8,0x100,4A0C23FF831A0000
574.9,0x100,490C2CFF841A0000
575.0,0x100,480C34FF991A0000
575.0,0x101,590F5A0F570F5C0F
575.0,0x102,550F680F550F520F
575.0,0x103,070108010B010701
575.0,0x104,0001000000000000
575.1,0x100,490C33FF761A0000
575.2,0x100,460C3FFF8C1A0000
575.3,0x100,460C3FFF741A0000
575.4,0x100,4A0C21FF931A0000
575.5,0x100,490C32FF851A0000
575.5,0x101,5A0F590F570F5A0F
575.5,0x102,570F700F570F570F
575.6,0x100,4A0C21FF781A0000
575.7,0x100,490C2BFF881A0000
575.8,0x100,480C33FF7E1A0000
575.9,0x100,4F0CFBFE941A0000
576.0,0x100,450C52FF941A0000
576.0,0x101,570F590F530F570F
576.0,0x102,4C0F650F540F520F
576.0,0x103,060107010C010701
576.0,0x104,0001000000000000
576.1,0x100,480C36FF7F1A0000
576.2,0x100,4A0C25FF901A0000
576.3,0x100,460C4BFF841A0000
576.4,0x100,490C29FF881A0000
576.5,0x100,480C30FF9F1A0000
576.5,0x101,5C0F5A0F580F5B0F
576.5,0x102,550F6C0F550F530F
576.6,0x100,4A0C27FF871A0000
576.7,0x100,460C47FF9A1A0000
576.8,0x100,4A0C2CFF9D1A0000
576.9,0x100,480C30FF881A0000
577.0,0x100,460C40FF8E1A0000
577.0,0x101,570F550F530F590F
577.0,0x102,550F690F570F530F
577.0,0x103,060107010C010601
577.0,0x104,0001000000000000
577.1,0x100,480C37FF871A0000
577.2,0x100,490C2DFF8C1A0000
577.3,0x100,460C3FFF921A0000
577.4,0x100,450C54FF8B1A0000
577.5,0x100,480C33FF901A0000
577.5,0x101,590F580F580F5B0F
577.5,0x102,550F680F580F560F
577.6,0x100,480C30FF851A0000
577.7,0x100,480C31FF831A0000
577.8,0x100,470C42FF891A0000
577.9,0x100,4A0C25FF8E1A0000
578.0,0x100,4B0C2AFF9A1A0000
578.0,0x101,5E0F5D0F5A0F5D0F
578.0,0x102,570F6F0F5B0F590F
578.0,0x103,070107010C010701
578.0,0x104,0001000000000000
578.1,0x100,4B0C17FF8B1A0000
578.2,0x100,4B0C1CFF911A0000
578.3,0x100,4B0C26FF841A0000
578.4,0x100,4A0C2DFF961A0000
578.5,0x100,450C49FF8A1A0000
578.5,0x101,570F580F530F570F
578.5,0x102,510F650F550F520F
578.6,0x100,480C36FF8B1A0000
578.7,0x100,4C0C20FF8E1A0000
578.8,0x100,4B0C23FF881A0000
578.9,0x100,460C43FF831A0000
579.0,0x100,470C3FFF931A0000
579.0,0x101,560F560F560F5C0F
579.0,0x102,530F670F560F550F
579.0,0x103,070107010C010601
579.0,0x104,0001000000000000
579.1,0x100,4A0C2EFF971A0000
579.2,0x100,4A0C27FF811A0000
579.3,0x100,460C3FFF911A0000
579.4,0x100,4B0C1FFF911A0000
579.5,0x100,490C34FF8B1A0000
579.5,0x101,580F5D0F5A0F5C0F
579.5,0x102,560F690F5A0F550F
579.6,0x100,440C50FF8B1A0000
579.7,0x100,490C31FF9A1A0000
579.8,0x100,4A0C22FFA51A0000
579.9,0x100,480C34FF9C1A0000
580.0,0x100,2B0C2100951A0000
580.0,0x101,370F340F340F350F
580.0,0x102,380F2F0F390F370F
580.0,0x103,060107010C010601
580.0,0x104,0001000000000000
580.1,0x100,2D0C13009B1A0000
580.2,0x100,280C3300941A0000
580.3,0x100,280C3900881A0000
580.4,0x100,2A0C2300931A0000
580.5,0x100,2B0C2200821A0000
580.5,0x101,320F380F330F3A0F
580.5,0x102,350F340F380F340F
580.6,0x100,2C0C1A00881A0000
580.7,0x100,2A0C2600991A0000
580.8,0x100,2B0C20008D1A0000
580.9,0x100,2C0C1900871A0000
581.0,0x100,260C4400891A0000
581.0,0x101,2F0F320F2E0F300F
581.0,0x102,310F280F2E0F310F
581.0,0x103,0501060109010501
581.0,0x104,0001000000000000
581.1,0x100,2A0C2F00831A0000
581.2,0x100,290C3100921A0000
581.3,0x100,270C35008B1A0000
581.4,0x100,280C34008D1A0000
581.5,0x100,2A0C2200931A0000
581.5,0x101,300F380F340F350F
581.5,0x102,3B0F320F340F370F
581.6,0x100,290C2C00931A0000
581.7,0x100,2A0C2400831A0000
581.8,0x100,290C2F00841A0000
581.9,0x100,290C2D008E1A0000
582.0,0x100,2A0C2200961A0000
582.0,0x101,350F330F340F360F
582.0,0x102,370F300F350F340F
582.0,0x103,0401050109010501
582.0,0x104,0001000000000000
582.1,0x100,2B0C1400881A0000
582.2,0x100,290C2A008A1A0000
582.3,0x100,2A0C2500911A0000
582.4,0x100,2E0C0C00901A0000
582.5,0x100,280C30008F1A0000
582.5,0x101,2F0F340F2F0F330F
582.5,0x102,350F2D0F340F330F
582.6,0x100,280C3600931A0000
582.7,0x100,260C4E00861A0000
582.8,0x100,2A0C22009E1A0000
582.9,0x100,2A0C20008C1A0000
583.0,0x100,2C0C1700A01A0000
583.0,0x101,350F340F380F390F
583.0,0x102,390F340F370F360F
583.0,0x103,0401040107010401
583.0,0x104,0001000000000000
583.1,0x100,290C2B00791A0000
583.2,0x100,290C2B007E1A0000
583.3,0x100,2A0C1C008E1A0000
583.4,0x100,290C2500991A0000
583.5,0x100,2D0C0A00921A0000
583.5,0x101,3C0F3B0F370F380F
583.5,0x102,390F340F380F370F
583.6,0x100,280C36008E1A0000
583.7,0x100,2C0C1C00921A0000
583.8,0x100,2A0C27008F1A0000
583.9,0x100,2B0C1300A31A0000
584.0,0x100,2B0C1F008A1A0000
584.0,0x101,310F390F340F330F
584.0,0x102,3A0F340F380F350F
584.0,0x103,0301040107010401
584.0,0x104,0001000000000000
584.1,0x100,2A0C24009C1A0000
584.2,0x100,2A0C2800881A0000
584.3,0x100,290C2F008C1A0000
584.4,0x100,260C3E00851A0000
584.5,0x100,280C3300981A0000
584.5,0x101,340F310F320F340F
584.5,0x102,350F2B0F320F310F
584.6,0x100,270C36009B1A0000
584.7,0x100,270C3E008D1A0000
584.8,0x100,290C3100951A0000
584.9,0x100,2B0C2700901A0000
585.0,0x100,280C3700951A0000
585.0,0x101,310F300F320F360F
585.0,0x102,350F2C0F350F330F
585.0,0x103,0201030106010301
585.0,0x104,0001000000000000
585.1,0x100,280C38009B1A0000
585.2,0x100,290C3200841A0000
585.3,0x100,2C0C1200851A0000
585.4,0x100,2B0C1B008A1A0000
585.5,0x100,2A0C24008B1A0000
585.5,0x101,350F360F310F370F
585.5,0x102,340F310F360F350F
585.6,0x100,280C3400911A0000
585.7,0x100,290C28008F1A0000
585.8,0x100,280C39008D1A0000
585.9,0x100,280C3C008E1A0000
586.0,0x100,270C3A00911A0000
586.0,0x101,310F320F2D0F320F
586.0,0x102,330F2A0F340F330F
586.0,0x103,0301030105010201
586.0,0x104,0001000000000000
586.1,0x100,280C3A00871A0000
586.2,0x100,2B0C18007A1A0000
586.3,0x100,290C2F00861A0000
586.4,0x100,2A0C1F009A1A0000
586.5,0x100,2C0C0F00751A0000
586.5,0x101,380F390F330F380F
586.5,0x102,3C0F350F390F380F
586.6,0x100,2A0C24009A1A0000
586.7,0x100,270C3C00891A0000
586.8,0x100,2A0C2F00981A0000
586.9,0x100,250C4600851A0000
587.0,0x100,290C2B00761A0000
587.0,0x101,300F330F350F370F
587.0,0x102,340F2D0F350F2F0F
587.0,0x103,0101020103010201
587.0,0x104,0001000000000000
587.1,0x100,240C4D00871A0000
587.2,0x100,290C2B008E1A0000
587.3,0x100,290C2800931A0000
587.4,0x100,2C0C1500811A0000
587.5,0x100,270C3900931A0000
587.5,0x101,350F320F300F320F
587.5,0x102,320F290F2F0F350F
587.6,0x100,2A0C20008F1A0000
587.7,0x100,2A0C1E00891A0000
587.8,0x100,270C3B00901A0000
587.9,0x100,270C3900901A0000
588.0,0x100,280C3900941A0000
588.0,0x101,340F350F310F350F
588.0,0x102,360F2C0F320F320F
588.0,0x103,0101010103010001
588.0,0x104,0001000000000000
588.1,0x100,2B0C2300911A0000
588.2,0x100,2A0C2700901A0000
588.3,0x100,2A0C2700A31A0000
588.4,0x100,280C34007C1A0000
588.5,0x100,260C3F00821A0000
588.5,0x101,2E0F330F2C0F320F
588.5,0x102,330F2B0F2F0F2F0F
588.6,0x100,290C2E009A1A0000
588.7,0x100,250C4600801A0000
588.8,0x100,290C3500981A0000
588.9,0x100,290C2400921A0000
589.0,0x100,280C3400821A0000
589.0,0x101,310F340F320F330F
589.0,0x102,350F2D0F320F320F
589.0,0x103,000102010301FF00
589.0,0x104,0001000000000000
589.1,0x100,260C4200991A0000
589.2,0x100,250C46009B1A0000
589.3,0x100,270C3A008F1A0000
589.4,0x100,290C28008E1A0000
589.5,0x100,2A0C25009C1A0000
589.5,0x101,340F360F340F360F
589.5,0x102,350F350F330F320F
589.6,0x100,290C31007E1A0000
589.7,0x100,260C4100961A0000
589.8,0x100,290C2F00811A0000
589.9,0x100,290C2F00951A0000
590.0,0x100,290C29008E1A0000
590.0,0x101,350F350F2F0F350F
590.0,0x102,330F300F340F350F
590.0,0x103,0001FF000301FF00
590.0,0x104,0001000000000000
590.1,0x100,2A0C23008F1A0000
590.2,0x100,2A0C26009F1A0000
590.3,0x100,290C2A007F1A0000
590.4,0x100,270C4200961A0000
590.5,0x100,2B0C24008E1A0000
590.5,0x101,350F370F370F390F
590.5,0x102,360F320F320F340F
590.6,0x100,2A0C2900901A0000
590.7,0x100,2B0C1B00981A0000
590.8,0x100,280C3300971A0000
590.9,0x100,270C3D00951A0000
591.0,0x100,270C4000861A0000
591.0,0x101,320F340F2E0F2E0F
591.0,0x102,330F2B0F340F2E0F
591.0,0x103,FF00FF000101FF00
591.0,0x104,0001000000000000
591.1,0x100,290C2B00951A0000
591.2,0x100,280C3100971A0000
591.3,0x100,2A0C2600941A0000
591.4,0x100,290C3000951A0000
591.5,0x100,280C2D00901A0000
591.5,0x101,330F360F320F310F
591.5,0x102,2E0F2C0F320F330F
591.6,0x100,290C2900831A0000
591.7,0x100,290C2A008B1A0000
591.8,0x100,280C2F008A1A0000
591.9,0x100,2A0C24008F1A0000
592.0,0x100,2A0C24008B1A0000
592.0,0x101,340F370F320F340F
592.0,0x102,370F2D0F340F360F
592.0,0x103,FF00FF000101FF00
592.0,0x104,0001000000000000
592.1,0x100,260C4200A11A0000
592.2,0x100,240C5100931A0000
592.3,0x100,2C0C16008E1A0000
592.4,0x100,2B0C1500921A0000
592.5,0x100,2B0C1A00931A0000
592.5,0x101,3A0F380F380F380F
592.5,0x102,360F2F0F340F350F
592.6,0x100,280C2600A51A0000
592.7,0x100,280C3500931A0000
592.8,0x100,290C31008B1A0000
592.9,0x100,290C2B00851A0000
593.0,0x100,280C3000911A0000
593.0,0x101,320F370F340F330F
593.0,0x102,320F2F0F340F2F0F
593.0,0x103,FF00FF000101FE00
593.0,0x104,0001000000000000
593.1,0x100,2B0C1E00A31A0000
593.2,0x100,290C24008D1A0000
593.3,0x100,290C2800861A0000
593.4,0x100,2D0C1000991A0000
593.5,0x100,2B0C1700901A0000
593.5,0x101,360F380F360F370F
593.5,0x102,330F340F340F350F
593.6,0x100,2B0C17007F1A0000
593.7,0x100,270C3300911A0000
593.8,0x100,290C2C009A1A0000
593.9,0x100,290C31007A1A0000
594.0,0x100,2E0C0C00961A0000
594.0,0x101,390F3B0F340F3E0F
594.0,0x102,3B0F380F390F360F
594.0,0x103,FE00FE00FF00FF00
594.0,0x104,0001000000000000
594.1,0x100,2D0C1200821A0000
594.2,0x100,280C32008D1A0000
594.3,0x100,2E0CFEFF8A1A0000
594.4,0x100,260C3A009A1A0000
594.5,0x100,2F0C0D00991A0000
594.5,0x101,3E0F3C0F3C0F3B0F
594.5,0x102,3C0F380F360F370F
594.6,0x100,280C3500811A0000
594.7,0x100,2B0C1B007B1A0000
594.8,0x100,270C3800801A0000
594.9,0x100,240C5800931A0000
595.0,0x100,2E0C0600781A0000
595.0,0x101,3B0F3A0F380F3C0F
595.0,0x102,3A0F370F370F3A0F
595.0,0x103,FE00FF00FF00FE00
595.0,0x104,0001000000000000
595.1,0x100,280C3200891A0000
595.2,0x100,2D0C0D00981A0000
595.3,0x100,280C2E00951A0000
595.4,0x100,2A0C25007E1A0000
595.5,0x100,290C2A00911A0000
595.5,0x101,350F380F300F330F
595.5,0x102,350F2B0F380F350F
595.6,0x100,2B0C1A00851A0000
595.7,0x100,280C3400891A0000
595.8,0x100,2D0C1200891A0000
595.9,0x100,260C3B008A1A0000
596.0,0x100,2A0C22008E1A0000
596.0,0x101,350F330F340F370F
596.0,0x102,350F300F350F350F
596.0,0x103,FE00FE000001FE00
596.0,0x104,0001000000000000
596.1,0x100,2C0C1300881A0000
596.2,0x100,270C4000881A0000
596.3,0x100,2B0C2700981A0000
596.4,0x100,260C45008F1A0000
596.5,0x100,280C3A00841A0000
596.5,0x101,370F330F300F330F
596.5,0x102,360F2D0F310F340F
596.6,0x100,2C0C1C00901A0000
596.7,0x100,290C2700801A0000
596.8,0x100,290C2A00901A0000
596.9,0x100,260C3F00951A0000
597.0,0x100,290C2F00971A0000
597.0,0x101,300F360F320F370F
597.0,0x102,360F2F0F350F330F
597.0,0x103,FF00FD00FF00FF00
597.0,0x104,0001000000000000
597.1,0x100,2A0C2B00931A0000
597.2,0x100,2A0C2500841A0000
597.3,0x100,2A0C2700891A0000
597.4,0x100,280C3C009A1A0000
597.5,0x100,290C28008C1A0000
597.5,0x101,340F360F340F360F
597.5,0x102,330F2D0F350F310F
597.6,0x100,2A0C22008E1A0000
597.7,0x100,2A0C2000961A0000
597.8,0x100,2B0C20009E1A0000
597.9,0x100,2C0C13008E1A0000
598.0,0x100,2A0C1D008B1A0000
598.0,0x101,320F390F340F370F
598.0,0x102,360F320F350F320F
598.0,0x103,FD00FD00FF00FE00
598.0,0x104,0001000000000000
598.1,0x100,270C3E00A21A0000
598.2,0x100,2A0C2500A31A0000
598.3,0x100,290C33008F1A0000
598.4,0x100,2D0C03008F1A0000
598.5,0x100,280C3100981A0000
598.5,0x101,320F340F300F320F
598.5,0x102,360F2B0F300F340F
598.6,0x100,290C2600931A0000
598.7,0x100,2A0C21008F1A0000
598.8,0x100,290C2B00961A0000
598.9,0x100,2A0C2100881A0000
599.0,0x100,2E0C08009A1A0000
599.0,0x101,370F3C0F390F3A0F
599.0,0x102,3B0F380F370F3C0F
599.0,0x103,FC00FE00FE00FC00
599.0,0x104,0001000000000000
599.1,0x100,270C3600961A0000
599.2,0x100,290C2C00931A0000
599.3,0x100,2A0C23008E1A0000
599.4,0x100,2C0C1A00891A0000
599.5,0x100,2D0C12007D1A0000
599.5,0x101,3B0F3C0F380F390F
599.5,0x102,380F350F370F360F
599.6,0x100,290C2B007D1A0000
599.7,0x100,260C40007E1A0000
599.8,0x100,290C2B009B1A0000
599.9,0x100,2C0C1300881A0000
